time_s,frame,object_name,object_index,active,kind,x_m,y_m,z_m,qx,qy,qz,qw,vx_m_s,vy_m_s,vz_m_s,wx_rad_s,wy_rad_s,wz_rad_s,mesh_z_min_m,mesh_z_max_m,mesh_z_span_m,mesh_xy_radius_m
0.0,0,object_a,0,1,rigid_box,-0.38,0.0,0.39999999999999997,0.0,0.0,0.0,1.0,0.57,0.0,0.0,0.0,0.0,0.0,,,,
0.0,0,object_b,1,1,rigid_box,0.38,0.0,0.39999999999999997,0.0,0.0,0.0,1.0,-0.44999999999999996,0.0,0.0,0.0,0.0,0.0,,,,
0.016666666666666666,1,object_a,0,1,rigid_box,-0.37050585478974046,-1.5594502478295007e-13,0.39999026434797835,8.298296530465313e-09,-2.67634802037263e-08,-1.2151571647152794e-10,0.9999999999999996,0.5693384625042434,-1.0084647441121528e-11,-1.323430011412885e-10,1.6609565763820517e-10,6.262213870503383e-08,-1.4604290141214242e-08,,,,
0.016666666666666666,1,object_b,1,1,rigid_box,0.3725044248151035,-1.9013402435935868e-13,0.39999026441311153,8.012033077117052e-09,-2.6821087301182592e-08,1.1927226260072456e-10,0.9999999999999996,-0.44949991703294795,-1.2271064949315992e-11,1.2955043635076713e-10,2.0597406821021382e-10,-6.153572676409742e-08,1.4286633113322528e-08,,,,
0.03333333333333333,2,object_a,0,1,rigid_box,-0.3610227307146288,-3.241238419010101e-13,0.399990264345779,8.299684569008062e-09,-2.6241655131955805e-08,-2.434418259274256e-10,0.9999999999999997,0.5686778698741486,-1.0096055699210647e-11,-1.316494413483582e-10,1.6697905397935565e-10,6.26162528677786e-08,-1.4654789433651837e-08,,,,
0.03333333333333333,2,object_b,1,1,rigid_box,0.36501718260144433,-3.9427428281624013e-13,0.3999902644152763,8.013746655109317e-09,-2.7333910755015923e-08,2.3810885911115453e-10,0.9999999999999996,-0.44900046905489127,-1.2228380910083204e-11,1.3021469839891164e-10,2.0532375236351384e-10,-6.154154486406933e-08,1.423720921556046e-08,,,,
0.05,3,object_a,0,1,rigid_box,-0.35155060818517103,-4.924905641141002e-13,0.399990264343591,8.301079965847696e-09,-2.5719878942729742e-08,-3.6578797805708104e-10,0.9999999999999997,0.5680182179148403,-1.0107211914517975e-11,-1.3094214774966861e-10,1.6786169831177555e-10,6.26104045193938e-08,-1.470511149199652e-08,,,,
0.05,3,object_b,1,1,rigid_box,0.3575382589268585,-5.977003138069405e-13,0.3999902644174523,8.015454792646363e-09,-2.7846782856272897e-08,3.56532820085809e-10,0.9999999999999996,-0.44850165268105435,-1.218537734836155e-11,1.308980424052919e-10,2.0466865747252092e-10,-6.15473998699583e-08,1.4187611430142354e-08,,,,
0.06666666666666667,4,object_a,0,1,rigid_box,-0.34208947154051855,-6.610409965379533e-13,0.3999902643414142,8.302482714706557e-09,-2.519815132454025e-08,-4.885526969057896e-10,0.9999999999999997,0.5673595047073824,-1.0118116745286728e-11,-1.303012316100638e-10,1.6874358793047054e-10,6.260459345298393e-08,-1.475525657038597e-08,,,,
0.06666666666666667,4,object_b,1,1,rigid_box,0.35006764327461876,-8.004067772872428e-13,0.3999902644196395,8.017157449826692e-09,-2.8359703913389556e-08,4.745426955573811e-10,0.9999999999999996,-0.4480034667813308,-1.2142052606803238e-11,1.3153579440927654e-10,2.040087665165372e-10,-6.155329198369658e-08,1.4137839543102839e-08,,,,
0.08333333333333333,5,object_a,0,1,rigid_box,-0.33263930515175877,-8.297709552575695e-13,0.39999026433924867,8.303892809288677e-09,-2.467647196760949e-08,-6.117345088423643e-10,0.9999999999999997,0.566701728338044,-1.0128770849666027e-11,-1.296071444611968e-10,1.6962472117198474e-10,6.25988194655877e-08,-1.4805224929672674e-08,,,,
0.08333333333333333,5,object_b,1,1,rigid_box,0.34260532514680947,-1.0023883055395833e-12,0.399990264421838,8.01885458660784e-09,-2.8872674236461855e-08,5.921370340778065e-10,0.9999999999999996,-0.44750591022829883,-1.20984050221419e-11,1.3221437486499177e-10,2.03344062761817e-10,-6.155922140332815e-08,1.4087893397174258e-08,,,,
0.1,6,object_a,0,1,rigid_box,-0.323200093421829,-9.986762673254215e-13,0.3999902643370943,8.305310243280781e-09,-2.4154840563872657e-08,-7.353319425511643e-10,0.9999999999999997,0.5660448868982807,-1.0139174885579084e-11,-1.2897315160298461e-10,1.705050958971616e-10,6.259308235101658e-08,-1.4855016851939458e-08,,,,
0.1,6,object_b,1,1,rigid_box,0.33515129406428124,-1.2036395030602385e-12,0.39999026442404784,8.02054616281083e-09,-2.9385694137303145e-08,7.093143824056634e-10,0.9999999999999996,-0.44700898189721366,-1.2054432923591814e-11,1.3291523090486201e-10,2.0267452966149988e-10,-6.156518833872182e-08,1.403777275646443e-08,,,,
0.11666666666666667,7,object_a,0,1,rigid_box,-0.3137718207854295,-1.1677527707575489e-12,0.39999026433495094,8.30673501035343e-09,-2.3633256806977047e-08,-8.5934352917752e-10,0.9999999999999997,0.5653889784847181,-1.0149329510686947e-11,-1.282987154016535e-10,1.713847100607931e-10,6.258738190014429e-08,-1.4904632676519774e-08,,,,
0.11666666666666667,7,object_b,1,1,rigid_box,0.3277055395666072,-1.4041549464839834e-12,0.3999902644262691,8.02223213812112e-09,-2.9898763929458275e-08,8.260732855495387e-10,0.9999999999999996,-0.4465126806659997,-1.2010134638893135e-11,1.3362197806565668e-10,2.020001515148839e-10,-6.157119299402564e-08,1.3987477446000855e-08,,,,
0.13333333333333333,8,object_a,0,1,rigid_box,-0.30435447170893765,-1.3369963145267661e-12,0.3999902643328187,8.308167104161386e-09,-2.3111720392281782e-08,-9.837678024529254e-10,0.9999999999999997,0.5647340011991334,-1.0159235382220304e-11,-1.2764083713590058e-10,1.7226356215781938e-10,6.258171791244651e-08,-1.4954072679363307e-08,,,,
0.13333333333333333,8,object_b,1,1,rigid_box,0.32026805121203794,-1.6039291845002805e-12,0.3999902644285019,8.023912472088018e-09,-3.0411883928151215e-08,9.424122873396932e-10,0.9999999999999994,-0.44601700541524214,-1.196550848742379e-11,1.3429469342129963e-10,2.0132091145428917e-10,-6.157723556814408e-08,1.3937007353466521e-08,,,,
0.15,9,object_a,0,1,rigid_box,-0.29494803069032294,-1.5064027585577415e-12,0.3999902643306974,8.309606518345916e-09,-2.259023101683386e-08,-1.1086032986444285e-09,0.9999999999999997,0.5640799531484386,-1.0168893157150761e-11,-1.2698015555701048e-10,1.7314165024903662e-10,6.257609018081843e-08,-1.5003337207037064e-08,,,,
0.15,9,object_b,1,1,rigid_box,0.3128388185774575,-1.8029567378119056e-12,0.3999902644307462,8.0255871241277e-09,-3.0925054450356597e-08,1.05832993001878e-09,0.9999999999999994,-0.4455219550281797,-1.1920552790112395e-11,1.3497811375551283e-10,2.0063679425608477e-10,-6.15833162857031e-08,1.3886362183855225e-08,,,,
0.16666666666666666,10,object_a,0,1,rigid_box,-0.28555248225906055,-1.6759679737208403e-12,0.399990264328587,8.311053246535035e-09,-2.206878837936546e-08,-1.2338485566615076e-09,0.9999999999999997,0.5634268324446631,-1.0178303492052249e-11,-1.263319292926779e-10,1.7401897321433403e-10,6.257049851180959e-08,-1.505242651531017e-08,,,,
0.16666666666666666,10,object_b,1,1,rigid_box,0.30541783125833927,-2.0012320989631165e-12,0.3999902644330021,8.02725605352563e-09,-3.1438275814784105e-08,1.173824754529469e-09,0.9999999999999994,-0.44502752839069626,-1.1875265851459159e-11,1.357152532716066e-10,1.9994778389508003e-10,-6.158943534247368e-08,1.3835541888608542e-08,,,,
0.18333333333333332,11,object_a,0,1,rigid_box,-0.2761678109760469,-1.8456878418252486e-12,0.3999902643264875,8.312507282345084e-09,-2.154739218029407e-08,-1.359502118195761e-09,0.9999999999999998,0.5627746372049351,-1.0187467042988945e-11,-1.256316318337669e-10,1.7489552907794358e-10,6.256494269227515e-08,-1.510134103689109e-08,,,,
0.18333333333333332,11,object_b,1,1,rigid_box,0.29800507886870153,-2.198749732332276e-12,0.39999026443526964,8.028919219436535e-09,-3.195154834187469e-08,1.2888953007010198e-09,0.9999999999999994,-0.4445337243913131,-1.1829645982136024e-11,1.363971574575018e-10,1.992538646037135e-10,-6.159559294708687e-08,1.378454633568751e-08,,,,
0.2,12,object_a,0,1,rigid_box,-0.2667940014335144,-2.015558255610434e-12,0.3999902643243987,8.31396861938158e-09,-2.102604212170196e-08,-1.4855625276725845e-09,0.9999999999999998,0.5621233655514672,-1.0196384465568025e-11,-1.2504468294149973e-10,1.7577131722979582e-10,6.255942253224495e-08,-1.515008101657156e-08,,,,
0.2,12,object_b,1,1,rigid_box,0.2906005510410646,-2.395504074011988e-12,0.399990264437549,8.03057658088553e-09,-3.246487235380794e-08,1.4035401073647339e-09,0.9999999999999994,-0.44404054192118153,-1.178369148096461e-11,1.3710267122990505e-10,1.9855502178625828e-10,-6.160178931923043e-08,1.3733375327749625e-08,,,,
0.21666666666666667,13,object_a,0,1,rigid_box,-0.25743103825494673,-2.18557511873698e-12,0.39999026432232065,8.31543725124027e-09,-2.0504737907344455e-08,-1.6120283324663524e-09,0.9999999999999998,0.561473015611537,-1.0205056414709996e-11,-1.2436722658659694e-10,1.7664633635350756e-10,6.25539378278361e-08,-1.519864685175133e-08,,,,
0.21666666666666667,13,object_b,1,1,rigid_box,0.2832042374264056,-2.5914895317661714e-12,0.39999026443984004,8.032228096772365e-09,-3.297824817452915e-08,1.5177577123067005e-09,0.9999999999999994,-0.44354797987407457,-1.1737400648756613e-11,1.3783478525208892e-10,1.9785123921849693e-10,-6.160802465243172e-08,1.3682028891587782e-08,,,,
0.23333333333333334,14,object_a,0,1,rigid_box,-0.24807890609499575,-2.3557343457769576e-12,0.3999902643202533,8.316913171506864e-09,-1.9983479242636927e-08,-1.7388980828969968e-09,0.9999999999999998,0.5608235855174698,-1.0213483544985184e-11,-1.2374096712564064e-10,1.775205853111014e-10,6.254848838200565e-08,-1.5247038880543857e-08,,,,
0.23333333333333334,14,object_b,1,1,rigid_box,0.27581612769411595,-2.786700484951736e-12,0.399990264442143,8.033873725870799e-09,-3.349167612973884e-08,1.6315466525194197e-09,0.9999999999999994,-0.44305603714637964,-1.1690771776065733e-11,1.3852795820168406e-10,1.971425030537246e-10,-6.16142991774693e-08,1.363050678755258e-08,,,,
0.25,15,object_a,0,1,rigid_box,-0.23873758963939612,-2.526031862206076e-12,0.39999026431819656,8.318396373760388e-09,-1.9462265834636472e-08,-1.8661703322247854e-09,0.9999999999999998,0.5601750734066229,-1.0221666510193938e-11,-1.2310682161176256e-10,1.7839406294992328e-10,6.254307399245128e-08,-1.5295257507075104e-08,,,,
0.25,15,object_b,1,1,rigid_box,0.26843621153195785,-2.981131284428544e-12,0.3999902644444579,8.035513426831114e-09,-3.400515654689515e-08,1.7449054643635572e-09,0.9999999999999993,-0.44256471263709035,-1.1643803153639911e-11,1.3923058019005286e-10,1.9642879793048884e-10,-6.162061309716222e-08,1.3578809009680267e-08,,,,
0.26666666666666666,16,object_a,0,1,rigid_box,-0.22940707360488205,-2.6964636043900907e-12,0.39999026431615037,8.319886851572046e-09,-1.8941097392054535e-08,-1.9938436368674715e-09,0.9999999999999998,0.5595274774213684,-1.0229605963453702e-11,-1.2246536076898629e-10,1.7926676911407532e-10,6.253769446914945e-08,-1.5343303048396307e-08,,,,
0.26666666666666666,16,object_b,1,1,rigid_box,0.26106447864602,-3.174776252495084e-12,0.3999902644467847,8.037147158182298e-09,-3.451868975523097e-08,1.857832683607055e-09,0.9999999999999993,-0.4420740052477993,-1.1596493062731782e-11,1.3995493652885216e-10,1.9571010952264644e-10,-6.16269666227142e-08,1.3526935513848463e-08,,,,
0.2833333333333333,17,object_a,0,1,rigid_box,-0.2200873427391042,-2.867025519575368e-12,0.39999026431411466,8.321384598507787e-09,-1.841997362521861e-08,-2.1219165562060787e-09,0.9999999999999998,0.5588807957090759,-1.0237302557310335e-11,-1.2185724304614176e-10,1.8013870260964054e-10,6.25323496142595e-08,-1.539117589610918e-08,,,,
0.2833333333333333,17,object_b,1,1,rigid_box,0.25370091876067546,-3.3676296827671158e-12,0.3999902644491236,8.038774878333634e-09,-3.503227608575384e-08,1.9703268456073347e-09,0.9999999999999993,-0.44158391388269,-1.1548839782903156e-11,1.406868441189424e-10,1.9498642332936117e-10,-6.163335996551679e-08,1.347488626922096e-08,,,,
0.3,18,object_a,0,1,rigid_box,-0.21077838182054603,-3.037713565876179e-12,0.3999902643120894,8.322889608127014e-09,-1.78988942461017e-08,-2.250387652952416e-09,0.9999999999999998,0.5582350264220954,-1.024475694343852e-11,-1.2122405509962242e-10,1.8100986330918764e-10,6.252703923402452e-08,-1.543887643133325e-08,,,,
0.3,18,object_b,1,1,rigid_box,0.2463455216185375,-3.5596858401855337e-12,0.3999902644514746,8.04039654557794e-09,-3.5545915871288333e-08,2.0823864851660944e-09,0.9999999999999993,-0.44109443744852966,-1.1500841589361965e-11,1.4141462653660675e-10,1.9425772617309473e-10,-6.163979335243235e-08,1.3422661157402043e-08,,,,
0.31666666666666665,19,object_a,0,1,rigid_box,-0.20148017565844137,-3.208523712261493e-12,0.3999902643100745,8.324401873985894e-09,-1.7377858968284714e-08,-2.3792554929522468e-09,0.9999999999999998,0.557590167717742,-1.0251969772767082e-11,-1.206323790858832e-10,1.8188025004094609e-10,6.252176312799173e-08,-1.5486405088818598e-08,,,,
0.31666666666666665,19,object_b,1,1,rigid_box,0.23899827698041762,-3.750938960860694e-12,0.3999902644538378,8.042012118091294e-09,-3.6059609446404195e-08,2.194010137275103e-09,0.9999999999999993,-0.440605574854661,-1.145249675253374e-11,1.4213357400760795e-10,1.935240037230268e-10,-6.164626698874543e-08,1.3370260236991479e-08,,,,
0.3333333333333333,20,object_a,0,1,rigid_box,-0.19219270909269145,-3.3794519385428025e-12,0.39999026430806994,8.32592138963584e-09,-1.6856867506981086e-08,-2.5085186455129496e-09,0.9999999999999998,0.5569462177582769,-1.0258941695458368e-11,-1.1998721460848571e-10,1.8274986314561297e-10,6.251652111021172e-08,-1.5533762221605986e-08,,,,
0.3333333333333333,20,object_b,1,1,rigid_box,0.23165917462528182,-3.941383252093382e-12,0.39999026445621316,8.043621553937277e-09,-3.6573357147494314e-08,2.305196336700176e-09,0.9999999999999993,-0.4401173250129953,-1.1403803539952705e-11,1.4283231021539056e-10,1.927852426718018e-10,-6.165278109182552e-08,1.3317683501503919e-08,,,,
0.35,21,object_a,0,1,rigid_box,-0.18291596699378307,-3.5504942353586077e-12,0.39999026430607565,8.327448148626985e-09,-1.633591957898498e-08,-2.638175683079894e-09,0.9999999999999998,0.5563031747108935,-1.0265673360735123e-11,-1.1934646326761111e-10,1.8361870189412496e-10,6.251131298486001e-08,-1.5580948255701015e-08,,,,
0.35,21,object_b,1,1,rigid_box,0.22432820435020842,-4.131012892218708e-12,0.3999902644586009,8.04522481106871e-09,-3.708715931276172e-08,2.415943618279921e-09,0.9999999999999992,-0.4396296868380047,-1.1354760214563697e-11,1.4360491962239763e-10,1.920414297675958e-10,-6.165933588493731e-08,1.3264930935137272e-08,,,,
0.36666666666666664,22,object_a,0,1,rigid_box,-0.17364993426270603,-3.721646604161762e-12,0.39999026430409157,8.328982144506865e-09,-1.5815014902693554e-08,-2.768225181537588e-09,0.9999999999999998,0.5556610367476993,-1.0272165417062282e-11,-1.1876354760742558e-10,1.8448676639447045e-10,6.25061385637093e-08,-1.562796357320804e-08,,,,
0.36666666666666664,22,object_b,1,1,rigid_box,0.21700535597034518,-4.319822030647171e-12,0.399990264461001,8.046821847329078e-09,-3.760101628221616e-08,2.5262505171396403e-09,0.9999999999999992,-0.43914265924671386,-1.1305365038391354e-11,1.443421025065783e-10,1.9129255195150803e-10,-6.166593157841526e-08,1.3212002623404593e-08,,,,
0.38333333333333336,23,object_a,0,1,rigid_box,-0.16439459583087176,-3.892905057203855e-12,0.3999902643021177,8.330523370821628e-09,-1.5294153198106005e-08,-2.8986657203235917e-09,0.9999999999999999,0.5550198020456991,-1.0278418511918886e-11,-1.1810645690613075e-10,1.8535405626970407e-10,6.250099765357082e-08,-1.5674808622941356e-08,,,,
0.38333333333333336,23,object_b,1,1,rigid_box,0.20969061931886696,-4.5078047877487735e-12,0.3999902644634135,8.048412620456432e-09,-3.811492839768195e-08,2.636115568842296e-09,0.9999999999999992,-0.43865624115869356,-1.125561626505174e-11,1.4509981063892674e-10,1.9053859711155992e-10,-6.167256839636416e-08,1.3158898585220749e-08,,,,
0.4,24,object_a,0,1,rigid_box,-0.15514993666003157,-4.06426561751956e-12,0.39999026430015383,8.33207182111785e-09,-1.4773334186784155e-08,-3.029495882191599e-09,0.9999999999999999,0.5543794687867797,-1.0284433291845212e-11,-1.1754734859092952e-10,1.862205715340527e-10,6.249589006391274e-08,-1.5721483825685084e-08,,,,
0.4,24,object_b,1,1,rigid_box,0.2023839842469332,-4.694955254777301e-12,0.3999902644658385,8.049997088084802e-09,-3.862889600281964e-08,2.7455373094211756e-09,0.9999999999999992,-0.438170431496053,-1.120551214724641e-11,1.458401351073224e-10,1.897795522493492e-10,-6.167924654941647e-08,1.310561896052747e-08,,,,
0.4166666666666667,25,object_a,0,1,rigid_box,-0.14591594174219574,-4.235724318910696e-12,0.39999026429820006,8.333627488941802e-09,-1.4252557591882925e-08,-3.160714253598145e-09,0.9999999999999999,0.5537400351576924,-1.0290210402375733e-11,-1.169308538884195e-10,1.870863125490024e-10,6.249081560966765e-08,-1.5767989586724627e-08,,,,
0.4166666666666667,25,object_b,1,1,rigid_box,0.1950854406236459,-4.881267493798615e-12,0.39999026446827607,8.051575207747276e-09,-3.914291944311478e-08,2.8545142756744293e-09,0.9999999999999992,-0.43768522918343167,-1.1155050932044972e-11,1.4659407542028102e-10,1.8901540613931635e-10,-6.168596626796014e-08,1.3052163768497347e-08,,,,
0.43333333333333335,26,object_a,0,1,rigid_box,-0.1366925960995522,-4.407277205928752e-12,0.3999902642962562,8.33519036784159e-09,-1.373182313810649e-08,-3.29231942442362e-09,0.9999999999999999,0.553101499350038,-1.0295750488055309e-11,-1.1631181087712328e-10,1.879512794237997e-10,6.248577410280048e-08,-1.5814326335638847e-08,,,,
0.43333333333333335,26,object_b,1,1,rigid_box,0.18779497833600722,-5.066735537675484e-12,0.3999902644707263,8.053146936877584e-09,-3.965699906587549e-08,2.963045005394277e-09,0.9999999999999992,-0.4372006331479924,-1.1104230866824578e-11,1.4735116252162506e-10,1.8824614663623308e-10,-6.16927277689754e-08,1.2998533150363755e-08,,,,
0.45,27,object_a,0,1,rigid_box,-0.12747988478438627,-4.578920333859344e-12,0.39999026429432233,8.336760451366565e-09,-1.3211130551733833e-08,-3.4243099883022286e-09,0.9999999999999999,0.5524638595602499,-1.0301054192460359e-11,-1.157880822472146e-10,1.8881547239962522e-10,6.248076535787334e-08,-1.586049450169346e-08,,,,
0.45,27,object_b,1,1,rigid_box,0.18051258728887773,-5.251353389996862e-12,0.39999026447318914,8.054712232814808e-09,-4.0171135220284076e-08,3.071128037190593e-09,0.9999999999999991,-0.43671664231941415,-1.1053050190096678e-11,1.4811805081060836e-10,1.8747176252655701e-10,-6.169953127059378e-08,1.2944727273025809e-08,,,,
0.4666666666666667,28,object_a,0,1,rigid_box,-0.11827779287899982,-4.7506497687035844e-12,0.39999026429239837,8.338337733068922e-09,-1.2690479560588128e-08,-3.5566845424761384e-09,0.9999999999999999,0.5518271139895775,-1.0306122157931543e-11,-1.1518105219598951e-10,1.8967889187232748e-10,6.247578918783893e-08,-1.5906494540736135e-08,,,,
0.4666666666666667,28,object_b,1,1,rigid_box,0.1732382574049345,-5.435115025007312e-12,0.3999902644756648,8.056271052804073e-09,-4.068532825735564e-08,3.1787619110241728e-09,0.9999999999999991,-0.43623325562988413,-1.1001507146860463e-11,1.4888905039422973e-10,1.8669224259437933e-10,-6.170637699982448e-08,1.2890746252294866e-08,,,,
0.48333333333333334,29,object_a,0,1,rigid_box,-0.10908630549563157,-4.922461587160081e-12,0.3999902642904842,8.339922206504795e-09,-1.2169869894023971e-08,-3.689441687775919e-09,0.9999999999999999,0.5511912608440714,-1.0310955025899077e-11,-1.1457904416922737e-10,1.905415377329654e-10,6.247084540082521e-08,-1.5952326953700965e-08,,,,
0.48333333333333334,29,object_b,1,1,rigid_box,0.16597197862462926,-5.61801438764759e-12,0.3999902644781533,8.05782335400182e-09,-4.119957852997614e-08,3.2859451681437794e-09,0.9999999999999991,-0.43575047201409123,-1.0949599969328978e-11,1.496630250286124e-10,1.8590757693161995e-10,-6.17132651859513e-08,1.2836590224048932e-08,,,,
0.5,30,object_a,0,1,rigid_box,-0.09990540777637684,-5.094351876607411e-12,0.39999026428857976,8.341513865232806e-09,-1.1649301282955201e-08,-3.822580028971291e-09,0.9999999999999999,0.5505562983345662,-1.0315553436613075e-11,-1.1394092093441888e-10,1.9140341128605996e-10,6.246593382391334e-08,-1.5997992108669757e-08,,,,
0.5,30,object_b,1,1,rigid_box,0.1587137409061469,-5.8000453933664815e-12,0.39999026448065467,8.05936909347608e-09,-4.1713886392885475e-08,3.3926763514389204e-09,0.9999999999999991,-0.4352682904092176,-1.089732689287689e-11,1.5044281272136306e-10,1.8511775425102464e-10,-6.172019604007372e-08,1.2782259480825909e-08,,,,
0.5166666666666667,31,object_a,0,1,rigid_box,-0.0907350848931083,-5.266316735084304e-12,0.39999026428668505,8.343112702817197e-09,-1.1128773459810443e-08,-3.956098174487187e-09,0.9999999999999999,0.5499222246766652,-1.0319918029120468e-11,-1.1342672287528721e-10,1.922645127134438e-10,6.246105426969519e-08,-1.60434904782101e-08,,,,
0.5166666666666667,31,object_b,1,1,rigid_box,0.15146353422536396,-5.981201928206127e-12,0.399990264483169,8.060908228211292e-09,-4.222825220269499e-08,3.4989540055411876e-09,0.9999999999999991,-0.4347867097549323,-1.0844686148426346e-11,1.5120717351824187e-10,1.8432276542836378e-10,-6.172716979694662e-08,1.2727754167667003e-08,,,,
0.5333333333333333,32,object_a,0,1,rigid_box,-0.08559130307680624,6.775521835614624e-08,0.3999902641066052,2.5217156963553725e-08,-1.8189924677548297e-08,8.491825320077792e-08,0.9999999999999959,0.252857904744267,5.001801052260594e-06,-8.400998820212724e-11,3.316629485560561e-10,6.195132705993591e-08,-2.0773397303888814e-08,,,,
0.5333333333333333,32,object_b,1,1,rigid_box,0.1552656070084879,-1.8633638781441306e-07,0.3999902643236574,1.0974247206120378e-08,-2.9748247486424713e-08,-3.428866993982168e-07,0.9999999999999407,0.38093388317808796,-1.375415242503913e-05,-1.2884068117946512e-10,2.377984137403429e-10,6.255034436430954e-08,-1.517267487052372e-08,,,,
0.55,33,object_a,0,1,rigid_box,-0.08137945273181106,1.5107014401120694e-07,0.3999902641052097,2.521992769674609e-08,-1.767367793955753e-08,8.47449677043909e-08,0.9999999999999959,0.25258146048388536,4.996332709040128e-06,-8.349543278995952e-11,3.33206402854306e-10,6.194809719264621e-08,-2.0812638677242648e-08,,,,
0.55,33,object_b,1,1,rigid_box,0.1616108224246674,-4.154392950681164e-07,0.3999902643215028,1.0976234352076665e-08,-2.9227020029116927e-08,-3.430133617046528e-07,0.9999999999999407,0.38051803815173274,-1.373913778748148e-05,-1.2893679873782204e-10,2.390800875956736e-10,6.254461012939098e-08,-1.5223096298406002e-08,,,,
0.5666666666666667,34,object_a,0,1,rigid_box,-0.07717220733564815,2.3429397918928198e-07,0.3999902641038218,2.5222711281816362e-08,-1.7157458006429274e-08,8.457135592596443e-08,0.9999999999999959,0.2523052934920227,4.990869850953201e-06,-8.306153334580735e-11,3.34747546759113e-10,6.194489230909166e-08,-2.085171540737562e-08,,,,
0.5666666666666667,34,object_b,1,1,rigid_box,0.16794911141191576,-6.442921143930948e-07,0.3999902643193594,1.097823217275164e-08,-2.8705840193270543e-08,-3.4314044339903426e-07,0.9999999999999406,0.3801026810760844,-1.372414076766857e-05,-1.2830869873525774e-10,2.4036042785903803e-10,6.253891283227765e-08,-1.5273339178695642e-08,,,,
0.5833333333333334,35,object_a,0,1,rigid_box,-0.07296956227053836,3.174268152427305e-07,0.39999026410244154,2.522550769955364e-08,-1.6641264670531955e-08,8.439741923531411e-08,0.999999999999996,0.25202940338898505,4.98541247048761e-06,-8.258778209924156e-11,3.362863899635729e-10,6.194171228023267e-08,-2.0890627997337202e-08,,,,
0.5833333333333334,35,object_b,1,1,rigid_box,0.1742804820956382,-8.728951391618461e-07,0.3999902643172272,1.0980240657016097e-08,-2.8184707672275303e-08,-3.432679429943297e-07,0.9999999999999406,0.37968781114879985,-1.3709161336631734e-05,-1.2763644134661245e-10,2.416394311901738e-10,6.253325223806939e-08,-1.532340370538091e-08,,,,
0.6,36,object_a,0,1,rigid_box,-0.06877151292502462,4.004687433988289e-07,0.39999026410106875,2.522831693081504e-08,-1.6125097725446296e-08,8.422315899680181e-08,0.999999999999996,0.25175378979576496,4.979960560144733e-06,-8.215115740450862e-11,3.378229389743582e-10,6.193855694850706e-08,-2.0929377219213678e-08,,,,
0.6,36,object_b,1,1,rigid_box,0.18060494258788323,-1.1012486622646168e-06,0.399990264315106,1.0982259793718854e-08,-2.766362216115684e-08,-3.4339585900540357e-07,0.9999999999999406,0.3792734275692853,-1.369419946546546e-05,-1.2695794415762407e-10,2.429170951480453e-10,6.252762814621582e-08,-1.5373290154663006e-08,,,,
0.6166666666666667,37,object_a,0,1,rigid_box,-0.06457805469396069,4.83419854759996e-07,0.39999026409970345,2.5231138956526842e-08,-1.5608956965930684e-08,8.40485765696359e-08,0.999999999999996,0.25147845233403965,4.9745141124395e-06,-8.16919882434819e-11,3.39357203599995e-10,6.193542618421535e-08,-2.0967963584711602e-08,,,,
0.6166666666666667,37,object_b,1,1,rigid_box,0.18692250098737134,-1.3293529761104531e-06,0.3999902643129957,1.0984289571686829e-08,-2.7142583356627863e-08,-3.435241899495673e-07,0.9999999999999405,0.3788595295386917,-1.367925512532724e-05,-1.2631383786154693e-10,2.441934173071581e-10,6.25220403540211e-08,-1.5422998816450966e-08,,,,
0.6333333333333333,38,object_a,0,1,rigid_box,-0.06038918297849961,5.662802403040194e-07,0.3999902640983456,2.523397375768493e-08,-1.5092842187925414e-08,8.387367330777259e-08,0.999999999999996,0.25120339062616953,4.969073119900354e-06,-8.127433621940572e-11,3.408891919078117e-10,6.193231984068591e-08,-2.1006387762824036e-08,,,,
0.6333333333333333,38,object_b,1,1,rigid_box,0.1932331653795245,-1.5572083726282485e-06,0.39999026431089635,1.0986329979727295e-08,-2.6621590957067265e-08,-3.4365293434655044e-07,0.9999999999999405,0.3784461162599099,-1.3664328287437392e-05,-1.2563500587092769e-10,2.4546839521971847e-10,6.251648866536037e-08,-1.5472529966376234e-08,,,,
0.65,39,object_a,0,1,rigid_box,-0.05620489318608237,6.490499908842807e-07,0.3999902640969951,2.523682131535414e-08,-1.4576753188565472e-08,8.36984505597107e-08,0.999999999999996,0.25092860429519676,4.96363757506923e-06,-8.08323304124503e-11,3.4241891160669106e-10,6.192923777404696e-08,-2.1044650433889102e-08,,,,
0.65,39,object_b,1,1,rigid_box,0.19953694383649476,-1.7848151432677908e-06,0.3999902643088079,1.098838100663106e-08,-2.61006446624869e-08,-3.4378209071835364e-07,0.9999999999999405,0.37803318693756616,-1.3649418923078868e-05,-1.2496549454954486e-10,2.467420271148215e-10,6.251097288577544e-08,-1.5521883870079252e-08,,,,
0.6666666666666666,40,object_a,0,1,rigid_box,-0.052025180730426605,7.317291972299791e-07,0.399990264095652,2.5239681610671623e-08,-1.4060689766150154e-08,8.352290966875678e-08,0.9999999999999961,0.25065409296484337,4.958207470501528e-06,-8.036270433831039e-11,3.43946371458333e-10,6.192617984265574e-08,-2.1082752238338413e-08,,,,
0.6666666666666666,40,object_b,1,1,rigid_box,0.20583384441719327,-2.0121735790008034e-06,0.39999026430673024,1.099044264117264e-08,-2.557974417455485e-08,-3.4391165758958246e-07,0.9999999999999405,0.37762074077801727,-1.3634527003597134e-05,-1.2434866678012746e-10,2.4801431133339666e-10,6.250549281097596e-08,-1.557106089223083e-08,,,,
0.6833333333333333,41,object_a,0,1,rigid_box,-0.04785004103151522,8.14317949946356e-07,0.3999902640943162,2.5242554624846004e-08,-1.3544651720147975e-08,8.334705197291745e-08,0.9999999999999961,0.25037985625951004,4.9527827987660616e-06,-7.994874207106761e-11,3.454715807200753e-10,6.192314591190137e-08,-2.112069375307876e-08,,,,
0.6833333333333333,41,object_b,1,1,rigid_box,0.21212387516731923,-2.239283970321987e-06,0.3999902643046633,1.0992514872112599e-08,-2.505888919657716e-08,-3.4404163348743395e-07,0.9999999999999404,0.377208776989346,-1.3619652500399936e-05,-1.236770130752518e-10,2.4928524566253593e-10,6.250004824310433e-08,-1.5620061366302253e-08,,,,
0.7,42,object_a,0,1,rigid_box,-0.043679469515585066,8.968163395149186e-07,0.39999026409298766,2.5245440339157296e-08,-1.3028638851195941e-08,8.317087880483846e-08,0.9999999999999961,0.25010589380427467,4.947363552445049e-06,-7.948401832547081e-11,3.469945475543831e-10,6.192013583895023e-08,-2.115847565519179e-08,,,,
0.7,42,object_b,1,1,rigid_box,0.2184070441193883,-2.466146607250053e-06,0.39999026430260703,1.0994597688199507e-08,-2.4538079433485614e-08,-3.4417201694171424e-07,0.9999999999999404,0.3767972947813558,-1.3604795384957196e-05,-1.2305103984366905e-10,2.505548294909691e-10,6.249463899714552e-08,-1.5668885519166974e-08,,,,
0.7166666666666667,43,object_a,0,1,rigid_box,-0.0395134616151158,9.792244562936626e-07,0.3999902640916664,2.5248338734958068e-08,-1.2512650961097322e-08,8.299439149178023e-08,0.9999999999999961,0.24983220522489039,4.941949724134075e-06,-7.908690716207367e-11,3.485152811646665e-10,6.191714948696079e-08,-2.119609855492879e-08,,,,
0.7166666666666667,43,object_b,1,1,rigid_box,0.22468335929276154,-2.6927617793287642e-06,0.3999902643005614,1.099669107817109e-08,-2.4017314591851222e-08,-3.4430280648509407e-07,0.9999999999999404,0.37638629336556745,-1.3589955628800786e-05,-1.224572006297553e-10,2.518230607166591e-10,6.248926486644352e-08,-1.5717533795341947e-08,,,,
0.7333333333333333,44,object_a,0,1,rigid_box,-0.03535201276881848,1.0615423905172953e-06,0.39999026409035227,2.5251249793675628e-08,-1.1996687852799003e-08,8.281759135578431e-08,0.9999999999999962,0.2495587901477845,4.936541306442059e-06,-7.862216433451863e-11,3.500337894103385e-10,6.191418671180719e-08,-2.123356316727522e-08,,,,
0.7333333333333333,44,object_b,1,1,rigid_box,0.2309528286936736,-2.9191297756279583e-06,0.39999026429852635,1.0998795030755643e-08,-2.3496594379855692e-08,-3.444340006529931e-07,0.9999999999999404,0.3759757719552126,-1.35751332035244e-05,-1.2177977896932202e-10,2.5308993962397496e-10,6.24839256669084e-08,-1.5766006455209607e-08,,,,
0.75,45,object_a,0,1,rigid_box,-0.03119511842162447,1.1437702322974561e-06,0.3999902640890453,2.5254173496809498e-08,-1.1480749330406534e-08,8.26404797134749e-08,0.9999999999999962,0.24928564820005686,4.931138291991232e-06,-7.82007254090944e-11,3.515500822910081e-10,6.191124738390316e-08,-2.127087003417248e-08,,,,
0.75,45,object_b,1,1,rigid_box,0.23721546031526175,-3.145250884744582e-06,0.39999026429650175,1.1000909534674327e-08,-2.2975918507292066e-08,-3.44565597983702e-07,0.9999999999999403,0.3755657297652308,-1.3560328080783373e-05,-1.2121592271596704e-10,2.5435546414486084e-10,6.247862119944914e-08,-1.5814303885240836e-08,,,,
0.7666666666666667,46,object_a,0,1,rigid_box,-0.027042774024674112,1.2259080706086949e-06,0.3999902640876506,2.535726115949642e-08,-1.1367486166124432e-08,8.246304796945545e-08,0.9999999999999962,0.24901277900948163,4.925740515786208e-06,-8.677563702319535e-11,1.736678626719398e-08,-6.524925207088737e-09,-2.13113761533299e-08,,,,
0.7666666666666667,46,object_b,1,1,rigid_box,0.24347126213759385,-3.3711253948037155e-06,0.3999902642944877,1.1003034578641653e-08,-2.24552866855688e-08,-3.44697597018562e-07,0.9999999999999403,0.3751561660122636,-1.354554023229449e-05,-1.2054375032877207e-10,2.5561963429842125e-10,6.247335127442395e-08,-1.5862426442287865e-08,,,,
0.7833333333333333,47,object_a,0,1,rigid_box,-0.022894975035305735,1.3079559927432325e-06,0.3999902640862063,2.550195990771003e-08,-1.1422168098035648e-08,8.228526584843865e-08,0.9999999999999962,0.24874018220449182,4.9203480626707385e-06,-8.655503397347886e-11,1.736125911025531e-08,-6.5943828903206185e-09,-2.1353684769879087e-08,,,,
0.7833333333333333,47,object_b,1,1,rigid_box,0.24972024212769683,-3.596753593459595e-06,0.39999026429248397,1.1005170151368435e-08,-2.193469862768603e-08,-3.4482999630186463e-07,0.9999999999999402,0.3747470799146506,-1.3530769629835869e-05,-1.1995329382563646e-10,2.5688244976755387e-10,6.246811570261519e-08,-1.5910374454894506e-08,,,,
0.8,48,object_a,0,1,rigid_box,-0.018751716917044407,1.3899140883164736e-06,0.39999026408476523,2.564661267819042e-08,-1.1477429021811564e-08,8.210713125604887e-08,0.9999999999999962,0.2484678574141991,4.914960990880851e-06,-8.640941608073494e-11,1.7355752448840115e-08,-6.6638886245415995e-09,-2.1395970746910204e-08,,,,
0.8,48,object_b,1,1,rigid_box,0.25596240823958494,-3.822135767896635e-06,0.3999902642904906,1.100731624156136e-08,-2.1414154048237883e-08,-3.4496279438100893e-07,0.9999999999999402,0.37433847069242504,-1.351601624524675e-05,-1.193358415557677e-10,2.581439095610078e-10,6.246291428652078e-08,-1.595814836330443e-08,,,,
0.8166666666666667,49,object_a,0,1,rigid_box,-0.014612995139590792,1.4717824469523125e-06,0.39999026408332733,2.5791219860947352e-08,-1.1533270220546278e-08,8.192864437968766e-08,0.9999999999999962,0.24819580426837778,4.909579293092584e-06,-8.62235491339014e-11,1.7350322005040068e-08,-6.7336669365198816e-09,-2.1438234347868277e-08,,,,
0.8166666666666667,49,object_b,1,1,rigid_box,0.262197768414288,-4.047272204830442e-06,0.39999026428850754,1.100947283792589e-08,-2.0893652663401224e-08,-3.450959898065175e-07,0.9999999999999402,0.3739303375673087,-1.3501280050427347e-05,-1.1869059034219642e-10,2.59404013944754e-10,6.24577468395956e-08,-1.6005748522303203e-08,,,,
0.8333333333333334,50,object_a,0,1,rigid_box,-0.010478805178810119,1.5535611581526944e-06,0.39999026408189264,2.5935781811052014e-08,-1.1589692834517476e-08,8.174980540511441e-08,0.9999999999999962,0.24792402239746747,4.904202961995181e-06,-8.59868148905818e-11,1.734491608535829e-08,-6.803509007515653e-09,-2.148047573513719e-08,,,,
0.8333333333333334,50,object_b,1,1,rigid_box,0.2684263305798794,-4.272163190508831e-06,0.39999026428653467,1.101163992916762e-08,-2.0373194190932442e-08,-3.452295811321287e-07,0.9999999999999402,0.37352267976270737,-1.3486561017338682e-05,-1.180639717934806e-10,2.6066276316357407e-10,6.245261317510218e-08,-1.6053175297621782e-08,,,,
0.85,51,object_a,0,1,rigid_box,-0.006349142516721054,1.635250311297834e-06,0.3999902640804612,2.6080298912978884e-08,-1.1646698120837075e-08,8.157061451631249e-08,0.9999999999999962,0.24765251143257105,4.898831990290975e-06,-8.579610806525029e-11,1.733958465183913e-08,-6.873616706495513e-09,-2.1522695196137496e-08,,,,
0.85,51,object_b,1,1,rigid_box,0.2746481026515042,-4.496809010712841e-06,0.39999026428457196,1.1013817503991596e-08,-1.9852778350176256e-08,-3.4536356691498853e-07,0.99999999999994,0.3731154965037066,-1.3471859118002423e-05,-1.1744987968298481e-10,2.619201567561496e-10,6.244751309778067e-08,-1.6100429144836493e-08,,,,
0.8666666666666667,52,object_a,0,1,rigid_box,-0.002224002641484699,1.7168499956464342e-06,0.3999902640790329,2.622477150973984e-08,-1.1704287166510259e-08,8.13910718956548e-08,0.9999999999999962,0.24738127100545323,4.893466370695456e-06,-8.558787185919403e-11,1.7334199449863237e-08,-6.943470096493115e-09,-2.1564892781897586e-08,,,,
0.8666666666666667,52,object_b,1,1,rigid_box,0.280863092531407,-4.721209950757739e-06,0.39999026428261936,1.101600555110604e-08,-1.9332404862024994e-08,-3.454979457154176e-07,0.99999999999994,0.3727087870170671,-1.3457174324500713e-05,-1.1684009836032683e-10,2.6317619591766804e-10,6.244244643076398e-08,-1.6147510371209886e-08,,,,
0.8833333333333333,53,object_a,0,1,rigid_box,0.0018966189526064441,1.7983603003359047e-06,0.3999902640776077,2.6369200055581234e-08,-1.1762461506920727e-08,8.121117772387408e-08,0.9999999999999962,0.24711030074853943,4.888106095937008e-06,-8.540873217000033e-11,1.732894064608049e-08,-7.013798742077243e-09,-2.1607068803587315e-08,,,,
0.8833333333333333,53,object_b,1,1,rigid_box,0.28707130810896014,-4.945366295494027e-06,0.39999026428067685,1.1018204059222562e-08,-1.8812073448945157e-08,-3.456327160972526e-07,0.99999999999994,0.37230255053122,-1.3442506608976022e-05,-1.1628539277330763e-10,2.6443088034626497e-10,6.24374129747058e-08,-1.6194419497973536e-08,,,,
0.9,54,object_a,0,1,rigid_box,0.006012726765139465,1.8797813143825774e-06,0.3999902640761857,2.651358492987579e-08,-1.1821222372402136e-08,8.103093218000281e-08,0.9999999999999962,0.24683960029491392,4.8827511587571654e-06,-8.522868175098175e-11,1.7323719045881495e-08,-7.0842412050638466e-09,-2.1649223465160414e-08,,,,
0.9,54,object_b,1,1,rigid_box,0.29327275726069074,-5.169278329308452e-06,0.39999026427874435,1.1020413017058016e-08,-1.8291783834931433e-08,-3.4576787662756303e-07,0.9999999999999399,0.3718967862762625,-1.3427855943630957e-05,-1.1569476279782442e-10,2.6568421134058985e-10,6.243241255640697e-08,-1.6241156835539054e-08,,,,
0.9166666666666666,55,object_a,0,1,rigid_box,0.010124325289592017,1.961113126681925e-06,0.39999026407476684,2.6657926564617666e-08,-1.188057120529246e-08,8.085033544116115e-08,0.9999999999999962,0.24656916927831857,4.877401551910386e-06,-8.505477051834465e-11,1.7318568019025186e-08,-7.154932790796132e-09,-2.1691356957621986e-08,,,,
0.9166666666666666,55,object_b,1,1,rigid_box,0.29946744785030927,-5.392946336124999e-06,0.39999026427682177,1.1022632413335171e-08,-1.7771535745536886e-08,-3.4590342587702054e-07,0.9999999999999399,0.371491493483953,-1.3413222300728125e-05,-1.1505170080527982e-10,2.669361893377893e-10,6.242744498176479e-08,-1.6287722883402346e-08,,,,
0.9333333333333333,56,object_a,0,1,rigid_box,0.014231419013343257,2.0423558260087767e-06,0.3999902640733511,2.6802225359774336e-08,-1.1940509315150106e-08,8.066938768312e-08,0.9999999999999963,0.24629900733315116,4.872057268164164e-06,-8.482136000520502e-11,1.7313485580974174e-08,-7.225865461287817e-09,-2.1733469470758212e-08,,,,
0.9333333333333333,56,object_b,1,1,rigid_box,0.3056553877287366,-5.616370599405893e-06,0.3999902642749091,1.1024862236782704e-08,-1.72513289078688e-08,-3.4603936241996784e-07,0.9999999999999399,0.3710866713877075,-1.3398605652589964e-05,-1.1450253939448984e-10,2.6818681511602755e-10,6.242251007108263e-08,-1.6334118019950895e-08,,,,
0.95,57,object_a,0,1,rigid_box,0.018334012417684776,2.1235095010175324e-06,0.3999902640719385,2.694648176044935e-08,-1.20010381939054e-08,8.048808907957972e-08,0.9999999999999963,0.24602911409446404,4.86671830029887e-06,-8.464076661773845e-11,1.7308402082766373e-08,-7.296755187999301e-09,-2.1775561203887393e-08,,,,
0.95,57,object_b,1,1,rigid_box,0.31183658473413234,-5.839551402152596e-06,0.39999026427300627,1.1027102476139672e-08,-1.6731163050535668e-08,-3.461756848340824e-07,0.9999999999999398,0.3706823192225941,-1.3384005971598568e-05,-1.1387508991322903e-10,2.6943609047857714e-10,6.241760764310006e-08,-1.6380342670630152e-08,,,,
0.9666666666666667,58,object_a,0,1,rigid_box,0.022432109977831485,2.2045742402423816e-06,0.399990264070529,2.7090696202469617e-08,-1.2062159293493988e-08,8.030643980274731e-08,0.9999999999999963,0.24575948919796284,4.861384641107809e-06,-8.443398584467854e-11,1.73033929857197e-08,-7.36790912856458e-09,-2.181763239279726e-08,,,,
0.9666666666666667,58,object_b,1,1,rigid_box,0.31801104669192126,-6.062489026906801e-06,0.3999902642711132,1.1029353120153034e-08,-1.6211037903688133e-08,-3.463123917008178e-07,0.9999999999999398,0.37027843622532947,-1.336942323019555e-05,-1.1329776526680657e-10,2.7068401570406914e-10,6.241273750829716e-08,-1.642639732927069e-08,,,,
0.9833333333333333,59,object_a,0,1,rigid_box,0.026525716162932488,2.2855501320975135e-06,0.3999902640691226,2.7234869145332897e-08,-1.2123874161077855e-08,8.012444002285939e-08,0.9999999999999963,0.2454901322800046,4.8560562833971415e-06,-8.427234951535745e-11,1.7298440542939584e-08,-7.439254808816391e-09,-2.1859683239563662e-08,,,,
0.9833333333333333,59,object_b,1,1,rigid_box,0.3241787814148218,-6.285183755751415e-06,0.3999902642692299,1.103161415758026e-08,-1.5690953198997377e-08,-3.464494816053371e-07,0.9999999999999397,0.3698750216342736,-1.335485740088185e-05,-1.127049235188915e-10,2.719305924235076e-10,6.24078994882724e-08,-1.6472282411639468e-08,,,,
1.0,60,object_a,0,1,rigid_box,0.030614835436081952,2.3664372648773364e-06,0.39999026406771926,2.737900105808519e-08,-1.2186184380932349e-08,7.994208990855232e-08,0.9999999999999963,0.24522104297759667,4.850733219985876e-06,-8.408976293061698e-11,1.7293505140089022e-08,-7.510629801854375e-09,-2.190171392146205e-08,,,,
1.0,60,object_b,1,1,rigid_box,0.3303397967028724,-6.507635870311556e-06,0.39999026426735623,1.10338855771908e-08,-1.5170908669637432e-08,-3.4658695313645303e-07,0.9999999999999397,0.36947207468942594,-1.3340308456217617e-05,-1.1215810398479409e-10,2.731758221254207e-10,6.240309340187698e-08,-1.6517998368603985e-08,,,,
1.0166666666666666,61,object_a,0,1,rigid_box,0.03469947225432989,2.447235726756687e-06,0.39999026406631905,2.752309243689971e-08,-1.2249091647108452e-08,7.97593896265593e-08,0.9999999999999963,0.24495222092839525,4.845415443705808e-06,-8.39576099614936e-11,1.7288711705549653e-08,-7.582545593564857e-09,-2.194372476198672e-08,,,,
1.0166666666666666,61,object_b,1,1,rigid_box,0.33649410034345967,-6.729845651755531e-06,0.3999902642654922,1.1036167367766786e-08,-1.465090405029116e-08,-3.4672480488679234e-07,0.9999999999999397,0.3690695946324208,-1.3325776368822013e-05,-1.1156659276978509e-10,2.7441970637162944e-10,6.23983190682543e-08,-1.656354566186887e-08,,,,
1.0333333333333334,62,object_a,0,1,rigid_box,0.038779631068693,2.527945605791047e-06,0.3999902640649219,2.766714371784145e-08,-1.2312597405547662e-08,7.957633934191873e-08,0.9999999999999963,0.24468366577070338,4.84010294740164e-06,-8.3741671583204e-11,1.7283891067761014e-08,-7.654308745433859e-09,-2.1985715849388424e-08,,,,
1.0333333333333334,62,object_b,1,1,rigid_box,0.34264170011134515,-6.9518133807958255e-06,0.39999026426363776,1.1038459518105224e-08,-1.413093907711708e-08,-3.4686303545259524e-07,0.9999999999999397,0.3686675807065227,-1.3311261111373077e-05,-1.1098009317089819e-10,2.756622473822662e-10,6.23935763161157e-08,-1.6608924684818858e-08,,,,
1.05,63,object_a,0,1,rigid_box,0.04285531632416539,2.6085669899167542e-06,0.3999902640635278,2.781115545969733e-08,-1.2376703603809453e-08,7.939293921787312e-08,0.9999999999999963,0.2444153771434705,4.834795723930653e-06,-8.357213705789679e-11,1.7279227763965212e-08,-7.726676187672312e-09,-2.2027687485736136e-08,,,,
1.05,63,object_b,1,1,rigid_box,0.3487826037686925,-7.173539337690076e-06,0.39999026426179285,1.1040762017015912e-08,-1.361101348778724e-08,-3.4700164343415404e-07,0.9999999999999396,0.36826603215662257,-1.3296762656607534e-05,-1.1039774303056582e-10,2.7690344626945313e-10,6.238886495872962e-08,-1.6654135965980902e-08,,,,
1.0666666666666667,64,object_a,0,1,rigid_box,0.04692653245972941,2.6890999669512166e-06,0.3999902640621367,2.7955128116395812e-08,-1.244141175783768e-08,7.920918941577241e-08,0.9999999999999963,0.24414735468628998,4.829493766163041e-06,-8.338756074532938e-11,1.727454498852517e-08,-7.798921737598524e-09,-2.2069639844785513e-08,,,,
1.0666666666666667,64,object_b,1,1,rigid_box,0.35491681906509465,-7.395023802242046e-06,0.39999026425995743,1.1043074853324775e-08,-1.3091127021451371e-08,-3.4714062743559603e-07,0.9999999999999396,0.3678649482292327,-1.3282280977320694e-05,-1.0984825202231541e-10,2.781433047339211e-10,6.238418481562281e-08,-1.6699180004889885e-08,,,,
1.0833333333333333,65,object_a,0,1,rigid_box,0.0509932839083663,2.76954462459312e-06,0.3999902640607487,2.8099062224511895e-08,-1.2506723721241651e-08,7.902509009520983e-08,0.9999999999999963,0.2438795980393984,4.824197066981591e-06,-8.319330467576602e-11,1.7269977024946845e-08,-7.871597136240357e-09,-2.211157316058682e-08,,,,
1.0833333333333333,65,object_b,1,1,rigid_box,0.3610443537376006,-7.616267053802608e-06,0.39999026425813133,1.1045398015875068e-08,-1.2571279418724883e-08,-3.4727998606487825e-07,0.9999999999999395,0.367464328172483,-1.3267816046366239e-05,-1.0927370466817798e-10,2.7938182570086407e-10,6.237953571936097e-08,-1.6744057186459704e-08,,,,
1.1,66,object_a,0,1,rigid_box,0.05505557509706691,2.849901050422647e-06,0.3999902640593637,2.824295831659828e-08,-1.2572641330085265e-08,7.884064141382415e-08,0.9999999999999964,0.24361210684367376,4.818905619281787e-06,-8.300189702215022e-11,1.7265396727053354e-08,-7.944178588899187e-09,-2.2153487640231673e-08,,,,
1.1,66,object_b,1,1,rigid_box,0.36716521551074266,-7.83726937127072e-06,0.3999902642563147,1.1047731493526964e-08,-1.2051470421697969e-08,-3.47419717933957e-07,0.9999999999999395,0.3670641712361161,-1.3253367836656101e-05,-1.0876031845963308e-10,2.806190110419718e-10,6.237491749007433e-08,-1.678876802445295e-08,,,,
1.1166666666666667,67,object_a,0,1,rigid_box,0.05911341044684244,2.9301693319016803e-06,0.3999902640579818,2.83868169355714e-08,-1.2639166461661014e-08,7.865584352750856e-08,0.9999999999999964,0.2433448807406341,4.813619415971758e-06,-8.282663270520185e-11,1.726096227291732e-08,-8.017318004595184e-09,-2.219538354399029e-08,,,,
1.1166666666666667,67,object_b,1,1,rigid_box,0.373279412096563,-8.05803103309437e-06,0.3999902642545073,1.1050075275159669e-08,-1.1531699773913543e-08,-3.475598216587001e-07,0.9999999999999395,0.36666447667148366,-1.3238936321160278e-05,-1.0816722517681399e-10,2.818548627906472e-10,6.237032995503962e-08,-1.6833312983705068e-08,,,,
1.1333333333333333,68,object_a,0,1,rigid_box,0.06316679437273501,3.010349556374019e-06,0.3999902640566029,2.8530638621177058e-08,-1.2706300978698054e-08,7.847069659026679e-08,0.9999999999999964,0.24307791937243622,4.808338449972271e-06,-8.266543179147323e-11,1.7256570046750953e-08,-8.090587973512566e-09,-2.2237261062261054e-08,,,,
1.1333333333333333,68,object_b,1,1,rigid_box,0.3793869511946405,-8.278552317271575e-06,0.39999026425270917,1.1052429349670192e-08,-1.1011967220385726e-08,-3.477002958591281e-07,0.9999999999999394,0.3662652437315414,-1.3224521472906717e-05,-1.0764164212750948e-10,2.8308938350658564e-10,6.236577293694205e-08,-1.6877692565505866e-08,,,,
1.15,69,object_a,0,1,rigid_box,0.06721573128382832,3.0904418110655847e-06,0.3999902640552269,2.8674423950149972e-08,-1.277404689559336e-08,7.82852007541509e-08,0.9999999999999964,0.24281122238187405,4.803062714216649e-06,-8.248415318823366e-11,1.7252236294593513e-08,-8.164055205081206e-09,-2.227912042098182e-08,,,,
1.15,69,object_b,1,1,rigid_box,0.38548784049211743,-8.498833501351316e-06,0.39999026425092027,1.1054793705977762e-08,-1.0492272507555954e-08,-3.4784113915913766e-07,0.9999999999999394,0.36586647167084535,-1.3210123264981112e-05,-1.0708312882246052e-10,2.843225751705302e-10,6.236124626042255e-08,-1.6921907285241688e-08,,,,
1.1666666666666667,70,object_a,0,1,rigid_box,0.07126022558325834,3.1704461830846327e-06,0.39999026405385396,2.8818173516978075e-08,-1.2842406299112064e-08,7.809935616935254e-08,0.9999999999999964,0.24254478941237748,4.7977922016507526e-06,-8.22553154061767e-11,1.7247982621636124e-08,-8.237809024474848e-09,-2.2320961889137793e-08,,,,
1.1666666666666667,70,object_b,1,1,rigid_box,0.3915820876637263,-8.718874862434523e-06,0.39999026424914047,1.1057168333020595e-08,-9.972615383315143e-09,-3.4798235018677333e-07,0.9999999999999393,0.3654681597455472,-1.3195741670526784e-05,-1.0650702542136514e-10,2.8555444097149074e-10,6.235674975888101e-08,-1.696595757707551e-08,,,,
1.1833333333333333,71,object_a,0,1,rigid_box,0.07530028166822372,3.250362759421962e-06,0.399990264052484,2.8961887859440066e-08,-1.2911381039535377e-08,7.791316298426133e-08,0.9999999999999964,0.2422786201080106,4.792526905233092e-06,-8.209479797349761e-11,1.724374981436625e-08,-8.311603688859511e-09,-2.2362785684686643e-08,,,,
1.1833333333333333,71,object_b,1,1,rigid_box,0.397669700371816,-8.93867667717502e-06,0.39999026424736983,1.1059553219760004e-08,-9.452995596984906e-09,-3.4812392757416004e-07,0.9999999999999393,0.36507030721339007,-1.3181376662744519e-05,-1.0600981377451024e-10,2.8678498355412013e-10,6.235228326095248e-08,-1.7009843929926332e-08,,,,
1.2,72,object_a,0,1,rigid_box,0.07933590392999648,3.330191626951122e-06,0.39999026405111704,2.9105567599052518e-08,-1.2980973312926736e-08,7.772662134525518e-08,0.9999999999999964,0.24201271411347064,4.787266817934567e-06,-8.195365219787476e-11,1.7239663067813907e-08,-8.385958251356982e-09,-2.2404591953743915e-08,,,,
1.2,72,object_b,1,1,rigid_box,0.4037506862663788,-9.158239221780485e-06,0.39999026424560824,1.106194835517977e-08,-8.933412899307288e-09,-3.4826586995750683e-07,0.9999999999999393,0.3646729133337045,-1.316702821489241e-05,-1.0542536114932499e-10,2.880142049760997e-10,6.234784658948506e-08,-1.7053566906298624e-08,,,,
1.2166666666666666,73,object_a,0,1,rigid_box,0.08336709675393264,3.4099328724286194e-06,0.399990264049753,2.924921335198875e-08,-1.3051185292553125e-08,7.753973139664375e-08,0.9999999999999964,0.24174707107408633,4.782011932738571e-06,-8.173915190534675e-11,1.7235578021966278e-08,-8.460273458787303e-09,-2.2446381065159065e-08,,,,
1.2166666666666666,73,object_b,1,1,rigid_box,0.4098250529850763,-9.377562772606286e-06,0.39999026424382567,1.1158155699088023e-08,-8.74621133055951e-09,-3.4840817840554417e-07,0.9999999999999392,0.36427597736740525,-1.3152696401242913e-05,-1.081546744524653e-10,1.786726452131468e-08,3.787753126416774e-11,-1.709804268284814e-08,,,,
1.2333333333333334,74,object_a,0,1,rigid_box,0.08739386451948249,3.4895865824941326e-06,0.39999026404839194,2.9392825769999242e-08,-1.3122019298352881e-08,7.735249328096778e-08,0.9999999999999964,0.24148169063581654,4.776762242640921e-06,-8.157888253812473e-11,1.723164966586686e-08,-8.535193473710073e-09,-2.2488153197495038e-08,,,,
1.2333333333333334,74,object_b,1,1,rigid_box,0.41589280815326624,-9.596647606863237e-06,0.3999902642420256,1.1307026477910289e-08,-8.746207939056012e-09,-3.485508617091898e-07,0.9999999999999392,0.36387949857698204,-1.3138381150877868e-05,-1.079053027486232e-10,1.7862037851825026e-08,-3.263128659572158e-11,-1.714312578217943e-08,,,,
1.25,75,object_a,0,1,rigid_box,0.09141621160020118,3.5691528436707105e-06,0.39999026404703386,2.9536405463682942e-08,-1.3193477478304903e-08,7.716490713863923e-08,0.9999999999999964,0.24121657244524908,4.771517740649928e-06,-8.139098076065387e-11,1.7227735545722267e-08,-8.610125270695564e-09,-2.2529908556189495e-08,,,,
1.25,75,object_b,1,1,rigid_box,0.42195395938402824,-9.815493999567345e-06,0.39999026424022993,1.1455852844455864e-08,-8.746789162162955e-09,-3.486939205344492e-07,0.999999999999939,0.363483476226503,-1.3124082380496222e-05,-1.0761266357184329e-10,1.7856629506102302e-08,-1.025135059892422e-10,-1.7188170328176268e-08,,,,
1.2666666666666666,76,object_a,0,1,rigid_box,0.09543414236375929,3.6486317423649842e-06,0.39999026404567867,2.9679953036562624e-08,-1.3265561948999313e-08,7.697697310816778e-08,0.9999999999999964,0.24095171614959904,4.766278419786335e-06,-8.123633536694097e-11,1.7223931124511104e-08,-8.68546638955755e-09,-2.2571647404525183e-08,,,,
1.2666666666666666,76,object_b,1,1,rigid_box,0.42800851427819014,-1.0034102225150153e-05,0.3999902642384386,1.160463448512673e-08,-8.747954034032972e-09,-3.4883735456082536e-07,0.999999999999939,0.3630879095816052,-1.3109800063582553e-05,-1.0734432787096182e-10,1.7851232413939036e-08,-1.7245271776849018e-10,-1.723317644058509e-08,,,,
1.2833333333333334,77,object_a,0,1,rigid_box,0.09944766117195314,3.7280233648673725e-06,0.3999902640443264,2.982346923935466e-08,-1.3338275440414968e-08,7.67886913260112e-08,0.9999999999999964,0.24068712139670748,4.7610442730830234e-06,-8.106905251270557e-11,1.7220234317848468e-08,-8.761208545222935e-09,-2.261337002168209e-08,,,,
1.2833333333333334,77,object_b,1,1,rigid_box,0.43405648042435463,-1.0252472557601776e-05,0.39999026423665157,1.1753371019671629e-08,-8.749701344082951e-09,-3.4898116346896003e-07,0.9999999999999389,0.36269279790949244,-1.30955341736779e-05,-1.0713121709193807e-10,1.784583118867903e-08,-2.423940771035715e-10,-1.7278144348278475e-08,,,,
1.3,78,object_a,0,1,rigid_box,0.10345677238071534,3.8073277973522864e-06,0.39999026404297705,2.996695467220815e-08,-1.3411620052863268e-08,7.660006192665115e-08,0.9999999999999964,0.24042278783503987,4.75581529358548e-06,-8.08852828465545e-11,1.721653582557663e-08,-8.836894398168691e-09,-2.2655076579733898e-08,,,,
1.3,78,object_b,1,1,rigid_box,0.4400978653989249,-1.0470605270471847e-05,0.3999902642348689,1.1902062109445994e-08,-8.752030022253105e-09,-3.4912534694098813e-07,0.9999999999999389,0.36229814047892944,-1.308128468437974e-05,-1.0684652988757204e-10,1.78403286330262e-08,-3.1199032529192995e-10,-1.7323074180727293e-08,,,,
1.3166666666666667,79,object_a,0,1,rigid_box,0.10746148034012508,3.886545125878336e-06,0.3999902640416306,3.0110410072562865e-08,-1.3485598459359009e-08,7.641108504255406e-08,0.9999999999999966,0.24015871511368533,4.750591474351294e-06,-8.069700289936588e-11,1.7212967512113856e-08,-8.913075261951594e-09,-2.269676738217625e-08,,,,
1.3166666666666667,79,object_b,1,1,rigid_box,0.44613267676613066,-1.068850063687045e-05,0.39999026423309053,1.205070741569175e-08,-8.754938990163592e-09,-3.492699046601377e-07,0.9999999999999388,0.36190393656023984,-1.3067051569341806e-05,-1.0658066790236731e-10,1.7834796608599716e-08,-3.814964188083719e-10,-1.7367966080937267e-08,,,,
1.3333333333333333,80,object_a,0,1,rigid_box,0.11146178939441853,3.965675436388533e-06,0.3999902640402871,3.0253836115811865e-08,-1.3560213072893055e-08,7.622176080396993e-08,0.9999999999999966,0.23989490288235443,4.745372808450462e-06,-8.053710476296772e-11,1.720947240996923e-08,-8.989512679047336e-09,-2.2738442659484864e-08,,,,
1.3333333333333333,80,object_b,1,1,rigid_box,0.4521609220780539,-1.0906158929469073e-05,0.3999902642313165,1.2199306593485057e-08,-8.758427139797921e-09,-3.4941483631094545e-07,0.9999999999999388,0.3615101854253002,-1.305283480227391e-05,-1.0632951984168582e-10,1.7829248750237086e-08,-4.509603045178402e-10,-1.7412820164444132e-08,,,,
1.35,81,object_a,0,1,rigid_box,0.11545770388199916,4.0447188147105e-06,0.39999026403894644,3.039723354021248e-08,-1.3635466568673376e-08,7.603208933919975e-08,0.9999999999999966,0.23963135079137832,4.740159288965146e-06,-8.032091138032715e-11,1.720608563571283e-08,-9.066353872823008e-09,-2.2780102664732454e-08,,,,
1.35,81,object_b,1,1,rigid_box,0.45818260887465506,-1.112358042050152e-05,0.3999902642295467,1.2347859323127789e-08,-8.762493445977371e-09,-3.495601415793913e-07,0.9999999999999387,0.361116886347537,-1.3038634356941836e-05,-1.0608052283811453e-10,1.7823686758656548e-08,-5.203876986524885e-10,-1.745763667884423e-08,,,,
1.3666666666666667,82,object_a,0,1,rigid_box,0.11944922813544817,4.123675346556667e-06,0.3999902640376087,3.0540603055837727e-08,-1.3711361502740703e-08,7.584207077450207e-08,0.9999999999999966,0.23936805849170711,4.734950908989811e-06,-8.020592870416898e-11,1.7202791861501813e-08,-9.14353463745313e-09,-2.2821747668036115e-08,,,,
1.3666666666666667,82,object_b,1,1,rigid_box,0.46419774468379904,-1.1340765381764864e-05,0.3999902642277812,1.249636530941774e-08,-8.76713696384392e-09,-3.497058201526644e-07,0.9999999999999387,0.36072403860192237,-1.3024450207167208e-05,-1.0579257782306062e-10,1.7818055302069583e-08,-5.89579459027921e-10,-1.7502415726940686e-08,,,,
1.3833333333333333,83,object_a,0,1,rigid_box,0.12343636648153472,4.202545117524484e-06,0.39999026403627375,3.0683945413997184e-08,-1.3787900603820796e-08,7.565170523381746e-08,0.9999999999999966,0.2391050256349088,4.729747661631066e-06,-8.003931198374836e-11,1.7199577452865652e-08,-9.220997417030077e-09,-2.2863377879718472e-08,,,,
1.3833333333333333,83,object_b,1,1,rigid_box,0.4702063370212801,-1.155771408462035e-05,0.39999026422601996,1.2644824198054246e-08,-8.772356529055245e-09,-3.498518717191508e-07,0.9999999999999387,0.3603316414649693,-1.3010282326827221e-05,-1.0554928285555487e-10,1.781240152646943e-08,-6.587034673141718e-10,-1.75471573981923e-08,,,,
1.4,84,object_a,0,1,rigid_box,0.12741912324122626,4.281328213096616e-06,0.3999902640349417,3.082726138595857e-08,-1.386508668368225e-08,7.546099283910763e-08,0.9999999999999966,0.23884225187316763,4.724549540007685e-06,-7.980847059607665e-11,1.719644729489368e-08,-9.298762573427299e-09,-2.2904993572450776e-08,,,,
1.4,84,object_b,1,1,rigid_box,0.4762083933908482,-1.1774426799994344e-05,0.399990264224263,1.279323572114917e-08,-8.778151280345376e-09,-3.49998295968739e-07,0.9999999999999386,0.35993969421472805,-1.2996130689854662e-05,-1.0531030908422778e-10,1.7806704199326596e-08,-7.27682979485649e-10,-1.7591861993314057e-08,,,,
1.4166666666666667,85,object_a,0,1,rigid_box,0.13139750272969858,4.360024718641148e-06,0.39999026403361254,3.097055173131482e-08,-1.3942922504300245e-08,7.526993371012172e-08,0.9999999999999966,0.23857973685928288,4.719356537250624e-06,-7.96883808940052e-11,1.7193467633375594e-08,-9.377109625522928e-09,-2.2946595052905208e-08,,,,
1.4166666666666667,85,object_b,1,1,rigid_box,0.48220392128423445,-1.1990903798379245e-05,0.3999902642225102,1.294159957043706e-08,-8.78452020383161e-09,-3.501450925923294e-07,0.9999999999999386,0.3595481961307824,-1.2981995270237634e-05,-1.0503752381763043e-10,1.7800990323615798e-08,-7.966139942982805e-10,-1.7636529528319152e-08,,,,
1.4333333333333333,86,object_a,0,1,rigid_box,0.13537150925634653,4.438634719411789e-06,0.39999026403228616,3.111381723274049e-08,-1.4021410924000446e-08,7.507852796445025e-08,0.9999999999999966,0.2383174802466672,4.714168646502944e-06,-7.949217672997833e-11,1.7190532269564273e-08,-9.455590362881768e-09,-2.2988182512452318e-08,,,,
1.4333333333333333,86,object_b,1,1,rigid_box,0.4881929281811766,-1.2207145349834411e-05,0.39999026422076167,1.30899154403162e-08,-8.791462288337047e-09,-3.502922612823948e-07,0.9999999999999385,0.3591571464942448,-1.2967876042019452e-05,-1.0478072229314073e-10,1.7795168184490644e-08,-8.651653454675502e-10,-1.7681160256423154e-08,,,,
1.45,87,object_a,0,1,rigid_box,0.13934114712479367,4.517158300548074e-06,0.39999026403096266,3.1257058711084336e-08,-1.410055496162553e-08,7.488677571749213e-08,0.9999999999999966,0.23805548168934582,4.708985860919754e-06,-7.934768814221727e-11,1.7187664307677763e-08,-9.534301751119426e-09,-2.302975625210215e-08,,,,
1.45,87,object_b,1,1,rigid_box,0.4941754215494444,-1.2423151723987076e-05,0.3999902642190173,1.3238183094324751e-08,-8.798976764504789e-09,-3.504398017324694e-07,0.9999999999999385,0.3587665445877529,-1.2953772979298563e-05,-1.045419462802899e-10,1.778938348094398e-08,-9.338611546464078e-10,-1.7725754267630135e-08,,,,
1.4666666666666666,88,object_a,0,1,rigid_box,0.14330642063290283,4.5955955470755635e-06,0.399990264029642,3.140027696547531e-08,-1.4180357543678599e-08,7.46946770823827e-08,0.9999999999999966,0.23779374084195462,4.703808173668286e-06,-7.915744448805384e-11,1.7184909960930952e-08,-9.613439027641124e-09,-2.307131654402643e-08,,,,
1.4666666666666666,88,object_b,1,1,rigid_box,0.5001514088448648,-1.263892319003327e-05,0.3999902642172771,1.3386402249725057e-08,-8.807062689719633e-09,-3.50587713637572e-07,0.9999999999999384,0.3583763896954655,-1.293968605622827e-05,-1.0429554789248563e-10,1.7783561828543698e-08,-1.0024327524544743e-09,-1.7770311784508075e-08,,,,
1.4833333333333334,89,object_a,0,1,rigid_box,0.14726733407278614,4.6739465439060426e-06,0.3999902640283241,3.1543472865692817e-08,-1.4260821894839236e-08,7.450223217012724e-08,0.9999999999999966,0.2375322573597392,4.6986355779277094e-06,-7.896960516062812e-11,1.7182291206519558e-08,-9.693095599382121e-09,-2.3112863685324083e-08,,,,
1.4833333333333334,89,object_b,1,1,rigid_box,0.5061208975113477,-1.2854460016738729e-05,0.3999902642155411,1.3534572604777978e-08,-8.8157190451628e-09,-3.507359966938602e-07,0.9999999999999384,0.3579866811030577,-1.2925615247016634e-05,-1.0401629904621679e-10,1.777768642965987e-08,-1.0708182362543525e-09,-1.7814832873705105e-08,,,,
1.5,90,object_a,0,1,rigid_box,0.15122389173081527,4.752211375837723e-06,0.39999026402700905,3.168664724395551e-08,-1.4341951080606499e-08,7.430944108925745e-08,0.9999999999999967,0.23727103089855334,4.693468066889293e-06,-7.883659003393717e-11,1.7179746248594142e-08,-9.773009301259563e-09,-2.315439786626045e-08,,,,
1.5,90,object_b,1,1,rigid_box,0.5120838949809112,-1.3069762472439805e-05,0.3999902642138093,1.3682693939671247e-08,-8.824945101541063e-09,-3.508846505988376e-07,0.9999999999999383,0.3575974180977182,-1.2911560525926424e-05,-1.0382036723377563e-10,1.7771795648944826e-08,-1.1391557120144006e-09,-1.7859317761604946e-08,,,,
1.5166666666666666,91,object_a,0,1,rigid_box,0.15517609788763145,4.830390127555445e-06,0.39999026402569676,3.1829800930509523e-08,-1.442374815641202e-08,7.411630394632928e-08,0.9999999999999967,0.23701006111485756,4.688305633756312e-06,-7.86680269537765e-11,1.717727502638543e-08,-9.853179435730829e-09,-2.3195919404364882e-08,,,,
1.5166666666666666,91,object_b,1,1,rigid_box,0.5180404086737063,-1.3284830825044376e-05,0.39999026421208156,1.3830765981819822e-08,-8.834739931861514e-09,-3.510336750512932e-07,0.9999999999999383,0.35720859996814414,-1.2897521867274835e-05,-1.0353821272568453e-10,1.776586465904214e-08,-1.207354329738201e-09,-1.790376654731533e-08,,,,
1.5333333333333334,92,object_a,0,1,rigid_box,0.15912395681815553,4.908482883630875e-06,0.39999026402438725,3.197293490804855e-08,-1.4506216825626145e-08,7.3922820845291e-08,0.9999999999999967,0.23674934766571804,4.683148271743772e-06,-7.849019351136022e-11,1.7175015409649603e-08,-9.934192403449037e-09,-2.323742861590254e-08,,,,
1.5333333333333334,92,object_b,1,1,rigid_box,0.5239904459980421,-1.3499665342032761e-05,0.399990264210358,1.3978788496249113e-08,-8.845102738766867e-09,-3.5118306975135424e-07,0.9999999999999382,0.3568202260045376,-1.2883499245433426e-05,-1.0331418012765603e-10,1.7759893029994493e-08,-1.275411696398968e-09,-1.7948179446679278e-08,,,,
1.55,93,object_a,0,1,rigid_box,0.16306747279159833,4.986489728522704e-06,0.3999902640230806,3.211604995280015e-08,-1.4589359912596845e-08,7.372899188798257e-08,0.9999999999999967,0.23648889020880506,4.6779959740789705e-06,-7.83097267587074e-11,1.7172777698163846e-08,-1.0015241115757263e-08,-2.3278925721880268e-08,,,,
1.55,93,object_b,1,1,rigid_box,0.5299340143504114,-1.371426629045862e-05,0.39999026420863854,1.4126761264998416e-08,-8.856032780183877e-09,-3.513328344003689e-07,0.9999999999999382,0.3564322954986016,-1.2869492634827983e-05,-1.0304549401263241e-10,1.7753962373549966e-08,-1.3436237770908935e-09,-1.799255653891871e-08,,,,
1.5666666666666667,94,object_a,0,1,rigid_box,0.16700665007147045,5.0644107465768455e-06,0.3999902640217766,3.2259147112641825e-08,-1.4673181397808041e-08,7.353481717375415e-08,0.9999999999999967,0.23622868840239183,4.672848734000677e-06,-7.813668635725524e-11,1.7170703631370934e-08,-1.0096929085371423e-08,-2.33204110660597e-08,,,,
1.5666666666666667,94,object_b,1,1,rigid_box,0.5358711211155154,-1.392863393694985e-05,0.3999902642069232,1.4274684033645948e-08,-8.867529174757385e-09,-3.5148296870093293e-07,0.999999999999938,0.35604480774353675,-1.2855502009938285e-05,-1.0284460782994387e-10,1.7747918192327994e-08,-1.4114278208264924e-09,-1.8036898076185987e-08,,,,
1.5833333333333333,95,object_a,0,1,rigid_box,0.17094149291559232,5.142246022026637e-06,0.39999026402047544,3.2402227220920543e-08,-1.4757684346934351e-08,7.334029679968604e-08,0.9999999999999967,0.235968741905353,4.667706544759927e-06,-7.79790971378036e-11,1.7168737393230154e-08,-1.0179018485419472e-08,-2.336188488837916e-08,,,,
1.5833333333333333,95,object_b,1,1,rigid_box,0.5418017736662882,-1.414276854770949e-05,0.39999026420521194,1.442255659081501e-08,-8.879591191677279e-09,-3.516334723571693e-07,0.999999999999938,0.3556577620340358,-1.284152734529807e-05,-1.02571390617201e-10,1.774189404156833e-08,-1.4793091104313694e-09,-1.808120413799739e-08,,,,
1.6,96,object_a,0,1,rigid_box,0.1748720055761042,5.2199956389930306e-06,0.399990264019177,3.2545291256853386e-08,-1.4842872447030452e-08,7.314543086030854e-08,0.9999999999999967,0.23570905037716355,4.662569399619379e-06,-7.784528056886675e-11,1.716683113260865e-08,-1.0261304456680496e-08,-2.3403347461206812e-08,,,,
1.6,96,object_b,1,1,rigid_box,0.5477259793639218,-1.4356670388516617e-05,0.39999026420350475,1.4570378715889399e-08,-8.892218059497954e-09,-3.5178434507419323e-07,0.9999999999999379,0.3552711576662813,-1.2827568615494827e-05,-1.02314285516103e-10,1.7735810393072187e-08,-1.5469769799265715e-09,-1.8125474925851888e-08,,,,
1.6166666666666667,97,object_a,0,1,rigid_box,0.1787981922994764,5.297659681484798e-06,0.3999902640178813,3.2688340241397624e-08,-1.4928749563447862e-08,7.295021944793317e-08,0.9999999999999967,0.2354496134778972,4.65743729185347e-06,-7.769161529391777e-11,1.7165094812802485e-08,-1.0344257115359456e-08,-2.344479915009115e-08,,,,
1.6166666666666667,97,object_b,1,1,rigid_box,0.5536437455578916,-1.4570339724727238e-05,0.3999902642018016,1.4718150211437714e-08,-8.905409085281192e-09,-3.5193558655851096e-07,0.9999999999999379,0.3548849939379404,-1.2813625795169686e-05,-1.0209277173656162e-10,1.7729695645151597e-08,-1.6145339021976642e-09,-1.8169710499332487e-08,,,,
1.6333333333333333,98,object_a,0,1,rigid_box,0.18272005732651897,5.375238233398724e-06,0.3999902640165883,3.283137514060192e-08,-1.5015319326728396e-08,7.275466265221158e-08,0.9999999999999967,0.23519043086822533,4.652310214748556e-06,-7.752679574701826e-11,1.7163443969904124e-08,-1.0427514995661282e-08,-2.348624021679542e-08,,,,
1.6333333333333333,98,object_b,1,1,rigid_box,0.5595550795859804,-1.478377682127519e-05,0.3999902642001026,1.4865870893740768e-08,-8.919163620545485e-09,-3.520871965180906e-07,0.9999999999999378,0.35449927014816135,-1.2799698859017276e-05,-1.0180539397608435e-10,1.7723624616125165e-08,-1.6822535248450417e-09,-1.8213911172202468e-08,,,,
1.65,99,object_a,0,1,rigid_box,0.18663760489239178,5.452731378519805e-06,0.3999902640152981,3.297439694240537e-08,-1.5102585460252633e-08,7.255876056032412e-08,0.9999999999999967,0.23493150220941558,4.6471881616027485e-06,-7.736979980299541e-11,1.7161926363929954e-08,-1.0511282454463183e-08,-2.352767094071416e-08,,,,
1.65,99,object_b,1,1,rigid_box,0.565459988774303,-1.4996981942673028e-05,0.3999902641984075,1.5013540539064702e-08,-8.933480863533244e-09,-3.522391746619642e-07,0.9999999999999378,0.3541139855975704,-1.2785787781785523e-05,-1.0154959512176376e-10,1.7717468404701453e-08,-1.7496628384668476e-09,-1.825807697544117e-08,,,,
1.6666666666666667,100,object_a,0,1,rigid_box,0.1905508392266145,5.530139200521439e-06,0.39999026401401055,3.311740668446175e-08,-1.51905518994667e-08,7.236251325718787e-08,0.9999999999999967,0.23467282716333052,4.6420711257258456e-06,-7.714137141567878e-11,1.7160533820575715e-08,-1.0595524407512287e-08,-2.3569091601159628e-08,,,,
1.6666666666666667,100,object_b,1,1,rigid_box,0.5713584804373314,-1.5209955353012907e-05,0.39999026419671646,1.516115898081196e-08,-8.948360215914014e-09,-3.523915207005977e-07,0.9999999999999377,0.35372913958826646,-1.277189253827561e-05,-1.0135077326001163e-10,1.7711332648135148e-08,-1.8171484036001932e-09,-1.830220809890934e-08,,,,
1.6833333333333333,101,object_a,0,1,rigid_box,0.19445976455307637,5.607461782965625e-06,0.39999026401272575,3.3260405416303195e-08,-1.5279222631033645e-08,7.216592082489141e-08,0.9999999999999967,0.2344144053924265,4.636959100439373e-06,-7.699236213853933e-11,1.715927114512018e-08,-1.0680261590675215e-08,-2.361050255991816e-08,,,,
1.6833333333333333,101,object_b,1,1,rigid_box,0.5772505618779185,-1.5422697315967463e-05,0.3999902641950295,1.5308726043245423e-08,-8.963801039872266e-09,-3.525442343457201e-07,0.9999999999999377,0.3533447314238186,-1.2758013103341761e-05,-1.0111439810445155e-10,1.7705186513114992e-08,-1.884596696494743e-09,-1.8346304712343474e-08,,,,
1.7,102,object_a,0,1,rigid_box,0.1983643850900462,5.684699209303158e-06,0.3999902640114436,3.3403394241549025e-08,-1.5368601873546513e-08,7.196898334316666e-08,0.9999999999999967,0.23415623655975182,4.631852079076478e-06,-7.687813580181668e-11,1.7158139898858084e-08,-1.0765500684931223e-08,-2.36519041185116e-08,,,,
1.7,102,object_b,1,1,rigid_box,0.5831362403873233,-1.563520809479073e-05,0.39999026419334643,1.5456241540063258e-08,-8.97980265284994e-09,-3.526973153104335e-07,0.9999999999999376,0.35296076040926117,-1.2744149451891115e-05,-1.00881920872542e-10,1.769894783894835e-08,-1.9517044827007868e-09,-1.839036697560262e-08,,,,
1.7166666666666666,103,object_a,0,1,rigid_box,0.20226470505018207,5.761851562873823e-06,0.3999902640101642,3.354637421800966e-08,-1.545869364833392e-08,7.177170088902188e-08,0.9999999999999967,0.23389832032894609,4.626750054982073e-06,-7.666432766395559e-11,1.715713344417492e-08,-1.0851212931403583e-08,-2.3693296548426438e-08,,,,
1.7166666666666666,103,object_b,1,1,rigid_box,0.5890155232452348,-1.5847487952318975e-05,0.3999902641916674,1.560370529596539e-08,-8.996364406357547e-09,-3.528507633090233e-07,0.9999999999999376,0.3525772258510906,-1.2730301558883594e-05,-1.0066399103170198e-10,1.769271416848048e-08,-2.0188297292699945e-09,-1.8434395004557092e-08,,,,
1.7333333333333334,104,object_a,0,1,rigid_box,0.2061607286405413,5.838918926906588e-06,0.39999026400888743,3.368934647197716e-08,-1.5549502270995165e-08,7.157407353691637e-08,0.9999999999999967,0.23364065636423864,4.621653021512636e-06,-7.651823445697925e-11,1.7156275938420417e-08,-1.0937502552731959e-08,-2.3734680210662098e-08,,,,
1.7333333333333334,104,object_b,1,1,rigid_box,0.5948884177197967,-1.6059537150971604e-05,0.39999026418999234,1.5751117218995618e-08,-9.013485953645565e-09,-3.530045780571032e-07,0.9999999999999375,0.3521941270572611,-1.271646939933186e-05,-1.0034003836145722e-10,1.7686488407088234e-08,-2.085982915572143e-09,-1.8478389003234964e-08,,,,
1.75,105,object_a,0,1,rigid_box,0.21005246006259043,5.9159013845198024e-06,0.3999902640076134,3.3832312139998964e-08,-1.5641032101092288e-08,7.137610135866711e-08,0.9999999999999968,0.23338324433044716,4.616560972036258e-06,-7.633677717722165e-11,1.7155551465605144e-08,-1.1024300894794508e-08,-2.37760554238218e-08,,,,
1.75,105,object_b,1,1,rigid_box,0.6007549310676312,-1.6271355952752022e-05,0.3999902641883212,1.5898477108564184e-08,-9.031166541498885e-09,-3.5315875927154136e-07,0.9999999999999375,0.351811463337181,-1.2702652948300954e-05,-1.0016369678123027e-10,1.768027402483332e-08,-2.153176517211593e-09,-1.8522349103426992e-08,,,,
1.7666666666666666,106,object_a,0,1,rigid_box,0.2139399035122146,5.992799018721383e-06,0.3999902640063419,3.397527239142424e-08,-1.5733287639796273e-08,7.117778442327747e-08,0.9999999999999968,0.23312608389297668,4.611473899932598e-06,-7.623983042104321e-11,1.715498424550201e-08,-1.1111712660342012e-08,-2.3817422521091833e-08,,,,
1.7666666666666666,106,object_b,1,1,rigid_box,0.606615070533864,-1.6482944619248533e-05,0.39999026418665407,1.6045784814141484e-08,-9.049405595595046e-09,-3.53313306670646e-07,0.9999999999999374,0.3514292340017088,-1.2688852180908333e-05,-9.989125152043421e-11,1.767399933822669e-08,-2.220144776785513e-09,-1.856627545647692e-08,,,,
1.7833333333333334,107,object_a,0,1,rigid_box,0.21782306317972774,6.0696119124090105e-06,0.39999026400507315,3.4118228365016614e-08,-1.582627325520169e-08,7.097912279715538e-08,0.9999999999999968,0.23286917471781773,4.606391798592944e-06,-7.604987993514722e-11,1.7154531734114585e-08,-1.1199553544893459e-08,-2.385878175499055e-08,,,,
1.7833333333333334,107,object_b,1,1,rigid_box,0.6124688433521472,-1.669430341163517e-05,0.3999902641849908,1.619304021536212e-08,-9.068202647408038e-09,-3.53468219973929e-07,0.9999999999999374,0.35104743836314967,-1.2675067072323713e-05,-9.971713212097999e-11,1.7667726592223747e-08,-2.2871172541905584e-09,-1.8610168242379133e-08,,,,
1.8,108,object_a,0,1,rigid_box,0.2217019432498819,6.146340148370323e-06,0.39999026400380705,3.426118127738812e-08,-1.591999365150726e-08,7.078011654404362e-08,0.9999999999999968,0.2326125164715459,4.601314661420029e-06,-7.585203819215902e-11,1.715425960925991e-08,-1.128810814149178e-08,-2.3900133544975633e-08,,,,
1.8,108,object_b,1,1,rigid_box,0.6183162567446849,-1.6905432590672615e-05,0.39999026418333145,1.6340243180604445e-08,-9.087557181271282e-09,-3.536234989022344e-07,0.9999999999999373,0.35066607573525155,-1.266129759776888e-05,-9.941517227496366e-11,1.7661395988242507e-08,-2.35387138635858e-09,-1.8654027570444868e-08,,,,
1.8166666666666667,109,object_a,0,1,rigid_box,0.22557654790187742,6.222983809283105e-06,0.3999902640025435,3.4404132355472984e-08,-1.6014453577719575e-08,7.058076572473195e-08,0.9999999999999968,0.23235610882131957,4.596242481828102e-06,-7.570055866878977e-11,1.7154051116146758e-08,-1.137686966497132e-08,-2.3941478132246684e-08,,,,
1.8166666666666667,109,object_b,1,1,rigid_box,0.6241573179222557,-1.7116332416709034e-05,0.399990264181676,1.6487393604326853e-08,-9.107468772923865e-09,-3.5377914317772307e-07,0.9999999999999373,0.35028514543320166,-1.2647543732517616e-05,-9.920486307435361e-11,1.7655092480997394e-08,-2.4207218671448494e-09,-1.8697853649544528e-08,,,,
1.8333333333333333,110,object_a,0,1,rigid_box,0.22944688130937238,6.2995429777154785e-06,0.3999902640012826,3.454708285920975e-08,-1.6109657925665497e-08,7.038107039722946e-08,0.9999999999999968,0.23209995143487952,4.591175253242877e-06,-7.559549340674376e-11,1.7154054365054736e-08,-1.1466480969365604e-08,-2.398281597404654e-08,,,,
1.8333333333333333,110,object_b,1,1,rigid_box,0.6299920340842379,-1.732700314968093e-05,0.3999902641800245,1.663449135000309e-08,-9.127936877296738e-09,-3.539351525237804e-07,0.9999999999999372,0.34990464677362154,-1.2633805451895482e-05,-9.893908435587573e-11,1.7648758576959186e-08,-2.487454573017263e-09,-1.8741646627840404e-08,,,,
1.85,111,object_a,0,1,rigid_box,0.23331294764049237,6.376017736126101e-06,0.3999902640000244,3.46900340756114e-08,-1.6205611704390506e-08,7.018103061677158e-08,0.9999999999999968,0.2318440439805474,4.586112969101498e-06,-7.545566602096265e-11,1.7154237051890815e-08,-1.1556802135028338e-08,-2.402414734912547e-08,,,,
1.85,111,object_b,1,1,rigid_box,0.6358204124186323,-1.7537445049114046e-05,0.3999902641783768,1.6781536330597448e-08,-9.148961128413775e-09,-3.540915266653252e-07,0.999999999999937,0.3495245790745649,-1.2620082731279765e-05,-9.872184493497915e-11,1.7642484039141792e-08,-2.5544031955567067e-09,-1.8785406642661158e-08,,,,
1.8666666666666667,112,object_a,0,1,rigid_box,0.2371747510578401,6.452408166864347e-06,0.39999026399876875,3.483298726778336e-08,-1.6302319818580914e-08,6.998064643559872e-08,0.9999999999999968,0.23158838612722363,4.581055622852628e-06,-7.524067653641442e-11,1.7154546523022967e-08,-1.1647603986862283e-08,-2.4065472594240632e-08,,,,
1.8666666666666667,112,object_b,1,1,rigid_box,0.6416424601020873,-1.774765837412419e-05,0.399990264176733,1.6928528416100856e-08,-9.170540994437067e-09,-3.5424826532836947e-07,0.999999999999937,0.3491449416555124,-1.2606375546099248e-05,-9.8521328248391e-11,1.7636089667863005e-08,-2.620899207727557e-09,-1.8829133845790646e-08,,,,
1.8833333333333333,113,object_a,0,1,rigid_box,0.24103229571850507,6.5287143521705e-06,0.3999902639975157,3.497594377446382e-08,-1.6399787501249937e-08,6.977991790314566e-08,0.9999999999999968,0.2313329775443876,4.576003207956226e-06,-7.51268890847312e-11,1.715504236970733e-08,-1.173914601724834e-08,-2.4106792082230854e-08,,,,
1.8833333333333333,113,object_b,1,1,rigid_box,0.6474581842999212,-1.795764338341811e-05,0.3999902641750931,1.7075467535585705e-08,-9.192676158548852e-09,-3.544053682402827e-07,0.9999999999999369,0.34876573383736903,-1.2592683871834198e-05,-9.828903142772294e-11,1.7629702556728972e-08,-2.6874155481088476e-09,-1.887282845140288e-08,,,,
1.9,114,object_a,0,1,rigid_box,0.24488558577407324,6.60493637417595e-06,0.39999026399626525,3.511890494614522e-08,-1.6498020036401254e-08,6.957884506582552e-08,0.9999999999999968,0.23107781790209533,4.570955717883651e-06,-7.497529680433601e-11,1.7155663757309818e-08,-1.1831162825125048e-08,-2.4148106173205125e-08,,,,
1.9,114,object_b,1,1,rigid_box,0.6532675921661473,-1.8167400335294345e-05,0.39999026417345696,1.722235360115102e-08,-9.215366235779629e-09,-3.5456283512986093e-07,0.9999999999999369,0.3483869549424601,-1.2579007684016139e-05,-9.803315971501636e-11,1.762335463209932e-08,-2.754071254882291e-09,-1.891649057349838e-08,,,,
1.9166666666666667,115,object_a,0,1,rigid_box,0.24873462537063667,6.681074314903372e-06,0.3999902639950174,3.5261872147286033e-08,-1.6597022768248543e-08,6.937742796710725e-08,0.9999999999999968,0.2308229068709786,4.565913146117631e-06,-7.478620153711368e-11,1.715645069523735e-08,-1.1923828588852939e-08,-2.418941517453821e-08,,,,
1.9166666666666667,115,object_b,1,1,rigid_box,0.6590706908434961,-1.837692948764408e-05,0.3999902641718247,1.7369186536084692e-08,-9.238610877622759e-09,-3.547206657271078e-07,0.9999999999999368,0.34800860429452696,-1.2565346958227745e-05,-9.784925300571068e-11,1.761697657310601e-08,-2.820606614680283e-09,-1.896012035534622e-08,,,,
1.9333333333333333,116,object_a,0,1,rigid_box,0.2525794186488029,6.757128256266919e-06,0.3999902639937721,3.540484680831265e-08,-1.6696801328855436e-08,6.917566664738334e-08,0.9999999999999968,0.2305682441222436,4.560875486152141e-06,-7.465400346517992e-11,1.71574049235419e-08,-1.2017151010288376e-08,-2.423071954036381e-08,,,,
1.9333333333333333,116,object_b,1,1,rigid_box,0.6648674874634404,-1.858623109795199e-05,0.39999026417019623,1.7515966240971125e-08,-9.262409645372526e-09,-3.5487885976339326e-07,0.9999999999999368,0.3476306812187239,-1.2551701670102669e-05,-9.763172388599362e-11,1.7610542238819696e-08,-2.886922580715106e-09,-1.9003717941748157e-08,,,,
1.95,117,object_a,0,1,rigid_box,0.2564199697437045,6.833098280072413e-06,0.39999026399252935,3.5547830364728794e-08,-1.6797361372284692e-08,6.897356114388995e-08,0.9999999999999968,0.2303138293276697,4.55584273149248e-06,-7.450065044045662e-11,1.7158588725538475e-08,-1.2111402866146663e-08,-2.4272019614764592e-08,,,,
1.95,117,object_b,1,1,rigid_box,0.6706579891462174,-1.879530542329711e-05,0.39999026416857153,1.7662692679436803e-08,-9.286762331798903e-09,-3.5503741697146815e-07,0.9999999999999367,0.3472531850416147,-1.2538071795325526e-05,-9.739583618773029e-11,1.7604173185754288e-08,-2.9534747791037903e-09,-1.9047283584870095e-08,,,,
1.9666666666666666,118,object_a,0,1,rigid_box,0.2602562827850091,6.908984468017534e-06,0.3999902639912892,3.5690824291252857e-08,-1.6898708723721706e-08,6.877111149084393e-08,0.9999999999999969,0.23005966215960827,4.550814875655205e-06,-7.434508217385449e-11,1.715990735265579e-08,-1.2206169144408569e-08,-2.4313315766186358e-08,,,,
1.9666666666666666,118,object_b,1,1,rigid_box,0.6764422030008533,-1.9004152720353646e-05,0.39999026416695066,1.7809365808316628e-08,-9.311668699268085e-09,-3.5519633708527653e-07,0.9999999999999367,0.3468761150911677,-1.2524457309631636e-05,-9.713619839035736e-11,1.7597767005081283e-08,-3.0198782700328685e-09,-1.9090817388500267e-08,,,,
1.9833333333333334,119,object_a,0,1,rigid_box,0.2640883618969287,6.9847869016919965e-06,0.39999026399005155,3.5833829986658424e-08,-1.7000848873916773e-08,6.856831771939924e-08,0.9999999999999969,0.22980574229098116,4.545791912168284e-06,-7.419379867423803e-11,1.716139013694707e-08,-1.2301577829285621e-08,-2.4354608317561688e-08,,,,
1.9833333333333334,119,object_b,1,1,rigid_box,0.682220136125186,-1.921277324539186e-05,0.39999026416533356,1.7955985500831994e-08,-9.337128190811227e-09,-3.553556198401929e-07,0.9999999999999366,0.34649947069675374,-1.2510858188806864e-05,-9.692516407533436e-11,1.7591316916674226e-08,-3.086106349014195e-09,-1.9134319454953533e-08,,,,
2.0,120,object_a,0,1,rigid_box,0.26791621119822856,7.060505662577752e-06,0.39999026398881643,3.597684909672014e-08,-1.7103788397532984e-08,6.836517985725305e-08,0.9999999999999969,0.22955206939527986,4.540773834570533e-06,-7.405885973921222e-11,1.7163110538265895e-08,-1.239795193297516e-08,-2.4395897797606387e-08,,,,
2.0,120,object_b,1,1,rigid_box,0.6879917956058884,-1.9421167254278897e-05,0.39999026416372024,1.810255180892292e-08,-9.363140917089893e-09,-3.5551526497286855e-07,0.9999999999999366,0.346123251189141,-1.2497274408687734e-05,-9.67264740525664e-11,1.7584947767751085e-08,-3.1526290393687855e-09,-1.917779004578973e-08,,,,
2.0166666666666666,121,object_a,0,1,rigid_box,0.2717398348022375,7.136140832049165e-06,0.39999026398758386,3.611988310792916e-08,-1.7207533168990502e-08,6.816169792904851e-08,0.9999999999999969,0.22929864314656404,4.535760636412278e-06,-7.390351698666198e-11,1.7164967073133408e-08,-1.2494845035765656e-08,-2.4437184462116405e-08,,,,
2.0166666666666666,121,object_b,1,1,rigid_box,0.6937571885184924,-1.96293350024796e-05,0.39999026416211064,1.8249064621391064e-08,-9.389706369777835e-09,-3.556752722213724e-07,0.9999999999999365,0.34574745590049316,-1.2483705945160936e-05,-9.644092642535629e-11,1.7578527528043082e-08,-3.2189481692274247e-09,-1.9221229243965782e-08,,,,
2.033333333333333,122,object_a,0,1,rigid_box,0.27555923681685685,7.2116924913732035e-06,0.39999026398635384,3.626293362650985e-08,-1.7312089588216913e-08,6.79578719561064e-08,0.9999999999999969,0.2290454632194602,4.530752311254854e-06,-7.376776793577289e-11,1.7167098224135756e-08,-1.2592866788128475e-08,-2.447846878316482e-08,,,,
2.033333333333333,122,object_b,1,1,rigid_box,0.6995163219274113,-1.9837276745057368e-05,0.3999902641605048,1.839552392581095e-08,-9.416824407742377e-09,-3.5583564132502396e-07,0.9999999999999365,0.34537208416436344,-1.247015277416349e-05,-9.62444776653193e-11,1.757213776603297e-08,-3.2853710975790224e-09,-1.9264637265711444e-08,,,,
2.05,123,object_a,0,1,rigid_box,0.2793744213445702,7.287160721709619e-06,0.3999902639851263,3.640600221986158e-08,-1.7417463883144253e-08,6.775370195635936e-08,0.9999999999999969,0.22879252928916088,4.525748852670853e-06,-7.362015684575507e-11,1.7169310768358614e-08,-1.269116545375846e-08,-2.4519751063978206e-08,,,,
2.05,123,object_b,1,1,rigid_box,0.7052692028859632,-2.0044992736675027e-05,0.3999902641589027,1.8541929706539962e-08,-9.444494873462351e-09,-3.5599637202454943e-07,0.9999999999999364,0.34499713531569315,-1.2456614871682499e-05,-9.603762229914992e-11,1.7565618043549075e-08,-3.3512900622993753e-09,-1.9308014220849032e-08,,,,
2.066666666666667,124,object_a,0,1,rigid_box,0.28318539248245256,7.3625456041111435e-06,0.3999902639839013,3.65490906348859e-08,-1.7523663072624456e-08,6.754918794431383e-08,0.9999999999999969,0.2285398410314228,4.520750254243728e-06,-7.34055385920307e-11,1.7171801451140636e-08,-1.2790608717182832e-08,-2.456103189197491e-08,,,,
2.066666666666667,124,object_b,1,1,rigid_box,0.7110158384363942,-2.0252483231595603e-05,0.3999902641573043,1.8688281969394965e-08,-9.47271768611955e-09,-3.5615746406194997e-07,0.9999999999999364,0.3446226086908068,-1.2443092213755032e-05,-9.578208885752115e-11,1.7559275171478882e-08,-3.4178660906980367e-09,-1.9351360288830094e-08,,,,
2.0833333333333335,125,object_a,0,1,rigid_box,0.28699215432217984,7.4378472195236625e-06,0.39999026398267873,3.6692200464213164e-08,-1.7630693493526535e-08,6.734432993119615e-08,0.9999999999999969,0.22828739812256624,4.515756509568339e-06,-7.33190088503255e-11,1.7174427241956923e-08,-1.2890564618772819e-08,-2.4602311487489117e-08,,,,
2.0833333333333335,125,object_b,1,1,rigid_box,0.7167562356099013,-2.0459748483683194e-05,0.3999902641557096,1.883458065297431e-08,-9.501492505563193e-09,-3.5631891718057254e-07,0.9999999999999363,0.34424850362740916,-1.2429584776467922e-05,-9.559542046844172e-11,1.7552831857193456e-08,-3.4840484738200034e-09,-1.9394675660287982e-08,,,,
2.1,126,object_a,0,1,rigid_box,0.2907947109500385,7.5130656487864074e-06,0.3999902639814587,3.68353334893728e-08,-1.7738562316283155e-08,6.713912792460223e-08,0.9999999999999969,0.22803520023947318,4.510767612250339e-06,-7.315984623668115e-11,1.717733677518634e-08,-1.2991690380884859e-08,-2.4643590424030984e-08,,,,
2.1,126,object_b,1,1,rigid_box,0.7224904014266558,-2.0666788746403777e-05,0.3999902641541186,1.89808257718706e-08,-9.530819275124219e-09,-3.5648073112518547e-07,0.9999999999999362,0.343874819464581,-1.2416092535957762e-05,-9.53817511084587e-11,1.7546388994699657e-08,-3.5502187444666747e-09,-1.943796047959933e-08,,,,
2.1166666666666667,127,object_a,0,1,rigid_box,0.29459306644693434,7.588200972632134e-06,0.3999902639802411,3.6978491430888456e-08,-1.7847276440473216e-08,6.693358192866048e-08,0.9999999999999969,0.22778324705958666,4.505783555906581e-06,-7.299528342885608e-11,1.71804074498762e-08,-1.3093443354516143e-08,-2.4684869043162017e-08,,,,
2.1166666666666667,127,object_b,1,1,rigid_box,0.7282183428958251,-2.087360427282604e-05,0.39999026415253125,1.912701736913876e-08,-9.560698042347642e-09,-3.5664290564192773e-07,0.9999999999999362,0.34350155554277595,-1.2402615468410761e-05,-9.516800368591927e-11,1.753996541487991e-08,-3.616448002355577e-09,-1.9481214880461734e-08,,,,
2.1333333333333333,128,object_a,0,1,rigid_box,0.2983872248884024,7.663253271687313e-06,0.39999026397902604,3.712167611204425e-08,-1.7956843219586707e-08,6.672769194388633e-08,0.9999999999999969,0.22753153826090938,4.500804334164808e-06,-7.282750270898308e-11,1.7183728238919274e-08,-1.3196217521743257e-08,-2.472614783407844e-08,,,,
2.1333333333333333,128,object_b,1,1,rigid_box,0.7339400670155974,-2.1080195315622225e-05,0.3999902641509476,1.9273155403807486e-08,-9.59112853074942e-09,-3.5680544047824645e-07,0.999999999999936,0.34312871120381694,-1.2389153550062462e-05,-9.49210345740914e-11,1.7533575664602806e-08,-3.682791567893846e-09,-1.952443908412049e-08,,,,
2.15,129,object_a,0,1,rigid_box,0.3021771903446162,7.738222626472302e-06,0.3999902639778134,3.7264889315600364e-08,-1.8067269825974397e-08,6.652145796719838e-08,0.9999999999999969,0.22728007352200222,4.495829940663878e-06,-7.272297347649115e-11,1.7187263742947667e-08,-1.3299855732020632e-08,-2.4767427146224403e-08,,,,
2.15,129,object_b,1,1,rigid_box,0.7396555807732021,-2.128656212706893e-05,0.3999902641493676,1.941923992667869e-08,-9.622110808704824e-09,-3.569683353828969e-07,0.999999999999936,0.34275628579089273,-1.2375706757197814e-05,-9.469724310262606e-11,1.7527204142228364e-08,-3.749189782832818e-09,-1.9567633221295423e-08,,,,
2.1666666666666665,130,object_a,0,1,rigid_box,0.30596296688039637,7.813109117401542e-06,0.39999026397660326,3.740813299220794e-08,-1.8178564176257743e-08,6.631487999165439e-08,0.9999999999999969,0.2270288525219834,4.490860369053386e-06,-7.257922908510128e-11,1.7191018616623803e-08,-1.340437863513385e-08,-2.480870754407627e-08,,,,
2.1666666666666665,130,object_b,1,1,rigid_box,0.745364891144935,-2.149270495904795e-05,0.39999026414779126,1.9565270903476917e-08,-9.653644615817823e-09,-3.571315901060682e-07,0.9999999999999359,0.34238427864855403,-1.2362275066150854e-05,-9.449098448133242e-11,1.752069193501474e-08,-3.815034964753176e-09,-1.9610797420912378e-08,,,,
2.183333333333333,131,object_a,0,1,rigid_box,0.30974455855522093,7.88791282478373e-06,0.39999026397539555,3.755140899257776e-08,-1.8290733741538768e-08,6.610795800675066e-08,0.9999999999999969,0.2267778749405271,4.485895612994089e-06,-7.239522002711052e-11,1.7195019738877102e-08,-1.3509905423509632e-08,-2.4849989410564457e-08,,,,
2.183333333333333,131,object_b,1,1,rigid_box,0.7510680050961788,-2.1698624063047063e-05,0.3999902641462185,1.9711248455154223e-08,-9.68573028040284e-09,-3.572952043993471e-07,0.9999999999999359,0.34201268912271016,-1.2348858453304857e-05,-9.426455102601317e-11,1.7514277111607228e-08,-3.881235692920773e-09,-1.9653931943362196e-08,,,,
2.2,132,object_a,0,1,rigid_box,0.3135219694232339,7.962633828822004e-06,0.39999026397419024,3.76947192677272e-08,-1.8403786436852387e-08,6.590069199819072e-08,0.9999999999999969,0.22652714045786237,4.48093566615755e-06,-7.221782546973365e-11,1.7199247088065235e-08,-1.361634678549926e-08,-2.489127317590618e-08,,,,
2.2,132,object_b,1,1,rigid_box,0.7567649295814273,-2.190431969016088e-05,0.39999026414464944,1.9857172546910168e-08,-9.718367531249961e-09,-3.574591780155682e-07,0.9999999999999358,0.34164151656062586,-1.233545689509182e-05,-9.40252719433543e-11,1.750786710321563e-08,-3.9474378861555785e-09,-1.969703682514631e-08,,,,
2.216666666666667,133,object_a,0,1,rigid_box,0.31729520353325447,8.037272209614126e-06,0.39999026397298737,3.783806585919817e-08,-1.8517730579472796e-08,6.569308194758864e-08,0.9999999999999969,0.22627664875477158,4.475980522226128e-06,-7.211849520349922e-11,1.720371205183289e-08,-1.3723753386379421e-08,-2.4932559421622552e-08,,,,
2.216666666666667,133,object_b,1,1,rigid_box,0.7624556715443072,-2.2109792091091635e-05,0.3999902641430839,2.0003043247500087e-08,-9.751556488938303e-09,-3.5762351070897163e-07,0.9999999999999358,0.341270760310917,-1.2322070367992696e-05,-9.383804844276256e-11,1.7501455779557173e-08,-4.013617714471477e-09,-1.974011231934253e-08,,,,
2.2333333333333334,134,object_a,0,1,rigid_box,0.3210642649287865,8.111828047152653e-06,0.3999902639717869,3.798145077866086e-08,-1.863257435175812e-08,6.54851278327377e-08,0.9999999999999969,0.22602639951258963,4.471030174893149e-06,-7.197476468989716e-11,1.720842345076206e-08,-1.3832164072438642e-08,-2.4973848515557747e-08,,,,
2.2333333333333334,134,object_b,1,1,rigid_box,0.7681402379176004,-2.2315041516150017e-05,0.399990264141522,2.0148860645589506e-08,-9.785297347205782e-09,-3.577882022353381e-07,0.9999999999999357,0.34090041972354773,-1.2308698848537102e-05,-9.3610228943386e-11,1.749506046072997e-08,-4.079841096543772e-09,-1.9783158579375595e-08,,,,
2.25,135,object_a,0,1,rigid_box,0.32482915764802794,8.186301421325141e-06,0.3999902639705889,3.812487607397634e-08,-1.8748326095076896e-08,6.527682962745696e-08,0.9999999999999969,0.22577639241320266,4.466084617862789e-06,-7.180657284056036e-11,1.7213375195393607e-08,-1.3941551394594849e-08,-2.5015140969699452e-08,,,,
2.25,135,object_b,1,1,rigid_box,0.7738186356232675,-2.2520068215255972e-05,0.3999902641399637,2.0294624774338366e-08,-9.819590082575058e-09,-3.5795325235163963e-07,0.9999999999999356,0.3405304941498268,-1.2295342313303142e-05,-9.341647767835415e-11,1.7488699649725243e-08,-4.146178899348556e-09,-1.982617578751029e-08,,,,
2.2666666666666666,136,object_a,0,1,rigid_box,0.3285898857238794,8.260692411914301e-06,0.39999026396939324,3.8268343933872925e-08,-1.886499477813906e-08,6.506818730153891e-08,0.9999999999999969,0.22552662713904661,4.461143844849853e-06,-7.1692686509639e-11,1.721861482855136e-08,-1.4052127775909958e-08,-2.5056437307195133e-08,,,,
2.2666666666666666,136,object_b,1,1,rigid_box,0.7794908715724688,-2.27248724379395e-05,0.399990264138409,2.04403356557337e-08,-9.85443462409832e-09,-3.581186608162777e-07,0.9999999999999356,0.3401609829424038,-1.2282000738917342e-05,-9.317845800493885e-11,1.748230717324718e-08,-4.212375984758908e-09,-1.986916402090691e-08,,,,
2.283333333333333,137,object_a,0,1,rigid_box,0.3323464531839539,8.335001098598179e-06,0.3999902639682,3.841185653127407e-08,-1.898258929785825e-08,6.485920082037993e-08,0.999999999999997,0.22527710337310636,4.456207849580029e-06,-7.15527862654719e-11,1.7224103082049622e-08,-1.4163717411854527e-08,-2.509773804798438e-08,,,,
2.283333333333333,137,object_b,1,1,rigid_box,0.7851569526655876,-2.2929454433341506e-05,0.3999902641368578,2.0585993436660494e-08,-9.889831377859509e-09,-3.582844273891453e-07,0.9999999999999355,0.33979188545526645,-1.2268674102054655e-05,-9.294484105970557e-11,1.747595771710205e-08,-4.278719572889892e-09,-1.9912123564440243e-08,,,,
2.3,138,object_a,0,1,rigid_box,0.33609886405058537,8.409227560950366e-06,0.39999026396700915,3.855541603896252e-08,-1.9101118546926813e-08,6.464987014557528e-08,0.999999999999997,0.2250278207989143,4.451276625789838e-06,-7.135173354932967e-11,1.7229868058669804e-08,-1.4276445636060838e-08,-2.5139043613789493e-08,,,,
2.3,138,object_b,1,1,rigid_box,0.7908168857922521,-2.3133814450214505e-05,0.39999026413531014,2.0731598151193704e-08,-9.9257803118151e-09,-3.5845055183146837e-07,0.9999999999999355,0.3394232010437364,-1.2255362379438077e-05,-9.276650628220473e-11,1.7469616281625088e-08,-4.345074424379853e-09,-1.995505452547056e-08,,,,
2.316666666666667,139,object_a,0,1,rigid_box,0.33984712234083836,8.483371878440138e-06,0.39999026396582066,3.869902478274585e-08,-1.922059210185526e-08,6.444019523414563e-08,0.999999999999997,0.22477877910054944,4.446350167226337e-06,-7.122471883114212e-11,1.7235896181995034e-08,-1.4390251363978183e-08,-2.5180354584418606e-08,,,,
2.316666666666667,139,object_b,1,1,rigid_box,0.7964706778313573,-2.3337952736923558e-05,0.39999026413376604,2.0877149891301675e-08,-9.96228161276169e-09,-3.5861703390579057e-07,0.9999999999999354,0.3390549290644661,-1.2242065547838722e-05,-9.255684066400427e-11,1.74632299112453e-08,-4.4112352875934475e-09,-1.9997957069597658e-08,,,,
2.3333333333333335,140,object_a,0,1,rigid_box,0.34359123206651687,8.55743413043265e-06,0.3999902639646346,3.884268509853604e-08,-1.9341019582233494e-08,6.423017603884079e-08,0.999999999999997,0.22452997796263574,4.441428467647358e-06,-7.111304253792916e-11,1.7242207966799263e-08,-1.4505226197501646e-08,-2.5221671454694823e-08,,,,
2.3333333333333335,140,object_b,1,1,rigid_box,0.8021183356510879,-2.3541869541446964e-05,0.3999902641322255,2.1022648779051502e-08,-9.999335580668051e-09,-3.587838733761961e-07,0.9999999999999354,0.3386870688754351,-1.2228783584075654e-05,-9.229785685738179e-11,1.7456913204432673e-08,-4.477644552250947e-09,-2.004083136331475e-08,,,,
2.35,141,object_a,0,1,rigid_box,0.34733119723417344,8.631414396189129e-06,0.39999026396345083,3.898639932573904e-08,-1.9462410620089465e-08,6.40198125080597e-08,0.999999999999997,0.2242814170703415,4.436511520821484e-06,-7.097421608759369e-11,1.724881087982625e-08,-1.4621403465239279e-08,-2.5262994807354054e-08,,,,
2.35,141,object_b,1,1,rigid_box,0.8077598661089402,-2.3745565111377093e-05,0.39999026413068844,2.1168094894697597e-08,-1.0036942350125976e-08,-3.5895107000813833e-07,0.9999999999999353,0.3383196198359471,-1.2215516465015696e-05,-9.215323643063655e-11,1.7450562598037787e-08,-4.543901206733714e-09,-2.0083677592626326e-08,,,,
2.3666666666666667,142,object_a,0,1,rigid_box,0.3510670218451182,8.705312754867032e-06,0.39999026396226944,3.913016991781068e-08,-1.9584775357084226e-08,6.38091045856189e-08,0.999999999999997,0.22403309610937777,4.431599320527834e-06,-7.081290068211565e-11,1.7255719274529257e-08,-1.4738847302049894e-08,-2.5304325120268826e-08,,,,
2.3666666666666667,142,object_b,1,1,rigid_box,0.8133952760517437,-2.3949039693921202e-05,0.3999902641291549,2.1313488356118638e-08,-1.007510219757022e-08,-3.591186235684475e-07,0.9999999999999353,0.33795258130662614,-1.2202264167573381e-05,-9.193319716604975e-11,1.744426803838102e-08,-4.610353277899008e-09,-2.0126495940507232e-08,,,,
2.3833333333333333,143,object_a,0,1,rigid_box,0.3547987098954279,8.779129285520227e-06,0.3999902639610904,3.927399938105993e-08,-1.9708124169774887e-08,6.359805221075485e-08,0.999999999999997,0.22378501476599733,4.426691860556156e-06,-7.070827950927949e-11,1.7262935482786376e-08,-1.4857568027221051e-08,-2.5345662998407038e-08,,,,
2.3833333333333333,143,object_b,1,1,rigid_box,0.8190245723156828,-2.4152293535902198e-05,0.39999026412762484,2.1458829270619614e-08,-1.0113815354928832e-08,-3.5928653382539904e-07,0.9999999999999352,0.3375859526494133,-1.2189026668710788e-05,-9.17141796535903e-11,1.743795253975106e-08,-4.676701667410163e-09,-2.0169286533929255e-08,,,,
2.4,144,object_a,0,1,rigid_box,0.35852626537595517,8.85286406709917e-06,0.3999902639599137,3.941789026952988e-08,-1.9832467646427135e-08,6.338665531806933e-08,0.999999999999997,0.22353717272699342,4.421789134706797e-06,-7.051469651242481e-11,1.7270453791515176e-08,-1.4977539416615913e-08,-2.5387008993934153e-08,,,,
2.4,144,object_b,1,1,rigid_box,0.8246477617263196,-2.4355326883759454e-05,0.3999902641260983,2.1604117788355375e-08,-1.0153082217036079e-08,-3.594548005486516e-07,0.9999999999999352,0.3372197332275635,-1.2175803945437475e-05,-9.145584983771826e-11,1.743168673884782e-08,-4.743220537481031e-09,-2.0212049649018523e-08,,,,
2.4166666666666665,145,object_a,0,1,rigid_box,0.3622496922723369,8.926517178451089e-06,0.3999902639587393,3.9561845178974026e-08,-1.9957816559452348e-08,6.317491383749595e-08,0.999999999999997,0.22328956967969887,4.4168911367907045e-06,-7.041926243511742e-11,1.7278278648339082e-08,-1.5098780932048798e-08,-2.542836366989078e-08,,,,
2.4166666666666665,145,object_b,1,1,rigid_box,0.8302648510986156,-2.4558139983549584e-05,0.39999026412457517,2.1749354002192643e-08,-1.0192902952735548e-08,-3.59623423509403e-07,0.999999999999935,0.3368539224056418,-1.2162595974810245e-05,-9.1265450058442e-11,1.7425415102060435e-08,-4.809693229837496e-09,-2.025478528808232e-08,,,,
2.433333333333333,146,object_a,0,1,rigid_box,0.3659689945650038,9.000088698320148e-06,0.39999026395756726,3.9705866791563885e-08,-2.0084182067714115e-08,6.296282769395877e-08,0.999999999999997,0.22304220531198474,4.41199786062932e-06,-7.02536136903964e-11,1.72864308039829e-08,-1.522138575890616e-08,-2.5469727608395614e-08,,,,
2.433333333333333,146,object_b,1,1,rigid_box,0.8358758472369531,-2.4760733080947234e-05,0.39999026412305555,2.1894538084800393e-08,-1.0233278037724067e-08,-3.5979240248014883e-07,0.9999999999999349,0.3364885195495203,-1.2149402733933178e-05,-9.109834241127768e-11,1.741914898622555e-08,-4.876163644206764e-09,-2.029749377751862e-08,,,,
2.45,147,object_a,0,1,rigid_box,0.36968417622918953,9.073578705347636e-06,0.39999026395639753,3.9849957850596334e-08,-2.021157560198814e-08,6.275039680762614e-08,0.999999999999997,0.22279507931225892,4.407109300054596e-06,-7.009410586678033e-11,1.7294955345595252e-08,-1.5345557673537705e-08,-2.551110145510671e-08,,,,
2.45,147,object_b,1,1,rigid_box,0.8414807569351576,-2.4963106421245864e-05,0.3999902641215394,2.2039670150116005e-08,-1.0274207715597799e-08,-3.5996173723489494e-07,0.9999999999999348,0.33612352402637447,-1.213622419995734e-05,-9.088488815700568e-11,1.7412893051545837e-08,-4.9426491073752406e-09,-2.034017515163551e-08,,,,
2.466666666666667,148,object_a,0,1,rigid_box,0.37339524123493895,9.146987278072124e-06,0.3999902639552301,3.999412115283923e-08,-2.0340008830700062e-08,6.25376210934694e-08,0.999999999999997,0.2225481913694654,4.402225448908996e-06,-6.999006409158515e-11,1.7303755084561733e-08,-1.547085580087656e-08,-2.5552485729943955e-08,,,,
2.466666666666667,148,object_b,1,1,rigid_box,0.8470795869765181,-2.5165260249358546e-05,0.3999902641200266,2.2184750384126877e-08,-1.0315692507801894e-08,-3.6013142754906605e-07,0.9999999999999348,0.33575893520468,-1.2123060350080838e-05,-9.063406795906115e-11,1.7406723295617254e-08,-5.009446662258015e-09,-2.0382829715508966e-08,,,,
2.4833333333333334,149,object_a,0,1,rigid_box,0.3771021935471172,9.22031449492966e-06,0.3999902639540649,4.013835956811894e-08,-2.0469493747989333e-08,6.232450046153789e-08,0.999999999999997,0.2223015411730829,4.397346301045419e-06,-6.983940856186699e-11,1.7312925988584898e-08,-1.559771423112352e-08,-2.559388110368448e-08,,,,
2.4833333333333334,149,object_b,1,1,rigid_box,0.8526723441338102,-2.536719480981872e-05,0.39999026411851724,2.2329778956883893e-08,-1.0357732870908149e-08,-3.603014731996713e-07,0.9999999999999347,0.33539475245420974,-1.2109911161548584e-05,-9.04628177922362e-11,1.7400558993133464e-08,-5.076240700799696e-09,-2.0425457617842573e-08,,,,
2.5,150,object_a,0,1,rigid_box,0.3808050371254194,9.293560434253927e-06,0.39999026395290205,4.028267609123069e-08,-2.060004290999959e-08,6.211103481659144e-08,0.999999999999997,0.2220551284131237,4.3924718503271115e-06,-6.968787005789956e-11,1.7322478470289727e-08,-1.5726179990166847e-08,-2.563528825213291e-08,,,,
2.5,150,object_b,1,1,rigid_box,0.8582590351693173,-2.556891034678099e-05,0.3999902641170114,2.2474755978894615e-08,-1.0400329024476196e-08,-3.6047187396497637e-07,0.9999999999999347,0.33503097514603,-1.2096776611652114e-05,-9.023991970336098e-11,1.7394334959635817e-08,-5.142774801340381e-09,-2.0468058948180497e-08,,,,
2.5166666666666666,151,object_a,0,1,rigid_box,0.3845037759243784,9.366725174276422e-06,0.3999902639517415,4.042707366735995e-08,-2.0731668642010207e-08,6.189722405808664e-08,0.999999999999997,0.22180895278013255,4.387602090627927e-06,-6.953604185511164e-11,1.733240016256422e-08,-1.5856196305887704e-08,-2.5676707758905537e-08,,,,
2.5166666666666666,151,object_b,1,1,rigid_box,0.863839666834852,-2.577040710402191e-05,0.39999026411550886,2.2619681678708162e-08,-1.0443481647452969e-08,-3.606426296248043e-07,0.9999999999999346,0.33466760265249695,-1.2083656677729705e-05,-9.007535689553592e-11,1.7388199218169628e-08,-5.209628824369446e-09,-2.051063397837522e-08,,,,
2.533333333333333,152,object_a,0,1,rigid_box,0.3881984138933743,9.439808793126631e-06,0.3999902639505832,4.057155542656089e-08,-2.0864384103040358e-08,6.168306808009584e-08,0.999999999999997,0.22156301396518555,4.382737015831904e-06,-6.944114727680528e-11,1.7342677420868107e-08,-1.5987700244433695e-08,-2.5718140246639766e-08,,,,
2.533333333333333,152,object_b,1,1,rigid_box,0.8694142458717771,-2.5971685324940737e-05,0.39999026411400973,2.2764556225579267e-08,-1.0487191183420681e-08,-3.6081373996042104e-07,0.9999999999999346,0.33430463434725416,-1.2070551337166008e-05,-8.983883255375691e-11,1.7382066327735967e-08,-5.276467341099718e-09,-2.055318282650267e-08,,,,
2.55,153,object_a,0,1,rigid_box,0.39188895497664317,9.512811368832203e-06,0.3999902639494271,4.0716124543228605e-08,-2.0998202648163966e-08,6.146856677102448e-08,0.999999999999997,0.22131731165988897,4.377876619833487e-06,-6.932175666829465e-11,1.7353327685268982e-08,-1.6120770290264098e-08,-2.5759586442557848e-08,,,,
2.55,153,object_b,1,1,rigid_box,0.8749827790110281,-2.6172745252560228e-05,0.39999026411251404,2.290937982819849e-08,-1.0531458228133166e-08,-3.609852047547165e-07,0.9999999999999345,0.3339420696052285,-1.205746056739207e-05,-8.966047002068045e-11,1.737599672346008e-08,-5.343527647451679e-09,-2.0595705688243972e-08,,,,
2.566666666666667,154,object_a,0,1,rigid_box,0.39557540311328604,9.585732979319107e-06,0.3999902639482733,4.08607842597651e-08,-2.11331379349896e-08,6.12537200138659e-08,0.999999999999997,0.22107184555637824,4.3730208965374635e-06,-6.915395860118689e-11,1.7364394348320054e-08,-1.625560334172807e-08,-2.5801047028723876e-08,,,,
2.566666666666667,154,object_b,1,1,rigid_box,0.8805452729731337,-2.63735871295274e-05,0.3999902641110217,2.3054152640208758e-08,-1.0576283157179264e-08,-3.611570237918394e-07,0.9999999999999344,0.33357990780262725,-1.2044384345885103e-05,-8.944112811493099e-11,1.7369897052144195e-08,-5.410442061746732e-09,-2.063820277054261e-08,,,,
2.5833333333333335,155,object_a,0,1,rigid_box,0.3992577622372772,9.65857370241183e-06,0.3999902639471218,4.1005537885342274e-08,-2.126920391845806e-08,6.10385276856313e-08,0.9999999999999971,0.2208266153473164,4.368169839858943e-06,-6.901269139492072e-11,1.7375805410771222e-08,-1.6391869871039353e-08,-2.5842522660045962e-08,,,,
2.5833333333333335,155,object_b,1,1,rigid_box,0.8861017344682374,-2.657421119811428e-05,0.3999902641095327,2.319887491693447e-08,-1.0621666743856893e-08,-3.6132919685757217e-07,0.9999999999999344,0.33321814831693475,-1.2031322650168544e-05,-8.923087442547217e-11,1.7363870524470904e-08,-5.47761666107317e-09,-2.068067420503294e-08,,,,
2.6,156,object_a,0,1,rigid_box,0.40293603627747376,9.731333615833537e-06,0.3999902639459725,4.115038889042275e-08,-2.14064152815917e-08,6.082298965768274e-08,0.999999999999997,0.2205816207258936,4.3633234437231635e-06,-6.890830787920077e-11,1.7387735990829146e-08,-1.6530368651092384e-08,-2.588401409860825e-08,,,,
2.6,156,object_b,1,1,rigid_box,0.8916521701961184,-2.677461770021872e-05,0.399990264108047,2.3343546851721253e-08,-1.066760951427587e-08,-3.6150172373909427e-07,0.9999999999999343,0.3328567905269092,-1.2018275457811758e-05,-8.90337456538326e-11,1.7357824304710503e-08,-5.5446850122008825e-09,-2.0723120203854925e-08,,,,
