time,x,y,z,vx,vy,vz,num_table_contacts
0.000000000000000000e+00,0.000000000000000000e+00,0.000000000000000000e+00,1.750000000000000000e+00,0.000000000000000000e+00,0.000000000000000000e+00,0.000000000000000000e+00,0.000000000000000000e+00
4.166666666666666609e-03,0.000000000000000000e+00,0.000000000000000000e+00,1.749872312864223511e+00,0.000000000000000000e+00,0.000000000000000000e+00,-4.085930433945426238e-02,0.000000000000000000e+00
8.333333333333333218e-03,0.000000000000000000e+00,0.000000000000000000e+00,1.749574401066604334e+00,0.000000000000000000e+00,0.000000000000000000e+00,-8.171138174995047632e-02,0.000000000000000000e+00
1.250000000000000069e-02,0.000000000000000000e+00,0.000000000000000000e+00,1.749106296453802001e+00,0.000000000000000000e+00,0.000000000000000000e+00,-1.225556772393087690e-01,0.000000000000000000e+00
1.666666666666666644e-02,0.000000000000000000e+00,0.000000000000000000e+00,1.748468033183645298e+00,0.000000000000000000e+00,0.000000000000000000e+00,-1.633916362332770988e-01,0.000000000000000000e+00
2.083333333333333218e-02,0.000000000000000000e+00,0.000000000000000000e+00,1.747659647723296628e+00,0.000000000000000000e+00,0.000000000000000000e+00,-2.042187046055930766e-01,0.000000000000000000e+00
2.500000000000000139e-02,0.000000000000000000e+00,0.000000000000000000e+00,1.746681178847292459e+00,0.000000000000000000e+00,0.000000000000000000e+00,-2.450363287079944663e-01,0.000000000000000000e+00
2.916666666666666713e-02,0.000000000000000000e+00,0.000000000000000000e+00,1.745532667635456781e+00,0.000000000000000000e+00,0.000000000000000000e+00,-2.858439554001749316e-01,0.000000000000000000e+00
3.333333333333333287e-02,0.000000000000000000e+00,0.000000000000000000e+00,1.744214157470692195e+00,0.000000000000000000e+00,0.000000000000000000e+00,-3.266410320796816480e-01,0.000000000000000000e+00
3.749999999999999861e-02,0.000000000000000000e+00,0.000000000000000000e+00,1.742725694036645123e+00,0.000000000000000000e+00,0.000000000000000000e+00,-3.674270067117514915e-01,0.000000000000000000e+00
4.166666666666666435e-02,0.000000000000000000e+00,0.000000000000000000e+00,1.741067325315247771e+00,0.000000000000000000e+00,0.000000000000000000e+00,-4.082013278590819749e-01,0.000000000000000000e+00
4.583333333333333010e-02,0.000000000000000000e+00,0.000000000000000000e+00,1.739239101584135305e+00,0.000000000000000000e+00,0.000000000000000000e+00,-4.489634447115341542e-01,0.000000000000000000e+00
5.000000000000000278e-02,0.000000000000000000e+00,0.000000000000000000e+00,1.737241075413940461e+00,0.000000000000000000e+00,0.000000000000000000e+00,-4.897128071157634266e-01,0.000000000000000000e+00
5.416666666666666852e-02,0.000000000000000000e+00,0.000000000000000000e+00,1.735073301665464474e+00,0.000000000000000000e+00,0.000000000000000000e+00,-5.304488656047752215e-01,0.000000000000000000e+00
5.833333333333333426e-02,0.000000000000000000e+00,0.000000000000000000e+00,1.732735837486724995e+00,0.000000000000000000e+00,0.000000000000000000e+00,-5.711710714274025324e-01,0.000000000000000000e+00
6.250000000000000000e-02,0.000000000000000000e+00,0.000000000000000000e+00,1.730228742309881662e+00,0.000000000000000000e+00,0.000000000000000000e+00,-6.118788765777013472e-01,0.000000000000000000e+00
6.666666666666666574e-02,0.000000000000000000e+00,0.000000000000000000e+00,1.727552077848039769e+00,0.000000000000000000e+00,0.000000000000000000e+00,-6.525717338242607024e-01,0.000000000000000000e+00
7.083333333333333148e-02,0.000000000000000000e+00,0.000000000000000000e+00,1.724705908091931139e+00,0.000000000000000000e+00,0.000000000000000000e+00,-6.932490967394250303e-01,0.000000000000000000e+00
7.499999999999999722e-02,0.000000000000000000e+00,0.000000000000000000e+00,1.721690299306473992e+00,0.000000000000000000e+00,0.000000000000000000e+00,-7.339104197284236353e-01,0.000000000000000000e+00
7.916666666666666297e-02,0.000000000000000000e+00,0.000000000000000000e+00,1.718505320027212457e+00,0.000000000000000000e+00,0.000000000000000000e+00,-7.745551580584061346e-01,0.000000000000000000e+00
8.333333333333332871e-02,0.000000000000000000e+00,0.000000000000000000e+00,1.715151041056634407e+00,0.000000000000000000e+00,0.000000000000000000e+00,-8.151827678873794225e-01,0.000000000000000000e+00
8.749999999999999445e-02,0.000000000000000000e+00,0.000000000000000000e+00,1.711627535460369609e+00,0.000000000000000000e+00,0.000000000000000000e+00,-8.557927062930421602e-01,0.000000000000000000e+00
9.166666666666666019e-02,0.000000000000000000e+00,0.000000000000000000e+00,1.707934878563267533e+00,0.000000000000000000e+00,0.000000000000000000e+00,-8.963844313015159049e-01,0.000000000000000000e+00
9.583333333333332593e-02,0.000000000000000000e+00,0.000000000000000000e+00,1.704073147945356359e+00,0.000000000000000000e+00,0.000000000000000000e+00,-9.369574019159677691e-01,0.000000000000000000e+00
1.000000000000000056e-01,0.000000000000000000e+00,0.000000000000000000e+00,1.700042423437682970e+00,0.000000000000000000e+00,0.000000000000000000e+00,-9.775110781451212816e-01,0.000000000000000000e+00
1.041666666666666713e-01,0.000000000000000000e+00,0.000000000000000000e+00,1.695842787118033934e+00,0.000000000000000000e+00,0.000000000000000000e+00,-1.018044921031654226e+00,0.000000000000000000e+00
1.083333333333333370e-01,0.000000000000000000e+00,0.000000000000000000e+00,1.691474323306539240e+00,0.000000000000000000e+00,0.000000000000000000e+00,-1.058558392680477800e+00,0.000000000000000000e+00
1.125000000000000028e-01,0.000000000000000000e+00,0.000000000000000000e+00,1.686937118561158355e+00,0.000000000000000000e+00,0.000000000000000000e+00,-1.099050956286896863e+00,0.000000000000000000e+00
1.166666666666666685e-01,0.000000000000000000e+00,0.000000000000000000e+00,1.682231261673049039e+00,0.000000000000000000e+00,0.000000000000000000e+00,-1.139522076164644737e+00,0.000000000000000000e+00
1.208333333333333343e-01,0.000000000000000000e+00,0.000000000000000000e+00,1.677356843661820474e+00,0.000000000000000000e+00,0.000000000000000000e+00,-1.179971217773792880e+00,0.000000000000000000e+00
1.250000000000000000e-01,0.000000000000000000e+00,0.000000000000000000e+00,1.672313957770668935e+00,0.000000000000000000e+00,0.000000000000000000e+00,-1.220397847748529774e+00,0.000000000000000000e+00
1.291666666666666519e-01,0.000000000000000000e+00,0.000000000000000000e+00,1.667102699461400439e+00,0.000000000000000000e+00,0.000000000000000000e+00,-1.260801433924808590e+00,0.000000000000000000e+00
1.333333333333333315e-01,0.000000000000000000e+00,0.000000000000000000e+00,1.661723166409336816e+00,0.000000000000000000e+00,0.000000000000000000e+00,-1.301181445367857181e+00,0.000000000000000000e+00
1.375000000000000111e-01,0.000000000000000000e+00,0.000000000000000000e+00,1.656175458498108322e+00,0.000000000000000000e+00,0.000000000000000000e+00,-1.341537352399551297e+00,0.000000000000000000e+00
1.416666666666666630e-01,0.000000000000000000e+00,0.000000000000000000e+00,1.650459677814331894e+00,0.000000000000000000e+00,0.000000000000000000e+00,-1.381868626625645247e+00,0.000000000000000000e+00
1.458333333333333426e-01,0.000000000000000000e+00,0.000000000000000000e+00,1.644575928642177942e+00,0.000000000000000000e+00,0.000000000000000000e+00,-1.422174740962857786e+00,0.000000000000000000e+00
1.499999999999999944e-01,0.000000000000000000e+00,0.000000000000000000e+00,1.638524317457822566e+00,0.000000000000000000e+00,0.000000000000000000e+00,-1.462455169665811905e+00,0.000000000000000000e+00
1.541666666666666741e-01,0.000000000000000000e+00,0.000000000000000000e+00,1.632304952923790742e+00,0.000000000000000000e+00,0.000000000000000000e+00,-1.502709388353823838e+00,0.000000000000000000e+00
1.583333333333333259e-01,0.000000000000000000e+00,0.000000000000000000e+00,1.625917945883185389e+00,0.000000000000000000e+00,0.000000000000000000e+00,-1.542936874037537764e+00,0.000000000000000000e+00
1.625000000000000056e-01,0.000000000000000000e+00,0.000000000000000000e+00,1.619363409353808514e+00,0.000000000000000000e+00,0.000000000000000000e+00,-1.583137105145407508e+00,0.000000000000000000e+00
1.666666666666666574e-01,0.000000000000000000e+00,0.000000000000000000e+00,1.612641458522170002e+00,0.000000000000000000e+00,0.000000000000000000e+00,-1.623309561550016378e+00,0.000000000000000000e+00
1.708333333333333370e-01,0.000000000000000000e+00,0.000000000000000000e+00,1.605752210737390273e+00,0.000000000000000000e+00,0.000000000000000000e+00,-1.663453724594238237e+00,0.000000000000000000e+00
1.749999999999999889e-01,0.000000000000000000e+00,0.000000000000000000e+00,1.598695785504991251e+00,0.000000000000000000e+00,0.000000000000000000e+00,-1.703569077117234043e+00,0.000000000000000000e+00
1.791666666666666685e-01,0.000000000000000000e+00,0.000000000000000000e+00,1.591472304480582300e+00,0.000000000000000000e+00,0.000000000000000000e+00,-1.743655103480280300e+00,0.000000000000000000e+00
1.833333333333333204e-01,0.000000000000000000e+00,0.000000000000000000e+00,1.584081891463437142e+00,0.000000000000000000e+00,0.000000000000000000e+00,-1.783711289592430527e+00,0.000000000000000000e+00
1.875000000000000000e-01,0.000000000000000000e+00,0.000000000000000000e+00,1.576524672389965298e+00,0.000000000000000000e+00,0.000000000000000000e+00,-1.823737122936002431e+00,0.000000000000000000e+00
1.916666666666666519e-01,0.000000000000000000e+00,0.000000000000000000e+00,1.568800775327077623e+00,0.000000000000000000e+00,0.000000000000000000e+00,-1.863732092591892542e+00,0.000000000000000000e+00
1.958333333333333315e-01,0.000000000000000000e+00,0.000000000000000000e+00,1.560910330465447027e+00,0.000000000000000000e+00,0.000000000000000000e+00,-1.903695689264712998e+00,0.000000000000000000e+00
2.000000000000000111e-01,0.000000000000000000e+00,0.000000000000000000e+00,1.552853470112664613e+00,0.000000000000000000e+00,0.000000000000000000e+00,-1.943627405307748024e+00,0.000000000000000000e+00
2.041666666666666630e-01,0.000000000000000000e+00,0.000000000000000000e+00,1.544630328686293463e+00,0.000000000000000000e+00,0.000000000000000000e+00,-1.983526734747730114e+00,0.000000000000000000e+00
2.083333333333333426e-01,0.000000000000000000e+00,0.000000000000000000e+00,1.536241042706818494e+00,0.000000000000000000e+00,0.000000000000000000e+00,-2.023393173309430804e+00,0.000000000000000000e+00
2.124999999999999944e-01,0.000000000000000000e+00,0.000000000000000000e+00,1.527685750790494845e+00,0.000000000000000000e+00,0.000000000000000000e+00,-2.063226218440063597e+00,0.000000000000000000e+00
2.166666666666666741e-01,0.000000000000000000e+00,0.000000000000000000e+00,1.518964593642095906e+00,0.000000000000000000e+00,0.000000000000000000e+00,-2.103025369333500372e+00,0.000000000000000000e+00
2.208333333333333259e-01,0.000000000000000000e+00,0.000000000000000000e+00,1.510077714047560082e+00,0.000000000000000000e+00,0.000000000000000000e+00,-2.142790126954293051e+00,0.000000000000000000e+00
2.250000000000000056e-01,0.000000000000000000e+00,0.000000000000000000e+00,1.501025256866538315e+00,0.000000000000000000e+00,0.000000000000000000e+00,-2.182519994061504764e+00,0.000000000000000000e+00
2.291666666666666574e-01,0.000000000000000000e+00,0.000000000000000000e+00,1.491807369024843233e+00,0.000000000000000000e+00,0.000000000000000000e+00,-2.222214475232340725e+00,0.000000000000000000e+00
2.333333333333333370e-01,0.000000000000000000e+00,0.000000000000000000e+00,1.482424199506800599e+00,0.000000000000000000e+00,0.000000000000000000e+00,-2.261873076885585032e+00,0.000000000000000000e+00
2.374999999999999889e-01,0.000000000000000000e+00,0.000000000000000000e+00,1.472875899347502626e+00,0.000000000000000000e+00,0.000000000000000000e+00,-2.301495307304834093e+00,0.000000000000000000e+00
2.416666666666666685e-01,0.000000000000000000e+00,0.000000000000000000e+00,1.463162621624966242e+00,0.000000000000000000e+00,0.000000000000000000e+00,-2.341080676661529303e+00,0.000000000000000000e+00
2.458333333333333204e-01,0.000000000000000000e+00,0.000000000000000000e+00,1.453284521452196110e+00,0.000000000000000000e+00,0.000000000000000000e+00,-2.380628697037782349e+00,0.000000000000000000e+00
2.500000000000000000e-01,0.000000000000000000e+00,0.000000000000000000e+00,1.443241755969152607e+00,0.000000000000000000e+00,0.000000000000000000e+00,-2.420138882448996220e+00,0.000000000000000000e+00
2.541666666666666519e-01,0.000000000000000000e+00,0.000000000000000000e+00,1.433034484334625658e+00,0.000000000000000000e+00,0.000000000000000000e+00,-2.459610748866277063e+00,0.000000000000000000e+00
2.583333333333333037e-01,0.000000000000000000e+00,0.000000000000000000e+00,1.422662867718017088e+00,0.000000000000000000e+00,0.000000000000000000e+00,-2.499043814238632866e+00,0.000000000000000000e+00
2.625000000000000111e-01,0.000000000000000000e+00,0.000000000000000000e+00,1.412127069291031267e+00,0.000000000000000000e+00,0.000000000000000000e+00,-2.538437598514960758e+00,0.000000000000000000e+00
2.666666666666666630e-01,0.000000000000000000e+00,0.000000000000000000e+00,1.401427254219272722e+00,0.000000000000000000e+00,0.000000000000000000e+00,-2.577791623665820264e+00,0.000000000000000000e+00
2.708333333333333148e-01,0.000000000000000000e+00,0.000000000000000000e+00,1.390563589653755816e+00,0.000000000000000000e+00,0.000000000000000000e+00,-2.617105413704988948e+00,0.000000000000000000e+00
2.750000000000000222e-01,0.000000000000000000e+00,0.000000000000000000e+00,1.379536244722325167e+00,0.000000000000000000e+00,0.000000000000000000e+00,-2.656378494710798677e+00,0.000000000000000000e+00
2.791666666666666741e-01,0.000000000000000000e+00,0.000000000000000000e+00,1.368345390520986360e+00,0.000000000000000000e+00,0.000000000000000000e+00,-2.695610394847252955e+00,0.000000000000000000e+00
2.833333333333333259e-01,0.000000000000000000e+00,0.000000000000000000e+00,1.356991200105150952e+00,0.000000000000000000e+00,0.000000000000000000e+00,-2.734800644384921764e+00,0.000000000000000000e+00
2.874999999999999778e-01,0.000000000000000000e+00,0.000000000000000000e+00,1.345473848480793544e+00,0.000000000000000000e+00,0.000000000000000000e+00,-2.773948775721612137e+00,0.000000000000000000e+00
2.916666666666666852e-01,0.000000000000000000e+00,0.000000000000000000e+00,1.333793512595525810e+00,0.000000000000000000e+00,0.000000000000000000e+00,-2.813054323402813583e+00,0.000000000000000000e+00
2.958333333333333370e-01,0.000000000000000000e+00,0.000000000000000000e+00,1.321950371329583485e+00,0.000000000000000000e+00,0.000000000000000000e+00,-2.852116824141914808e+00,0.000000000000000000e+00
2.999999999999999889e-01,0.000000000000000000e+00,0.000000000000000000e+00,1.309944605486731417e+00,0.000000000000000000e+00,0.000000000000000000e+00,-2.891135816840194384e+00,0.000000000000000000e+00
3.041666666666666408e-01,0.000000000000000000e+00,0.000000000000000000e+00,1.297776397785084690e+00,0.000000000000000000e+00,0.000000000000000000e+00,-2.930110842606579169e+00,0.000000000000000000e+00
3.083333333333333481e-01,0.000000000000000000e+00,0.000000000000000000e+00,1.285445932847850248e+00,0.000000000000000000e+00,0.000000000000000000e+00,-2.969041444777171357e+00,0.000000000000000000e+00
3.125000000000000000e-01,0.000000000000000000e+00,0.000000000000000000e+00,1.272953397193985925e+00,0.000000000000000000e+00,0.000000000000000000e+00,-3.007927168934540596e+00,0.000000000000000000e+00
3.166666666666666519e-01,0.000000000000000000e+00,0.000000000000000000e+00,1.260298979228780647e+00,0.000000000000000000e+00,0.000000000000000000e+00,-3.046767562926783413e+00,0.000000000000000000e+00
3.208333333333333037e-01,0.000000000000000000e+00,0.000000000000000000e+00,1.247482869234355585e+00,0.000000000000000000e+00,0.000000000000000000e+00,-3.085562176886346375e+00,0.000000000000000000e+00
3.250000000000000111e-01,0.000000000000000000e+00,0.000000000000000000e+00,1.234505259360088703e+00,0.000000000000000000e+00,0.000000000000000000e+00,-3.124310563248609451e+00,0.000000000000000000e+00
3.291666666666666630e-01,0.000000000000000000e+00,0.000000000000000000e+00,1.221366343612961147e+00,0.000000000000000000e+00,0.000000000000000000e+00,-3.163012276770231779e+00,0.000000000000000000e+00
3.333333333333333148e-01,0.000000000000000000e+00,0.000000000000000000e+00,1.208066317847828364e+00,0.000000000000000000e+00,0.000000000000000000e+00,-3.201666874547258068e+00,0.000000000000000000e+00
3.375000000000000222e-01,0.000000000000000000e+00,0.000000000000000000e+00,1.194605379757617714e+00,0.000000000000000000e+00,0.000000000000000000e+00,-3.240273916032981649e+00,0.000000000000000000e+00
3.416666666666666741e-01,0.000000000000000000e+00,0.000000000000000000e+00,1.180983728863450599e+00,0.000000000000000000e+00,0.000000000000000000e+00,-3.278832963055565486e+00,0.000000000000000000e+00
3.458333333333333259e-01,0.000000000000000000e+00,0.000000000000000000e+00,1.167201566504693089e+00,0.000000000000000000e+00,0.000000000000000000e+00,-3.317343579835420719e+00,0.000000000000000000e+00
3.499999999999999778e-01,0.000000000000000000e+00,0.000000000000000000e+00,1.153259095828935044e+00,0.000000000000000000e+00,0.000000000000000000e+00,-3.355805333002338742e+00,0.000000000000000000e+00
3.541666666666666852e-01,0.000000000000000000e+00,0.000000000000000000e+00,1.139156521781897302e+00,0.000000000000000000e+00,0.000000000000000000e+00,-3.394217791612376800e+00,0.000000000000000000e+00
3.583333333333333370e-01,0.000000000000000000e+00,0.000000000000000000e+00,1.124894051097271142e+00,0.000000000000000000e+00,0.000000000000000000e+00,-3.432580527164497131e+00,0.000000000000000000e+00
3.624999999999999889e-01,0.000000000000000000e+00,0.000000000000000000e+00,1.110471892286487350e+00,0.000000000000000000e+00,0.000000000000000000e+00,-3.470893113616959180e+00,0.000000000000000000e+00
3.666666666666666408e-01,0.000000000000000000e+00,0.000000000000000000e+00,1.095890255628419130e+00,0.000000000000000000e+00,0.000000000000000000e+00,-3.509155127403461805e+00,0.000000000000000000e+00
3.708333333333333481e-01,0.000000000000000000e+00,0.000000000000000000e+00,1.081149353159018389e+00,0.000000000000000000e+00,0.000000000000000000e+00,-3.547366147449034113e+00,0.000000000000000000e+00
3.750000000000000000e-01,0.000000000000000000e+00,0.000000000000000000e+00,1.066249398660885417e+00,0.000000000000000000e+00,0.000000000000000000e+00,-3.585525755185678509e+00,0.000000000000000000e+00
3.791666666666666519e-01,0.000000000000000000e+00,0.000000000000000000e+00,1.051190607652775499e+00,0.000000000000000000e+00,0.000000000000000000e+00,-3.623633534567758829e+00,0.000000000000000000e+00
3.833333333333333037e-01,0.000000000000000000e+00,0.000000000000000000e+00,1.035973197379042032e+00,0.000000000000000000e+00,0.000000000000000000e+00,-3.661689072087139341e+00,0.000000000000000000e+00
3.875000000000000111e-01,0.000000000000000000e+00,0.000000000000000000e+00,1.020597386799015682e+00,0.000000000000000000e+00,0.000000000000000000e+00,-3.699691956788067060e+00,0.000000000000000000e+00
3.916666666666666630e-01,0.000000000000000000e+00,0.000000000000000000e+00,1.005063396576325596e+00,0.000000000000000000e+00,0.000000000000000000e+00,-3.737641780281802717e+00,0.000000000000000000e+00
3.958333333333333148e-01,0.000000000000000000e+00,0.000000000000000000e+00,9.893714490681569940e-01,0.000000000000000000e+00,0.000000000000000000e+00,-3.775538136760996366e+00,0.000000000000000000e+00
4.000000000000000222e-01,0.000000000000000000e+00,0.000000000000000000e+00,9.735217683144518075e-01,0.000000000000000000e+00,0.000000000000000000e+00,-3.813380623013808535e+00,0.000000000000000000e+00
4.041666666666666741e-01,0.000000000000000000e+00,0.000000000000000000e+00,9.575145800270506991e-01,0.000000000000000000e+00,0.000000000000000000e+00,-3.851168838437773800e+00,0.000000000000000000e+00
4.083333333333333259e-01,0.000000000000000000e+00,0.000000000000000000e+00,9.413501115787779039e-01,0.000000000000000000e+00,0.000000000000000000e+00,-3.888902385053410349e+00,0.000000000000000000e+00
4.124999999999999778e-01,0.000000000000000000e+00,0.000000000000000000e+00,9.250285919924703393e-01,0.000000000000000000e+00,0.000000000000000000e+00,-3.926580867517569740e+00,0.000000000000000000e+00
4.166666666666666852e-01,0.000000000000000000e+00,0.000000000000000000e+00,9.085502519299520907e-01,0.000000000000000000e+00,0.000000000000000000e+00,-3.964203893136533541e+00,0.000000000000000000e+00
4.208333333333333370e-01,0.000000000000000000e+00,0.000000000000000000e+00,8.919153236809547192e-01,0.000000000000000000e+00,0.000000000000000000e+00,-4.001771071878848396e+00,0.000000000000000000e+00
4.249999999999999889e-01,0.000000000000000000e+00,0.000000000000000000e+00,8.751240411519851659e-01,0.000000000000000000e+00,0.000000000000000000e+00,-4.039282016387904406e+00,0.000000000000000000e+00
4.291666666666666408e-01,0.000000000000000000e+00,0.000000000000000000e+00,8.581766398551420316e-01,0.000000000000000000e+00,0.000000000000000000e+00,-4.076736341994257273e+00,0.000000000000000000e+00
4.333333333333333481e-01,0.000000000000000000e+00,0.000000000000000000e+00,8.410733568968812301e-01,0.000000000000000000e+00,0.000000000000000000e+00,-4.114133666727687100e+00,0.000000000000000000e+00
4.375000000000000000e-01,0.000000000000000000e+00,0.000000000000000000e+00,8.238144309667325693e-01,0.000000000000000000e+00,0.000000000000000000e+00,-4.151473611329003610e+00,0.000000000000000000e+00
4.416666666666666519e-01,0.000000000000000000e+00,0.000000000000000000e+00,8.064001023259672607e-01,0.000000000000000000e+00,0.000000000000000000e+00,-4.188755799261586255e+00,0.000000000000000000e+00
4.458333333333333037e-01,0.000000000000000000e+00,0.000000000000000000e+00,7.888306127962186887e-01,0.000000000000000000e+00,0.000000000000000000e+00,-4.225979856722671180e+00,0.000000000000000000e+00
4.500000000000000111e-01,0.000000000000000000e+00,0.000000000000000000e+00,7.825060893374434778e-01,0.000000000000000000e+00,0.000000000000000000e+00,1.208798710251167030e+00,1.000000000000000000e+00
4.541666666666666630e-01,0.000000000000000000e+00,0.000000000000000000e+00,7.874136814336710755e-01,0.000000000000000000e+00,0.000000000000000000e+00,1.167498516185746738e+00,0.000000000000000000e+00
4.583333333333333148e-01,0.000000000000000000e+00,0.000000000000000000e+00,7.921492617110429402e-01,0.000000000000000000e+00,0.000000000000000000e+00,1.126221417056523677e+00,0.000000000000000000e+00
4.624999999999999667e-01,0.000000000000000000e+00,0.000000000000000000e+00,7.967129245832215156e-01,0.000000000000000000e+00,0.000000000000000000e+00,1.084966832092868483e+00,0.000000000000000000e+00
4.666666666666666741e-01,0.000000000000000000e+00,0.000000000000000000e+00,8.011047620479121445e-01,0.000000000000000000e+00,0.000000000000000000e+00,1.043734181775992198e+00,0.000000000000000000e+00
4.708333333333333259e-01,0.000000000000000000e+00,0.000000000000000000e+00,8.053248636919756454e-01,0.000000000000000000e+00,0.000000000000000000e+00,1.002522887805876728e+00,0.000000000000000000e+00
4.749999999999999778e-01,0.000000000000000000e+00,0.000000000000000000e+00,8.093733166964039993e-01,0.000000000000000000e+00,0.000000000000000000e+00,9.613323730683509538e-01,0.000000000000000000e+00
4.791666666666666852e-01,0.000000000000000000e+00,0.000000000000000000e+00,8.132502058411584800e-01,0.000000000000000000e+00,0.000000000000000000e+00,9.201620616023060695e-01,0.000000000000000000e+00
4.833333333333333370e-01,0.000000000000000000e+00,0.000000000000000000e+00,8.169556135098721139e-01,0.000000000000000000e+00,0.000000000000000000e+00,8.790113785670482516e-01,0.000000000000000000e+00
4.874999999999999889e-01,0.000000000000000000e+00,0.000000000000000000e+00,8.204896196944166942e-01,0.000000000000000000e+00,0.000000000000000000e+00,8.378797502097832250e-01,0.000000000000000000e+00
4.916666666666666408e-01,0.000000000000000000e+00,0.000000000000000000e+00,8.238523019993341245e-01,0.000000000000000000e+00,0.000000000000000000e+00,7.967666038332301692e-01,0.000000000000000000e+00
4.958333333333333481e-01,0.000000000000000000e+00,0.000000000000000000e+00,8.270437356461338707e-01,0.000000000000000000e+00,0.000000000000000000e+00,7.556713677633595250e-01,0.000000000000000000e+00
5.000000000000000000e-01,0.000000000000000000e+00,0.000000000000000000e+00,8.300639934774556306e-01,0.000000000000000000e+00,0.000000000000000000e+00,7.145934713172519270e-01,0.000000000000000000e+00
5.041666666666666519e-01,0.000000000000000000e+00,0.000000000000000000e+00,8.329131459610991106e-01,0.000000000000000000e+00,0.000000000000000000e+00,6.735323447710735989e-01,0.000000000000000000e+00
5.083333333333333037e-01,0.000000000000000000e+00,0.000000000000000000e+00,8.355912611939206869e-01,0.000000000000000000e+00,0.000000000000000000e+00,6.324874193281653234e-01,0.000000000000000000e+00
5.124999999999999556e-01,0.000000000000000000e+00,0.000000000000000000e+00,8.380984049055966167e-01,0.000000000000000000e+00,0.000000000000000000e+00,5.914581270872399932e-01,0.000000000000000000e+00
5.166666666666666075e-01,0.000000000000000000e+00,0.000000000000000000e+00,8.404346404622551336e-01,0.000000000000000000e+00,0.000000000000000000e+00,5.504439010106857433e-01,0.000000000000000000e+00
5.208333333333333703e-01,0.000000000000000000e+00,0.000000000000000000e+00,8.426000288699763141e-01,0.000000000000000000e+00,0.000000000000000000e+00,5.094441748929706693e-01,0.000000000000000000e+00
5.250000000000000222e-01,0.000000000000000000e+00,0.000000000000000000e+00,8.445946287781603834e-01,0.000000000000000000e+00,0.000000000000000000e+00,4.684583833291449118e-01,0.000000000000000000e+00
5.291666666666666741e-01,0.000000000000000000e+00,0.000000000000000000e+00,8.464184964827655699e-01,0.000000000000000000e+00,0.000000000000000000e+00,4.274859616834374432e-01,0.000000000000000000e+00
5.333333333333333259e-01,0.000000000000000000e+00,0.000000000000000000e+00,8.480716859294150645e-01,0.000000000000000000e+00,0.000000000000000000e+00,3.865263460579425603e-01,0.000000000000000000e+00
5.374999999999999778e-01,0.000000000000000000e+00,0.000000000000000000e+00,8.495542487163736389e-01,0.000000000000000000e+00,0.000000000000000000e+00,3.455789732613930854e-01,0.000000000000000000e+00
5.416666666666666297e-01,0.000000000000000000e+00,0.000000000000000000e+00,8.508662340973950355e-01,0.000000000000000000e+00,0.000000000000000000e+00,3.046432807780165564e-01,0.000000000000000000e+00
5.458333333333332815e-01,0.000000000000000000e+00,0.000000000000000000e+00,8.520076889844390156e-01,0.000000000000000000e+00,0.000000000000000000e+00,2.637187067364705206e-01,0.000000000000000000e+00
5.500000000000000444e-01,0.000000000000000000e+00,0.000000000000000000e+00,8.529786579502599553e-01,0.000000000000000000e+00,0.000000000000000000e+00,2.228046898788533514e-01,0.000000000000000000e+00
5.541666666666666963e-01,0.000000000000000000e+00,0.000000000000000000e+00,8.537791832308658790e-01,0.000000000000000000e+00,0.000000000000000000e+00,1.819006695297869514e-01,0.000000000000000000e+00
5.583333333333333481e-01,0.000000000000000000e+00,0.000000000000000000e+00,8.544093047278495945e-01,0.000000000000000000e+00,0.000000000000000000e+00,1.410060855655676793e-01,0.000000000000000000e+00
5.625000000000000000e-01,0.000000000000000000e+00,0.000000000000000000e+00,8.548690600105908199e-01,0.000000000000000000e+00,0.000000000000000000e+00,1.001203783833819055e-01,0.000000000000000000e+00
5.666666666666666519e-01,0.000000000000000000e+00,0.000000000000000000e+00,8.551584843183306361e-01,0.000000000000000000e+00,0.000000000000000000e+00,5.924298887058258856e-02,0.000000000000000000e+00
5.708333333333333037e-01,0.000000000000000000e+00,0.000000000000000000e+00,8.552776105621181513e-01,0.000000000000000000e+00,0.000000000000000000e+00,1.837335837402322841e-02,0.000000000000000000e+00
5.749999999999999556e-01,0.000000000000000000e+00,0.000000000000000000e+00,8.552264693281008689e-01,0.000000000000000000e+00,0.000000000000000000e+00,-2.248907062416515695e-02,0.000000000000000000e+00
5.791666666666666075e-01,0.000000000000000000e+00,0.000000000000000000e+00,8.550050898670380484e-01,0.000000000000000000e+00,0.000000000000000000e+00,-6.334446608837553117e-02,0.000000000000000000e+00
5.833333333333333703e-01,0.000000000000000000e+00,0.000000000000000000e+00,8.546135029858801246e-01,0.000000000000000000e+00,0.000000000000000000e+00,-1.041923291162279719e-01,0.000000000000000000e+00
5.875000000000000222e-01,0.000000000000000000e+00,0.000000000000000000e+00,8.540517418035313835e-01,0.000000000000000000e+00,0.000000000000000000e+00,-1.450321049418399066e-01,0.000000000000000000e+00
5.916666666666666741e-01,0.000000000000000000e+00,0.000000000000000000e+00,8.533198417490703847e-01,0.000000000000000000e+00,0.000000000000000000e+00,-1.858632392338081807e-01,0.000000000000000000e+00
5.958333333333333259e-01,0.000000000000000000e+00,0.000000000000000000e+00,8.524178405598462627e-01,0.000000000000000000e+00,0.000000000000000000e+00,-2.266851781252430809e-01,0.000000000000000000e+00
5.999999999999999778e-01,0.000000000000000000e+00,0.000000000000000000e+00,8.513457782794494610e-01,0.000000000000000000e+00,0.000000000000000000e+00,-2.674973682437491451e-01,0.000000000000000000e+00
6.041666666666666297e-01,0.000000000000000000e+00,0.000000000000000000e+00,8.501036972555573445e-01,0.000000000000000000e+00,0.000000000000000000e+00,-3.082992567413493368e-01,0.000000000000000000e+00
6.083333333333332815e-01,0.000000000000000000e+00,0.000000000000000000e+00,8.486916421376564656e-01,0.000000000000000000e+00,0.000000000000000000e+00,-3.490902913243492112e-01,0.000000000000000000e+00
6.125000000000000444e-01,0.000000000000000000e+00,0.000000000000000000e+00,8.471096598746394868e-01,0.000000000000000000e+00,0.000000000000000000e+00,-3.898699202831377164e-01,0.000000000000000000e+00
6.166666666666666963e-01,0.000000000000000000e+00,0.000000000000000000e+00,8.453577997122787568e-01,0.000000000000000000e+00,0.000000000000000000e+00,-4.306375925219210199e-01,0.000000000000000000e+00
6.208333333333333481e-01,0.000000000000000000e+00,0.000000000000000000e+00,8.434361131905757647e-01,0.000000000000000000e+00,0.000000000000000000e+00,-4.713927575883861132e-01,0.000000000000000000e+00
6.250000000000000000e-01,0.000000000000000000e+00,0.000000000000000000e+00,8.413446541409879131e-01,0.000000000000000000e+00,0.000000000000000000e+00,-5.121348657032908092e-01,0.000000000000000000e+00
6.291666666666666519e-01,0.000000000000000000e+00,0.000000000000000000e+00,8.390834786835312809e-01,0.000000000000000000e+00,0.000000000000000000e+00,-5.528633677899768006e-01,0.000000000000000000e+00
6.333333333333333037e-01,0.000000000000000000e+00,0.000000000000000000e+00,8.366526452237617040e-01,0.000000000000000000e+00,0.000000000000000000e+00,-5.935777155038023389e-01,0.000000000000000000e+00
6.374999999999999556e-01,0.000000000000000000e+00,0.000000000000000000e+00,8.340522144496324009e-01,0.000000000000000000e+00,0.000000000000000000e+00,-6.342773612614911460e-01,0.000000000000000000e+00
6.416666666666666075e-01,0.000000000000000000e+00,0.000000000000000000e+00,8.312822493282306935e-01,0.000000000000000000e+00,0.000000000000000000e+00,-6.749617582703946184e-01,0.000000000000000000e+00
6.458333333333333703e-01,0.000000000000000000e+00,0.000000000000000000e+00,8.283428151023924935e-01,0.000000000000000000e+00,0.000000000000000000e+00,-7.156303605576633808e-01,0.000000000000000000e+00
6.500000000000000222e-01,0.000000000000000000e+00,0.000000000000000000e+00,8.252339792871948854e-01,0.000000000000000000e+00,0.000000000000000000e+00,-7.562826229993255822e-01,0.000000000000000000e+00
6.541666666666666741e-01,0.000000000000000000e+00,0.000000000000000000e+00,8.219558116663295833e-01,0.000000000000000000e+00,0.000000000000000000e+00,-7.969180013492681569e-01,0.000000000000000000e+00
6.583333333333333259e-01,0.000000000000000000e+00,0.000000000000000000e+00,8.185083842883541516e-01,0.000000000000000000e+00,0.000000000000000000e+00,-8.375359522681183888e-01,0.000000000000000000e+00
6.624999999999999778e-01,0.000000000000000000e+00,0.000000000000000000e+00,8.148917714628242104e-01,0.000000000000000000e+00,0.000000000000000000e+00,-8.781359333520215582e-01,0.000000000000000000e+00
6.666666666666666297e-01,0.000000000000000000e+00,0.000000000000000000e+00,8.111060497563058469e-01,0.000000000000000000e+00,0.000000000000000000e+00,-9.187174031613124514e-01,0.000000000000000000e+00
6.708333333333332815e-01,0.000000000000000000e+00,0.000000000000000000e+00,8.071512979882686789e-01,0.000000000000000000e+00,0.000000000000000000e+00,-9.592798212490775134e-01,0.000000000000000000e+00
6.750000000000000444e-01,0.000000000000000000e+00,0.000000000000000000e+00,8.030275972268607898e-01,0.000000000000000000e+00,0.000000000000000000e+00,-9.998226481896034246e-01,0.000000000000000000e+00
6.791666666666666963e-01,0.000000000000000000e+00,0.000000000000000000e+00,7.987350307845648700e-01,0.000000000000000000e+00,0.000000000000000000e+00,-1.040345345606710659e+00,0.000000000000000000e+00
6.833333333333333481e-01,0.000000000000000000e+00,0.000000000000000000e+00,7.942736842137371189e-01,0.000000000000000000e+00,0.000000000000000000e+00,-1.080847376201966359e+00,0.000000000000000000e+00
6.875000000000000000e-01,0.000000000000000000e+00,0.000000000000000000e+00,7.896436453020286850e-01,0.000000000000000000e+00,0.000000000000000000e+00,-1.121328203782776534e+00,0.000000000000000000e+00
6.916666666666666519e-01,0.000000000000000000e+00,0.000000000000000000e+00,7.848450040676907546e-01,0.000000000000000000e+00,0.000000000000000000e+00,-1.161787293290353462e+00,0.000000000000000000e+00
6.958333333333333037e-01,0.000000000000000000e+00,0.000000000000000000e+00,7.831022550716526531e-01,0.000000000000000000e+00,0.000000000000000000e+00,3.454890012794331611e-01,1.000000000000000000e+00
6.999999999999999556e-01,0.000000000000000000e+00,0.000000000000000000e+00,7.844138656480169614e-01,0.000000000000000000e+00,0.000000000000000000e+00,3.045533338454920469e-01,1.000000000000000000e+00
7.041666666666666075e-01,0.000000000000000000e+00,0.000000000000000000e+00,7.855549458309196709e-01,0.000000000000000000e+00,0.000000000000000000e+00,2.636287836193121348e-01,0.000000000000000000e+00
7.083333333333333703e-01,0.000000000000000000e+00,0.000000000000000000e+00,7.865255401879772679e-01,0.000000000000000000e+00,0.000000000000000000e+00,2.227147893443058024e-01,0.000000000000000000e+00
7.125000000000000222e-01,0.000000000000000000e+00,0.000000000000000000e+00,7.873256909500652156e-01,0.000000000000000000e+00,0.000000000000000000e+00,1.818107903463410668e-01,0.000000000000000000e+00
7.166666666666666741e-01,0.000000000000000000e+00,0.000000000000000000e+00,7.879554380136488678e-01,0.000000000000000000e+00,0.000000000000000000e+00,1.409162265028927608e-01,0.000000000000000000e+00
7.208333333333333259e-01,0.000000000000000000e+00,0.000000000000000000e+00,7.884148189429849296e-01,0.000000000000000000e+00,0.000000000000000000e+00,1.000305382122580744e-01,0.000000000000000000e+00
7.249999999999999778e-01,0.000000000000000000e+00,0.000000000000000000e+00,7.887038689721961315e-01,0.000000000000000000e+00,0.000000000000000000e+00,5.915316636283335372e-02,0.000000000000000000e+00
7.291666666666666297e-01,0.000000000000000000e+00,0.000000000000000000e+00,7.888226210072172284e-01,0.000000000000000000e+00,0.000000000000000000e+00,1.828355230244815832e-02,0.000000000000000000e+00
7.333333333333332815e-01,0.000000000000000000e+00,0.000000000000000000e+00,7.887711056292162626e-01,0.000000000000000000e+00,0.000000000000000000e+00,-2.257886142289045397e-02,0.000000000000000000e+00
7.375000000000000444e-01,0.000000000000000000e+00,0.000000000000000000e+00,7.885493520893345210e-01,0.000000000000000000e+00,0.000000000000000000e+00,-6.343424094251137735e-02,0.000000000000000000e+00
7.416666666666666963e-01,0.000000000000000000e+00,0.000000000000000000e+00,7.881573911996050397e-01,0.000000000000000000e+00,0.000000000000000000e+00,-1.042820868061783007e-01,0.000000000000000000e+00
7.458333333333333481e-01,0.000000000000000000e+00,0.000000000000000000e+00,7.875952560840107086e-01,0.000000000000000000e+00,0.000000000000000000e+00,-1.451218442489304872e-01,0.000000000000000000e+00
7.500000000000000000e-01,0.000000000000000000e+00,0.000000000000000000e+00,7.868629821767049171e-01,0.000000000000000000e+00,0.000000000000000000e+00,-1.859529589403527139e-01,0.000000000000000000e+00
7.541666666666666519e-01,0.000000000000000000e+00,0.000000000000000000e+00,7.859606072201072990e-01,0.000000000000000000e+00,0.000000000000000000e+00,-2.267748770146090775e-01,0.000000000000000000e+00
7.583333333333333037e-01,0.000000000000000000e+00,0.000000000000000000e+00,7.848881712628738017e-01,0.000000000000000000e+00,0.000000000000000000e+00,-2.675870451004237482e-01,0.000000000000000000e+00
7.624999999999999556e-01,0.000000000000000000e+00,0.000000000000000000e+00,7.836519041779342887e-01,0.000000000000000000e+00,0.000000000000000000e+00,-3.054189006592444300e-01,1.000000000000000000e+00
7.666666666666666075e-01,0.000000000000000000e+00,0.000000000000000000e+00,7.836276384775565651e-01,0.000000000000000000e+00,0.000000000000000000e+00,-1.603921229744021196e-02,1.000000000000000000e+00
7.708333333333333703e-01,0.000000000000000000e+00,0.000000000000000000e+00,7.834900000000000198e-01,0.000000000000000000e+00,0.000000000000000000e+00,-2.959809413541644729e-02,1.000000000000000000e+00
7.750000000000000222e-01,0.000000000000000000e+00,0.000000000000000000e+00,7.834900000000000198e-01,0.000000000000000000e+00,0.000000000000000000e+00,-2.184363800949995493e-14,1.000000000000000000e+00
7.791666666666666741e-01,0.000000000000000000e+00,0.000000000000000000e+00,7.834900000000000198e-01,0.000000000000000000e+00,0.000000000000000000e+00,-2.184363800949995493e-14,1.000000000000000000e+00
7.833333333333333259e-01,0.000000000000000000e+00,0.000000000000000000e+00,7.834900000000000198e-01,0.000000000000000000e+00,0.000000000000000000e+00,-2.184363800949995493e-14,1.000000000000000000e+00
7.874999999999999778e-01,0.000000000000000000e+00,0.000000000000000000e+00,7.834900000000000198e-01,0.000000000000000000e+00,0.000000000000000000e+00,-2.184363800949995493e-14,1.000000000000000000e+00
7.916666666666666297e-01,0.000000000000000000e+00,0.000000000000000000e+00,7.834900000000000198e-01,0.000000000000000000e+00,0.000000000000000000e+00,-2.184363800949995493e-14,1.000000000000000000e+00
7.958333333333332815e-01,0.000000000000000000e+00,0.000000000000000000e+00,7.834900000000000198e-01,0.000000000000000000e+00,0.000000000000000000e+00,-2.184363800949995493e-14,1.000000000000000000e+00
8.000000000000000444e-01,0.000000000000000000e+00,0.000000000000000000e+00,7.834900000000000198e-01,0.000000000000000000e+00,0.000000000000000000e+00,-2.184363800949995493e-14,1.000000000000000000e+00
8.041666666666666963e-01,0.000000000000000000e+00,0.000000000000000000e+00,7.834900000000000198e-01,0.000000000000000000e+00,0.000000000000000000e+00,-2.184363800949995493e-14,1.000000000000000000e+00
8.083333333333333481e-01,0.000000000000000000e+00,0.000000000000000000e+00,7.834900000000000198e-01,0.000000000000000000e+00,0.000000000000000000e+00,-2.184363800949995493e-14,1.000000000000000000e+00
8.125000000000000000e-01,0.000000000000000000e+00,0.000000000000000000e+00,7.834900000000000198e-01,0.000000000000000000e+00,0.000000000000000000e+00,-2.184363800949995493e-14,1.000000000000000000e+00
8.166666666666666519e-01,0.000000000000000000e+00,0.000000000000000000e+00,7.834900000000000198e-01,0.000000000000000000e+00,0.000000000000000000e+00,-2.184363800949995493e-14,1.000000000000000000e+00
8.208333333333333037e-01,0.000000000000000000e+00,0.000000000000000000e+00,7.834900000000000198e-01,0.000000000000000000e+00,0.000000000000000000e+00,-2.184363800949995493e-14,1.000000000000000000e+00
8.249999999999999556e-01,0.000000000000000000e+00,0.000000000000000000e+00,7.834900000000000198e-01,0.000000000000000000e+00,0.000000000000000000e+00,-2.184363800949995493e-14,1.000000000000000000e+00
8.291666666666666075e-01,0.000000000000000000e+00,0.000000000000000000e+00,7.834900000000000198e-01,0.000000000000000000e+00,0.000000000000000000e+00,-2.184363800949995493e-14,1.000000000000000000e+00
8.333333333333333703e-01,0.000000000000000000e+00,0.000000000000000000e+00,7.834900000000000198e-01,0.000000000000000000e+00,0.000000000000000000e+00,-2.184363800949995493e-14,1.000000000000000000e+00
8.375000000000000222e-01,0.000000000000000000e+00,0.000000000000000000e+00,7.834900000000000198e-01,0.000000000000000000e+00,0.000000000000000000e+00,-2.184363800949995493e-14,1.000000000000000000e+00
8.416666666666666741e-01,0.000000000000000000e+00,0.000000000000000000e+00,7.834900000000000198e-01,0.000000000000000000e+00,0.000000000000000000e+00,-2.184363800949995493e-14,1.000000000000000000e+00
8.458333333333333259e-01,0.000000000000000000e+00,0.000000000000000000e+00,7.834900000000000198e-01,0.000000000000000000e+00,0.000000000000000000e+00,-2.184363800949995493e-14,1.000000000000000000e+00
8.499999999999999778e-01,0.000000000000000000e+00,0.000000000000000000e+00,7.834900000000000198e-01,0.000000000000000000e+00,0.000000000000000000e+00,-2.184363800949995493e-14,1.000000000000000000e+00
8.541666666666666297e-01,0.000000000000000000e+00,0.000000000000000000e+00,7.834900000000000198e-01,0.000000000000000000e+00,0.000000000000000000e+00,-2.184363800949995493e-14,1.000000000000000000e+00
8.583333333333332815e-01,0.000000000000000000e+00,0.000000000000000000e+00,7.834900000000000198e-01,0.000000000000000000e+00,0.000000000000000000e+00,-2.184363800949995493e-14,1.000000000000000000e+00
8.624999999999999334e-01,0.000000000000000000e+00,0.000000000000000000e+00,7.834900000000000198e-01,0.000000000000000000e+00,0.000000000000000000e+00,-2.184363800949995493e-14,1.000000000000000000e+00
8.666666666666666963e-01,0.000000000000000000e+00,0.000000000000000000e+00,7.834900000000000198e-01,0.000000000000000000e+00,0.000000000000000000e+00,-2.184363800949995493e-14,1.000000000000000000e+00
8.708333333333333481e-01,0.000000000000000000e+00,0.000000000000000000e+00,7.834900000000000198e-01,0.000000000000000000e+00,0.000000000000000000e+00,-2.184363800949995493e-14,1.000000000000000000e+00
8.750000000000000000e-01,0.000000000000000000e+00,0.000000000000000000e+00,7.834900000000000198e-01,0.000000000000000000e+00,0.000000000000000000e+00,-2.184363800949995493e-14,1.000000000000000000e+00
8.791666666666666519e-01,0.000000000000000000e+00,0.000000000000000000e+00,7.834900000000000198e-01,0.000000000000000000e+00,0.000000000000000000e+00,-2.184363800949995493e-14,1.000000000000000000e+00
8.833333333333333037e-01,0.000000000000000000e+00,0.000000000000000000e+00,7.834900000000000198e-01,0.000000000000000000e+00,0.000000000000000000e+00,-2.184363800949995493e-14,1.000000000000000000e+00
8.874999999999999556e-01,0.000000000000000000e+00,0.000000000000000000e+00,7.834900000000000198e-01,0.000000000000000000e+00,0.000000000000000000e+00,-2.184363800949995493e-14,1.000000000000000000e+00
8.916666666666666075e-01,0.000000000000000000e+00,0.000000000000000000e+00,7.834900000000000198e-01,0.000000000000000000e+00,0.000000000000000000e+00,-2.184363800949995493e-14,1.000000000000000000e+00
8.958333333333333703e-01,0.000000000000000000e+00,0.000000000000000000e+00,7.834900000000000198e-01,0.000000000000000000e+00,0.000000000000000000e+00,-2.184363800949995493e-14,1.000000000000000000e+00
9.000000000000000222e-01,0.000000000000000000e+00,0.000000000000000000e+00,7.834900000000000198e-01,0.000000000000000000e+00,0.000000000000000000e+00,-2.184363800949995493e-14,1.000000000000000000e+00
9.041666666666666741e-01,0.000000000000000000e+00,0.000000000000000000e+00,7.834900000000000198e-01,0.000000000000000000e+00,0.000000000000000000e+00,-2.184363800949995493e-14,1.000000000000000000e+00
9.083333333333333259e-01,0.000000000000000000e+00,0.000000000000000000e+00,7.834900000000000198e-01,0.000000000000000000e+00,0.000000000000000000e+00,-2.184363800949995493e-14,1.000000000000000000e+00
9.124999999999999778e-01,0.000000000000000000e+00,0.000000000000000000e+00,7.834900000000000198e-01,0.000000000000000000e+00,0.000000000000000000e+00,-2.184363800949995493e-14,1.000000000000000000e+00
9.166666666666666297e-01,0.000000000000000000e+00,0.000000000000000000e+00,7.834900000000000198e-01,0.000000000000000000e+00,0.000000000000000000e+00,-2.184363800949995493e-14,1.000000000000000000e+00
9.208333333333332815e-01,0.000000000000000000e+00,0.000000000000000000e+00,7.834900000000000198e-01,0.000000000000000000e+00,0.000000000000000000e+00,-2.184363800949995493e-14,1.000000000000000000e+00
9.249999999999999334e-01,0.000000000000000000e+00,0.000000000000000000e+00,7.834900000000000198e-01,0.000000000000000000e+00,0.000000000000000000e+00,-2.184363800949995493e-14,1.000000000000000000e+00
9.291666666666666963e-01,0.000000000000000000e+00,0.000000000000000000e+00,7.834900000000000198e-01,0.000000000000000000e+00,0.000000000000000000e+00,-2.184363800949995493e-14,1.000000000000000000e+00
9.333333333333333481e-01,0.000000000000000000e+00,0.000000000000000000e+00,7.834900000000000198e-01,0.000000000000000000e+00,0.000000000000000000e+00,-2.184363800949995493e-14,1.000000000000000000e+00
9.375000000000000000e-01,0.000000000000000000e+00,0.000000000000000000e+00,7.834900000000000198e-01,0.000000000000000000e+00,0.000000000000000000e+00,-2.184363800949995493e-14,1.000000000000000000e+00
9.416666666666666519e-01,0.000000000000000000e+00,0.000000000000000000e+00,7.834900000000000198e-01,0.000000000000000000e+00,0.000000000000000000e+00,-2.184363800949995493e-14,1.000000000000000000e+00
9.458333333333333037e-01,0.000000000000000000e+00,0.000000000000000000e+00,7.834900000000000198e-01,0.000000000000000000e+00,0.000000000000000000e+00,-2.184363800949995493e-14,1.000000000000000000e+00
9.499999999999999556e-01,0.000000000000000000e+00,0.000000000000000000e+00,7.834900000000000198e-01,0.000000000000000000e+00,0.000000000000000000e+00,-2.184363800949995493e-14,1.000000000000000000e+00
9.541666666666666075e-01,0.000000000000000000e+00,0.000000000000000000e+00,7.834900000000000198e-01,0.000000000000000000e+00,0.000000000000000000e+00,-2.184363800949995493e-14,1.000000000000000000e+00
9.583333333333333703e-01,0.000000000000000000e+00,0.000000000000000000e+00,7.834900000000000198e-01,0.000000000000000000e+00,0.000000000000000000e+00,-2.184363800949995493e-14,1.000000000000000000e+00
9.625000000000000222e-01,0.000000000000000000e+00,0.000000000000000000e+00,7.834900000000000198e-01,0.000000000000000000e+00,0.000000000000000000e+00,-2.184363800949995493e-14,1.000000000000000000e+00
9.666666666666666741e-01,0.000000000000000000e+00,0.000000000000000000e+00,7.834900000000000198e-01,0.000000000000000000e+00,0.000000000000000000e+00,-2.184363800949995493e-14,1.000000000000000000e+00
9.708333333333333259e-01,0.000000000000000000e+00,0.000000000000000000e+00,7.834900000000000198e-01,0.000000000000000000e+00,0.000000000000000000e+00,-2.184363800949995493e-14,1.000000000000000000e+00
9.749999999999999778e-01,0.000000000000000000e+00,0.000000000000000000e+00,7.834900000000000198e-01,0.000000000000000000e+00,0.000000000000000000e+00,-2.184363800949995493e-14,1.000000000000000000e+00
9.791666666666666297e-01,0.000000000000000000e+00,0.000000000000000000e+00,7.834900000000000198e-01,0.000000000000000000e+00,0.000000000000000000e+00,-2.184363800949995493e-14,1.000000000000000000e+00
9.833333333333332815e-01,0.000000000000000000e+00,0.000000000000000000e+00,7.834900000000000198e-01,0.000000000000000000e+00,0.000000000000000000e+00,-2.184363800949995493e-14,1.000000000000000000e+00
9.874999999999999334e-01,0.000000000000000000e+00,0.000000000000000000e+00,7.834900000000000198e-01,0.000000000000000000e+00,0.000000000000000000e+00,-2.184363800949995493e-14,1.000000000000000000e+00
9.916666666666666963e-01,0.000000000000000000e+00,0.000000000000000000e+00,7.834900000000000198e-01,0.000000000000000000e+00,0.000000000000000000e+00,-2.184363800949995493e-14,1.000000000000000000e+00
9.958333333333333481e-01,0.000000000000000000e+00,0.000000000000000000e+00,7.834900000000000198e-01,0.000000000000000000e+00,0.000000000000000000e+00,-2.184363800949995493e-14,1.000000000000000000e+00
1.000000000000000000e+00,0.000000000000000000e+00,0.000000000000000000e+00,7.834900000000000198e-01,0.000000000000000000e+00,0.000000000000000000e+00,-2.184363800949995493e-14,1.000000000000000000e+00
1.004166666666666652e+00,0.000000000000000000e+00,0.000000000000000000e+00,7.834900000000000198e-01,0.000000000000000000e+00,0.000000000000000000e+00,-2.184363800949995493e-14,1.000000000000000000e+00
1.008333333333333304e+00,0.000000000000000000e+00,0.000000000000000000e+00,7.834900000000000198e-01,0.000000000000000000e+00,0.000000000000000000e+00,-2.184363800949995493e-14,1.000000000000000000e+00
1.012499999999999956e+00,0.000000000000000000e+00,0.000000000000000000e+00,7.834900000000000198e-01,0.000000000000000000e+00,0.000000000000000000e+00,-2.184363800949995493e-14,1.000000000000000000e+00
1.016666666666666607e+00,0.000000000000000000e+00,0.000000000000000000e+00,7.834900000000000198e-01,0.000000000000000000e+00,0.000000000000000000e+00,-2.184363800949995493e-14,1.000000000000000000e+00
1.020833333333333259e+00,0.000000000000000000e+00,0.000000000000000000e+00,7.834900000000000198e-01,0.000000000000000000e+00,0.000000000000000000e+00,-2.184363800949995493e-14,1.000000000000000000e+00
1.024999999999999911e+00,0.000000000000000000e+00,0.000000000000000000e+00,7.834900000000000198e-01,0.000000000000000000e+00,0.000000000000000000e+00,-2.184363800949995493e-14,1.000000000000000000e+00
1.029166666666666563e+00,0.000000000000000000e+00,0.000000000000000000e+00,7.834900000000000198e-01,0.000000000000000000e+00,0.000000000000000000e+00,-2.184363800949995493e-14,1.000000000000000000e+00
1.033333333333333215e+00,0.000000000000000000e+00,0.000000000000000000e+00,7.834900000000000198e-01,0.000000000000000000e+00,0.000000000000000000e+00,-2.184363800949995493e-14,1.000000000000000000e+00
1.037500000000000089e+00,0.000000000000000000e+00,0.000000000000000000e+00,7.834900000000000198e-01,0.000000000000000000e+00,0.000000000000000000e+00,-2.184363800949995493e-14,1.000000000000000000e+00
1.041666666666666741e+00,0.000000000000000000e+00,0.000000000000000000e+00,7.834900000000000198e-01,0.000000000000000000e+00,0.000000000000000000e+00,-2.184363800949995493e-14,1.000000000000000000e+00
1.045833333333333393e+00,0.000000000000000000e+00,0.000000000000000000e+00,7.834900000000000198e-01,0.000000000000000000e+00,0.000000000000000000e+00,-2.184363800949995493e-14,1.000000000000000000e+00
1.050000000000000044e+00,0.000000000000000000e+00,0.000000000000000000e+00,7.834900000000000198e-01,0.000000000000000000e+00,0.000000000000000000e+00,-2.184363800949995493e-14,1.000000000000000000e+00
1.054166666666666696e+00,0.000000000000000000e+00,0.000000000000000000e+00,7.834900000000000198e-01,0.000000000000000000e+00,0.000000000000000000e+00,-2.184363800949995493e-14,1.000000000000000000e+00
1.058333333333333348e+00,0.000000000000000000e+00,0.000000000000000000e+00,7.834900000000000198e-01,0.000000000000000000e+00,0.000000000000000000e+00,-2.184363800949995493e-14,1.000000000000000000e+00
1.062500000000000000e+00,0.000000000000000000e+00,0.000000000000000000e+00,7.834900000000000198e-01,0.000000000000000000e+00,0.000000000000000000e+00,-2.184363800949995493e-14,1.000000000000000000e+00
1.066666666666666652e+00,0.000000000000000000e+00,0.000000000000000000e+00,7.834900000000000198e-01,0.000000000000000000e+00,0.000000000000000000e+00,-2.184363800949995493e-14,1.000000000000000000e+00
1.070833333333333304e+00,0.000000000000000000e+00,0.000000000000000000e+00,7.834900000000000198e-01,0.000000000000000000e+00,0.000000000000000000e+00,-2.184363800949995493e-14,1.000000000000000000e+00
1.074999999999999956e+00,0.000000000000000000e+00,0.000000000000000000e+00,7.834900000000000198e-01,0.000000000000000000e+00,0.000000000000000000e+00,-2.184363800949995493e-14,1.000000000000000000e+00
1.079166666666666607e+00,0.000000000000000000e+00,0.000000000000000000e+00,7.834900000000000198e-01,0.000000000000000000e+00,0.000000000000000000e+00,-2.184363800949995493e-14,1.000000000000000000e+00
1.083333333333333259e+00,0.000000000000000000e+00,0.000000000000000000e+00,7.834900000000000198e-01,0.000000000000000000e+00,0.000000000000000000e+00,-2.184363800949995493e-14,1.000000000000000000e+00
1.087499999999999911e+00,0.000000000000000000e+00,0.000000000000000000e+00,7.834900000000000198e-01,0.000000000000000000e+00,0.000000000000000000e+00,-2.184363800949995493e-14,1.000000000000000000e+00
1.091666666666666563e+00,0.000000000000000000e+00,0.000000000000000000e+00,7.834900000000000198e-01,0.000000000000000000e+00,0.000000000000000000e+00,-2.184363800949995493e-14,1.000000000000000000e+00
1.095833333333333215e+00,0.000000000000000000e+00,0.000000000000000000e+00,7.834900000000000198e-01,0.000000000000000000e+00,0.000000000000000000e+00,-2.184363800949995493e-14,1.000000000000000000e+00
1.100000000000000089e+00,0.000000000000000000e+00,0.000000000000000000e+00,7.834900000000000198e-01,0.000000000000000000e+00,0.000000000000000000e+00,-2.184363800949995493e-14,1.000000000000000000e+00
1.104166666666666741e+00,0.000000000000000000e+00,0.000000000000000000e+00,7.834900000000000198e-01,0.000000000000000000e+00,0.000000000000000000e+00,-2.184363800949995493e-14,1.000000000000000000e+00
1.108333333333333393e+00,0.000000000000000000e+00,0.000000000000000000e+00,7.834900000000000198e-01,0.000000000000000000e+00,0.000000000000000000e+00,-2.184363800949995493e-14,1.000000000000000000e+00
1.112500000000000044e+00,0.000000000000000000e+00,0.000000000000000000e+00,7.834900000000000198e-01,0.000000000000000000e+00,0.000000000000000000e+00,-2.184363800949995493e-14,1.000000000000000000e+00
1.116666666666666696e+00,0.000000000000000000e+00,0.000000000000000000e+00,7.834900000000000198e-01,0.000000000000000000e+00,0.000000000000000000e+00,-2.184363800949995493e-14,1.000000000000000000e+00
1.120833333333333348e+00,0.000000000000000000e+00,0.000000000000000000e+00,7.834900000000000198e-01,0.000000000000000000e+00,0.000000000000000000e+00,-2.184363800949995493e-14,1.000000000000000000e+00
1.125000000000000000e+00,0.000000000000000000e+00,0.000000000000000000e+00,7.834900000000000198e-01,0.000000000000000000e+00,0.000000000000000000e+00,-2.184363800949995493e-14,1.000000000000000000e+00
1.129166666666666652e+00,0.000000000000000000e+00,0.000000000000000000e+00,7.834900000000000198e-01,0.000000000000000000e+00,0.000000000000000000e+00,-2.184363800949995493e-14,1.000000000000000000e+00
1.133333333333333304e+00,0.000000000000000000e+00,0.000000000000000000e+00,7.834900000000000198e-01,0.000000000000000000e+00,0.000000000000000000e+00,-2.184363800949995493e-14,1.000000000000000000e+00
1.137499999999999956e+00,0.000000000000000000e+00,0.000000000000000000e+00,7.834900000000000198e-01,0.000000000000000000e+00,0.000000000000000000e+00,-2.184363800949995493e-14,1.000000000000000000e+00
1.141666666666666607e+00,0.000000000000000000e+00,0.000000000000000000e+00,7.834900000000000198e-01,0.000000000000000000e+00,0.000000000000000000e+00,-2.184363800949995493e-14,1.000000000000000000e+00
1.145833333333333259e+00,0.000000000000000000e+00,0.000000000000000000e+00,7.834900000000000198e-01,0.000000000000000000e+00,0.000000000000000000e+00,-2.184363800949995493e-14,1.000000000000000000e+00
1.149999999999999911e+00,0.000000000000000000e+00,0.000000000000000000e+00,7.834900000000000198e-01,0.000000000000000000e+00,0.000000000000000000e+00,-2.184363800949995493e-14,1.000000000000000000e+00
1.154166666666666563e+00,0.000000000000000000e+00,0.000000000000000000e+00,7.834900000000000198e-01,0.000000000000000000e+00,0.000000000000000000e+00,-2.184363800949995493e-14,1.000000000000000000e+00
1.158333333333333215e+00,0.000000000000000000e+00,0.000000000000000000e+00,7.834900000000000198e-01,0.000000000000000000e+00,0.000000000000000000e+00,-2.184363800949995493e-14,1.000000000000000000e+00
1.162500000000000089e+00,0.000000000000000000e+00,0.000000000000000000e+00,7.834900000000000198e-01,0.000000000000000000e+00,0.000000000000000000e+00,-2.184363800949995493e-14,1.000000000000000000e+00
1.166666666666666741e+00,0.000000000000000000e+00,0.000000000000000000e+00,7.834900000000000198e-01,0.000000000000000000e+00,0.000000000000000000e+00,-2.184363800949995493e-14,1.000000000000000000e+00
1.170833333333333393e+00,0.000000000000000000e+00,0.000000000000000000e+00,7.834900000000000198e-01,0.000000000000000000e+00,0.000000000000000000e+00,-2.184363800949995493e-14,1.000000000000000000e+00
1.175000000000000044e+00,0.000000000000000000e+00,0.000000000000000000e+00,7.834900000000000198e-01,0.000000000000000000e+00,0.000000000000000000e+00,-2.184363800949995493e-14,1.000000000000000000e+00
1.179166666666666696e+00,0.000000000000000000e+00,0.000000000000000000e+00,7.834900000000000198e-01,0.000000000000000000e+00,0.000000000000000000e+00,-2.184363800949995493e-14,1.000000000000000000e+00
1.183333333333333348e+00,0.000000000000000000e+00,0.000000000000000000e+00,7.834900000000000198e-01,0.000000000000000000e+00,0.000000000000000000e+00,-2.184363800949995493e-14,1.000000000000000000e+00
1.187500000000000000e+00,0.000000000000000000e+00,0.000000000000000000e+00,7.834900000000000198e-01,0.000000000000000000e+00,0.000000000000000000e+00,-2.184363800949995493e-14,1.000000000000000000e+00
1.191666666666666652e+00,0.000000000000000000e+00,0.000000000000000000e+00,7.834900000000000198e-01,0.000000000000000000e+00,0.000000000000000000e+00,-2.184363800949995493e-14,1.000000000000000000e+00
1.195833333333333304e+00,0.000000000000000000e+00,0.000000000000000000e+00,7.834900000000000198e-01,0.000000000000000000e+00,0.000000000000000000e+00,-2.184363800949995493e-14,1.000000000000000000e+00
1.199999999999999956e+00,0.000000000000000000e+00,0.000000000000000000e+00,7.834900000000000198e-01,0.000000000000000000e+00,0.000000000000000000e+00,-2.184363800949995493e-14,1.000000000000000000e+00
1.204166666666666607e+00,0.000000000000000000e+00,0.000000000000000000e+00,7.834900000000000198e-01,0.000000000000000000e+00,0.000000000000000000e+00,-2.184363800949995493e-14,1.000000000000000000e+00
1.208333333333333259e+00,0.000000000000000000e+00,0.000000000000000000e+00,7.834900000000000198e-01,0.000000000000000000e+00,0.000000000000000000e+00,-2.184363800949995493e-14,1.000000000000000000e+00
1.212499999999999911e+00,0.000000000000000000e+00,0.000000000000000000e+00,7.834900000000000198e-01,0.000000000000000000e+00,0.000000000000000000e+00,-2.184363800949995493e-14,1.000000000000000000e+00
1.216666666666666563e+00,0.000000000000000000e+00,0.000000000000000000e+00,7.834900000000000198e-01,0.000000000000000000e+00,0.000000000000000000e+00,-2.184363800949995493e-14,1.000000000000000000e+00
1.220833333333333215e+00,0.000000000000000000e+00,0.000000000000000000e+00,7.834900000000000198e-01,0.000000000000000000e+00,0.000000000000000000e+00,-2.184363800949995493e-14,1.000000000000000000e+00
1.225000000000000089e+00,0.000000000000000000e+00,0.000000000000000000e+00,7.834900000000000198e-01,0.000000000000000000e+00,0.000000000000000000e+00,-2.184363800949995493e-14,1.000000000000000000e+00
1.229166666666666741e+00,0.000000000000000000e+00,0.000000000000000000e+00,7.834900000000000198e-01,0.000000000000000000e+00,0.000000000000000000e+00,-2.184363800949995493e-14,1.000000000000000000e+00
1.233333333333333393e+00,0.000000000000000000e+00,0.000000000000000000e+00,7.834900000000000198e-01,0.000000000000000000e+00,0.000000000000000000e+00,-2.184363800949995493e-14,1.000000000000000000e+00
1.237500000000000044e+00,0.000000000000000000e+00,0.000000000000000000e+00,7.834900000000000198e-01,0.000000000000000000e+00,0.000000000000000000e+00,-2.184363800949995493e-14,1.000000000000000000e+00
1.241666666666666696e+00,0.000000000000000000e+00,0.000000000000000000e+00,7.834900000000000198e-01,0.000000000000000000e+00,0.000000000000000000e+00,-2.184363800949995493e-14,1.000000000000000000e+00
1.245833333333333348e+00,0.000000000000000000e+00,0.000000000000000000e+00,7.834900000000000198e-01,0.000000000000000000e+00,0.000000000000000000e+00,-2.184363800949995493e-14,1.000000000000000000e+00
1.250000000000000000e+00,0.000000000000000000e+00,0.000000000000000000e+00,7.834900000000000198e-01,0.000000000000000000e+00,0.000000000000000000e+00,-2.184363800949995493e-14,1.000000000000000000e+00
1.254166666666666652e+00,0.000000000000000000e+00,0.000000000000000000e+00,7.834900000000000198e-01,0.000000000000000000e+00,0.000000000000000000e+00,-2.184363800949995493e-14,1.000000000000000000e+00
1.258333333333333304e+00,0.000000000000000000e+00,0.000000000000000000e+00,7.834900000000000198e-01,0.000000000000000000e+00,0.000000000000000000e+00,-2.184363800949995493e-14,1.000000000000000000e+00
1.262499999999999956e+00,0.000000000000000000e+00,0.000000000000000000e+00,7.834900000000000198e-01,0.000000000000000000e+00,0.000000000000000000e+00,-2.184363800949995493e-14,1.000000000000000000e+00
1.266666666666666607e+00,0.000000000000000000e+00,0.000000000000000000e+00,7.834900000000000198e-01,0.000000000000000000e+00,0.000000000000000000e+00,-2.184363800949995493e-14,1.000000000000000000e+00
1.270833333333333259e+00,0.000000000000000000e+00,0.000000000000000000e+00,7.834900000000000198e-01,0.000000000000000000e+00,0.000000000000000000e+00,-2.184363800949995493e-14,1.000000000000000000e+00
1.274999999999999911e+00,0.000000000000000000e+00,0.000000000000000000e+00,7.834900000000000198e-01,0.000000000000000000e+00,0.000000000000000000e+00,-2.184363800949995493e-14,1.000000000000000000e+00
1.279166666666666563e+00,0.000000000000000000e+00,0.000000000000000000e+00,7.834900000000000198e-01,0.000000000000000000e+00,0.000000000000000000e+00,-2.184363800949995493e-14,1.000000000000000000e+00
1.283333333333333215e+00,0.000000000000000000e+00,0.000000000000000000e+00,7.834900000000000198e-01,0.000000000000000000e+00,0.000000000000000000e+00,-2.184363800949995493e-14,1.000000000000000000e+00
1.287500000000000089e+00,0.000000000000000000e+00,0.000000000000000000e+00,7.834900000000000198e-01,0.000000000000000000e+00,0.000000000000000000e+00,-2.184363800949995493e-14,1.000000000000000000e+00
1.291666666666666741e+00,0.000000000000000000e+00,0.000000000000000000e+00,7.834900000000000198e-01,0.000000000000000000e+00,0.000000000000000000e+00,-2.184363800949995493e-14,1.000000000000000000e+00
1.295833333333333393e+00,0.000000000000000000e+00,0.000000000000000000e+00,7.834900000000000198e-01,0.000000000000000000e+00,0.000000000000000000e+00,-2.184363800949995493e-14,1.000000000000000000e+00
1.300000000000000044e+00,0.000000000000000000e+00,0.000000000000000000e+00,7.834900000000000198e-01,0.000000000000000000e+00,0.000000000000000000e+00,-2.184363800949995493e-14,1.000000000000000000e+00
1.304166666666666696e+00,0.000000000000000000e+00,0.000000000000000000e+00,7.834900000000000198e-01,0.000000000000000000e+00,0.000000000000000000e+00,-2.184363800949995493e-14,1.000000000000000000e+00
1.308333333333333348e+00,0.000000000000000000e+00,0.000000000000000000e+00,7.834900000000000198e-01,0.000000000000000000e+00,0.000000000000000000e+00,-2.184363800949995493e-14,1.000000000000000000e+00
1.312500000000000000e+00,0.000000000000000000e+00,0.000000000000000000e+00,7.834900000000000198e-01,0.000000000000000000e+00,0.000000000000000000e+00,-2.184363800949995493e-14,1.000000000000000000e+00
1.316666666666666652e+00,0.000000000000000000e+00,0.000000000000000000e+00,7.834900000000000198e-01,0.000000000000000000e+00,0.000000000000000000e+00,-2.184363800949995493e-14,1.000000000000000000e+00
1.320833333333333304e+00,0.000000000000000000e+00,0.000000000000000000e+00,7.834900000000000198e-01,0.000000000000000000e+00,0.000000000000000000e+00,-2.184363800949995493e-14,1.000000000000000000e+00
1.324999999999999956e+00,0.000000000000000000e+00,0.000000000000000000e+00,7.834900000000000198e-01,0.000000000000000000e+00,0.000000000000000000e+00,-2.184363800949995493e-14,1.000000000000000000e+00
1.329166666666666607e+00,0.000000000000000000e+00,0.000000000000000000e+00,7.834900000000000198e-01,0.000000000000000000e+00,0.000000000000000000e+00,-2.184363800949995493e-14,1.000000000000000000e+00
1.333333333333333259e+00,0.000000000000000000e+00,0.000000000000000000e+00,7.834900000000000198e-01,0.000000000000000000e+00,0.000000000000000000e+00,-2.184363800949995493e-14,1.000000000000000000e+00
1.337499999999999911e+00,0.000000000000000000e+00,0.000000000000000000e+00,7.834900000000000198e-01,0.000000000000000000e+00,0.000000000000000000e+00,-2.184363800949995493e-14,1.000000000000000000e+00
1.341666666666666563e+00,0.000000000000000000e+00,0.000000000000000000e+00,7.834900000000000198e-01,0.000000000000000000e+00,0.000000000000000000e+00,-2.184363800949995493e-14,1.000000000000000000e+00
1.345833333333333215e+00,0.000000000000000000e+00,0.000000000000000000e+00,7.834900000000000198e-01,0.000000000000000000e+00,0.000000000000000000e+00,-2.184363800949995493e-14,1.000000000000000000e+00
1.350000000000000089e+00,0.000000000000000000e+00,0.000000000000000000e+00,7.834900000000000198e-01,0.000000000000000000e+00,0.000000000000000000e+00,-2.184363800949995493e-14,1.000000000000000000e+00
1.354166666666666741e+00,0.000000000000000000e+00,0.000000000000000000e+00,7.834900000000000198e-01,0.000000000000000000e+00,0.000000000000000000e+00,-2.184363800949995493e-14,1.000000000000000000e+00
1.358333333333333393e+00,0.000000000000000000e+00,0.000000000000000000e+00,7.834900000000000198e-01,0.000000000000000000e+00,0.000000000000000000e+00,-2.184363800949995493e-14,1.000000000000000000e+00
1.362500000000000044e+00,0.000000000000000000e+00,0.000000000000000000e+00,7.834900000000000198e-01,0.000000000000000000e+00,0.000000000000000000e+00,-2.184363800949995493e-14,1.000000000000000000e+00
1.366666666666666696e+00,0.000000000000000000e+00,0.000000000000000000e+00,7.834900000000000198e-01,0.000000000000000000e+00,0.000000000000000000e+00,-2.184363800949995493e-14,1.000000000000000000e+00
1.370833333333333348e+00,0.000000000000000000e+00,0.000000000000000000e+00,7.834900000000000198e-01,0.000000000000000000e+00,0.000000000000000000e+00,-2.184363800949995493e-14,1.000000000000000000e+00
1.375000000000000000e+00,0.000000000000000000e+00,0.000000000000000000e+00,7.834900000000000198e-01,0.000000000000000000e+00,0.000000000000000000e+00,-2.184363800949995493e-14,1.000000000000000000e+00
1.379166666666666652e+00,0.000000000000000000e+00,0.000000000000000000e+00,7.834900000000000198e-01,0.000000000000000000e+00,0.000000000000000000e+00,-2.184363800949995493e-14,1.000000000000000000e+00
1.383333333333333304e+00,0.000000000000000000e+00,0.000000000000000000e+00,7.834900000000000198e-01,0.000000000000000000e+00,0.000000000000000000e+00,-2.184363800949995493e-14,1.000000000000000000e+00
1.387499999999999956e+00,0.000000000000000000e+00,0.000000000000000000e+00,7.834900000000000198e-01,0.000000000000000000e+00,0.000000000000000000e+00,-2.184363800949995493e-14,1.000000000000000000e+00
1.391666666666666607e+00,0.000000000000000000e+00,0.000000000000000000e+00,7.834900000000000198e-01,0.000000000000000000e+00,0.000000000000000000e+00,-2.184363800949995493e-14,1.000000000000000000e+00
1.395833333333333259e+00,0.000000000000000000e+00,0.000000000000000000e+00,7.834900000000000198e-01,0.000000000000000000e+00,0.000000000000000000e+00,-2.184363800949995493e-14,1.000000000000000000e+00
1.399999999999999911e+00,0.000000000000000000e+00,0.000000000000000000e+00,7.834900000000000198e-01,0.000000000000000000e+00,0.000000000000000000e+00,-2.184363800949995493e-14,1.000000000000000000e+00
1.404166666666666563e+00,0.000000000000000000e+00,0.000000000000000000e+00,7.834900000000000198e-01,0.000000000000000000e+00,0.000000000000000000e+00,-2.184363800949995493e-14,1.000000000000000000e+00
1.408333333333333215e+00,0.000000000000000000e+00,0.000000000000000000e+00,7.834900000000000198e-01,0.000000000000000000e+00,0.000000000000000000e+00,-2.184363800949995493e-14,1.000000000000000000e+00
1.412500000000000089e+00,0.000000000000000000e+00,0.000000000000000000e+00,7.834900000000000198e-01,0.000000000000000000e+00,0.000000000000000000e+00,-2.184363800949995493e-14,1.000000000000000000e+00
1.416666666666666741e+00,0.000000000000000000e+00,0.000000000000000000e+00,7.834900000000000198e-01,0.000000000000000000e+00,0.000000000000000000e+00,-2.184363800949995493e-14,1.000000000000000000e+00
1.420833333333333393e+00,0.000000000000000000e+00,0.000000000000000000e+00,7.834900000000000198e-01,0.000000000000000000e+00,0.000000000000000000e+00,-2.184363800949995493e-14,1.000000000000000000e+00
1.425000000000000044e+00,0.000000000000000000e+00,0.000000000000000000e+00,7.834900000000000198e-01,0.000000000000000000e+00,0.000000000000000000e+00,-2.184363800949995493e-14,1.000000000000000000e+00
1.429166666666666696e+00,0.000000000000000000e+00,0.000000000000000000e+00,7.834900000000000198e-01,0.000000000000000000e+00,0.000000000000000000e+00,-2.184363800949995493e-14,1.000000000000000000e+00
1.433333333333333348e+00,0.000000000000000000e+00,0.000000000000000000e+00,7.834900000000000198e-01,0.000000000000000000e+00,0.000000000000000000e+00,-2.184363800949995493e-14,1.000000000000000000e+00
1.437500000000000000e+00,0.000000000000000000e+00,0.000000000000000000e+00,7.834900000000000198e-01,0.000000000000000000e+00,0.000000000000000000e+00,-2.184363800949995493e-14,1.000000000000000000e+00
1.441666666666666652e+00,0.000000000000000000e+00,0.000000000000000000e+00,7.834900000000000198e-01,0.000000000000000000e+00,0.000000000000000000e+00,-2.184363800949995493e-14,1.000000000000000000e+00
1.445833333333333304e+00,0.000000000000000000e+00,0.000000000000000000e+00,7.834900000000000198e-01,0.000000000000000000e+00,0.000000000000000000e+00,-2.184363800949995493e-14,1.000000000000000000e+00
1.449999999999999956e+00,0.000000000000000000e+00,0.000000000000000000e+00,7.834900000000000198e-01,0.000000000000000000e+00,0.000000000000000000e+00,-2.184363800949995493e-14,1.000000000000000000e+00
1.454166666666666607e+00,0.000000000000000000e+00,0.000000000000000000e+00,7.834900000000000198e-01,0.000000000000000000e+00,0.000000000000000000e+00,-2.184363800949995493e-14,1.000000000000000000e+00
1.458333333333333259e+00,0.000000000000000000e+00,0.000000000000000000e+00,7.834900000000000198e-01,0.000000000000000000e+00,0.000000000000000000e+00,-2.184363800949995493e-14,1.000000000000000000e+00
1.462499999999999911e+00,0.000000000000000000e+00,0.000000000000000000e+00,7.834900000000000198e-01,0.000000000000000000e+00,0.000000000000000000e+00,-2.184363800949995493e-14,1.000000000000000000e+00
1.466666666666666563e+00,0.000000000000000000e+00,0.000000000000000000e+00,7.834900000000000198e-01,0.000000000000000000e+00,0.000000000000000000e+00,-2.184363800949995493e-14,1.000000000000000000e+00
1.470833333333333215e+00,0.000000000000000000e+00,0.000000000000000000e+00,7.834900000000000198e-01,0.000000000000000000e+00,0.000000000000000000e+00,-2.184363800949995493e-14,1.000000000000000000e+00
1.475000000000000089e+00,0.000000000000000000e+00,0.000000000000000000e+00,7.834900000000000198e-01,0.000000000000000000e+00,0.000000000000000000e+00,-2.184363800949995493e-14,1.000000000000000000e+00
1.479166666666666741e+00,0.000000000000000000e+00,0.000000000000000000e+00,7.834900000000000198e-01,0.000000000000000000e+00,0.000000000000000000e+00,-2.184363800949995493e-14,1.000000000000000000e+00
1.483333333333333393e+00,0.000000000000000000e+00,0.000000000000000000e+00,7.834900000000000198e-01,0.000000000000000000e+00,0.000000000000000000e+00,-2.184363800949995493e-14,1.000000000000000000e+00
1.487500000000000044e+00,0.000000000000000000e+00,0.000000000000000000e+00,7.834900000000000198e-01,0.000000000000000000e+00,0.000000000000000000e+00,-2.184363800949995493e-14,1.000000000000000000e+00
1.491666666666666696e+00,0.000000000000000000e+00,0.000000000000000000e+00,7.834900000000000198e-01,0.000000000000000000e+00,0.000000000000000000e+00,-2.184363800949995493e-14,1.000000000000000000e+00
1.495833333333333348e+00,0.000000000000000000e+00,0.000000000000000000e+00,7.834900000000000198e-01,0.000000000000000000e+00,0.000000000000000000e+00,-2.184363800949995493e-14,1.000000000000000000e+00
1.500000000000000000e+00,0.000000000000000000e+00,0.000000000000000000e+00,7.834900000000000198e-01,0.000000000000000000e+00,0.000000000000000000e+00,-2.184363800949995493e-14,1.000000000000000000e+00
1.504166666666666652e+00,0.000000000000000000e+00,0.000000000000000000e+00,7.834900000000000198e-01,0.000000000000000000e+00,0.000000000000000000e+00,-2.184363800949995493e-14,1.000000000000000000e+00
1.508333333333333304e+00,0.000000000000000000e+00,0.000000000000000000e+00,7.834900000000000198e-01,0.000000000000000000e+00,0.000000000000000000e+00,-2.184363800949995493e-14,1.000000000000000000e+00
1.512499999999999956e+00,0.000000000000000000e+00,0.000000000000000000e+00,7.834900000000000198e-01,0.000000000000000000e+00,0.000000000000000000e+00,-2.184363800949995493e-14,1.000000000000000000e+00
1.516666666666666607e+00,0.000000000000000000e+00,0.000000000000000000e+00,7.834900000000000198e-01,0.000000000000000000e+00,0.000000000000000000e+00,-2.184363800949995493e-14,1.000000000000000000e+00
1.520833333333333259e+00,0.000000000000000000e+00,0.000000000000000000e+00,7.834900000000000198e-01,0.000000000000000000e+00,0.000000000000000000e+00,-2.184363800949995493e-14,1.000000000000000000e+00
1.524999999999999911e+00,0.000000000000000000e+00,0.000000000000000000e+00,7.834900000000000198e-01,0.000000000000000000e+00,0.000000000000000000e+00,-2.184363800949995493e-14,1.000000000000000000e+00
1.529166666666666563e+00,0.000000000000000000e+00,0.000000000000000000e+00,7.834900000000000198e-01,0.000000000000000000e+00,0.000000000000000000e+00,-2.184363800949995493e-14,1.000000000000000000e+00
1.533333333333333215e+00,0.000000000000000000e+00,0.000000000000000000e+00,7.834900000000000198e-01,0.000000000000000000e+00,0.000000000000000000e+00,-2.184363800949995493e-14,1.000000000000000000e+00
1.537500000000000089e+00,0.000000000000000000e+00,0.000000000000000000e+00,7.834900000000000198e-01,0.000000000000000000e+00,0.000000000000000000e+00,-2.184363800949995493e-14,1.000000000000000000e+00
1.541666666666666741e+00,0.000000000000000000e+00,0.000000000000000000e+00,7.834900000000000198e-01,0.000000000000000000e+00,0.000000000000000000e+00,-2.184363800949995493e-14,1.000000000000000000e+00
1.545833333333333393e+00,0.000000000000000000e+00,0.000000000000000000e+00,7.834900000000000198e-01,0.000000000000000000e+00,0.000000000000000000e+00,-2.184363800949995493e-14,1.000000000000000000e+00
1.550000000000000044e+00,0.000000000000000000e+00,0.000000000000000000e+00,7.834900000000000198e-01,0.000000000000000000e+00,0.000000000000000000e+00,-2.184363800949995493e-14,1.000000000000000000e+00
1.554166666666666696e+00,0.000000000000000000e+00,0.000000000000000000e+00,7.834900000000000198e-01,0.000000000000000000e+00,0.000000000000000000e+00,-2.184363800949995493e-14,1.000000000000000000e+00
1.558333333333333348e+00,0.000000000000000000e+00,0.000000000000000000e+00,7.834900000000000198e-01,0.000000000000000000e+00,0.000000000000000000e+00,-2.184363800949995493e-14,1.000000000000000000e+00
1.562500000000000000e+00,0.000000000000000000e+00,0.000000000000000000e+00,7.834900000000000198e-01,0.000000000000000000e+00,0.000000000000000000e+00,-2.184363800949995493e-14,1.000000000000000000e+00
1.566666666666666652e+00,0.000000000000000000e+00,0.000000000000000000e+00,7.834900000000000198e-01,0.000000000000000000e+00,0.000000000000000000e+00,-2.184363800949995493e-14,1.000000000000000000e+00
1.570833333333333304e+00,0.000000000000000000e+00,0.000000000000000000e+00,7.834900000000000198e-01,0.000000000000000000e+00,0.000000000000000000e+00,-2.184363800949995493e-14,1.000000000000000000e+00
1.574999999999999956e+00,0.000000000000000000e+00,0.000000000000000000e+00,7.834900000000000198e-01,0.000000000000000000e+00,0.000000000000000000e+00,-2.184363800949995493e-14,1.000000000000000000e+00
1.579166666666666607e+00,0.000000000000000000e+00,0.000000000000000000e+00,7.834900000000000198e-01,0.000000000000000000e+00,0.000000000000000000e+00,-2.184363800949995493e-14,1.000000000000000000e+00
1.583333333333333259e+00,0.000000000000000000e+00,0.000000000000000000e+00,7.834900000000000198e-01,0.000000000000000000e+00,0.000000000000000000e+00,-2.184363800949995493e-14,1.000000000000000000e+00
1.587499999999999911e+00,0.000000000000000000e+00,0.000000000000000000e+00,7.834900000000000198e-01,0.000000000000000000e+00,0.000000000000000000e+00,-2.184363800949995493e-14,1.000000000000000000e+00
1.591666666666666563e+00,0.000000000000000000e+00,0.000000000000000000e+00,7.834900000000000198e-01,0.000000000000000000e+00,0.000000000000000000e+00,-2.184363800949995493e-14,1.000000000000000000e+00
1.595833333333333215e+00,0.000000000000000000e+00,0.000000000000000000e+00,7.834900000000000198e-01,0.000000000000000000e+00,0.000000000000000000e+00,-2.184363800949995493e-14,1.000000000000000000e+00
1.600000000000000089e+00,0.000000000000000000e+00,0.000000000000000000e+00,7.834900000000000198e-01,0.000000000000000000e+00,0.000000000000000000e+00,-2.184363800949995493e-14,1.000000000000000000e+00
1.604166666666666741e+00,0.000000000000000000e+00,0.000000000000000000e+00,7.834900000000000198e-01,0.000000000000000000e+00,0.000000000000000000e+00,-2.184363800949995493e-14,1.000000000000000000e+00
1.608333333333333393e+00,0.000000000000000000e+00,0.000000000000000000e+00,7.834900000000000198e-01,0.000000000000000000e+00,0.000000000000000000e+00,-2.184363800949995493e-14,1.000000000000000000e+00
1.612500000000000044e+00,0.000000000000000000e+00,0.000000000000000000e+00,7.834900000000000198e-01,0.000000000000000000e+00,0.000000000000000000e+00,-2.184363800949995493e-14,1.000000000000000000e+00
1.616666666666666696e+00,0.000000000000000000e+00,0.000000000000000000e+00,7.834900000000000198e-01,0.000000000000000000e+00,0.000000000000000000e+00,-2.184363800949995493e-14,1.000000000000000000e+00
1.620833333333333348e+00,0.000000000000000000e+00,0.000000000000000000e+00,7.834900000000000198e-01,0.000000000000000000e+00,0.000000000000000000e+00,-2.184363800949995493e-14,1.000000000000000000e+00
1.625000000000000000e+00,0.000000000000000000e+00,0.000000000000000000e+00,7.834900000000000198e-01,0.000000000000000000e+00,0.000000000000000000e+00,-2.184363800949995493e-14,1.000000000000000000e+00
1.629166666666666652e+00,0.000000000000000000e+00,0.000000000000000000e+00,7.834900000000000198e-01,0.000000000000000000e+00,0.000000000000000000e+00,-2.184363800949995493e-14,1.000000000000000000e+00
1.633333333333333304e+00,0.000000000000000000e+00,0.000000000000000000e+00,7.834900000000000198e-01,0.000000000000000000e+00,0.000000000000000000e+00,-2.184363800949995493e-14,1.000000000000000000e+00
1.637499999999999956e+00,0.000000000000000000e+00,0.000000000000000000e+00,7.834900000000000198e-01,0.000000000000000000e+00,0.000000000000000000e+00,-2.184363800949995493e-14,1.000000000000000000e+00
1.641666666666666607e+00,0.000000000000000000e+00,0.000000000000000000e+00,7.834900000000000198e-01,0.000000000000000000e+00,0.000000000000000000e+00,-2.184363800949995493e-14,1.000000000000000000e+00
1.645833333333333259e+00,0.000000000000000000e+00,0.000000000000000000e+00,7.834900000000000198e-01,0.000000000000000000e+00,0.000000000000000000e+00,-2.184363800949995493e-14,1.000000000000000000e+00
1.649999999999999911e+00,0.000000000000000000e+00,0.000000000000000000e+00,7.834900000000000198e-01,0.000000000000000000e+00,0.000000000000000000e+00,-2.184363800949995493e-14,1.000000000000000000e+00
1.654166666666666563e+00,0.000000000000000000e+00,0.000000000000000000e+00,7.834900000000000198e-01,0.000000000000000000e+00,0.000000000000000000e+00,-2.184363800949995493e-14,1.000000000000000000e+00
1.658333333333333215e+00,0.000000000000000000e+00,0.000000000000000000e+00,7.834900000000000198e-01,0.000000000000000000e+00,0.000000000000000000e+00,-2.184363800949995493e-14,1.000000000000000000e+00
1.662499999999999867e+00,0.000000000000000000e+00,0.000000000000000000e+00,7.834900000000000198e-01,0.000000000000000000e+00,0.000000000000000000e+00,-2.184363800949995493e-14,1.000000000000000000e+00
1.666666666666666741e+00,0.000000000000000000e+00,0.000000000000000000e+00,7.834900000000000198e-01,0.000000000000000000e+00,0.000000000000000000e+00,-2.184363800949995493e-14,1.000000000000000000e+00
1.670833333333333393e+00,0.000000000000000000e+00,0.000000000000000000e+00,7.834900000000000198e-01,0.000000000000000000e+00,0.000000000000000000e+00,-2.184363800949995493e-14,1.000000000000000000e+00
1.675000000000000044e+00,0.000000000000000000e+00,0.000000000000000000e+00,7.834900000000000198e-01,0.000000000000000000e+00,0.000000000000000000e+00,-2.184363800949995493e-14,1.000000000000000000e+00
1.679166666666666696e+00,0.000000000000000000e+00,0.000000000000000000e+00,7.834900000000000198e-01,0.000000000000000000e+00,0.000000000000000000e+00,-2.184363800949995493e-14,1.000000000000000000e+00
1.683333333333333348e+00,0.000000000000000000e+00,0.000000000000000000e+00,7.834900000000000198e-01,0.000000000000000000e+00,0.000000000000000000e+00,-2.184363800949995493e-14,1.000000000000000000e+00
1.687500000000000000e+00,0.000000000000000000e+00,0.000000000000000000e+00,7.834900000000000198e-01,0.000000000000000000e+00,0.000000000000000000e+00,-2.184363800949995493e-14,1.000000000000000000e+00
1.691666666666666652e+00,0.000000000000000000e+00,0.000000000000000000e+00,7.834900000000000198e-01,0.000000000000000000e+00,0.000000000000000000e+00,-2.184363800949995493e-14,1.000000000000000000e+00
1.695833333333333304e+00,0.000000000000000000e+00,0.000000000000000000e+00,7.834900000000000198e-01,0.000000000000000000e+00,0.000000000000000000e+00,-2.184363800949995493e-14,1.000000000000000000e+00
1.699999999999999956e+00,0.000000000000000000e+00,0.000000000000000000e+00,7.834900000000000198e-01,0.000000000000000000e+00,0.000000000000000000e+00,-2.184363800949995493e-14,1.000000000000000000e+00
1.704166666666666607e+00,0.000000000000000000e+00,0.000000000000000000e+00,7.834900000000000198e-01,0.000000000000000000e+00,0.000000000000000000e+00,-2.184363800949995493e-14,1.000000000000000000e+00
1.708333333333333259e+00,0.000000000000000000e+00,0.000000000000000000e+00,7.834900000000000198e-01,0.000000000000000000e+00,0.000000000000000000e+00,-2.184363800949995493e-14,1.000000000000000000e+00
1.712499999999999911e+00,0.000000000000000000e+00,0.000000000000000000e+00,7.834900000000000198e-01,0.000000000000000000e+00,0.000000000000000000e+00,-2.184363800949995493e-14,1.000000000000000000e+00
1.716666666666666563e+00,0.000000000000000000e+00,0.000000000000000000e+00,7.834900000000000198e-01,0.000000000000000000e+00,0.000000000000000000e+00,-2.184363800949995493e-14,1.000000000000000000e+00
1.720833333333333215e+00,0.000000000000000000e+00,0.000000000000000000e+00,7.834900000000000198e-01,0.000000000000000000e+00,0.000000000000000000e+00,-2.184363800949995493e-14,1.000000000000000000e+00
1.724999999999999867e+00,0.000000000000000000e+00,0.000000000000000000e+00,7.834900000000000198e-01,0.000000000000000000e+00,0.000000000000000000e+00,-2.184363800949995493e-14,1.000000000000000000e+00
1.729166666666666741e+00,0.000000000000000000e+00,0.000000000000000000e+00,7.834900000000000198e-01,0.000000000000000000e+00,0.000000000000000000e+00,-2.184363800949995493e-14,1.000000000000000000e+00
1.733333333333333393e+00,0.000000000000000000e+00,0.000000000000000000e+00,7.834900000000000198e-01,0.000000000000000000e+00,0.000000000000000000e+00,-2.184363800949995493e-14,1.000000000000000000e+00
1.737500000000000044e+00,0.000000000000000000e+00,0.000000000000000000e+00,7.834900000000000198e-01,0.000000000000000000e+00,0.000000000000000000e+00,-2.184363800949995493e-14,1.000000000000000000e+00
1.741666666666666696e+00,0.000000000000000000e+00,0.000000000000000000e+00,7.834900000000000198e-01,0.000000000000000000e+00,0.000000000000000000e+00,-2.184363800949995493e-14,1.000000000000000000e+00
1.745833333333333348e+00,0.000000000000000000e+00,0.000000000000000000e+00,7.834900000000000198e-01,0.000000000000000000e+00,0.000000000000000000e+00,-2.184363800949995493e-14,1.000000000000000000e+00
1.750000000000000000e+00,0.000000000000000000e+00,0.000000000000000000e+00,7.834900000000000198e-01,0.000000000000000000e+00,0.000000000000000000e+00,-2.184363800949995493e-14,1.000000000000000000e+00
1.754166666666666652e+00,0.000000000000000000e+00,0.000000000000000000e+00,7.834900000000000198e-01,0.000000000000000000e+00,0.000000000000000000e+00,-2.184363800949995493e-14,1.000000000000000000e+00
1.758333333333333304e+00,0.000000000000000000e+00,0.000000000000000000e+00,7.834900000000000198e-01,0.000000000000000000e+00,0.000000000000000000e+00,-2.184363800949995493e-14,1.000000000000000000e+00
1.762499999999999956e+00,0.000000000000000000e+00,0.000000000000000000e+00,7.834900000000000198e-01,0.000000000000000000e+00,0.000000000000000000e+00,-2.184363800949995493e-14,1.000000000000000000e+00
1.766666666666666607e+00,0.000000000000000000e+00,0.000000000000000000e+00,7.834900000000000198e-01,0.000000000000000000e+00,0.000000000000000000e+00,-2.184363800949995493e-14,1.000000000000000000e+00
1.770833333333333259e+00,0.000000000000000000e+00,0.000000000000000000e+00,7.834900000000000198e-01,0.000000000000000000e+00,0.000000000000000000e+00,-2.184363800949995493e-14,1.000000000000000000e+00
1.774999999999999911e+00,0.000000000000000000e+00,0.000000000000000000e+00,7.834900000000000198e-01,0.000000000000000000e+00,0.000000000000000000e+00,-2.184363800949995493e-14,1.000000000000000000e+00
1.779166666666666563e+00,0.000000000000000000e+00,0.000000000000000000e+00,7.834900000000000198e-01,0.000000000000000000e+00,0.000000000000000000e+00,-2.184363800949995493e-14,1.000000000000000000e+00
1.783333333333333215e+00,0.000000000000000000e+00,0.000000000000000000e+00,7.834900000000000198e-01,0.000000000000000000e+00,0.000000000000000000e+00,-2.184363800949995493e-14,1.000000000000000000e+00
1.787499999999999867e+00,0.000000000000000000e+00,0.000000000000000000e+00,7.834900000000000198e-01,0.000000000000000000e+00,0.000000000000000000e+00,-2.184363800949995493e-14,1.000000000000000000e+00
1.791666666666666741e+00,0.000000000000000000e+00,0.000000000000000000e+00,7.834900000000000198e-01,0.000000000000000000e+00,0.000000000000000000e+00,-2.184363800949995493e-14,1.000000000000000000e+00
1.795833333333333393e+00,0.000000000000000000e+00,0.000000000000000000e+00,7.834900000000000198e-01,0.000000000000000000e+00,0.000000000000000000e+00,-2.184363800949995493e-14,1.000000000000000000e+00
1.800000000000000044e+00,0.000000000000000000e+00,0.000000000000000000e+00,7.834900000000000198e-01,0.000000000000000000e+00,0.000000000000000000e+00,-2.184363800949995493e-14,1.000000000000000000e+00
1.804166666666666696e+00,0.000000000000000000e+00,0.000000000000000000e+00,7.834900000000000198e-01,0.000000000000000000e+00,0.000000000000000000e+00,-2.184363800949995493e-14,1.000000000000000000e+00
1.808333333333333348e+00,0.000000000000000000e+00,0.000000000000000000e+00,7.834900000000000198e-01,0.000000000000000000e+00,0.000000000000000000e+00,-2.184363800949995493e-14,1.000000000000000000e+00
1.812500000000000000e+00,0.000000000000000000e+00,0.000000000000000000e+00,7.834900000000000198e-01,0.000000000000000000e+00,0.000000000000000000e+00,-2.184363800949995493e-14,1.000000000000000000e+00
1.816666666666666652e+00,0.000000000000000000e+00,0.000000000000000000e+00,7.834900000000000198e-01,0.000000000000000000e+00,0.000000000000000000e+00,-2.184363800949995493e-14,1.000000000000000000e+00
1.820833333333333304e+00,0.000000000000000000e+00,0.000000000000000000e+00,7.834900000000000198e-01,0.000000000000000000e+00,0.000000000000000000e+00,-2.184363800949995493e-14,1.000000000000000000e+00
1.824999999999999956e+00,0.000000000000000000e+00,0.000000000000000000e+00,7.834900000000000198e-01,0.000000000000000000e+00,0.000000000000000000e+00,-2.184363800949995493e-14,1.000000000000000000e+00
1.829166666666666607e+00,0.000000000000000000e+00,0.000000000000000000e+00,7.834900000000000198e-01,0.000000000000000000e+00,0.000000000000000000e+00,-2.184363800949995493e-14,1.000000000000000000e+00
1.833333333333333259e+00,0.000000000000000000e+00,0.000000000000000000e+00,7.834900000000000198e-01,0.000000000000000000e+00,0.000000000000000000e+00,-2.184363800949995493e-14,1.000000000000000000e+00
1.837499999999999911e+00,0.000000000000000000e+00,0.000000000000000000e+00,7.834900000000000198e-01,0.000000000000000000e+00,0.000000000000000000e+00,-2.184363800949995493e-14,1.000000000000000000e+00
1.841666666666666563e+00,0.000000000000000000e+00,0.000000000000000000e+00,7.834900000000000198e-01,0.000000000000000000e+00,0.000000000000000000e+00,-2.184363800949995493e-14,1.000000000000000000e+00
1.845833333333333215e+00,0.000000000000000000e+00,0.000000000000000000e+00,7.834900000000000198e-01,0.000000000000000000e+00,0.000000000000000000e+00,-2.184363800949995493e-14,1.000000000000000000e+00
1.849999999999999867e+00,0.000000000000000000e+00,0.000000000000000000e+00,7.834900000000000198e-01,0.000000000000000000e+00,0.000000000000000000e+00,-2.184363800949995493e-14,1.000000000000000000e+00
1.854166666666666741e+00,0.000000000000000000e+00,0.000000000000000000e+00,7.834900000000000198e-01,0.000000000000000000e+00,0.000000000000000000e+00,-2.184363800949995493e-14,1.000000000000000000e+00
1.858333333333333393e+00,0.000000000000000000e+00,0.000000000000000000e+00,7.834900000000000198e-01,0.000000000000000000e+00,0.000000000000000000e+00,-2.184363800949995493e-14,1.000000000000000000e+00
1.862500000000000044e+00,0.000000000000000000e+00,0.000000000000000000e+00,7.834900000000000198e-01,0.000000000000000000e+00,0.000000000000000000e+00,-2.184363800949995493e-14,1.000000000000000000e+00
1.866666666666666696e+00,0.000000000000000000e+00,0.000000000000000000e+00,7.834900000000000198e-01,0.000000000000000000e+00,0.000000000000000000e+00,-2.184363800949995493e-14,1.000000000000000000e+00
1.870833333333333348e+00,0.000000000000000000e+00,0.000000000000000000e+00,7.834900000000000198e-01,0.000000000000000000e+00,0.000000000000000000e+00,-2.184363800949995493e-14,1.000000000000000000e+00
1.875000000000000000e+00,0.000000000000000000e+00,0.000000000000000000e+00,7.834900000000000198e-01,0.000000000000000000e+00,0.000000000000000000e+00,-2.184363800949995493e-14,1.000000000000000000e+00
1.879166666666666652e+00,0.000000000000000000e+00,0.000000000000000000e+00,7.834900000000000198e-01,0.000000000000000000e+00,0.000000000000000000e+00,-2.184363800949995493e-14,1.000000000000000000e+00
1.883333333333333304e+00,0.000000000000000000e+00,0.000000000000000000e+00,7.834900000000000198e-01,0.000000000000000000e+00,0.000000000000000000e+00,-2.184363800949995493e-14,1.000000000000000000e+00
1.887499999999999956e+00,0.000000000000000000e+00,0.000000000000000000e+00,7.834900000000000198e-01,0.000000000000000000e+00,0.000000000000000000e+00,-2.184363800949995493e-14,1.000000000000000000e+00
1.891666666666666607e+00,0.000000000000000000e+00,0.000000000000000000e+00,7.834900000000000198e-01,0.000000000000000000e+00,0.000000000000000000e+00,-2.184363800949995493e-14,1.000000000000000000e+00
1.895833333333333259e+00,0.000000000000000000e+00,0.000000000000000000e+00,7.834900000000000198e-01,0.000000000000000000e+00,0.000000000000000000e+00,-2.184363800949995493e-14,1.000000000000000000e+00
1.899999999999999911e+00,0.000000000000000000e+00,0.000000000000000000e+00,7.834900000000000198e-01,0.000000000000000000e+00,0.000000000000000000e+00,-2.184363800949995493e-14,1.000000000000000000e+00
1.904166666666666563e+00,0.000000000000000000e+00,0.000000000000000000e+00,7.834900000000000198e-01,0.000000000000000000e+00,0.000000000000000000e+00,-2.184363800949995493e-14,1.000000000000000000e+00
1.908333333333333215e+00,0.000000000000000000e+00,0.000000000000000000e+00,7.834900000000000198e-01,0.000000000000000000e+00,0.000000000000000000e+00,-2.184363800949995493e-14,1.000000000000000000e+00
1.912499999999999867e+00,0.000000000000000000e+00,0.000000000000000000e+00,7.834900000000000198e-01,0.000000000000000000e+00,0.000000000000000000e+00,-2.184363800949995493e-14,1.000000000000000000e+00
1.916666666666666741e+00,0.000000000000000000e+00,0.000000000000000000e+00,7.834900000000000198e-01,0.000000000000000000e+00,0.000000000000000000e+00,-2.184363800949995493e-14,1.000000000000000000e+00
1.920833333333333393e+00,0.000000000000000000e+00,0.000000000000000000e+00,7.834900000000000198e-01,0.000000000000000000e+00,0.000000000000000000e+00,-2.184363800949995493e-14,1.000000000000000000e+00
1.925000000000000044e+00,0.000000000000000000e+00,0.000000000000000000e+00,7.834900000000000198e-01,0.000000000000000000e+00,0.000000000000000000e+00,-2.184363800949995493e-14,1.000000000000000000e+00
1.929166666666666696e+00,0.000000000000000000e+00,0.000000000000000000e+00,7.834900000000000198e-01,0.000000000000000000e+00,0.000000000000000000e+00,-2.184363800949995493e-14,1.000000000000000000e+00
1.933333333333333348e+00,0.000000000000000000e+00,0.000000000000000000e+00,7.834900000000000198e-01,0.000000000000000000e+00,0.000000000000000000e+00,-2.184363800949995493e-14,1.000000000000000000e+00
1.937500000000000000e+00,0.000000000000000000e+00,0.000000000000000000e+00,7.834900000000000198e-01,0.000000000000000000e+00,0.000000000000000000e+00,-2.184363800949995493e-14,1.000000000000000000e+00
1.941666666666666652e+00,0.000000000000000000e+00,0.000000000000000000e+00,7.834900000000000198e-01,0.000000000000000000e+00,0.000000000000000000e+00,-2.184363800949995493e-14,1.000000000000000000e+00
1.945833333333333304e+00,0.000000000000000000e+00,0.000000000000000000e+00,7.834900000000000198e-01,0.000000000000000000e+00,0.000000000000000000e+00,-2.184363800949995493e-14,1.000000000000000000e+00
1.949999999999999956e+00,0.000000000000000000e+00,0.000000000000000000e+00,7.834900000000000198e-01,0.000000000000000000e+00,0.000000000000000000e+00,-2.184363800949995493e-14,1.000000000000000000e+00
1.954166666666666607e+00,0.000000000000000000e+00,0.000000000000000000e+00,7.834900000000000198e-01,0.000000000000000000e+00,0.000000000000000000e+00,-2.184363800949995493e-14,1.000000000000000000e+00
1.958333333333333259e+00,0.000000000000000000e+00,0.000000000000000000e+00,7.834900000000000198e-01,0.000000000000000000e+00,0.000000000000000000e+00,-2.184363800949995493e-14,1.000000000000000000e+00
1.962499999999999911e+00,0.000000000000000000e+00,0.000000000000000000e+00,7.834900000000000198e-01,0.000000000000000000e+00,0.000000000000000000e+00,-2.184363800949995493e-14,1.000000000000000000e+00
1.966666666666666563e+00,0.000000000000000000e+00,0.000000000000000000e+00,7.834900000000000198e-01,0.000000000000000000e+00,0.000000000000000000e+00,-2.184363800949995493e-14,1.000000000000000000e+00
1.970833333333333215e+00,0.000000000000000000e+00,0.000000000000000000e+00,7.834900000000000198e-01,0.000000000000000000e+00,0.000000000000000000e+00,-2.184363800949995493e-14,1.000000000000000000e+00
1.974999999999999867e+00,0.000000000000000000e+00,0.000000000000000000e+00,7.834900000000000198e-01,0.000000000000000000e+00,0.000000000000000000e+00,-2.184363800949995493e-14,1.000000000000000000e+00
1.979166666666666741e+00,0.000000000000000000e+00,0.000000000000000000e+00,7.834900000000000198e-01,0.000000000000000000e+00,0.000000000000000000e+00,-2.184363800949995493e-14,1.000000000000000000e+00
1.983333333333333393e+00,0.000000000000000000e+00,0.000000000000000000e+00,7.834900000000000198e-01,0.000000000000000000e+00,0.000000000000000000e+00,-2.184363800949995493e-14,1.000000000000000000e+00
1.987500000000000044e+00,0.000000000000000000e+00,0.000000000000000000e+00,7.834900000000000198e-01,0.000000000000000000e+00,0.000000000000000000e+00,-2.184363800949995493e-14,1.000000000000000000e+00
1.991666666666666696e+00,0.000000000000000000e+00,0.000000000000000000e+00,7.834900000000000198e-01,0.000000000000000000e+00,0.000000000000000000e+00,-2.184363800949995493e-14,1.000000000000000000e+00
1.995833333333333348e+00,0.000000000000000000e+00,0.000000000000000000e+00,7.834900000000000198e-01,0.000000000000000000e+00,0.000000000000000000e+00,-2.184363800949995493e-14,1.000000000000000000e+00
2.000000000000000000e+00,0.000000000000000000e+00,0.000000000000000000e+00,7.834900000000000198e-01,0.000000000000000000e+00,0.000000000000000000e+00,-2.184363800949995493e-14,1.000000000000000000e+00
2.004166666666666430e+00,0.000000000000000000e+00,0.000000000000000000e+00,7.834900000000000198e-01,0.000000000000000000e+00,0.000000000000000000e+00,-2.184363800949995493e-14,1.000000000000000000e+00
2.008333333333333304e+00,0.000000000000000000e+00,0.000000000000000000e+00,7.834900000000000198e-01,0.000000000000000000e+00,0.000000000000000000e+00,-2.184363800949995493e-14,1.000000000000000000e+00
2.012500000000000178e+00,0.000000000000000000e+00,0.000000000000000000e+00,7.834900000000000198e-01,0.000000000000000000e+00,0.000000000000000000e+00,-2.184363800949995493e-14,1.000000000000000000e+00
2.016666666666666607e+00,0.000000000000000000e+00,0.000000000000000000e+00,7.834900000000000198e-01,0.000000000000000000e+00,0.000000000000000000e+00,-2.184363800949995493e-14,1.000000000000000000e+00
2.020833333333333481e+00,0.000000000000000000e+00,0.000000000000000000e+00,7.834900000000000198e-01,0.000000000000000000e+00,0.000000000000000000e+00,-2.184363800949995493e-14,1.000000000000000000e+00
2.024999999999999911e+00,0.000000000000000000e+00,0.000000000000000000e+00,7.834900000000000198e-01,0.000000000000000000e+00,0.000000000000000000e+00,-2.184363800949995493e-14,1.000000000000000000e+00
2.029166666666666785e+00,0.000000000000000000e+00,0.000000000000000000e+00,7.834900000000000198e-01,0.000000000000000000e+00,0.000000000000000000e+00,-2.184363800949995493e-14,1.000000000000000000e+00
2.033333333333333215e+00,0.000000000000000000e+00,0.000000000000000000e+00,7.834900000000000198e-01,0.000000000000000000e+00,0.000000000000000000e+00,-2.184363800949995493e-14,1.000000000000000000e+00
2.037500000000000089e+00,0.000000000000000000e+00,0.000000000000000000e+00,7.834900000000000198e-01,0.000000000000000000e+00,0.000000000000000000e+00,-2.184363800949995493e-14,1.000000000000000000e+00
2.041666666666666519e+00,0.000000000000000000e+00,0.000000000000000000e+00,7.834900000000000198e-01,0.000000000000000000e+00,0.000000000000000000e+00,-2.184363800949995493e-14,1.000000000000000000e+00
2.045833333333333393e+00,0.000000000000000000e+00,0.000000000000000000e+00,7.834900000000000198e-01,0.000000000000000000e+00,0.000000000000000000e+00,-2.184363800949995493e-14,1.000000000000000000e+00
2.049999999999999822e+00,0.000000000000000000e+00,0.000000000000000000e+00,7.834900000000000198e-01,0.000000000000000000e+00,0.000000000000000000e+00,-2.184363800949995493e-14,1.000000000000000000e+00
2.054166666666666696e+00,0.000000000000000000e+00,0.000000000000000000e+00,7.834900000000000198e-01,0.000000000000000000e+00,0.000000000000000000e+00,-2.184363800949995493e-14,1.000000000000000000e+00
2.058333333333333126e+00,0.000000000000000000e+00,0.000000000000000000e+00,7.834900000000000198e-01,0.000000000000000000e+00,0.000000000000000000e+00,-2.184363800949995493e-14,1.000000000000000000e+00
2.062500000000000000e+00,0.000000000000000000e+00,0.000000000000000000e+00,7.834900000000000198e-01,0.000000000000000000e+00,0.000000000000000000e+00,-2.184363800949995493e-14,1.000000000000000000e+00
2.066666666666666430e+00,0.000000000000000000e+00,0.000000000000000000e+00,7.834900000000000198e-01,0.000000000000000000e+00,0.000000000000000000e+00,-2.184363800949995493e-14,1.000000000000000000e+00
2.070833333333333304e+00,0.000000000000000000e+00,0.000000000000000000e+00,7.834900000000000198e-01,0.000000000000000000e+00,0.000000000000000000e+00,-2.184363800949995493e-14,1.000000000000000000e+00
2.075000000000000178e+00,0.000000000000000000e+00,0.000000000000000000e+00,7.834900000000000198e-01,0.000000000000000000e+00,0.000000000000000000e+00,-2.184363800949995493e-14,1.000000000000000000e+00
2.079166666666666607e+00,0.000000000000000000e+00,0.000000000000000000e+00,7.834900000000000198e-01,0.000000000000000000e+00,0.000000000000000000e+00,-2.184363800949995493e-14,1.000000000000000000e+00
2.083333333333333481e+00,0.000000000000000000e+00,0.000000000000000000e+00,7.834900000000000198e-01,0.000000000000000000e+00,0.000000000000000000e+00,-2.184363800949995493e-14,1.000000000000000000e+00
2.087499999999999911e+00,0.000000000000000000e+00,0.000000000000000000e+00,7.834900000000000198e-01,0.000000000000000000e+00,0.000000000000000000e+00,-2.184363800949995493e-14,1.000000000000000000e+00
2.091666666666666785e+00,0.000000000000000000e+00,0.000000000000000000e+00,7.834900000000000198e-01,0.000000000000000000e+00,0.000000000000000000e+00,-2.184363800949995493e-14,1.000000000000000000e+00
2.095833333333333215e+00,0.000000000000000000e+00,0.000000000000000000e+00,7.834900000000000198e-01,0.000000000000000000e+00,0.000000000000000000e+00,-2.184363800949995493e-14,1.000000000000000000e+00
2.100000000000000089e+00,0.000000000000000000e+00,0.000000000000000000e+00,7.834900000000000198e-01,0.000000000000000000e+00,0.000000000000000000e+00,-2.184363800949995493e-14,1.000000000000000000e+00
2.104166666666666519e+00,0.000000000000000000e+00,0.000000000000000000e+00,7.834900000000000198e-01,0.000000000000000000e+00,0.000000000000000000e+00,-2.184363800949995493e-14,1.000000000000000000e+00
2.108333333333333393e+00,0.000000000000000000e+00,0.000000000000000000e+00,7.834900000000000198e-01,0.000000000000000000e+00,0.000000000000000000e+00,-2.184363800949995493e-14,1.000000000000000000e+00
2.112499999999999822e+00,0.000000000000000000e+00,0.000000000000000000e+00,7.834900000000000198e-01,0.000000000000000000e+00,0.000000000000000000e+00,-2.184363800949995493e-14,1.000000000000000000e+00
2.116666666666666696e+00,0.000000000000000000e+00,0.000000000000000000e+00,7.834900000000000198e-01,0.000000000000000000e+00,0.000000000000000000e+00,-2.184363800949995493e-14,1.000000000000000000e+00
2.120833333333333126e+00,0.000000000000000000e+00,0.000000000000000000e+00,7.834900000000000198e-01,0.000000000000000000e+00,0.000000000000000000e+00,-2.184363800949995493e-14,1.000000000000000000e+00
2.125000000000000000e+00,0.000000000000000000e+00,0.000000000000000000e+00,7.834900000000000198e-01,0.000000000000000000e+00,0.000000000000000000e+00,-2.184363800949995493e-14,1.000000000000000000e+00
2.129166666666666430e+00,0.000000000000000000e+00,0.000000000000000000e+00,7.834900000000000198e-01,0.000000000000000000e+00,0.000000000000000000e+00,-2.184363800949995493e-14,1.000000000000000000e+00
2.133333333333333304e+00,0.000000000000000000e+00,0.000000000000000000e+00,7.834900000000000198e-01,0.000000000000000000e+00,0.000000000000000000e+00,-2.184363800949995493e-14,1.000000000000000000e+00
2.137500000000000178e+00,0.000000000000000000e+00,0.000000000000000000e+00,7.834900000000000198e-01,0.000000000000000000e+00,0.000000000000000000e+00,-2.184363800949995493e-14,1.000000000000000000e+00
2.141666666666666607e+00,0.000000000000000000e+00,0.000000000000000000e+00,7.834900000000000198e-01,0.000000000000000000e+00,0.000000000000000000e+00,-2.184363800949995493e-14,1.000000000000000000e+00
2.145833333333333481e+00,0.000000000000000000e+00,0.000000000000000000e+00,7.834900000000000198e-01,0.000000000000000000e+00,0.000000000000000000e+00,-2.184363800949995493e-14,1.000000000000000000e+00
2.149999999999999911e+00,0.000000000000000000e+00,0.000000000000000000e+00,7.834900000000000198e-01,0.000000000000000000e+00,0.000000000000000000e+00,-2.184363800949995493e-14,1.000000000000000000e+00
2.154166666666666785e+00,0.000000000000000000e+00,0.000000000000000000e+00,7.834900000000000198e-01,0.000000000000000000e+00,0.000000000000000000e+00,-2.184363800949995493e-14,1.000000000000000000e+00
2.158333333333333215e+00,0.000000000000000000e+00,0.000000000000000000e+00,7.834900000000000198e-01,0.000000000000000000e+00,0.000000000000000000e+00,-2.184363800949995493e-14,1.000000000000000000e+00
2.162500000000000089e+00,0.000000000000000000e+00,0.000000000000000000e+00,7.834900000000000198e-01,0.000000000000000000e+00,0.000000000000000000e+00,-2.184363800949995493e-14,1.000000000000000000e+00
2.166666666666666519e+00,0.000000000000000000e+00,0.000000000000000000e+00,7.834900000000000198e-01,0.000000000000000000e+00,0.000000000000000000e+00,-2.184363800949995493e-14,1.000000000000000000e+00
2.170833333333333393e+00,0.000000000000000000e+00,0.000000000000000000e+00,7.834900000000000198e-01,0.000000000000000000e+00,0.000000000000000000e+00,-2.184363800949995493e-14,1.000000000000000000e+00
2.174999999999999822e+00,0.000000000000000000e+00,0.000000000000000000e+00,7.834900000000000198e-01,0.000000000000000000e+00,0.000000000000000000e+00,-2.184363800949995493e-14,1.000000000000000000e+00
2.179166666666666696e+00,0.000000000000000000e+00,0.000000000000000000e+00,7.834900000000000198e-01,0.000000000000000000e+00,0.000000000000000000e+00,-2.184363800949995493e-14,1.000000000000000000e+00
2.183333333333333126e+00,0.000000000000000000e+00,0.000000000000000000e+00,7.834900000000000198e-01,0.000000000000000000e+00,0.000000000000000000e+00,-2.184363800949995493e-14,1.000000000000000000e+00
2.187500000000000000e+00,0.000000000000000000e+00,0.000000000000000000e+00,7.834900000000000198e-01,0.000000000000000000e+00,0.000000000000000000e+00,-2.184363800949995493e-14,1.000000000000000000e+00
2.191666666666666430e+00,0.000000000000000000e+00,0.000000000000000000e+00,7.834900000000000198e-01,0.000000000000000000e+00,0.000000000000000000e+00,-2.184363800949995493e-14,1.000000000000000000e+00
2.195833333333333304e+00,0.000000000000000000e+00,0.000000000000000000e+00,7.834900000000000198e-01,0.000000000000000000e+00,0.000000000000000000e+00,-2.184363800949995493e-14,1.000000000000000000e+00
2.200000000000000178e+00,0.000000000000000000e+00,0.000000000000000000e+00,7.834900000000000198e-01,0.000000000000000000e+00,0.000000000000000000e+00,-2.184363800949995493e-14,1.000000000000000000e+00
2.204166666666666607e+00,0.000000000000000000e+00,0.000000000000000000e+00,7.834900000000000198e-01,0.000000000000000000e+00,0.000000000000000000e+00,-2.184363800949995493e-14,1.000000000000000000e+00
2.208333333333333481e+00,0.000000000000000000e+00,0.000000000000000000e+00,7.834900000000000198e-01,0.000000000000000000e+00,0.000000000000000000e+00,-2.184363800949995493e-14,1.000000000000000000e+00
2.212499999999999911e+00,0.000000000000000000e+00,0.000000000000000000e+00,7.834900000000000198e-01,0.000000000000000000e+00,0.000000000000000000e+00,-2.184363800949995493e-14,1.000000000000000000e+00
2.216666666666666785e+00,0.000000000000000000e+00,0.000000000000000000e+00,7.834900000000000198e-01,0.000000000000000000e+00,0.000000000000000000e+00,-2.184363800949995493e-14,1.000000000000000000e+00
2.220833333333333215e+00,0.000000000000000000e+00,0.000000000000000000e+00,7.834900000000000198e-01,0.000000000000000000e+00,0.000000000000000000e+00,-2.184363800949995493e-14,1.000000000000000000e+00
2.225000000000000089e+00,0.000000000000000000e+00,0.000000000000000000e+00,7.834900000000000198e-01,0.000000000000000000e+00,0.000000000000000000e+00,-2.184363800949995493e-14,1.000000000000000000e+00
2.229166666666666519e+00,0.000000000000000000e+00,0.000000000000000000e+00,7.834900000000000198e-01,0.000000000000000000e+00,0.000000000000000000e+00,-2.184363800949995493e-14,1.000000000000000000e+00
2.233333333333333393e+00,0.000000000000000000e+00,0.000000000000000000e+00,7.834900000000000198e-01,0.000000000000000000e+00,0.000000000000000000e+00,-2.184363800949995493e-14,1.000000000000000000e+00
2.237499999999999822e+00,0.000000000000000000e+00,0.000000000000000000e+00,7.834900000000000198e-01,0.000000000000000000e+00,0.000000000000000000e+00,-2.184363800949995493e-14,1.000000000000000000e+00
2.241666666666666696e+00,0.000000000000000000e+00,0.000000000000000000e+00,7.834900000000000198e-01,0.000000000000000000e+00,0.000000000000000000e+00,-2.184363800949995493e-14,1.000000000000000000e+00
2.245833333333333126e+00,0.000000000000000000e+00,0.000000000000000000e+00,7.834900000000000198e-01,0.000000000000000000e+00,0.000000000000000000e+00,-2.184363800949995493e-14,1.000000000000000000e+00
2.250000000000000000e+00,0.000000000000000000e+00,0.000000000000000000e+00,7.834900000000000198e-01,0.000000000000000000e+00,0.000000000000000000e+00,-2.184363800949995493e-14,1.000000000000000000e+00
2.254166666666666430e+00,0.000000000000000000e+00,0.000000000000000000e+00,7.834900000000000198e-01,0.000000000000000000e+00,0.000000000000000000e+00,-2.184363800949995493e-14,1.000000000000000000e+00
2.258333333333333304e+00,0.000000000000000000e+00,0.000000000000000000e+00,7.834900000000000198e-01,0.000000000000000000e+00,0.000000000000000000e+00,-2.184363800949995493e-14,1.000000000000000000e+00
2.262500000000000178e+00,0.000000000000000000e+00,0.000000000000000000e+00,7.834900000000000198e-01,0.000000000000000000e+00,0.000000000000000000e+00,-2.184363800949995493e-14,1.000000000000000000e+00
2.266666666666666607e+00,0.000000000000000000e+00,0.000000000000000000e+00,7.834900000000000198e-01,0.000000000000000000e+00,0.000000000000000000e+00,-2.184363800949995493e-14,1.000000000000000000e+00
2.270833333333333481e+00,0.000000000000000000e+00,0.000000000000000000e+00,7.834900000000000198e-01,0.000000000000000000e+00,0.000000000000000000e+00,-2.184363800949995493e-14,1.000000000000000000e+00
2.274999999999999911e+00,0.000000000000000000e+00,0.000000000000000000e+00,7.834900000000000198e-01,0.000000000000000000e+00,0.000000000000000000e+00,-2.184363800949995493e-14,1.000000000000000000e+00
2.279166666666666785e+00,0.000000000000000000e+00,0.000000000000000000e+00,7.834900000000000198e-01,0.000000000000000000e+00,0.000000000000000000e+00,-2.184363800949995493e-14,1.000000000000000000e+00
2.283333333333333215e+00,0.000000000000000000e+00,0.000000000000000000e+00,7.834900000000000198e-01,0.000000000000000000e+00,0.000000000000000000e+00,-2.184363800949995493e-14,1.000000000000000000e+00
2.287500000000000089e+00,0.000000000000000000e+00,0.000000000000000000e+00,7.834900000000000198e-01,0.000000000000000000e+00,0.000000000000000000e+00,-2.184363800949995493e-14,1.000000000000000000e+00
2.291666666666666519e+00,0.000000000000000000e+00,0.000000000000000000e+00,7.834900000000000198e-01,0.000000000000000000e+00,0.000000000000000000e+00,-2.184363800949995493e-14,1.000000000000000000e+00
2.295833333333333393e+00,0.000000000000000000e+00,0.000000000000000000e+00,7.834900000000000198e-01,0.000000000000000000e+00,0.000000000000000000e+00,-2.184363800949995493e-14,1.000000000000000000e+00
2.299999999999999822e+00,0.000000000000000000e+00,0.000000000000000000e+00,7.834900000000000198e-01,0.000000000000000000e+00,0.000000000000000000e+00,-2.184363800949995493e-14,1.000000000000000000e+00
2.304166666666666696e+00,0.000000000000000000e+00,0.000000000000000000e+00,7.834900000000000198e-01,0.000000000000000000e+00,0.000000000000000000e+00,-2.184363800949995493e-14,1.000000000000000000e+00
2.308333333333333126e+00,0.000000000000000000e+00,0.000000000000000000e+00,7.834900000000000198e-01,0.000000000000000000e+00,0.000000000000000000e+00,-2.184363800949995493e-14,1.000000000000000000e+00
2.312500000000000000e+00,0.000000000000000000e+00,0.000000000000000000e+00,7.834900000000000198e-01,0.000000000000000000e+00,0.000000000000000000e+00,-2.184363800949995493e-14,1.000000000000000000e+00
2.316666666666666430e+00,0.000000000000000000e+00,0.000000000000000000e+00,7.834900000000000198e-01,0.000000000000000000e+00,0.000000000000000000e+00,-2.184363800949995493e-14,1.000000000000000000e+00
2.320833333333333304e+00,0.000000000000000000e+00,0.000000000000000000e+00,7.834900000000000198e-01,0.000000000000000000e+00,0.000000000000000000e+00,-2.184363800949995493e-14,1.000000000000000000e+00
2.325000000000000178e+00,0.000000000000000000e+00,0.000000000000000000e+00,7.834900000000000198e-01,0.000000000000000000e+00,0.000000000000000000e+00,-2.184363800949995493e-14,1.000000000000000000e+00
2.329166666666666607e+00,0.000000000000000000e+00,0.000000000000000000e+00,7.834900000000000198e-01,0.000000000000000000e+00,0.000000000000000000e+00,-2.184363800949995493e-14,1.000000000000000000e+00
2.333333333333333481e+00,0.000000000000000000e+00,0.000000000000000000e+00,7.834900000000000198e-01,0.000000000000000000e+00,0.000000000000000000e+00,-2.184363800949995493e-14,1.000000000000000000e+00
2.337499999999999911e+00,0.000000000000000000e+00,0.000000000000000000e+00,7.834900000000000198e-01,0.000000000000000000e+00,0.000000000000000000e+00,-2.184363800949995493e-14,1.000000000000000000e+00
2.341666666666666785e+00,0.000000000000000000e+00,0.000000000000000000e+00,7.834900000000000198e-01,0.000000000000000000e+00,0.000000000000000000e+00,-2.184363800949995493e-14,1.000000000000000000e+00
2.345833333333333215e+00,0.000000000000000000e+00,0.000000000000000000e+00,7.834900000000000198e-01,0.000000000000000000e+00,0.000000000000000000e+00,-2.184363800949995493e-14,1.000000000000000000e+00
2.350000000000000089e+00,0.000000000000000000e+00,0.000000000000000000e+00,7.834900000000000198e-01,0.000000000000000000e+00,0.000000000000000000e+00,-2.184363800949995493e-14,1.000000000000000000e+00
2.354166666666666519e+00,0.000000000000000000e+00,0.000000000000000000e+00,7.834900000000000198e-01,0.000000000000000000e+00,0.000000000000000000e+00,-2.184363800949995493e-14,1.000000000000000000e+00
2.358333333333333393e+00,0.000000000000000000e+00,0.000000000000000000e+00,7.834900000000000198e-01,0.000000000000000000e+00,0.000000000000000000e+00,-2.184363800949995493e-14,1.000000000000000000e+00
2.362499999999999822e+00,0.000000000000000000e+00,0.000000000000000000e+00,7.834900000000000198e-01,0.000000000000000000e+00,0.000000000000000000e+00,-2.184363800949995493e-14,1.000000000000000000e+00
2.366666666666666696e+00,0.000000000000000000e+00,0.000000000000000000e+00,7.834900000000000198e-01,0.000000000000000000e+00,0.000000000000000000e+00,-2.184363800949995493e-14,1.000000000000000000e+00
2.370833333333333126e+00,0.000000000000000000e+00,0.000000000000000000e+00,7.834900000000000198e-01,0.000000000000000000e+00,0.000000000000000000e+00,-2.184363800949995493e-14,1.000000000000000000e+00
2.375000000000000000e+00,0.000000000000000000e+00,0.000000000000000000e+00,7.834900000000000198e-01,0.000000000000000000e+00,0.000000000000000000e+00,-2.184363800949995493e-14,1.000000000000000000e+00
2.379166666666666430e+00,0.000000000000000000e+00,0.000000000000000000e+00,7.834900000000000198e-01,0.000000000000000000e+00,0.000000000000000000e+00,-2.184363800949995493e-14,1.000000000000000000e+00
2.383333333333333304e+00,0.000000000000000000e+00,0.000000000000000000e+00,7.834900000000000198e-01,0.000000000000000000e+00,0.000000000000000000e+00,-2.184363800949995493e-14,1.000000000000000000e+00
2.387500000000000178e+00,0.000000000000000000e+00,0.000000000000000000e+00,7.834900000000000198e-01,0.000000000000000000e+00,0.000000000000000000e+00,-2.184363800949995493e-14,1.000000000000000000e+00
2.391666666666666607e+00,0.000000000000000000e+00,0.000000000000000000e+00,7.834900000000000198e-01,0.000000000000000000e+00,0.000000000000000000e+00,-2.184363800949995493e-14,1.000000000000000000e+00
2.395833333333333481e+00,0.000000000000000000e+00,0.000000000000000000e+00,7.834900000000000198e-01,0.000000000000000000e+00,0.000000000000000000e+00,-2.184363800949995493e-14,1.000000000000000000e+00
2.399999999999999911e+00,0.000000000000000000e+00,0.000000000000000000e+00,7.834900000000000198e-01,0.000000000000000000e+00,0.000000000000000000e+00,-2.184363800949995493e-14,1.000000000000000000e+00
2.404166666666666785e+00,0.000000000000000000e+00,0.000000000000000000e+00,7.834900000000000198e-01,0.000000000000000000e+00,0.000000000000000000e+00,-2.184363800949995493e-14,1.000000000000000000e+00
2.408333333333333215e+00,0.000000000000000000e+00,0.000000000000000000e+00,7.834900000000000198e-01,0.000000000000000000e+00,0.000000000000000000e+00,-2.184363800949995493e-14,1.000000000000000000e+00
2.412500000000000089e+00,0.000000000000000000e+00,0.000000000000000000e+00,7.834900000000000198e-01,0.000000000000000000e+00,0.000000000000000000e+00,-2.184363800949995493e-14,1.000000000000000000e+00
2.416666666666666519e+00,0.000000000000000000e+00,0.000000000000000000e+00,7.834900000000000198e-01,0.000000000000000000e+00,0.000000000000000000e+00,-2.184363800949995493e-14,1.000000000000000000e+00
2.420833333333333393e+00,0.000000000000000000e+00,0.000000000000000000e+00,7.834900000000000198e-01,0.000000000000000000e+00,0.000000000000000000e+00,-2.184363800949995493e-14,1.000000000000000000e+00
2.424999999999999822e+00,0.000000000000000000e+00,0.000000000000000000e+00,7.834900000000000198e-01,0.000000000000000000e+00,0.000000000000000000e+00,-2.184363800949995493e-14,1.000000000000000000e+00
2.429166666666666696e+00,0.000000000000000000e+00,0.000000000000000000e+00,7.834900000000000198e-01,0.000000000000000000e+00,0.000000000000000000e+00,-2.184363800949995493e-14,1.000000000000000000e+00
2.433333333333333126e+00,0.000000000000000000e+00,0.000000000000000000e+00,7.834900000000000198e-01,0.000000000000000000e+00,0.000000000000000000e+00,-2.184363800949995493e-14,1.000000000000000000e+00
2.437500000000000000e+00,0.000000000000000000e+00,0.000000000000000000e+00,7.834900000000000198e-01,0.000000000000000000e+00,0.000000000000000000e+00,-2.184363800949995493e-14,1.000000000000000000e+00
2.441666666666666430e+00,0.000000000000000000e+00,0.000000000000000000e+00,7.834900000000000198e-01,0.000000000000000000e+00,0.000000000000000000e+00,-2.184363800949995493e-14,1.000000000000000000e+00
2.445833333333333304e+00,0.000000000000000000e+00,0.000000000000000000e+00,7.834900000000000198e-01,0.000000000000000000e+00,0.000000000000000000e+00,-2.184363800949995493e-14,1.000000000000000000e+00
2.450000000000000178e+00,0.000000000000000000e+00,0.000000000000000000e+00,7.834900000000000198e-01,0.000000000000000000e+00,0.000000000000000000e+00,-2.184363800949995493e-14,1.000000000000000000e+00
2.454166666666666607e+00,0.000000000000000000e+00,0.000000000000000000e+00,7.834900000000000198e-01,0.000000000000000000e+00,0.000000000000000000e+00,-2.184363800949995493e-14,1.000000000000000000e+00
2.458333333333333481e+00,0.000000000000000000e+00,0.000000000000000000e+00,7.834900000000000198e-01,0.000000000000000000e+00,0.000000000000000000e+00,-2.184363800949995493e-14,1.000000000000000000e+00
2.462499999999999911e+00,0.000000000000000000e+00,0.000000000000000000e+00,7.834900000000000198e-01,0.000000000000000000e+00,0.000000000000000000e+00,-2.184363800949995493e-14,1.000000000000000000e+00
2.466666666666666785e+00,0.000000000000000000e+00,0.000000000000000000e+00,7.834900000000000198e-01,0.000000000000000000e+00,0.000000000000000000e+00,-2.184363800949995493e-14,1.000000000000000000e+00
2.470833333333333215e+00,0.000000000000000000e+00,0.000000000000000000e+00,7.834900000000000198e-01,0.000000000000000000e+00,0.000000000000000000e+00,-2.184363800949995493e-14,1.000000000000000000e+00
2.475000000000000089e+00,0.000000000000000000e+00,0.000000000000000000e+00,7.834900000000000198e-01,0.000000000000000000e+00,0.000000000000000000e+00,-2.184363800949995493e-14,1.000000000000000000e+00
2.479166666666666519e+00,0.000000000000000000e+00,0.000000000000000000e+00,7.834900000000000198e-01,0.000000000000000000e+00,0.000000000000000000e+00,-2.184363800949995493e-14,1.000000000000000000e+00
2.483333333333333393e+00,0.000000000000000000e+00,0.000000000000000000e+00,7.834900000000000198e-01,0.000000000000000000e+00,0.000000000000000000e+00,-2.184363800949995493e-14,1.000000000000000000e+00
2.487499999999999822e+00,0.000000000000000000e+00,0.000000000000000000e+00,7.834900000000000198e-01,0.000000000000000000e+00,0.000000000000000000e+00,-2.184363800949995493e-14,1.000000000000000000e+00
2.491666666666666696e+00,0.000000000000000000e+00,0.000000000000000000e+00,7.834900000000000198e-01,0.000000000000000000e+00,0.000000000000000000e+00,-2.184363800949995493e-14,1.000000000000000000e+00
2.495833333333333126e+00,0.000000000000000000e+00,0.000000000000000000e+00,7.834900000000000198e-01,0.000000000000000000e+00,0.000000000000000000e+00,-2.184363800949995493e-14,1.000000000000000000e+00
2.500000000000000000e+00,0.000000000000000000e+00,0.000000000000000000e+00,7.834900000000000198e-01,0.000000000000000000e+00,0.000000000000000000e+00,-2.184363800949995493e-14,1.000000000000000000e+00
2.504166666666666430e+00,0.000000000000000000e+00,0.000000000000000000e+00,7.834900000000000198e-01,0.000000000000000000e+00,0.000000000000000000e+00,-2.184363800949995493e-14,1.000000000000000000e+00
2.508333333333333304e+00,0.000000000000000000e+00,0.000000000000000000e+00,7.834900000000000198e-01,0.000000000000000000e+00,0.000000000000000000e+00,-2.184363800949995493e-14,1.000000000000000000e+00
2.512500000000000178e+00,0.000000000000000000e+00,0.000000000000000000e+00,7.834900000000000198e-01,0.000000000000000000e+00,0.000000000000000000e+00,-2.184363800949995493e-14,1.000000000000000000e+00
2.516666666666666607e+00,0.000000000000000000e+00,0.000000000000000000e+00,7.834900000000000198e-01,0.000000000000000000e+00,0.000000000000000000e+00,-2.184363800949995493e-14,1.000000000000000000e+00
2.520833333333333481e+00,0.000000000000000000e+00,0.000000000000000000e+00,7.834900000000000198e-01,0.000000000000000000e+00,0.000000000000000000e+00,-2.184363800949995493e-14,1.000000000000000000e+00
2.524999999999999911e+00,0.000000000000000000e+00,0.000000000000000000e+00,7.834900000000000198e-01,0.000000000000000000e+00,0.000000000000000000e+00,-2.184363800949995493e-14,1.000000000000000000e+00
2.529166666666666785e+00,0.000000000000000000e+00,0.000000000000000000e+00,7.834900000000000198e-01,0.000000000000000000e+00,0.000000000000000000e+00,-2.184363800949995493e-14,1.000000000000000000e+00
2.533333333333333215e+00,0.000000000000000000e+00,0.000000000000000000e+00,7.834900000000000198e-01,0.000000000000000000e+00,0.000000000000000000e+00,-2.184363800949995493e-14,1.000000000000000000e+00
2.537500000000000089e+00,0.000000000000000000e+00,0.000000000000000000e+00,7.834900000000000198e-01,0.000000000000000000e+00,0.000000000000000000e+00,-2.184363800949995493e-14,1.000000000000000000e+00
2.541666666666666519e+00,0.000000000000000000e+00,0.000000000000000000e+00,7.834900000000000198e-01,0.000000000000000000e+00,0.000000000000000000e+00,-2.184363800949995493e-14,1.000000000000000000e+00
2.545833333333333393e+00,0.000000000000000000e+00,0.000000000000000000e+00,7.834900000000000198e-01,0.000000000000000000e+00,0.000000000000000000e+00,-2.184363800949995493e-14,1.000000000000000000e+00
2.549999999999999822e+00,0.000000000000000000e+00,0.000000000000000000e+00,7.834900000000000198e-01,0.000000000000000000e+00,0.000000000000000000e+00,-2.184363800949995493e-14,1.000000000000000000e+00
2.554166666666666696e+00,0.000000000000000000e+00,0.000000000000000000e+00,7.834900000000000198e-01,0.000000000000000000e+00,0.000000000000000000e+00,-2.184363800949995493e-14,1.000000000000000000e+00
2.558333333333333126e+00,0.000000000000000000e+00,0.000000000000000000e+00,7.834900000000000198e-01,0.000000000000000000e+00,0.000000000000000000e+00,-2.184363800949995493e-14,1.000000000000000000e+00
2.562500000000000000e+00,0.000000000000000000e+00,0.000000000000000000e+00,7.834900000000000198e-01,0.000000000000000000e+00,0.000000000000000000e+00,-2.184363800949995493e-14,1.000000000000000000e+00
2.566666666666666430e+00,0.000000000000000000e+00,0.000000000000000000e+00,7.834900000000000198e-01,0.000000000000000000e+00,0.000000000000000000e+00,-2.184363800949995493e-14,1.000000000000000000e+00
2.570833333333333304e+00,0.000000000000000000e+00,0.000000000000000000e+00,7.834900000000000198e-01,0.000000000000000000e+00,0.000000000000000000e+00,-2.184363800949995493e-14,1.000000000000000000e+00
2.575000000000000178e+00,0.000000000000000000e+00,0.000000000000000000e+00,7.834900000000000198e-01,0.000000000000000000e+00,0.000000000000000000e+00,-2.184363800949995493e-14,1.000000000000000000e+00
2.579166666666666607e+00,0.000000000000000000e+00,0.000000000000000000e+00,7.834900000000000198e-01,0.000000000000000000e+00,0.000000000000000000e+00,-2.184363800949995493e-14,1.000000000000000000e+00
2.583333333333333481e+00,0.000000000000000000e+00,0.000000000000000000e+00,7.834900000000000198e-01,0.000000000000000000e+00,0.000000000000000000e+00,-2.184363800949995493e-14,1.000000000000000000e+00
2.587499999999999911e+00,0.000000000000000000e+00,0.000000000000000000e+00,7.834900000000000198e-01,0.000000000000000000e+00,0.000000000000000000e+00,-2.184363800949995493e-14,1.000000000000000000e+00
2.591666666666666785e+00,0.000000000000000000e+00,0.000000000000000000e+00,7.834900000000000198e-01,0.000000000000000000e+00,0.000000000000000000e+00,-2.184363800949995493e-14,1.000000000000000000e+00
2.595833333333333215e+00,0.000000000000000000e+00,0.000000000000000000e+00,7.834900000000000198e-01,0.000000000000000000e+00,0.000000000000000000e+00,-2.184363800949995493e-14,1.000000000000000000e+00
2.600000000000000089e+00,0.000000000000000000e+00,0.000000000000000000e+00,7.834900000000000198e-01,0.000000000000000000e+00,0.000000000000000000e+00,-2.184363800949995493e-14,1.000000000000000000e+00
2.604166666666666519e+00,0.000000000000000000e+00,0.000000000000000000e+00,7.834900000000000198e-01,0.000000000000000000e+00,0.000000000000000000e+00,-2.184363800949995493e-14,1.000000000000000000e+00
2.608333333333333393e+00,0.000000000000000000e+00,0.000000000000000000e+00,7.834900000000000198e-01,0.000000000000000000e+00,0.000000000000000000e+00,-2.184363800949995493e-14,1.000000000000000000e+00
2.612499999999999822e+00,0.000000000000000000e+00,0.000000000000000000e+00,7.834900000000000198e-01,0.000000000000000000e+00,0.000000000000000000e+00,-2.184363800949995493e-14,1.000000000000000000e+00
2.616666666666666696e+00,0.000000000000000000e+00,0.000000000000000000e+00,7.834900000000000198e-01,0.000000000000000000e+00,0.000000000000000000e+00,-2.184363800949995493e-14,1.000000000000000000e+00
2.620833333333333126e+00,0.000000000000000000e+00,0.000000000000000000e+00,7.834900000000000198e-01,0.000000000000000000e+00,0.000000000000000000e+00,-2.184363800949995493e-14,1.000000000000000000e+00
2.625000000000000000e+00,0.000000000000000000e+00,0.000000000000000000e+00,7.834900000000000198e-01,0.000000000000000000e+00,0.000000000000000000e+00,-2.184363800949995493e-14,1.000000000000000000e+00
2.629166666666666430e+00,0.000000000000000000e+00,0.000000000000000000e+00,7.834900000000000198e-01,0.000000000000000000e+00,0.000000000000000000e+00,-2.184363800949995493e-14,1.000000000000000000e+00
2.633333333333333304e+00,0.000000000000000000e+00,0.000000000000000000e+00,7.834900000000000198e-01,0.000000000000000000e+00,0.000000000000000000e+00,-2.184363800949995493e-14,1.000000000000000000e+00
2.637500000000000178e+00,0.000000000000000000e+00,0.000000000000000000e+00,7.834900000000000198e-01,0.000000000000000000e+00,0.000000000000000000e+00,-2.184363800949995493e-14,1.000000000000000000e+00
2.641666666666666607e+00,0.000000000000000000e+00,0.000000000000000000e+00,7.834900000000000198e-01,0.000000000000000000e+00,0.000000000000000000e+00,-2.184363800949995493e-14,1.000000000000000000e+00
2.645833333333333481e+00,0.000000000000000000e+00,0.000000000000000000e+00,7.834900000000000198e-01,0.000000000000000000e+00,0.000000000000000000e+00,-2.184363800949995493e-14,1.000000000000000000e+00
2.649999999999999911e+00,0.000000000000000000e+00,0.000000000000000000e+00,7.834900000000000198e-01,0.000000000000000000e+00,0.000000000000000000e+00,-2.184363800949995493e-14,1.000000000000000000e+00
2.654166666666666785e+00,0.000000000000000000e+00,0.000000000000000000e+00,7.834900000000000198e-01,0.000000000000000000e+00,0.000000000000000000e+00,-2.184363800949995493e-14,1.000000000000000000e+00
2.658333333333333215e+00,0.000000000000000000e+00,0.000000000000000000e+00,7.834900000000000198e-01,0.000000000000000000e+00,0.000000000000000000e+00,-2.184363800949995493e-14,1.000000000000000000e+00
2.662500000000000089e+00,0.000000000000000000e+00,0.000000000000000000e+00,7.834900000000000198e-01,0.000000000000000000e+00,0.000000000000000000e+00,-2.184363800949995493e-14,1.000000000000000000e+00
2.666666666666666519e+00,0.000000000000000000e+00,0.000000000000000000e+00,7.834900000000000198e-01,0.000000000000000000e+00,0.000000000000000000e+00,-2.184363800949995493e-14,1.000000000000000000e+00
2.670833333333333393e+00,0.000000000000000000e+00,0.000000000000000000e+00,7.834900000000000198e-01,0.000000000000000000e+00,0.000000000000000000e+00,-2.184363800949995493e-14,1.000000000000000000e+00
2.674999999999999822e+00,0.000000000000000000e+00,0.000000000000000000e+00,7.834900000000000198e-01,0.000000000000000000e+00,0.000000000000000000e+00,-2.184363800949995493e-14,1.000000000000000000e+00
2.679166666666666696e+00,0.000000000000000000e+00,0.000000000000000000e+00,7.834900000000000198e-01,0.000000000000000000e+00,0.000000000000000000e+00,-2.184363800949995493e-14,1.000000000000000000e+00
2.683333333333333126e+00,0.000000000000000000e+00,0.000000000000000000e+00,7.834900000000000198e-01,0.000000000000000000e+00,0.000000000000000000e+00,-2.184363800949995493e-14,1.000000000000000000e+00
2.687500000000000000e+00,0.000000000000000000e+00,0.000000000000000000e+00,7.834900000000000198e-01,0.000000000000000000e+00,0.000000000000000000e+00,-2.184363800949995493e-14,1.000000000000000000e+00
2.691666666666666430e+00,0.000000000000000000e+00,0.000000000000000000e+00,7.834900000000000198e-01,0.000000000000000000e+00,0.000000000000000000e+00,-2.184363800949995493e-14,1.000000000000000000e+00
2.695833333333333304e+00,0.000000000000000000e+00,0.000000000000000000e+00,7.834900000000000198e-01,0.000000000000000000e+00,0.000000000000000000e+00,-2.184363800949995493e-14,1.000000000000000000e+00
2.700000000000000178e+00,0.000000000000000000e+00,0.000000000000000000e+00,7.834900000000000198e-01,0.000000000000000000e+00,0.000000000000000000e+00,-2.184363800949995493e-14,1.000000000000000000e+00
2.704166666666666607e+00,0.000000000000000000e+00,0.000000000000000000e+00,7.834900000000000198e-01,0.000000000000000000e+00,0.000000000000000000e+00,-2.184363800949995493e-14,1.000000000000000000e+00
2.708333333333333481e+00,0.000000000000000000e+00,0.000000000000000000e+00,7.834900000000000198e-01,0.000000000000000000e+00,0.000000000000000000e+00,-2.184363800949995493e-14,1.000000000000000000e+00
2.712499999999999911e+00,0.000000000000000000e+00,0.000000000000000000e+00,7.834900000000000198e-01,0.000000000000000000e+00,0.000000000000000000e+00,-2.184363800949995493e-14,1.000000000000000000e+00
2.716666666666666785e+00,0.000000000000000000e+00,0.000000000000000000e+00,7.834900000000000198e-01,0.000000000000000000e+00,0.000000000000000000e+00,-2.184363800949995493e-14,1.000000000000000000e+00
2.720833333333333215e+00,0.000000000000000000e+00,0.000000000000000000e+00,7.834900000000000198e-01,0.000000000000000000e+00,0.000000000000000000e+00,-2.184363800949995493e-14,1.000000000000000000e+00
2.725000000000000089e+00,0.000000000000000000e+00,0.000000000000000000e+00,7.834900000000000198e-01,0.000000000000000000e+00,0.000000000000000000e+00,-2.184363800949995493e-14,1.000000000000000000e+00
2.729166666666666519e+00,0.000000000000000000e+00,0.000000000000000000e+00,7.834900000000000198e-01,0.000000000000000000e+00,0.000000000000000000e+00,-2.184363800949995493e-14,1.000000000000000000e+00
2.733333333333333393e+00,0.000000000000000000e+00,0.000000000000000000e+00,7.834900000000000198e-01,0.000000000000000000e+00,0.000000000000000000e+00,-2.184363800949995493e-14,1.000000000000000000e+00
2.737499999999999822e+00,0.000000000000000000e+00,0.000000000000000000e+00,7.834900000000000198e-01,0.000000000000000000e+00,0.000000000000000000e+00,-2.184363800949995493e-14,1.000000000000000000e+00
2.741666666666666696e+00,0.000000000000000000e+00,0.000000000000000000e+00,7.834900000000000198e-01,0.000000000000000000e+00,0.000000000000000000e+00,-2.184363800949995493e-14,1.000000000000000000e+00
2.745833333333333126e+00,0.000000000000000000e+00,0.000000000000000000e+00,7.834900000000000198e-01,0.000000000000000000e+00,0.000000000000000000e+00,-2.184363800949995493e-14,1.000000000000000000e+00
2.750000000000000000e+00,0.000000000000000000e+00,0.000000000000000000e+00,7.834900000000000198e-01,0.000000000000000000e+00,0.000000000000000000e+00,-2.184363800949995493e-14,1.000000000000000000e+00
2.754166666666666430e+00,0.000000000000000000e+00,0.000000000000000000e+00,7.834900000000000198e-01,0.000000000000000000e+00,0.000000000000000000e+00,-2.184363800949995493e-14,1.000000000000000000e+00
2.758333333333333304e+00,0.000000000000000000e+00,0.000000000000000000e+00,7.834900000000000198e-01,0.000000000000000000e+00,0.000000000000000000e+00,-2.184363800949995493e-14,1.000000000000000000e+00
2.762500000000000178e+00,0.000000000000000000e+00,0.000000000000000000e+00,7.834900000000000198e-01,0.000000000000000000e+00,0.000000000000000000e+00,-2.184363800949995493e-14,1.000000000000000000e+00
2.766666666666666607e+00,0.000000000000000000e+00,0.000000000000000000e+00,7.834900000000000198e-01,0.000000000000000000e+00,0.000000000000000000e+00,-2.184363800949995493e-14,1.000000000000000000e+00
2.770833333333333481e+00,0.000000000000000000e+00,0.000000000000000000e+00,7.834900000000000198e-01,0.000000000000000000e+00,0.000000000000000000e+00,-2.184363800949995493e-14,1.000000000000000000e+00
2.774999999999999911e+00,0.000000000000000000e+00,0.000000000000000000e+00,7.834900000000000198e-01,0.000000000000000000e+00,0.000000000000000000e+00,-2.184363800949995493e-14,1.000000000000000000e+00
2.779166666666666785e+00,0.000000000000000000e+00,0.000000000000000000e+00,7.834900000000000198e-01,0.000000000000000000e+00,0.000000000000000000e+00,-2.184363800949995493e-14,1.000000000000000000e+00
2.783333333333333215e+00,0.000000000000000000e+00,0.000000000000000000e+00,7.834900000000000198e-01,0.000000000000000000e+00,0.000000000000000000e+00,-2.184363800949995493e-14,1.000000000000000000e+00
2.787500000000000089e+00,0.000000000000000000e+00,0.000000000000000000e+00,7.834900000000000198e-01,0.000000000000000000e+00,0.000000000000000000e+00,-2.184363800949995493e-14,1.000000000000000000e+00
2.791666666666666519e+00,0.000000000000000000e+00,0.000000000000000000e+00,7.834900000000000198e-01,0.000000000000000000e+00,0.000000000000000000e+00,-2.184363800949995493e-14,1.000000000000000000e+00
2.795833333333333393e+00,0.000000000000000000e+00,0.000000000000000000e+00,7.834900000000000198e-01,0.000000000000000000e+00,0.000000000000000000e+00,-2.184363800949995493e-14,1.000000000000000000e+00
2.799999999999999822e+00,0.000000000000000000e+00,0.000000000000000000e+00,7.834900000000000198e-01,0.000000000000000000e+00,0.000000000000000000e+00,-2.184363800949995493e-14,1.000000000000000000e+00
2.804166666666666696e+00,0.000000000000000000e+00,0.000000000000000000e+00,7.834900000000000198e-01,0.000000000000000000e+00,0.000000000000000000e+00,-2.184363800949995493e-14,1.000000000000000000e+00
2.808333333333333126e+00,0.000000000000000000e+00,0.000000000000000000e+00,7.834900000000000198e-01,0.000000000000000000e+00,0.000000000000000000e+00,-2.184363800949995493e-14,1.000000000000000000e+00
2.812500000000000000e+00,0.000000000000000000e+00,0.000000000000000000e+00,7.834900000000000198e-01,0.000000000000000000e+00,0.000000000000000000e+00,-2.184363800949995493e-14,1.000000000000000000e+00
2.816666666666666430e+00,0.000000000000000000e+00,0.000000000000000000e+00,7.834900000000000198e-01,0.000000000000000000e+00,0.000000000000000000e+00,-2.184363800949995493e-14,1.000000000000000000e+00
2.820833333333333304e+00,0.000000000000000000e+00,0.000000000000000000e+00,7.834900000000000198e-01,0.000000000000000000e+00,0.000000000000000000e+00,-2.184363800949995493e-14,1.000000000000000000e+00
2.825000000000000178e+00,0.000000000000000000e+00,0.000000000000000000e+00,7.834900000000000198e-01,0.000000000000000000e+00,0.000000000000000000e+00,-2.184363800949995493e-14,1.000000000000000000e+00
2.829166666666666607e+00,0.000000000000000000e+00,0.000000000000000000e+00,7.834900000000000198e-01,0.000000000000000000e+00,0.000000000000000000e+00,-2.184363800949995493e-14,1.000000000000000000e+00
2.833333333333333481e+00,0.000000000000000000e+00,0.000000000000000000e+00,7.834900000000000198e-01,0.000000000000000000e+00,0.000000000000000000e+00,-2.184363800949995493e-14,1.000000000000000000e+00
2.837499999999999911e+00,0.000000000000000000e+00,0.000000000000000000e+00,7.834900000000000198e-01,0.000000000000000000e+00,0.000000000000000000e+00,-2.184363800949995493e-14,1.000000000000000000e+00
2.841666666666666785e+00,0.000000000000000000e+00,0.000000000000000000e+00,7.834900000000000198e-01,0.000000000000000000e+00,0.000000000000000000e+00,-2.184363800949995493e-14,1.000000000000000000e+00
2.845833333333333215e+00,0.000000000000000000e+00,0.000000000000000000e+00,7.834900000000000198e-01,0.000000000000000000e+00,0.000000000000000000e+00,-2.184363800949995493e-14,1.000000000000000000e+00
2.850000000000000089e+00,0.000000000000000000e+00,0.000000000000000000e+00,7.834900000000000198e-01,0.000000000000000000e+00,0.000000000000000000e+00,-2.184363800949995493e-14,1.000000000000000000e+00
2.854166666666666519e+00,0.000000000000000000e+00,0.000000000000000000e+00,7.834900000000000198e-01,0.000000000000000000e+00,0.000000000000000000e+00,-2.184363800949995493e-14,1.000000000000000000e+00
2.858333333333333393e+00,0.000000000000000000e+00,0.000000000000000000e+00,7.834900000000000198e-01,0.000000000000000000e+00,0.000000000000000000e+00,-2.184363800949995493e-14,1.000000000000000000e+00
2.862499999999999822e+00,0.000000000000000000e+00,0.000000000000000000e+00,7.834900000000000198e-01,0.000000000000000000e+00,0.000000000000000000e+00,-2.184363800949995493e-14,1.000000000000000000e+00
2.866666666666666696e+00,0.000000000000000000e+00,0.000000000000000000e+00,7.834900000000000198e-01,0.000000000000000000e+00,0.000000000000000000e+00,-2.184363800949995493e-14,1.000000000000000000e+00
2.870833333333333126e+00,0.000000000000000000e+00,0.000000000000000000e+00,7.834900000000000198e-01,0.000000000000000000e+00,0.000000000000000000e+00,-2.184363800949995493e-14,1.000000000000000000e+00
2.875000000000000000e+00,0.000000000000000000e+00,0.000000000000000000e+00,7.834900000000000198e-01,0.000000000000000000e+00,0.000000000000000000e+00,-2.184363800949995493e-14,1.000000000000000000e+00
2.879166666666666430e+00,0.000000000000000000e+00,0.000000000000000000e+00,7.834900000000000198e-01,0.000000000000000000e+00,0.000000000000000000e+00,-2.184363800949995493e-14,1.000000000000000000e+00
2.883333333333333304e+00,0.000000000000000000e+00,0.000000000000000000e+00,7.834900000000000198e-01,0.000000000000000000e+00,0.000000000000000000e+00,-2.184363800949995493e-14,1.000000000000000000e+00
2.887500000000000178e+00,0.000000000000000000e+00,0.000000000000000000e+00,7.834900000000000198e-01,0.000000000000000000e+00,0.000000000000000000e+00,-2.184363800949995493e-14,1.000000000000000000e+00
2.891666666666666607e+00,0.000000000000000000e+00,0.000000000000000000e+00,7.834900000000000198e-01,0.000000000000000000e+00,0.000000000000000000e+00,-2.184363800949995493e-14,1.000000000000000000e+00
2.895833333333333481e+00,0.000000000000000000e+00,0.000000000000000000e+00,7.834900000000000198e-01,0.000000000000000000e+00,0.000000000000000000e+00,-2.184363800949995493e-14,1.000000000000000000e+00
2.899999999999999911e+00,0.000000000000000000e+00,0.000000000000000000e+00,7.834900000000000198e-01,0.000000000000000000e+00,0.000000000000000000e+00,-2.184363800949995493e-14,1.000000000000000000e+00
2.904166666666666785e+00,0.000000000000000000e+00,0.000000000000000000e+00,7.834900000000000198e-01,0.000000000000000000e+00,0.000000000000000000e+00,-2.184363800949995493e-14,1.000000000000000000e+00
2.908333333333333215e+00,0.000000000000000000e+00,0.000000000000000000e+00,7.834900000000000198e-01,0.000000000000000000e+00,0.000000000000000000e+00,-2.184363800949995493e-14,1.000000000000000000e+00
2.912500000000000089e+00,0.000000000000000000e+00,0.000000000000000000e+00,7.834900000000000198e-01,0.000000000000000000e+00,0.000000000000000000e+00,-2.184363800949995493e-14,1.000000000000000000e+00
2.916666666666666519e+00,0.000000000000000000e+00,0.000000000000000000e+00,7.834900000000000198e-01,0.000000000000000000e+00,0.000000000000000000e+00,-2.184363800949995493e-14,1.000000000000000000e+00
2.920833333333333393e+00,0.000000000000000000e+00,0.000000000000000000e+00,7.834900000000000198e-01,0.000000000000000000e+00,0.000000000000000000e+00,-2.184363800949995493e-14,1.000000000000000000e+00
2.924999999999999822e+00,0.000000000000000000e+00,0.000000000000000000e+00,7.834900000000000198e-01,0.000000000000000000e+00,0.000000000000000000e+00,-2.184363800949995493e-14,1.000000000000000000e+00
2.929166666666666696e+00,0.000000000000000000e+00,0.000000000000000000e+00,7.834900000000000198e-01,0.000000000000000000e+00,0.000000000000000000e+00,-2.184363800949995493e-14,1.000000000000000000e+00
2.933333333333333126e+00,0.000000000000000000e+00,0.000000000000000000e+00,7.834900000000000198e-01,0.000000000000000000e+00,0.000000000000000000e+00,-2.184363800949995493e-14,1.000000000000000000e+00
2.937500000000000000e+00,0.000000000000000000e+00,0.000000000000000000e+00,7.834900000000000198e-01,0.000000000000000000e+00,0.000000000000000000e+00,-2.184363800949995493e-14,1.000000000000000000e+00
2.941666666666666430e+00,0.000000000000000000e+00,0.000000000000000000e+00,7.834900000000000198e-01,0.000000000000000000e+00,0.000000000000000000e+00,-2.184363800949995493e-14,1.000000000000000000e+00
2.945833333333333304e+00,0.000000000000000000e+00,0.000000000000000000e+00,7.834900000000000198e-01,0.000000000000000000e+00,0.000000000000000000e+00,-2.184363800949995493e-14,1.000000000000000000e+00
2.950000000000000178e+00,0.000000000000000000e+00,0.000000000000000000e+00,7.834900000000000198e-01,0.000000000000000000e+00,0.000000000000000000e+00,-2.184363800949995493e-14,1.000000000000000000e+00
2.954166666666666607e+00,0.000000000000000000e+00,0.000000000000000000e+00,7.834900000000000198e-01,0.000000000000000000e+00,0.000000000000000000e+00,-2.184363800949995493e-14,1.000000000000000000e+00
2.958333333333333481e+00,0.000000000000000000e+00,0.000000000000000000e+00,7.834900000000000198e-01,0.000000000000000000e+00,0.000000000000000000e+00,-2.184363800949995493e-14,1.000000000000000000e+00
2.962499999999999911e+00,0.000000000000000000e+00,0.000000000000000000e+00,7.834900000000000198e-01,0.000000000000000000e+00,0.000000000000000000e+00,-2.184363800949995493e-14,1.000000000000000000e+00
2.966666666666666785e+00,0.000000000000000000e+00,0.000000000000000000e+00,7.834900000000000198e-01,0.000000000000000000e+00,0.000000000000000000e+00,-2.184363800949995493e-14,1.000000000000000000e+00
2.970833333333333215e+00,0.000000000000000000e+00,0.000000000000000000e+00,7.834900000000000198e-01,0.000000000000000000e+00,0.000000000000000000e+00,-2.184363800949995493e-14,1.000000000000000000e+00
2.975000000000000089e+00,0.000000000000000000e+00,0.000000000000000000e+00,7.834900000000000198e-01,0.000000000000000000e+00,0.000000000000000000e+00,-2.184363800949995493e-14,1.000000000000000000e+00
2.979166666666666519e+00,0.000000000000000000e+00,0.000000000000000000e+00,7.834900000000000198e-01,0.000000000000000000e+00,0.000000000000000000e+00,-2.184363800949995493e-14,1.000000000000000000e+00
2.983333333333333393e+00,0.000000000000000000e+00,0.000000000000000000e+00,7.834900000000000198e-01,0.000000000000000000e+00,0.000000000000000000e+00,-2.184363800949995493e-14,1.000000000000000000e+00
2.987499999999999822e+00,0.000000000000000000e+00,0.000000000000000000e+00,7.834900000000000198e-01,0.000000000000000000e+00,0.000000000000000000e+00,-2.184363800949995493e-14,1.000000000000000000e+00
2.991666666666666696e+00,0.000000000000000000e+00,0.000000000000000000e+00,7.834900000000000198e-01,0.000000000000000000e+00,0.000000000000000000e+00,-2.184363800949995493e-14,1.000000000000000000e+00
2.995833333333333126e+00,0.000000000000000000e+00,0.000000000000000000e+00,7.834900000000000198e-01,0.000000000000000000e+00,0.000000000000000000e+00,-2.184363800949995493e-14,1.000000000000000000e+00
3.000000000000000000e+00,0.000000000000000000e+00,0.000000000000000000e+00,7.834900000000000198e-01,0.000000000000000000e+00,0.000000000000000000e+00,-2.184363800949995493e-14,1.000000000000000000e+00
