time,x,y,z,vx,vy,vz,num_table_contacts
0.000000000000000000e+00,-1.199999999999999956e-01,-4.000000000000000083e-02,1.550000000000000044e+00,8.000000000000000167e-02,2.999999999999999889e-02,0.000000000000000000e+00,0.000000000000000000e+00
2.083333333333333304e-03,-1.198333476230061256e-01,-3.993750535862729961e-02,1.549968077792717835e+00,7.999085400764748000e-02,2.999657025286779979e-02,-2.043005857421236263e-02,0.000000000000000000e+00
4.166666666666666609e-03,-1.196667144152431667e-01,-3.987501790571618132e-02,1.549893596644540184e+00,7.998163179557121749e-02,2.999311192333919962e-02,-4.085775974448512676e-02,0.000000000000000000e+00
6.250000000000000347e-03,-1.195001007356789602e-01,-3.981253777587959869e-02,1.549776561629990779e+00,7.997220569583098071e-02,2.998957713593661256e-02,-6.128299736112746698e-02,0.000000000000000000e+00
8.333333333333333218e-03,-1.193335071695509342e-01,-3.975006518858158894e-02,1.549616978167323689e+00,7.996247354679482389e-02,2.998592758004805375e-02,-8.170558736944183442e-02,0.000000000000000000e+00
1.041666666666666609e-02,-1.191669344722339069e-01,-3.968760042708770197e-02,1.549414852137262821e+00,7.995236043691836270e-02,2.998213516384438254e-02,-1.021252955987273364e-01,0.000000000000000000e+00
1.250000000000000069e-02,-1.190003835203669175e-01,-3.962514382013758441e-02,1.549170189953986920e+00,7.994181360422300542e-02,2.997818010158363050e-02,-1.225418589865191615e-01,0.000000000000000000e+00
1.458333333333333356e-02,-1.188338552755072303e-01,-3.956269572831520170e-02,1.548882998604882655e+00,7.993079618250779894e-02,2.997404856844042287e-02,-1.429549985302933923e-01,0.000000000000000000e+00
1.666666666666666644e-02,-1.186673507589236509e-01,-3.950025653459635772e-02,1.548553285672426671e+00,7.991928216957691622e-02,2.996973081359134358e-02,-1.633644264616782027e-01,0.000000000000000000e+00
1.874999999999999931e-02,-1.185008710344908067e-01,-3.943782663793404114e-02,1.548181059346332100e+00,7.990725291460756829e-02,2.996521984297783811e-02,-1.837698501202106593e-01,0.000000000000000000e+00
2.083333333333333218e-02,-1.183344171970454328e-01,-3.937540644889202246e-02,1.547766328430400629e+00,7.989469478562136184e-02,2.996051054460801069e-02,-2.041709740690438590e-01,0.000000000000000000e+00
2.291666666666666505e-02,-1.181679903643429869e-01,-3.931299638662860002e-02,1.547309102346431375e+00,7.988159763673004232e-02,2.995559911377376761e-02,-2.245675012844601526e-01,0.000000000000000000e+00
2.500000000000000139e-02,-1.180015916713918755e-01,-3.925059687677193154e-02,1.546809391136432676e+00,7.986795379337614798e-02,2.995048267251605723e-02,-2.449591338496071580e-01,0.000000000000000000e+00
2.708333333333333426e-02,-1.178352222663781590e-01,-3.918820834989179130e-02,1.546267205463820238e+00,7.985375737007341379e-02,2.994515901377753364e-02,-2.653455733754744306e-01,0.000000000000000000e+00
2.916666666666666713e-02,-1.176688833076732082e-01,-3.912583124037743998e-02,1.545682556613980463e+00,7.983900380312354550e-02,2.993962642617132783e-02,-2.857265212670183074e-01,0.000000000000000000e+00
3.125000000000000000e-02,-1.175025759615929144e-01,-3.906346598559733152e-02,1.545055456494425217e+00,7.982368952435114906e-02,2.993388357163167743e-02,-3.061016788985323478e-01,0.000000000000000000e+00
3.333333333333333287e-02,-1.173363014006885419e-01,-3.900111302525819529e-02,1.544385917634665928e+00,7.980781172897183362e-02,2.992792939836443067e-02,-3.264707477341770581e-01,0.000000000000000000e+00
3.541666666666666574e-02,-1.171700608024205253e-01,-3.893877280090769083e-02,1.543673953185889847e+00,7.979136820745769132e-02,2.992176307779663078e-02,-3.468334294144070906e-01,0.000000000000000000e+00
3.749999999999999861e-02,-1.170038553481128479e-01,-3.887644575554230486e-02,1.542919576920491975e+00,7.977435722170692078e-02,2.991538395814009182e-02,-3.671894258206213069e-01,0.000000000000000000e+00
3.958333333333333148e-02,-1.168376862221163770e-01,-3.881413233329363000e-02,1.542122803231493533e+00,7.975677741242130636e-02,2.990879152965798468e-02,-3.875384391255606298e-01,0.000000000000000000e+00
4.166666666666666435e-02,-1.166715546111300600e-01,-3.875183297917376285e-02,1.541283647131871604e+00,7.973862772882978067e-02,2.990198539831116428e-02,-4.078801718341650839e-01,0.000000000000000000e+00
4.374999999999999722e-02,-1.165054617036429124e-01,-3.868954813886608252e-02,1.540402124253812621e+00,7.971990737466000398e-02,2.989496526549749802e-02,-4.282143268179086082e-01,0.000000000000000000e+00
4.583333333333333010e-02,-1.163394086894698337e-01,-3.862727825855118147e-02,1.539478250847902574e+00,7.970061576609355214e-02,2.988773091228507511e-02,-4.485406073445862840e-01,0.000000000000000000e+00
4.791666666666666297e-02,-1.161733967593609057e-01,-3.856502378476032999e-02,1.538512043782259253e+00,7.968075249867785648e-02,2.988028218700418751e-02,-4.688587171048719804e-01,0.000000000000000000e+00
5.000000000000000278e-02,-1.160074271046689920e-01,-3.850278516425086756e-02,1.537503520541613655e+00,7.966031732101525042e-02,2.987261899538070850e-02,-4.891683602365419770e-01,0.000000000000000000e+00
5.208333333333333565e-02,-1.158415009170640358e-01,-3.844056284389900380e-02,1.536452699226343421e+00,7.963931011363885315e-02,2.986474129261455779e-02,-5.094692413469821268e-01,0.000000000000000000e+00
5.416666666666666852e-02,-1.156756193882849809e-01,-3.837835727060685820e-02,1.535359598551460980e+00,7.961773087190057718e-02,2.985664907696270257e-02,-5.297610655344122677e-01,0.000000000000000000e+00
5.625000000000000139e-02,-1.155097837099225838e-01,-3.831616889122095582e-02,1.534224237845559946e+00,7.959557969199335115e-02,2.984834238449749280e-02,-5.500435384081354684e-01,0.000000000000000000e+00
5.833333333333333426e-02,-1.153439950732272623e-01,-3.825399815246020852e-02,1.533046637049718885e+00,7.957285675944428260e-02,2.983982128479159557e-02,-5.703163661080341562e-01,0.000000000000000000e+00
6.041666666666666713e-02,-1.151782546689379960e-01,-3.819184550085173019e-02,1.531826816716367112e+00,7.954956233957274914e-02,2.983108587733977052e-02,-5.905792553234734399e-01,0.000000000000000000e+00
6.250000000000000000e-02,-1.150125636871285884e-01,-3.812971138267320925e-02,1.530564798008110960e+00,7.952569676952332689e-02,2.982213628857123544e-02,-6.108319133117320332e-01,0.000000000000000000e+00
6.458333333333332593e-02,-1.148469233170685277e-01,-3.806759624390068653e-02,1.529260602696522531e+00,7.950126045157066002e-02,2.981297266933898016e-02,-6.310740479160462657e-01,0.000000000000000000e+00
6.666666666666666574e-02,-1.146813347470961308e-01,-3.800550053016103769e-02,1.527914253160890912e+00,7.947625384745861388e-02,2.980359519279696112e-02,-6.513053675833359035e-01,0.000000000000000000e+00
6.875000000000000555e-02,-1.145157991645022466e-01,-3.794342468668832763e-02,1.526525772386937430e+00,7.945067747358619537e-02,2.979400405259480591e-02,-6.715255813816596309e-01,0.000000000000000000e+00
7.083333333333333148e-02,-1.143503177554228006e-01,-3.788136915828353712e-02,1.525095183965494927e+00,7.942453189689081816e-02,2.978419946133403773e-02,-6.917343990174384949e-01,0.000000000000000000e+00
7.291666666666667129e-02,-1.141848917047390555e-01,-3.781933438927714136e-02,1.523622512091150627e+00,7.939781773130927256e-02,2.977418164924095639e-02,-7.119315308524765129e-01,0.000000000000000000e+00
7.499999999999999722e-02,-1.140195221959845184e-01,-3.775732082349419344e-02,1.522107781560855022e+00,7.937053563471996309e-02,2.976395086301996881e-02,-7.321166879207995359e-01,0.000000000000000000e+00
7.708333333333333703e-02,-1.138542104112575254e-01,-3.769532890422156585e-02,1.520551017772495017e+00,7.934268630628812935e-02,2.975350736485803116e-02,-7.522895819453307986e-01,0.000000000000000000e+00
7.916666666666666297e-02,-1.136889575311388484e-01,-3.763335907417706544e-02,1.518952246723433541e+00,7.931427048414987913e-02,2.974285143155618732e-02,-7.724499253544143684e-01,0.000000000000000000e+00
8.125000000000000278e-02,-1.135237647346137163e-01,-3.757141177548014438e-02,1.517311495009013189e+00,7.928528894338286725e-02,2.973198335376855267e-02,-7.925974312981983738e-01,0.000000000000000000e+00
8.333333333333332871e-02,-1.133586331989976381e-01,-3.750948744962411679e-02,1.515628789821027667e+00,7.925574249422003004e-02,2.972090343533249218e-02,-8.127318136648835623e-01,0.000000000000000000e+00
8.541666666666666852e-02,-1.131935640998656262e-01,-3.744758653744961058e-02,1.513904158946159484e+00,7.922563198047070931e-02,2.970961199267650038e-02,-8.328527870968454039e-01,0.000000000000000000e+00
8.749999999999999445e-02,-1.130285586109844170e-01,-3.738570947911915715e-02,1.512137630764382790e+00,7.919495827811899591e-02,2.969810935429460785e-02,-8.529600670066322943e-01,0.000000000000000000e+00
8.958333333333333426e-02,-1.128636179042474541e-01,-3.732385671409279432e-02,1.510329234247334895e+00,7.916372229407438177e-02,2.968639586027787408e-02,-8.730533695928435201e-01,0.000000000000000000e+00
9.166666666666666019e-02,-1.126987431496121878e-01,-3.726202868110456423e-02,1.508478998956653605e+00,7.913192496505362661e-02,2.967447186189509090e-02,-8.931324118558903180e-01,0.000000000000000000e+00
9.375000000000000000e-02,-1.125339355150395265e-01,-3.720022581813980933e-02,1.506586955042282128e+00,7.909956725657608934e-02,2.966233772121601442e-02,-9.131969116136404718e-01,0.000000000000000000e+00
9.583333333333332593e-02,-1.123691961664352590e-01,-3.713844856241320380e-02,1.504653133240742235e+00,7.906665016205739749e-02,2.964999381077150845e-02,-9.332465875169477787e-01,0.000000000000000000e+00
9.791666666666666574e-02,-1.122045262675932381e-01,-3.707669735034744424e-02,1.502677564873374561e+00,7.903317470198872874e-02,2.963744051324576287e-02,-9.532811590650679401e-01,0.000000000000000000e+00
1.000000000000000056e-01,-1.120399269801401337e-01,-3.701497261755253704e-02,1.500660281844547361e+00,7.899914192319067163e-02,2.962467822119648972e-02,-9.733003466209596555e-01,0.000000000000000000e+00
1.020833333333333315e-01,-1.118753994634816562e-01,-3.695327479880560623e-02,1.498601316639832648e+00,7.896455289813232581e-02,2.961170733679961350e-02,-9.933038714264721403e-01,0.000000000000000000e+00
1.041666666666666713e-01,-1.117109448747500566e-01,-3.689160432803125639e-02,1.496500702324152776e+00,7.892940872430771748e-02,2.959852827161538538e-02,-1.013291455617417958e+00,0.000000000000000000e+00
1.062499999999999972e-01,-1.115465643687529596e-01,-3.682996163828234498e-02,1.494358472539893956e+00,7.889371052366239701e-02,2.958514144637339194e-02,-1.033262822238531609e+00,0.000000000000000000e+00
1.083333333333333370e-01,-1.113822590979231669e-01,-3.676834716172117101e-02,1.492174661504989563e+00,7.885745944206433433e-02,2.957154729077412017e-02,-1.053217695258311437e+00,0.000000000000000000e+00
1.104166666666666630e-01,-1.112180302122696418e-01,-3.670676132960110083e-02,1.489949304010972364e+00,7.882065664881392208e-02,2.955774624330521558e-02,-1.073155799583746184e+00,0.000000000000000000e+00
1.125000000000000028e-01,-1.110538788593294218e-01,-3.664520457224852007e-02,1.487682435420997207e+00,7.878330333618852044e-02,2.954373875107068823e-02,-1.093076861074924633e+00,0.000000000000000000e+00
1.145833333333333287e-01,-1.108898061841203236e-01,-3.658367731904511172e-02,1.485374091667832186e+00,7.874540071901758864e-02,2.952952526963159227e-02,-1.112980606559526020e+00,0.000000000000000000e+00
1.166666666666666685e-01,-1.107258133290946883e-01,-3.652217999841050194e-02,1.483024309251820494e+00,7.870695003428510028e-02,2.951510626285690567e-02,-1.132866763847192315e+00,0.000000000000000000e+00
1.187499999999999944e-01,-1.105619014340937650e-01,-3.646071303778515571e-02,1.480633125238812076e+00,7.866795254075593935e-02,2.950048220278347552e-02,-1.152735061743780376e+00,0.000000000000000000e+00
1.208333333333333343e-01,-1.103980716363028441e-01,-3.639927686361356385e-02,1.478200577258067083e+00,7.862840951862401506e-02,2.948565356948400565e-02,-1.172585230065492201e+00,0.000000000000000000e+00
1.229166666666666602e-01,-1.102343250702072230e-01,-3.633787190132770073e-02,1.475726703500127801e+00,7.858832226917940311e-02,2.947062085094227443e-02,-1.192416999652882836e+00,0.000000000000000000e+00
1.250000000000000000e-01,-1.100706628675486437e-01,-3.627649857533073174e-02,1.473211542714663924e+00,7.854769211449266764e-02,2.945538454293475036e-02,-1.212230102384745711e+00,0.000000000000000000e+00
1.270833333333333259e-01,-1.099070861572825630e-01,-3.621515730898095670e-02,1.470655134208287196e+00,7.850652039711454588e-02,2.943994514891795297e-02,-1.232024271191872300e+00,0.000000000000000000e+00
1.291666666666666519e-01,-1.097435960655358950e-01,-3.615384852457595444e-02,1.468057517842339177e+00,7.846480847978926088e-02,2.942430317992097283e-02,-1.251799240070685659e+00,0.000000000000000000e+00
1.312500000000000056e-01,-1.095801937155653494e-01,-3.609257264333699811e-02,1.465418734030649928e+00,7.842255774518018530e-02,2.940845915444256775e-02,-1.271554744096748291e+00,0.000000000000000000e+00
1.333333333333333315e-01,-1.094168802277163954e-01,-3.603133008539363691e-02,1.462738823737268934e+00,7.837976959560645496e-02,2.939241359835241540e-02,-1.291290519438140549e+00,0.000000000000000000e+00
1.354166666666666574e-01,-1.092536567193826552e-01,-3.597012126976848606e-02,1.460017828474167390e+00,7.833644545278953264e-02,2.937616704479606780e-02,-1.311006303368709824e+00,0.000000000000000000e+00
1.375000000000000111e-01,-1.090905243049659079e-01,-3.590894661436220409e-02,1.457255790298915388e+00,7.829258675760865371e-02,2.935972003410323300e-02,-1.330701834281189599e+00,0.000000000000000000e+00
1.395833333333333370e-01,-1.089274840958365242e-01,-3.584780653593868521e-02,1.454452751812329581e+00,7.824819496986418210e-02,2.934307311369905788e-02,-1.350376851700186842e+00,0.000000000000000000e+00
1.416666666666666630e-01,-1.087645372002944005e-01,-3.578670145011039055e-02,1.451608756156095748e+00,7.820327156804827984e-02,2.932622683801809627e-02,-1.370031096295035944e+00,0.000000000000000000e+00
1.437499999999999889e-01,-1.086016847235303923e-01,-3.572563177132389439e-02,1.448723847010363608e+00,7.815781804912194652e-02,2.930918176842071954e-02,-1.389664309892518990e+00,0.000000000000000000e+00
1.458333333333333426e-01,-1.084389277675881641e-01,-3.566459791284555536e-02,1.445798068591316099e+00,7.811183592829791522e-02,2.929193847311170953e-02,-1.409276235489451690e+00,0.000000000000000000e+00
1.479166666666666685e-01,-1.082762674313264839e-01,-3.560360028674742355e-02,1.442831465648711786e+00,7.806532673882879414e-02,2.927449752706078392e-02,-1.428866617265131422e+00,0.000000000000000000e+00
1.499999999999999944e-01,-1.081137048103819609e-01,-3.554263930389322396e-02,1.439824083463402848e+00,7.801829203179992678e-02,2.925685951192495693e-02,-1.448435200593649830e+00,0.000000000000000000e+00
1.520833333333333204e-01,-1.079512409971322418e-01,-3.548171537392458275e-02,1.436775967844826640e+00,7.797073337592655418e-02,2.923902501597244741e-02,-1.467981732056066191e+00,0.000000000000000000e+00
1.541666666666666741e-01,-1.077888770806595675e-01,-3.542082890524732991e-02,1.433687165128472163e+00,7.792265235735479356e-02,2.922099463400804065e-02,-1.487505959452441573e+00,0.000000000000000000e+00
1.562500000000000000e-01,-1.076266141467147747e-01,-3.535998030501803086e-02,1.430557722173321666e+00,7.787405057946605869e-02,2.920276896729976160e-02,-1.507007631813732873e+00,0.000000000000000000e+00
1.583333333333333259e-01,-1.074644532776816985e-01,-3.529916997913062210e-02,1.427387686359269159e+00,7.782492966268456103e-02,2.918434862350670345e-02,-1.526486499413545417e+00,0.000000000000000000e+00
1.604166666666666519e-01,-1.073023955525419237e-01,-3.523839833220320655e-02,1.424177105584511605e+00,7.777529124428776697e-02,2.916573421660790741e-02,-1.545942313779742339e+00,0.000000000000000000e+00
1.625000000000000056e-01,-1.071404420468400204e-01,-3.517766576756499453e-02,1.420926028262919472e+00,7.772513697821922807e-02,2.914692636683220359e-02,-1.565374827705912963e+00,0.000000000000000000e+00
1.645833333333333315e-01,-1.069785938326490715e-01,-3.511697268724338350e-02,1.417634503321381079e+00,7.767446853490377057e-02,2.912792570058890529e-02,-1.584783795262694861e+00,0.000000000000000000e+00
1.666666666666666574e-01,-1.068168519785366311e-01,-3.505631949195121833e-02,1.414302580197125625e+00,7.762328760106472492e-02,2.910873285039925970e-02,-1.604168971808951794e+00,0.000000000000000000e+00
1.687500000000000111e-01,-1.066552175495310700e-01,-3.499570658107412774e-02,1.410930308835020908e+00,7.757159587954295943e-02,2.908934845482860285e-02,-1.623530114002805780e+00,0.000000000000000000e+00
1.708333333333333370e-01,-1.064936916070882561e-01,-3.493513435265807598e-02,1.407517739684850833e+00,7.751939508911767640e-02,2.906977315841911824e-02,-1.642866979812522166e+00,0.000000000000000000e+00
1.729166666666666630e-01,-1.063322752090586631e-01,-3.487460320339697689e-02,1.404064923698567835e+00,7.746668696432852663e-02,2.905000761162318534e-02,-1.662179328527247035e+00,0.000000000000000000e+00
1.749999999999999889e-01,-1.061709694096547307e-01,-3.481411352862050917e-02,1.400571912327525759e+00,7.741347325529920886e-02,2.903005247073719292e-02,-1.681466920767596296e+00,0.000000000000000000e+00
1.770833333333333426e-01,-1.060097752594187787e-01,-3.475366572228202194e-02,1.397038757519688756e+00,7.735975572756220719e-02,2.900990839783581729e-02,-1.700729518496096215e+00,0.000000000000000000e+00
1.791666666666666685e-01,-1.058486938051910881e-01,-3.469326017694664144e-02,1.393465511716820204e+00,7.730553616188456934e-02,2.898957606070670656e-02,-1.719966885027472969e+00,0.000000000000000000e+00
1.812499999999999944e-01,-1.056877260900784959e-01,-3.463289728377941940e-02,1.389852227851648969e+00,7.725081635409469794e-02,2.896905613278550826e-02,-1.739178785038792974e+00,0.000000000000000000e+00
1.833333333333333204e-01,-1.055268731534232396e-01,-3.457257743253370347e-02,1.386198959345016135e+00,7.719559811490996071e-02,2.894834929309123006e-02,-1.758364984579450452e+00,0.000000000000000000e+00
1.854166666666666741e-01,-1.053661360307722589e-01,-3.451230101153958396e-02,1.382505760103000858e+00,7.713988326976503607e-02,2.892745622616188159e-02,-1.777525251081004010e+00,0.000000000000000000e+00
1.875000000000000000e-01,-1.052055157538467345e-01,-3.445206840769250711e-02,1.378772684514025126e+00,7.708367365864096654e-02,2.890637762199035551e-02,-1.796659353366860445e+00,0.000000000000000000e+00
1.895833333333333259e-01,-1.050450133505120981e-01,-3.439188000644201326e-02,1.374999787445939425e+00,7.702697113589485056e-02,2.888511417596056202e-02,-1.815767061661805126e+00,0.000000000000000000e+00
1.916666666666666519e-01,-1.048846298447483338e-01,-3.433173619178060687e-02,1.371187124243088862e+00,7.696977757008996446e-02,2.886366658878372973e-02,-1.834848147601378709e+00,0.000000000000000000e+00
1.937500000000000056e-01,-1.047243662566206684e-01,-3.427163734623273061e-02,1.367334750723359083e+00,7.691209484382643957e-02,2.884203556643491137e-02,-1.853902384241100432e+00,0.000000000000000000e+00
1.958333333333333315e-01,-1.045642236022505528e-01,-3.421158385084393377e-02,1.363442723175203986e+00,7.685392485357231407e-02,2.882022182008961778e-02,-1.872929546065534412e+00,0.000000000000000000e+00
1.979166666666666574e-01,-1.044042028937870459e-01,-3.415157608517011695e-02,1.359511098354655223e+00,7.679526950949495945e-02,2.879822606606060806e-02,-1.891929408997203188e+00,0.000000000000000000e+00
2.000000000000000111e-01,-1.042443051393785458e-01,-3.409161442726693636e-02,1.355539933482311721e+00,7.673613073529279849e-02,2.877604902573479770e-02,-1.910901750405343158e+00,0.000000000000000000e+00
2.020833333333333370e-01,-1.040845313431448815e-01,-3.403169925367931226e-02,1.351529286240313432e+00,7.667651046802734238e-02,2.875369142551025339e-02,-1.929846349114505033e+00,0.000000000000000000e+00
2.041666666666666630e-01,-1.039248825051496822e-01,-3.397183093943111770e-02,1.347479214769294886e+00,7.661641065795546379e-02,2.873115399673329892e-02,-1.948762985412997306e+00,0.000000000000000000e+00
2.062499999999999889e-01,-1.037653596213732182e-01,-3.391200985801494372e-02,1.343389777665324081e+00,7.655583326836186420e-02,2.870843747563569387e-02,-1.967651441061173623e+00,0.000000000000000000e+00
2.083333333333333426e-01,-1.036059636836854508e-01,-3.385223638138203095e-02,1.339261033976822057e+00,7.649478027539169389e-02,2.868554260327187827e-02,-1.986511499299560057e+00,0.000000000000000000e+00
2.104166666666666685e-01,-1.034466956798195669e-01,-3.379251087993232622e-02,1.335093043201467156e+00,7.643325366788343567e-02,2.866247012545627970e-02,-2.005342944856827181e+00,0.000000000000000000e+00
2.124999999999999944e-01,-1.032875565933457224e-01,-3.373283372250463624e-02,1.330885865283082614e+00,7.637125544720181625e-02,2.863922079270067242e-02,-2.024145563957603589e+00,0.000000000000000000e+00
2.145833333333333204e-01,-1.031285474036452710e-01,-3.367320527636696176e-02,1.326639560608507518e+00,7.630878762707091201e-02,2.861579536015157813e-02,-2.042919144330129555e+00,0.000000000000000000e+00
2.166666666666666741e-01,-1.029696690858852570e-01,-3.361362590720695653e-02,1.322354190004453312e+00,7.624585223340728246e-02,2.859219458752771878e-02,-2.061663475213753927e+00,0.000000000000000000e+00
2.187500000000000000e-01,-1.028109226109932550e-01,-3.355409597912245578e-02,1.318029814734343219e+00,7.618245130415332578e-02,2.856841923905748329e-02,-2.080378347366270475e+00,0.000000000000000000e+00
2.208333333333333259e-01,-1.026523089456325838e-01,-3.349461585461220581e-02,1.313666496495138780e+00,7.611858688911053716e-02,2.854447008341643929e-02,-2.099063553071097932e+00,0.000000000000000000e+00
2.229166666666666519e-01,-1.024938290521778955e-01,-3.343518589456669771e-02,1.309264297414149070e+00,7.605426104977303092e-02,2.852034789366487272e-02,-2.117718886144296153e+00,0.000000000000000000e+00
2.250000000000000056e-01,-1.023354838886910284e-01,-3.337580645825912601e-02,1.304823280045828593e+00,7.598947585916095149e-02,2.849605344718534120e-02,-2.136344141941429076e+00,0.000000000000000000e+00
2.270833333333333315e-01,-1.021772744088972895e-01,-3.331647790333647219e-02,1.300343507368558305e+00,7.592423340165403711e-02,2.847158752562025177e-02,-2.154939117364260692e+00,0.000000000000000000e+00
2.291666666666666574e-01,-1.020192015621620152e-01,-3.325720058581074778e-02,1.295825042781414416e+00,7.585853577282529459e-02,2.844695091480947333e-02,-2.173503610867298708e+00,0.000000000000000000e+00
2.312499999999999833e-01,-1.018612662934675478e-01,-3.319797486005032078e-02,1.291267950100923434e+00,7.579238507927456292e-02,2.842214440472794548e-02,-2.192037422464173435e+00,0.000000000000000000e+00
2.333333333333333370e-01,-1.017034695433904762e-01,-3.313880107877142239e-02,1.286672293557804991e+00,7.572578343846225746e-02,2.839716878942333267e-02,-2.210540353733860819e+00,0.000000000000000000e+00
2.354166666666666630e-01,-1.015458122480793340e-01,-3.307967959302974409e-02,1.282038137793700239e+00,7.565873297854318336e-02,2.837202486695368162e-02,-2.229012207826740699e+00,0.000000000000000000e+00
2.374999999999999889e-01,-1.013882953392325204e-01,-3.302061075221219416e-02,1.277365547857889583e+00,7.559123583820029357e-02,2.834671343932509968e-02,-2.247452789470500978e+00,0.000000000000000000e+00
2.395833333333333426e-01,-1.012309197440766778e-01,-3.296159490402875147e-02,1.272654589203997322e+00,7.552329416647859950e-02,2.832123531242946440e-02,-2.265861904975878360e+00,0.000000000000000000e+00
2.416666666666666685e-01,-1.010736863853452933e-01,-3.290263239450447880e-02,1.267905327686684958e+00,7.545491012261908159e-02,2.829559129598214345e-02,-2.284239362242240112e+00,0.000000000000000000e+00
2.437499999999999944e-01,-1.009165961812577839e-01,-3.284372356797166104e-02,1.263117829558332961e+00,7.538608587589273879e-02,2.826978220345976317e-02,-2.302584970763007721e+00,0.000000000000000000e+00
2.458333333333333204e-01,-1.007596500454988331e-01,-3.278486876706205450e-02,1.258292161465711878e+00,7.531682360543461019e-02,2.824380885203796668e-02,-2.320898541630918910e+00,0.000000000000000000e+00
2.479166666666666741e-01,-1.006028488871981014e-01,-3.272606833269927490e-02,1.253428390446642116e+00,7.524712550007800482e-02,2.821767206252924140e-02,-2.339179887543132441e+00,0.000000000000000000e+00
2.500000000000000000e-01,-1.004461936109102560e-01,-3.266732260409133809e-02,1.248526583926644173e+00,7.517699375818870378e-02,2.819137265932075698e-02,-2.357428822806172608e+00,0.000000000000000000e+00
2.520833333333333259e-01,-1.002896851165954450e-01,-3.260863191872328398e-02,1.243586809715577557e+00,7.510643058749928713e-02,2.816491147031222400e-02,-2.375645163340714294e+00,0.000000000000000000e+00
2.541666666666666519e-01,-1.001333242995999517e-01,-3.254999661234997399e-02,1.238609136004271472e+00,7.503543820494358585e-02,2.813828932685383602e-02,-2.393828726686210384e+00,0.000000000000000000e+00
2.562499999999999778e-01,-9.997711205063732065e-02,-3.249141701898898560e-02,1.233593631361144638e+00,7.496401883649124465e-02,2.811150706368420807e-02,-2.411979332005359300e+00,0.000000000000000000e+00
2.583333333333333037e-01,-9.982104925576983090e-02,-3.243289347091367347e-02,1.228540364728817780e+00,7.489217471698238204e-02,2.808456551886838112e-02,-2.430096800088417108e+00,0.000000000000000000e+00
2.604166666666666852e-01,-9.966513679639020518e-02,-3.237442629864631383e-02,1.223449405420715674e+00,7.481990808996238917e-02,2.805746553373588206e-02,-2.448180953357347533e+00,0.000000000000000000e+00
2.625000000000000111e-01,-9.950937554920377681e-02,-3.231601583095140146e-02,1.218320823117661211e+00,7.474722120751688126e-02,2.803020795281881139e-02,-2.466231615869816984e+00,0.000000000000000000e+00
2.645833333333333370e-01,-9.935376638621092049e-02,-3.225766239482908554e-02,1.213154687864462566e+00,7.467411633010678784e-02,2.800279362379002462e-02,-2.484248613323032373e+00,0.000000000000000000e+00
2.666666666666666630e-01,-9.919831017468992707e-02,-3.219936631550871647e-02,1.207951070066490828e+00,7.460059572640359571e-02,2.797522339740132757e-02,-2.502231773057419950e+00,0.000000000000000000e+00
2.687499999999999889e-01,-9.904300777718007265e-02,-3.214112791644252454e-02,1.202710040486252296e+00,7.452666167312482770e-02,2.794749812742179304e-02,-2.520180924060148708e+00,0.000000000000000000e+00
2.708333333333333148e-01,-9.888786005146517344e-02,-3.208294751929943733e-02,1.197431670239951007e+00,7.445231645486964644e-02,2.791961867057609487e-02,-2.538095896968498799e+00,0.000000000000000000e+00
2.729166666666666408e-01,-9.873286785055740422e-02,-3.202482544395902214e-02,1.192116030794047488e+00,7.437756236395461074e-02,2.789158588648295647e-02,-2.555976524073070522e+00,0.000000000000000000e+00
2.750000000000000222e-01,-9.857803202268144993e-02,-3.196676200850553234e-02,1.186763193961808405e+00,7.430240170024980662e-02,2.786340063759365146e-02,-2.573822639320842764e+00,0.000000000000000000e+00
2.770833333333333481e-01,-9.842335341125905968e-02,-3.190875752922213426e-02,1.181373231899851772e+00,7.422683677101500621e-02,2.783506378913060825e-02,-2.591634078318071133e+00,0.000000000000000000e+00
2.791666666666666741e-01,-9.826883285489389219e-02,-3.185081232058519646e-02,1.175946217104685498e+00,7.415086989073625678e-02,2.780657620902607721e-02,-2.609410678333037747e+00,0.000000000000000000e+00
2.812500000000000000e-01,-9.811447118735673600e-02,-3.179292669525875942e-02,1.170482222409241491e+00,7.407450338096252529e-02,2.777793876786092617e-02,-2.627152278298639843e+00,0.000000000000000000e+00
2.833333333333333259e-01,-9.796026923757100713e-02,-3.173510096408911629e-02,1.164981320979402879e+00,7.399773957014275927e-02,2.774915233880351564e-02,-2.644858718814831366e+00,0.000000000000000000e+00
2.854166666666666519e-01,-9.780622782959867700e-02,-3.167733543609949076e-02,1.159443586310528351e+00,7.392058079346315591e-02,2.772021779754866438e-02,-2.662529842150908710e+00,0.000000000000000000e+00
2.874999999999999778e-01,-9.765234778262646409e-02,-3.161963041848490918e-02,1.153869092223970272e+00,7.384302939268472254e-02,2.769113602225675014e-02,-2.680165492247644998e+00,0.000000000000000000e+00
2.895833333333333037e-01,-9.749862991095237241e-02,-3.156198621660712134e-02,1.148257912863589913e+00,7.376508771598112857e-02,2.766190789349290413e-02,-2.697765514719271618e+00,0.000000000000000000e+00
2.916666666666666852e-01,-9.734507502397263257e-02,-3.150440313398971542e-02,1.142610122692267804e+00,7.368675811777694595e-02,2.763253429416633392e-02,-2.715329756855308752e+00,0.000000000000000000e+00
2.937500000000000111e-01,-9.719168392616889252e-02,-3.144688147231330944e-02,1.136925796488411189e+00,7.360804295858609791e-02,2.760301610946976417e-02,-2.732858067622248033e+00,0.000000000000000000e+00
2.958333333333333370e-01,-9.703845741709578310e-02,-3.138942153141089514e-02,1.131205009342457490e+00,7.352894460485077943e-02,2.757335422681901974e-02,-2.750350297665081101e+00,0.000000000000000000e+00
2.979166666666666630e-01,-9.688539629136885822e-02,-3.133202360926330005e-02,1.125447836653375999e+00,7.344946542878065532e-02,2.754354953579271972e-02,-2.767806299308682938e+00,0.000000000000000000e+00
2.999999999999999889e-01,-9.673250133865277101e-02,-3.127468800199477428e-02,1.119654354125165563e+00,7.336960780819241912e-02,2.751360292807212768e-02,-2.785225926559043330e+00,0.000000000000000000e+00
3.020833333333333148e-01,-9.657977334364990785e-02,-3.121741500386870233e-02,1.113824637763350944e+00,7.328937412634979609e-02,2.748351529738114404e-02,-2.802609035104353996e+00,0.000000000000000000e+00
3.041666666666666408e-01,-9.642721308608923070e-02,-3.116020490728345013e-02,1.107958763871476737e+00,7.320876677180393477e-02,2.745328753942644431e-02,-2.819955482315946060e+00,0.000000000000000000e+00
3.062500000000000222e-01,-9.627482134071554953e-02,-3.110305800276831970e-02,1.102056809047599062e+00,7.312778813823413160e-02,2.742292055183777333e-02,-2.837265127249083196e+00,0.000000000000000000e+00
3.083333333333333481e-01,-9.612259887727905849e-02,-3.104597457897963902e-02,1.096118850180777038e+00,7.304644062428911067e-02,2.739241523410839568e-02,-2.854537830643606000e+00,0.000000000000000000e+00
3.104166666666666741e-01,-9.597054646052526061e-02,-3.098895492269696655e-02,1.090144964447562259e+00,7.296472663342863652e-02,2.736177248753571961e-02,-2.871773454924436475e+00,0.000000000000000000e+00
3.125000000000000000e-01,-9.581866485018517010e-02,-3.093199931881943088e-02,1.084135229308487158e+00,7.288264857376559880e-02,2.733099321516207700e-02,-2.888971864201934192e+00,0.000000000000000000e+00
3.145833333333333259e-01,-9.566695480096586157e-02,-3.087510805036219191e-02,1.078089722504554260e+00,7.280020885790859653e-02,2.730007832171570462e-02,-2.906132924272111229e+00,0.000000000000000000e+00
3.166666666666666519e-01,-9.551541706254136621e-02,-3.081828139845300615e-02,1.072008522053722990e+00,7.271740990280503580e-02,2.726902871355186761e-02,-2.923256502616705887e+00,0.000000000000000000e+00
3.187499999999999778e-01,-9.536405237954387326e-02,-3.076151964232894803e-02,1.065891706247399595e+00,7.263425412958458838e-02,2.723784529859420156e-02,-2.940342468403111642e+00,0.000000000000000000e+00
3.208333333333333037e-01,-9.521286149155525069e-02,-3.070482305933321110e-02,1.059739353646924176e+00,7.255074396340330245e-02,2.720652898627622107e-02,-2.957390692484169747e+00,0.000000000000000000e+00
3.229166666666666852e-01,-9.506184513309888506e-02,-3.064819192491207919e-02,1.053551543080060382e+00,7.246688183328818533e-02,2.717508068748305042e-02,-2.974401047397818409e+00,0.000000000000000000e+00
3.250000000000000111e-01,-9.491100403363192384e-02,-3.059162651261196353e-02,1.047328353637485776e+00,7.238267017198223019e-02,2.714350131449331724e-02,-2.991373407366605175e+00,0.000000000000000000e+00
3.270833333333333370e-01,-9.476033891753769811e-02,-3.053512709407662368e-02,1.041069864669282863e+00,7.229811141579016442e-02,2.711179178092129258e-02,-3.008307648297061654e+00,0.000000000000000000e+00
3.291666666666666630e-01,-9.460985050411856168e-02,-3.047869393904444751e-02,1.034776155781432339e+00,7.221320800442458665e-02,2.707995300165919744e-02,-3.025203647778938354e+00,0.000000000000000000e+00
3.312499999999999889e-01,-9.445953950758907702e-02,-3.042232731534589077e-02,1.028447306832307673e+00,7.212796238085278366e-02,2.704798589281977306e-02,-3.042061285084308064e+00,0.000000000000000000e+00
3.333333333333333148e-01,-9.430940663706942340e-02,-3.036602748890102066e-02,1.022083397929171245e+00,7.204237699114411642e-02,2.701589137167902804e-02,-3.058880441166531572e+00,0.000000000000000000e+00
3.354166666666666408e-01,-9.415945259657919342e-02,-3.030979472371718442e-02,1.015684509424674475e+00,7.195645428431797497e-02,2.698367035661922153e-02,-3.075660998659087930e+00,0.000000000000000000e+00
3.375000000000000222e-01,-9.400967808503148115e-02,-3.025362928188678885e-02,1.009250721913359072e+00,7.187019671219231631e-02,2.695132376707209607e-02,-3.092402841874274166e+00,0.000000000000000000e+00
3.395833333333333481e-01,-9.386008379622726161e-02,-3.019753142358520825e-02,1.002782116228161824e+00,7.178360672923292385e-02,2.691885252346232563e-02,-3.109105856801771761e+00,0.000000000000000000e+00
3.416666666666666741e-01,-9.371067041885017268e-02,-3.014150140706879991e-02,9.962787734369226156e-01,7.169668679240323583e-02,2.688625754715119262e-02,-3.125769931107082567e+00,0.000000000000000000e+00
3.437500000000000000e-01,-9.356143863646146364e-02,-3.008553948867303401e-02,9.897407748388952209e-01,7.160943936101481222e-02,2.685353976038052856e-02,-3.142394954129833273e+00,0.000000000000000000e+00
3.458333333333333259e-01,-9.341238912749541545e-02,-3.002964592281076248e-02,9.831682019612633106e-01,7.152186689657846763e-02,2.682070008621689761e-02,-3.158980816881951981e+00,0.000000000000000000e+00
3.479166666666666519e-01,-9.326352256525491380e-02,-2.997382096197057436e-02,9.765611365556586820e-01,7.143397186265613985e-02,2.678773944849601948e-02,-3.175527412045717313e+00,0.000000000000000000e+00
3.499999999999999778e-01,-9.311483961790746611e-02,-2.991806485671528321e-02,9.699196605946851513e-01,7.134575672471334118e-02,2.675465877176746651e-02,-3.192034633971678748e+00,0.000000000000000000e+00
3.520833333333333037e-01,-9.296634094848145458e-02,-2.986237785568052888e-02,9.632438562684461081e-01,7.125722394997237308e-02,2.672145898123960001e-02,-3.208502378676453048e+00,0.000000000000000000e+00
3.541666666666666852e-01,-9.281802721486266672e-02,-2.980676020557348690e-02,9.565338059810775118e-01,7.116837600726623470e-02,2.668814100272479811e-02,-3.224930543840393682e+00,0.000000000000000000e+00
3.562500000000000111e-01,-9.266989906979122837e-02,-2.975121215117169579e-02,9.497895923472853275e-01,7.107921536689325304e-02,2.665470576258492999e-02,-3.241319028805139890e+00,0.000000000000000000e+00
3.583333333333333370e-01,-9.252195716085871713e-02,-2.969573393532200234e-02,9.430112981888885137e-01,7.098974450047239315e-02,2.662115418767710753e-02,-3.257667734571038753e+00,0.000000000000000000e+00
3.604166666666666630e-01,-9.237420213050565043e-02,-2.964032579893960059e-02,9.361990065313677833e-01,7.089996588079938711e-02,2.658748720529973200e-02,-3.273976563794450012e+00,0.000000000000000000e+00
3.624999999999999889e-01,-9.222663461601930679e-02,-2.958498798100721652e-02,9.293528006004198039e-01,7.080988198170354297e-02,2.655370574313879392e-02,-3.290245420784927433e+00,0.000000000000000000e+00
3.645833333333333148e-01,-9.207925524953171348e-02,-2.952972071857436903e-02,9.224727638185178380e-01,7.071949527790538648e-02,2.651981072921448523e-02,-3.306474211502283822e+00,0.000000000000000000e+00
3.666666666666666408e-01,-9.193206465801809224e-02,-2.947452424675675933e-02,9.155589798014781566e-01,7.062880824487499654e-02,2.648580309182808554e-02,-3.322662843553534362e+00,0.000000000000000000e+00
3.687500000000000222e-01,-9.178506346329545762e-02,-2.941939879873577135e-02,9.086115323550336687e-01,7.053782335869117348e-02,2.645168375950915016e-02,-3.338811226189726256e+00,0.000000000000000000e+00
3.708333333333333481e-01,-9.163825228202159001e-02,-2.936434460575807620e-02,9.016305054714137679e-01,7.044654309590137053e-02,2.641745366096297926e-02,-3.354919270302651579e+00,0.000000000000000000e+00
3.729166666666666741e-01,-9.149163172569430014e-02,-2.930936189713534423e-02,8.946159833259315075e-01,7.035496993338251348e-02,2.638311372501840613e-02,-3.370986888421445116e+00,0.000000000000000000e+00
3.750000000000000000e-01,-9.134520240065091556e-02,-2.925445090024407849e-02,8.875680502735777688e-01,7.026310634820247258e-02,2.634866488057589426e-02,-3.387013994709068498e+00,0.000000000000000000e+00
3.770833333333333259e-01,-9.119896490806812805e-02,-2.919961184052553144e-02,8.804867908456235348e-01,7.017095481748250596e-02,2.631410805655590851e-02,-3.403000504958683781e+00,0.000000000000000000e+00
3.791666666666666519e-01,-9.105291984396206295e-02,-2.914484494148576049e-02,8.733722897462290469e-01,7.007851781826046622e-02,2.627944418184764014e-02,-3.418946336589914647e+00,0.000000000000000000e+00
3.812499999999999778e-01,-9.090706779918872327e-02,-2.909015042469575638e-02,8.662246318490617325e-01,6.998579782735481203e-02,2.624467418525801635e-02,-3.434851408644997051e+00,0.000000000000000000e+00
3.833333333333333037e-01,-9.076140935944460031e-02,-2.903552850979171027e-02,8.590439021939214603e-01,6.989279732122959110e-02,2.620979899546105676e-02,-3.450715641784824150e+00,0.000000000000000000e+00
3.854166666666666852e-01,-9.061594510526764512e-02,-2.898097941447535728e-02,8.518301859833751211e-01,6.979951877586014486e-02,2.617481954094751095e-02,-3.466538958284881566e+00,0.000000000000000000e+00
3.875000000000000111e-01,-9.047067561203851749e-02,-2.892650335451443441e-02,8.445835685793993131e-01,6.970596466659977064e-02,2.613973674997487062e-02,-3.482321282031075604e+00,0.000000000000000000e+00
3.895833333333333370e-01,-9.032560144998204310e-02,-2.887210054374325652e-02,8.373041355000319097e-01,6.961213746804721658e-02,2.610455155051766285e-02,-3.498062538515459341e+00,0.000000000000000000e+00
3.916666666666666630e-01,-9.018072318416901767e-02,-2.881777119406337198e-02,8.299919724160325085e-01,6.951803965391507856e-02,2.606926487021811109e-02,-3.513762654831853460e+00,0.000000000000000000e+00
3.937499999999999889e-01,-9.003604137451826084e-02,-2.876351551544433643e-02,8.226471651475529834e-01,6.942367369689909917e-02,2.603387763633711535e-02,-3.529421559671363617e+00,0.000000000000000000e+00
3.958333333333333148e-01,-8.989155657579891989e-02,-2.870933371592458358e-02,8.152697996608164743e-01,6.932904206854831330e-02,2.599839077570556892e-02,-3.545039183317800546e+00,0.000000000000000000e+00
3.979166666666666408e-01,-8.974726933763309267e-02,-2.865522600161239664e-02,8.078599620648069246e-01,6.923414723913617896e-02,2.596280521467601507e-02,-3.560615457642994475e+00,0.000000000000000000e+00
4.000000000000000222e-01,-8.960318020449863086e-02,-2.860119257668697346e-02,8.004177386079677214e-01,6.913899167753256858e-02,2.592712187907466118e-02,-3.576150316102015836e+00,0.000000000000000000e+00
4.020833333333333481e-01,-8.945928971573231803e-02,-2.854723364339960615e-02,7.929432156749114391e-01,6.904357785107671786e-02,2.589134169415371195e-02,-3.591643693728295172e+00,0.000000000000000000e+00
4.041666666666666741e-01,-8.931559840553322804e-02,-2.849334940207495087e-02,7.854364797831390188e-01,6.894790822545104891e-02,2.585546558454408783e-02,-3.607095527128648893e+00,0.000000000000000000e+00
4.062500000000000000e-01,-8.917210680296638881e-02,-2.843954005111238442e-02,7.778976175797697179e-01,6.885198526455602042e-02,2.581949447420845214e-02,-3.622505754478210438e+00,0.000000000000000000e+00
4.083333333333333259e-01,-8.902881543196665415e-02,-2.838580578698748219e-02,7.703267158382822721e-01,6.875581143038583809e-02,2.578342928639463724e-02,-3.637874315515265522e+00,0.000000000000000000e+00
4.104166666666666519e-01,-8.900555589893632824e-02,-2.837708346210116375e-02,7.762129029571508410e-01,1.114622560008149757e-02,4.179834600005360827e-03,2.820960109192256926e+00,0.000000000000000000e+00
4.124999999999999778e-01,-8.898235384819291882e-02,-2.836838269307243726e-02,7.820531096125548087e-01,1.113390609134148890e-02,4.175214784227884897e-03,2.797413307369720936e+00,0.000000000000000000e+00
4.145833333333333037e-01,-8.895917729336157154e-02,-2.835969148501073581e-02,7.878443383910055386e-01,1.112169519979289839e-02,4.170635699897191212e-03,2.773916390080878092e+00,0.000000000000000000e+00
4.166666666666666852e-01,-8.893602600898367627e-02,-2.835100975336908233e-02,7.935866924275771783e-01,1.110959239613636997e-02,4.166097148526020158e-03,2.750468851133388792e+00,0.000000000000000000e+00
4.187500000000000111e-01,-8.891289977069390116e-02,-2.834233741401047044e-02,7.992802738083993885e-01,1.109759715711652536e-02,4.161598933893605537e-03,2.727070187932763012e+00,0.000000000000000000e+00
4.208333333333333370e-01,-8.888979835520767481e-02,-2.833367438320319107e-02,8.049251835780796283e-01,1.108570896546251863e-02,4.157140862023379901e-03,2.703719901435225559e+00,0.000000000000000000e+00
4.229166666666666630e-01,-8.886672154030882120e-02,-2.832502057761616954e-02,8.105215217470274069e-01,1.107392730982946147e-02,4.152722741161010353e-03,2.680417496101164865e+00,0.000000000000000000e+00
4.249999999999999889e-01,-8.884366910483725011e-02,-2.831637591431438589e-02,8.160693872986828357e-01,1.106225168474071763e-02,4.148344381752757867e-03,2.657162479849147996e+00,0.000000000000000000e+00
4.270833333333333148e-01,-8.882064082867692500e-02,-2.830774031075431602e-02,8.215688781966502541e-01,1.105068159053104043e-02,4.144005596424155807e-03,2.633954364010499649e+00,0.000000000000000000e+00
4.291666666666666408e-01,-8.879763649274374782e-02,-2.829911368477942488e-02,8.270200913917378216e-01,1.103921653329056549e-02,4.139706199959004157e-03,2.610792663284434934e+00,0.000000000000000000e+00
4.312499999999999667e-01,-8.877465587897369337e-02,-2.829049595461570824e-02,8.324231228289048490e-01,1.102785602480960830e-02,4.135446009278670801e-03,2.587676895693730383e+00,0.000000000000000000e+00
4.333333333333333481e-01,-8.875169877031102716e-02,-2.828188703886726219e-02,8.377780674541175365e-01,1.101659958252429114e-02,4.131224843421702451e-03,2.564606582540931878e+00,0.000000000000000000e+00
4.354166666666666741e-01,-8.872876495069662028e-02,-2.827328685651191165e-02,8.430850192211138960e-01,1.100544672946296432e-02,4.127042523523729613e-03,2.541581248365087031e+00,0.000000000000000000e+00
4.375000000000000000e-01,-8.870585420505636143e-02,-2.826469532689687009e-02,8.483440710980797439e-01,1.099439699419342033e-02,4.122898872797675987e-03,2.518600420898994496e+00,0.000000000000000000e+00
4.395833333333333259e-01,-8.868296631928973550e-02,-2.825611236973443741e-02,8.535553150742366535e-01,1.098344991077089029e-02,4.118793716514251510e-03,2.495663631026957763e+00,0.000000000000000000e+00
4.416666666666666519e-01,-8.866010108025842995e-02,-2.824753790509774987e-02,8.587188421663419780e-01,1.097260501868679676e-02,4.114726881982741155e-03,2.472770412743042989e+00,0.000000000000000000e+00
4.437499999999999778e-01,-8.863725827577510763e-02,-2.823897185341656124e-02,8.638347424251030526e-01,1.096186186281827846e-02,4.110698198532071294e-03,2.449920303109822672e+00,0.000000000000000000e+00
4.458333333333333037e-01,-8.861443769459229070e-02,-2.823041413547305867e-02,8.689031049415064656e-01,1.095121999337844883e-02,4.106707497492158819e-03,2.427112842217606037e+00,0.000000000000000000e+00
4.479166666666666852e-01,-8.859163912639127225e-02,-2.822186467239773053e-02,8.739240178530626180e-01,1.094067896586739357e-02,4.102754612175536081e-03,2.404347573144141936e+00,0.000000000000000000e+00
4.500000000000000111e-01,-8.856886236177120841e-02,-2.821332338566525863e-02,8.788975683499674618e-01,1.093023834102388979e-02,4.098839377859246451e-03,2.381624041914789824e+00,0.000000000000000000e+00
4.520833333333333370e-01,-8.854610719223826587e-02,-2.820479019709045548e-02,8.838238426811817483e-01,1.091989768477785207e-02,4.094961631767005290e-03,2.358941797463148138e+00,0.000000000000000000e+00
4.541666666666666630e-01,-8.852337341019488048e-02,-2.819626502882423627e-02,8.887029261604290076e-01,1.090965656820345846e-02,4.091121213051630671e-03,2.336300391592138315e+00,0.000000000000000000e+00
4.562499999999999889e-01,-8.850066080892912690e-02,-2.818774780334962898e-02,8.935349031721133706e-01,1.089951456747299471e-02,4.087317962777729102e-03,2.313699378935526241e+00,0.000000000000000000e+00
4.583333333333333148e-01,-8.847796918260414367e-02,-2.817923844347781231e-02,8.983198571771574548e-01,1.088947126381137158e-02,4.083551723904643195e-03,2.291138316919886897e+00,0.000000000000000000e+00
4.604166666666666408e-01,-8.845529832624771105e-02,-2.817073687234420212e-02,9.030578707187618681e-01,1.087952624345131514e-02,4.079822341269644798e-03,2.268616765726993556e+00,0.000000000000000000e+00
4.624999999999999667e-01,-8.843264803574185651e-02,-2.816224301340455871e-02,9.077490254280875526e-01,1.086967909758923025e-02,4.076129661571385732e-03,2.246134288256632860e+00,0.000000000000000000e+00
4.645833333333333481e-01,-8.841001810781259906e-02,-2.815375679043113574e-02,9.123934020298604120e-01,1.085992942234171622e-02,4.072473533353589657e-03,2.223690450089831572e+00,0.000000000000000000e+00
4.666666666666666741e-01,-8.838740834001974911e-02,-2.814527812750886732e-02,9.169910803479005557e-01,1.085027681870272091e-02,4.068853806988988533e-03,2.201284819452495434e+00,0.000000000000000000e+00
4.687500000000000000e-01,-8.836481853074681925e-02,-2.813680694903156893e-02,9.215421393105763803e-01,1.084072089250135568e-02,4.065270334663498471e-03,2.178916967179446385e+00,0.000000000000000000e+00
4.708333333333333259e-01,-8.834224847919103230e-02,-2.812834317969820086e-02,9.260466569561840444e-01,1.083126125436031581e-02,4.061722970360629771e-03,2.156586466678856340e+00,0.000000000000000000e+00
4.729166666666666519e-01,-8.831969798535338478e-02,-2.811988674450913508e-02,9.305047104382534462e-01,1.082189751965493586e-02,4.058211569846133758e-03,2.134292893897069110e+00,0.000000000000000000e+00
4.749999999999999778e-01,-8.829716685002882148e-02,-2.811143756876247068e-02,9.349163760307822590e-01,1.081262930847285558e-02,4.054735990652874253e-03,2.112035827283802458e+00,0.000000000000000000e+00
4.770833333333333037e-01,-8.827465487479643769e-02,-2.810299557805037707e-02,9.392817291333969143e-01,1.080345624557428434e-02,4.051296092065930637e-03,2.089814847757729410e+00,0.000000000000000000e+00
4.791666666666666852e-01,-8.825216186200986190e-02,-2.809456069825546493e-02,9.436008442764435289e-01,1.079437796035287271e-02,4.047891735107922093e-03,2.067629538672423717e+00,0.000000000000000000e+00
4.812500000000000111e-01,-8.822968761478763855e-02,-2.808613285554718147e-02,9.478737951260077788e-01,1.078539408679716170e-02,4.044522782524550414e-03,2.045479485782673024e+00,0.000000000000000000e+00
4.833333333333333370e-01,-8.820723193700370779e-02,-2.807771197637825428e-02,9.521006544888650502e-01,1.077650426345261488e-02,4.041189098770364869e-03,2.023364277211144202e+00,0.000000000000000000e+00
4.854166666666666630e-01,-8.818479463327796863e-02,-2.806929798748115240e-02,9.562814943173624238e-01,1.076770813338422637e-02,4.037890549994738697e-03,2.001283503415405285e+00,0.000000000000000000e+00
4.874999999999999889e-01,-8.816237550896695307e-02,-2.806089081586456840e-02,9.604163857142317129e-01,1.075900534413969448e-02,4.034627004028058100e-03,1.979236757155286242e+00,0.000000000000000000e+00
4.895833333333333148e-01,-8.813997437015448633e-02,-2.805249038880994542e-02,9.645053989373357783e-01,1.075039554771314507e-02,4.031398330368122021e-03,1.957223633460583478e+00,0.000000000000000000e+00
4.916666666666666408e-01,-8.811759102364254137e-02,-2.804409663386801810e-02,9.685486034043472303e-01,1.074187840050942234e-02,4.028204400166744865e-03,1.935243729599096740e+00,0.000000000000000000e+00
4.937499999999999667e-01,-8.809522527694207961e-02,-2.803570947885539177e-02,9.725460676973616270e-01,1.073345356330889649e-02,4.025045086216566537e-03,1.913296645044993083e+00,0.000000000000000000e+00
4.958333333333333481e-01,-8.807287693826396091e-02,-2.802732885185114584e-02,9.764978595674451700e-01,1.072512070123283166e-02,4.021920262938061090e-03,1.891381981447492810e+00,0.000000000000000000e+00
4.979166666666666741e-01,-8.805054581650999246e-02,-2.801895468119345797e-02,9.804040459391176743e-01,1.071687948370927089e-02,4.018829806366744015e-03,1.869499342599874270e+00,0.000000000000000000e+00
5.000000000000000000e-01,-8.802823172126399143e-02,-2.801058689547625963e-02,9.842646929147713664e-01,1.070872958443945012e-02,4.015773594140579009e-03,1.847648334408789061e+00,0.000000000000000000e+00
5.020833333333333259e-01,-8.800593446278295873e-02,-2.800222542354592267e-02,9.880798657790262896e-01,1.070067068136471358e-02,4.012751505487571237e-03,1.825828564863882564e+00,0.000000000000000000e+00
5.041666666666666519e-01,-8.798365385198823885e-02,-2.799387019449795302e-02,9.918496290030228701e-01,1.069270245663395992e-02,4.009763421213557479e-03,1.804039644007716436e+00,0.000000000000000000e+00
5.062499999999999778e-01,-8.796138970045687400e-02,-2.798552113767373978e-02,9.955740462486520892e-01,1.068482459657157241e-02,4.006809223690180159e-03,1.782281183905987776e+00,0.000000000000000000e+00
5.083333333333333037e-01,-8.793914182041290273e-02,-2.797717818265730086e-02,9.992531803727244810e-01,1.067703679164585216e-02,4.003888796843053065e-03,1.760552798618036929e+00,0.000000000000000000e+00
5.104166666666666297e-01,-8.791691002471879735e-02,-2.796884125927205991e-02,1.002887093431078069e+00,1.066933873643794058e-02,4.001002026140103134e-03,1.738854104167643078e+00,0.000000000000000000e+00
5.124999999999999556e-01,-8.789469412686694294e-02,-2.796051029757766482e-02,1.006475846682625352e+00,1.066173012961122574e-02,3.998148798580102199e-03,1.717184718514100039e+00,0.000000000000000000e+00
5.145833333333332815e-01,-8.787249394097117194e-02,-2.795218522786680274e-02,1.010019500593341002e+00,1.065421067388122416e-02,3.995329002681368737e-03,1.695544261523567409e+00,0.000000000000000000e+00
5.166666666666666075e-01,-8.785030928175838194e-02,-2.794386598066206026e-02,1.013518114840190165e+00,1.064678007598593955e-02,3.992542528470653489e-03,1.673932354940693923e+00,0.000000000000000000e+00
5.187500000000000444e-01,-8.782813996456018124e-02,-2.793555248671278704e-02,1.016971748314998258e+00,1.063943804665667785e-02,3.989789267472197698e-03,1.652348622360506836e+00,0.000000000000000000e+00
5.208333333333333703e-01,-8.780598580530464548e-02,-2.792724467699201144e-02,1.020380459128262363e+00,1.063218430058932885e-02,3.987069112696957872e-03,1.630792689200563750e+00,0.000000000000000000e+00
5.229166666666666963e-01,-8.778384662050806031e-02,-2.791894248269333884e-02,1.023744304612904221e+00,1.062501855641609719e-02,3.984381958632011826e-03,1.609264182673360466e+00,0.000000000000000000e+00
5.250000000000000222e-01,-8.776172222726680294e-02,-2.791064583522791243e-02,1.027063341327968171e+00,1.061794053667768252e-02,3.981727701230122589e-03,1.587762731758993962e+00,0.000000000000000000e+00
5.270833333333333481e-01,-8.773961244324919584e-02,-2.790235466622136007e-02,1.030337625062260676e+00,1.061094996779590911e-02,3.979106237899473174e-03,1.566287967178071394e+00,0.000000000000000000e+00
5.291666666666666741e-01,-8.771751708668752701e-02,-2.789406890751078630e-02,1.033567210837934791e+00,1.060404658004677515e-02,3.976517467493563551e-03,1.544839521364863799e+00,0.000000000000000000e+00
5.312500000000000000e-01,-8.769543597637002863e-02,-2.788578849114177124e-02,1.036752152914018010e+00,1.059723010753395485e-02,3.973961290301270682e-03,1.523417028440700483e+00,0.000000000000000000e+00
5.333333333333333259e-01,-8.767336893163291123e-02,-2.787751334936540079e-02,1.039892504789886374e+00,1.059050028816270646e-02,3.971437608037067281e-03,1.502020124187597006e+00,0.000000000000000000e+00
5.354166666666666519e-01,-8.765131577235253657e-02,-2.786924341463531060e-02,1.042988319208683512e+00,1.058385686361421399e-02,3.968946323831397567e-03,1.480648446022116094e+00,0.000000000000000000e+00
5.374999999999999778e-01,-8.762927631893757674e-02,-2.786097861960475097e-02,1.046039648160684843e+00,1.057729957932033310e-02,3.966487342221206545e-03,1.459301632969453921e+00,0.000000000000000000e+00
5.395833333333333037e-01,-8.760725039232121480e-02,-2.785271889712366555e-02,1.049046542886609146e+00,1.057082818443876027e-02,3.964060569140631478e-03,1.437979325637750438e+00,0.000000000000000000e+00
5.416666666666666297e-01,-8.758523781395345653e-02,-2.784446418023580477e-02,1.052009053880876399e+00,1.056444243182859226e-02,3.961665911911833003e-03,1.416681166192618191e+00,0.000000000000000000e+00
5.437499999999999556e-01,-8.756323840579342821e-02,-2.783621440217583926e-02,1.054927230894813439e+00,1.055814207802628982e-02,3.959303279235983249e-03,1.395406798331886078e+00,0.000000000000000000e+00
5.458333333333332815e-01,-8.754125199030174387e-02,-2.782796949636650446e-02,1.057801122939806548e+00,1.055192688322203511e-02,3.956972581184402260e-03,1.374155867260552943e+00,0.000000000000000000e+00
5.479166666666666075e-01,-8.751927839043296964e-02,-2.781972939641576270e-02,1.060630778290402088e+00,1.054579661123648121e-02,3.954673729189833210e-03,1.352928019665950554e+00,0.000000000000000000e+00
5.500000000000000444e-01,-8.749731742962807424e-02,-2.781149403611397550e-02,1.063416244487357387e+00,1.053975102949787288e-02,3.952406636037868529e-03,1.331722903693107307e+00,0.000000000000000000e+00
5.520833333333333703e-01,-8.747536893180693496e-02,-2.780326334943110031e-02,1.066157568340638795e+00,1.053378990901955234e-02,3.950171215858512205e-03,1.310540168920312443e+00,0.000000000000000000e+00
5.541666666666666963e-01,-8.745343272136094082e-02,-2.779503727051390108e-02,1.068854795932369095e+00,1.052791302437783988e-02,3.947967384117883477e-03,1.289379466334876101e+00,0.000000000000000000e+00
5.562500000000000222e-01,-8.743150862314555405e-02,-2.778681573368317614e-02,1.071507972619726967e+00,1.052212015369026997e-02,3.945795057610058422e-03,1.268240448309080559e+00,0.000000000000000000e+00
5.583333333333333481e-01,-8.740959646247299653e-02,-2.777859867343101391e-02,1.074117143037793598e+00,1.051641107859419867e-02,3.943654154449044262e-03,1.247122768576320428e+00,0.000000000000000000e+00
5.604166666666666741e-01,-8.738769606510495003e-02,-2.777038602441804852e-02,1.076682351102351776e+00,1.051078558422575797e-02,3.941544594060890708e-03,1.226026082207427148e+00,0.000000000000000000e+00
5.625000000000000000e-01,-8.736580725724529817e-02,-2.776217772147072937e-02,1.079203640012635912e+00,1.050524345919915704e-02,3.939466297175927938e-03,1.204950045587174445e+00,0.000000000000000000e+00
5.645833333333333259e-01,-8.734392986553290994e-02,-2.775397369957863236e-02,1.081681052254032549e+00,1.049978449558634092e-02,3.937419185821133816e-03,1.183894316390962320e+00,0.000000000000000000e+00
5.666666666666666519e-01,-8.732206371703446490e-02,-2.774577389389176058e-02,1.084114629600732904e+00,1.049440848889695958e-02,3.935403183312628610e-03,1.162858553561673114e+00,0.000000000000000000e+00
5.687499999999999778e-01,-8.730020863923730612e-02,-2.773757823971787287e-02,1.086504413118338341e+00,1.048911523805869279e-02,3.933418214248290273e-03,1.141842417286700995e+00,0.000000000000000000e+00
5.708333333333333037e-01,-8.727836446004239024e-02,-2.772938667251982278e-02,1.088850443166416104e+00,1.048390454539787839e-02,3.931464204500495496e-03,1.120845568975146200e+00,0.000000000000000000e+00
5.729166666666666297e-01,-8.725653100775718207e-02,-2.772119912791291829e-02,1.091152759401010641e+00,1.047877621662046156e-02,3.929541081208976112e-03,1.099867671235174260e+00,0.000000000000000000e+00
5.749999999999999556e-01,-8.723470811108870182e-02,-2.771301554166228850e-02,1.093411400777105635e+00,1.047373006079325812e-02,3.927648772773785664e-03,1.078908387851536199e+00,0.000000000000000000e+00
5.770833333333332815e-01,-8.721289559913651679e-02,-2.770483584968027116e-02,1.095626405551040294e+00,1.046876589032550396e-02,3.925787208848389130e-03,1.057967383763245284e+00,0.000000000000000000e+00
5.791666666666666075e-01,-8.719109330138581637e-02,-2.769665998802380708e-02,1.097797811282880120e+00,1.046388352095070293e-02,3.923956320332850668e-03,1.037044325041408088e+00,0.000000000000000000e+00
5.812500000000000444e-01,-8.716930104770050092e-02,-2.768848789289186235e-02,1.099925654838740163e+00,1.045908277170875221e-02,3.922156039367129775e-03,1.016138878867206774e+00,0.000000000000000000e+00
5.833333333333333703e-01,-8.714751866831633997e-02,-2.768031950062285057e-02,1.102009972393064086e+00,1.045436346492833665e-02,3.920386299324484132e-03,9.952507135100273628e-01,0.000000000000000000e+00
5.854166666666666963e-01,-8.712574599383414442e-02,-2.767215474769207234e-02,1.104050799430857266e+00,1.044972542620957803e-02,3.918647034804960058e-03,9.743794983057356696e-01,0.000000000000000000e+00
5.875000000000000222e-01,-8.710398285521295247e-02,-2.766399357070917220e-02,1.106048170749874382e+00,1.044516848440693937e-02,3.916938181628981837e-03,9.535249036350912366e-01,0.000000000000000000e+00
5.895833333333333481e-01,-8.708222908376332672e-02,-2.765583590641560591e-02,1.108002120462763473e+00,1.044069247161234608e-02,3.915259676831019976e-03,9.326866009023015991e-01,0.000000000000000000e+00
5.916666666666666741e-01,-8.706048451114056785e-02,-2.764768169168212164e-02,1.109912681999164485e+00,1.043629722313853432e-02,3.913611458653350542e-03,9.118642625137115543e-01,0.000000000000000000e+00
5.937500000000000000e-01,-8.703874896933809502e-02,-2.763953086350624463e-02,1.111779888107764069e+00,1.043198257750258852e-02,3.911993466539880407e-03,8.910575618566238809e-01,0.000000000000000000e+00
5.958333333333333259e-01,-8.701702229068075667e-02,-2.763138335900979306e-02,1.113603770858305753e+00,1.042774837640965228e-02,3.910405641130038426e-03,8.702661732782503989e-01,0.000000000000000000e+00
5.979166666666666519e-01,-8.699530430781825252e-02,-2.762323911543640084e-02,1.115384361643558142e+00,1.042359446473680416e-02,3.908847924252729922e-03,8.494897720647884842e-01,0.000000000000000000e+00
5.999999999999999778e-01,-8.697359485371847221e-02,-2.761509807014903353e-02,1.117121691181237608e+00,1.041952069051704788e-02,3.907320258920330205e-03,8.287280344206217064e-01,0.000000000000000000e+00
6.020833333333333037e-01,-8.695189376166104211e-02,-2.760696016062754929e-02,1.118815789515889447e+00,1.041552690492340491e-02,3.905822589322723200e-03,8.079806374476401487e-01,0.000000000000000000e+00
6.041666666666666297e-01,-8.693020086523076118e-02,-2.759882532446623904e-02,1.120466686020725522e+00,1.041161296225306260e-02,3.904354860821353940e-03,7.872472591246789664e-01,0.000000000000000000e+00
6.062499999999999556e-01,-8.690851599831107832e-02,-2.759069349937140481e-02,1.122074409399419048e+00,1.040777871991154478e-02,3.902917019943293216e-03,7.665275782870717425e-01,0.000000000000000000e+00
6.083333333333332815e-01,-8.688683899507770869e-02,-2.758256462315894150e-02,1.123638987687857416e+00,1.040402403839684083e-02,3.901509014375288339e-03,7.458212746063153098e-01,0.000000000000000000e+00
6.104166666666666075e-01,-8.686516968999219435e-02,-2.757443863375192220e-02,1.125160448255852375e+00,1.040034878128345830e-02,3.900130792957777915e-03,7.251280285698440409e-01,0.000000000000000000e+00
6.125000000000000444e-01,-8.684350791779552048e-02,-2.756631546917821460e-02,1.126638817808808479e+00,1.039675281520630393e-02,3.898782305678852832e-03,7.044475214609108304e-01,0.000000000000000000e+00
6.145833333333333703e-01,-8.682185351350171776e-02,-2.755819506756808715e-02,1.128074122389350009e+00,1.039323600984433035e-02,3.897463503668120548e-03,6.837794353385711066e-01,0.000000000000000000e+00
6.166666666666666963e-01,-8.680020631239164508e-02,-2.755007736715185673e-02,1.129466387378905701e+00,1.038979823790383075e-02,3.896174339190441004e-03,6.631234530177683162e-01,0.000000000000000000e+00
6.187500000000000222e-01,-8.677856615000660578e-02,-2.754196230625751904e-02,1.130815637499253512e+00,1.038643937510128588e-02,3.894914765639494268e-03,6.424792580495173322e-01,0.000000000000000000e+00
6.208333333333333481e-01,-8.675693286214218591e-02,-2.753384982330840669e-02,1.132121896814021644e+00,1.038315930014557971e-02,3.893684737531112258e-03,6.218465347011835620e-01,0.000000000000000000e+00
6.229166666666666741e-01,-8.673530628484198146e-02,-2.752573985682088206e-02,1.133385188730151816e+00,1.037995789471944132e-02,3.892484210496317733e-03,6.012249679368552036e-01,0.000000000000000000e+00
6.250000000000000000e-01,-8.671368625439149214e-02,-2.751763234540199887e-02,1.134605535999319237e+00,1.037683504345984949e-02,3.891313141273977302e-03,5.806142433978053186e-01,0.000000000000000000e+00
6.270833333333333259e-01,-8.669207260731195963e-02,-2.750952722774722622e-02,1.135782960719313728e+00,1.037379063393715876e-02,3.890171487702974787e-03,5.600140473830419463e-01,0.000000000000000000e+00
6.291666666666666519e-01,-8.667046518035431690e-02,-2.750142444263815877e-02,1.136917484335379092e+00,1.037082455663256540e-02,3.889059208713758781e-03,5.394240668299429275e-01,0.000000000000000000e+00
6.312499999999999778e-01,-8.664886381049313746e-02,-2.749332392894026506e-02,1.138009127641513851e+00,1.036793670491349163e-02,3.887976264319112623e-03,5.188439892949743282e-01,0.000000000000000000e+00
6.333333333333333037e-01,-8.662726833492069567e-02,-2.748522562560064275e-02,1.139057910781729577e+00,1.036512697500630367e-02,3.886922615603923860e-03,4.982735029344873001e-01,0.000000000000000000e+00
6.354166666666666297e-01,-8.660567859104099930e-02,-2.747712947164580519e-02,1.140063853251271908e+00,1.036239526596565569e-02,3.885898224713687371e-03,4.777122964855938236e-01,0.000000000000000000e+00
6.374999999999999556e-01,-8.658409441646404414e-02,-2.746903540617949557e-02,1.141026973897800723e+00,1.035974147963949349e-02,3.884903054841382618e-03,4.571600592471165014e-01,0.000000000000000000e+00
6.395833333333332815e-01,-8.656251564899998530e-02,-2.746094336838052208e-02,1.141947290922529890e+00,1.035716552062848628e-02,3.883937070212260985e-03,4.366164810606116276e-01,0.000000000000000000e+00
6.416666666666666075e-01,-8.654094212665350283e-02,-2.745285329750063799e-02,1.142824821881329278e+00,1.035466729623823676e-02,3.883000236065922619e-03,4.160812522914618672e-01,0.000000000000000000e+00
6.437500000000000444e-01,-8.651937368761823677e-02,-2.744476513286246006e-02,1.143659583685785908e+00,1.035224671642203352e-02,3.882092518634852260e-03,3.955540638100369377e-01,0.000000000000000000e+00
6.458333333333333703e-01,-8.649781017027140251e-02,-2.743667881385744578e-02,1.144451592604227352e+00,1.034990369371113945e-02,3.881213885118272190e-03,3.750346069729196818e-01,0.000000000000000000e+00
6.479166666666666963e-01,-8.647625141316855890e-02,-2.742859427994392627e-02,1.145200864262704954e+00,1.034763814312840598e-02,3.880364303649752340e-03,3.545225736041954234e-01,0.000000000000000000e+00
6.500000000000000222e-01,-8.645469725503854286e-02,-2.742051147064521882e-02,1.145907413645938400e+00,1.034544998207936016e-02,3.879543743256364929e-03,3.340176559768021081e-01,0.000000000000000000e+00
6.520833333333333481e-01,-8.643314753477877865e-02,-2.741243032554785755e-02,1.146571255098222997e+00,1.034333913021233398e-02,3.878752173806234230e-03,3.135195467939400071e-01,0.000000000000000000e+00
6.541666666666666741e-01,-8.641160209145086479e-02,-2.740435078429994190e-02,1.147192402324295424e+00,1.034130550923539719e-02,3.877989565939887490e-03,2.930279391705380432e-01,0.000000000000000000e+00
6.562500000000000000e-01,-8.639006076427666048e-02,-2.739627278660966558e-02,1.147770868390164178e+00,1.033934904267182903e-02,3.877255890978553981e-03,2.725425266147771253e-01,0.000000000000000000e+00
6.583333333333333259e-01,-8.636852339263502432e-02,-2.738819627224409886e-02,1.148306665723898723e+00,1.033746965552625151e-02,3.876551120798966531e-03,2.520630030096679408e-01,0.000000000000000000e+00
6.604166666666666519e-01,-8.634698981605944124e-02,-2.738012118102830378e-02,1.148799806116382882e+00,1.033566727381768184e-02,3.875875227658257243e-03,2.315890625946855907e-01,0.000000000000000000e+00
6.624999999999999778e-01,-8.632545987423696776e-02,-2.737204745284492480e-02,1.149250300722027829e+00,1.033394182390863329e-02,3.875228183942368374e-03,2.111203999474624005e-01,0.000000000000000000e+00
6.645833333333333037e-01,-8.630393340700905080e-02,-2.736397502763450451e-02,1.149658160059448875e+00,1.033229323151122099e-02,3.874609961793342230e-03,1.906567099655467334e-01,0.000000000000000000e+00
6.666666666666666297e-01,-8.628241025437524692e-02,-2.735590384539687142e-02,1.150023394012103406e+00,1.033072142016155763e-02,3.874020532537222807e-03,1.701976878482429623e-01,0.000000000000000000e+00
6.687499999999999556e-01,-8.626089025650150732e-02,-2.734783384619426591e-02,1.150346011828890624e+00,1.032922630877776068e-02,3.873459865768302205e-03,1.497430290785657092e-01,0.000000000000000000e+00
6.708333333333332815e-01,-8.623937325373617901e-02,-2.733976497015731463e-02,1.150626022124715764e+00,1.032780780754801939e-02,3.872927927807152254e-03,1.292924294053838796e-01,0.000000000000000000e+00
6.729166666666666075e-01,-8.621785908663953668e-02,-2.733169715749612233e-02,1.150863432881016113e+00,1.032646581055871385e-02,3.872424678936165713e-03,1.088455848259350794e-01,0.000000000000000000e+00
6.750000000000000444e-01,-8.619634759603933549e-02,-2.732363034852109546e-02,1.151058251446251957e+00,1.032520018147649668e-02,3.871950068030337311e-03,8.840219156919147669e-02,0.000000000000000000e+00
6.770833333333333703e-01,-8.617483862314158360e-02,-2.731556448368449228e-02,1.151210484536367762e+00,1.032401072261953517e-02,3.871504020958979782e-03,6.796194608155160799e-02,0.000000000000000000e+00
6.791666666666666963e-01,-8.615333200977658146e-02,-2.730749950367266504e-02,1.151320138235234047e+00,1.032289709739919563e-02,3.871086411501354838e-03,4.752454502038829659e-02,0.000000000000000000e+00
6.812500000000000222e-01,-8.613182759905696484e-02,-2.729943534965285565e-02,1.151387217995129664e+00,1.032185858618248596e-02,3.870696969795090880e-03,2.708968528376463902e-02,0.000000000000000000e+00
6.833333333333333481e-01,-8.611032523787048865e-02,-2.729137196420797565e-02,1.151411728637707022e+00,1.032089294090952902e-02,3.870334852817733980e-03,6.657064331895432008e-03,0.000000000000000000e+00
6.854166666666666741e-01,-8.608882479611254523e-02,-2.728330929854879544e-02,1.151393674366467890e+00,1.031998527006562812e-02,3.869994476251273526e-03,-1.377361139117057147e-02,0.000000000000000000e+00
6.875000000000000000e-01,-8.606732627755508958e-02,-2.727524735408979814e-02,1.151333059045265728e+00,1.031905553799356348e-02,3.869645826724251239e-03,-3.420245448153649143e-02,0.000000000000000000e+00
6.895833333333333259e-01,-8.604582980319756824e-02,-2.726718617620577448e-02,1.151229886870647645e+00,1.031805700806829804e-02,3.869271378002279299e-03,-5.462922057864210562e-02,0.000000000000000000e+00
6.916666666666666519e-01,-8.602433552473051637e-02,-2.725912582178067686e-02,1.151084162639265607e+00,1.031698445175856238e-02,3.868869169386130596e-03,-7.505360910430687593e-02,0.000000000000000000e+00
6.937499999999999778e-01,-8.600284359822439606e-02,-2.725106634934092859e-02,1.150895891776157365e+00,1.031583670582076652e-02,3.868438764659459534e-03,-9.547531812950922625e-02,0.000000000000000000e+00
6.958333333333333037e-01,-8.598135418098179494e-02,-2.724300781787500000e-02,1.150665080335387946e+00,1.031461335529872125e-02,3.867980008213695812e-03,-1.158940457241287164e-01,0.000000000000000000e+00
6.979166666666666297e-01,-8.595986743079536696e-02,-2.723495028655513808e-02,1.150391734999831161e+00,1.031331422133898931e-02,3.867492832978799370e-03,-1.363094900941625720e-01,0.000000000000000000e+00
6.999999999999999556e-01,-8.593838350567416240e-02,-2.722689381463473668e-02,1.150075863080823213e+00,1.031193922385974585e-02,3.866977208924085672e-03,-1.567213496228686276e-01,0.000000000000000000e+00
7.020833333333332815e-01,-8.591690256371604939e-02,-2.721883846140049287e-02,1.149717472517753469e+00,1.031048833221687687e-02,3.866433124558013926e-03,-1.771293228952309784e-01,0.000000000000000000e+00
7.041666666666666075e-01,-8.589542476303832497e-02,-2.721078428614639305e-02,1.149316571877613269e+00,1.030896154393797295e-02,3.865860578953428644e-03,-1.975331087181344536e-01,0.000000000000000000e+00
7.062500000000000444e-01,-8.587395026173545720e-02,-2.720273134815786448e-02,1.148873170354503870e+00,1.030735887432866413e-02,3.865259577849941303e-03,-2.179324061391230694e-01,0.000000000000000000e+00
7.083333333333333703e-01,-8.585247921785087166e-02,-2.719467970670119000e-02,1.148387277769106873e+00,1.030568035090165431e-02,3.864630131564816308e-03,-2.383269144645963622e-01,0.000000000000000000e+00
7.104166666666666963e-01,-8.583101178935650943e-02,-2.718662942101585447e-02,1.147858904568117344e+00,1.030392601017109978e-02,3.863972253790862264e-03,-2.587163332777434044e-01,0.000000000000000000e+00
7.125000000000000222e-01,-8.580954813413721460e-02,-2.717858055030866749e-02,1.147288061823638516e+00,1.030209589570093079e-02,3.863285960864553444e-03,-2.791003624563333507e-01,0.000000000000000000e+00
7.145833333333333481e-01,-8.578808840997793894e-02,-2.717053315374899289e-02,1.146674761232541195e+00,1.030019005686045805e-02,3.862571271299380937e-03,-2.994787021904133928e-01,0.000000000000000000e+00
7.166666666666666741e-01,-8.576663277455302825e-02,-2.716248729046469995e-02,1.146019015115784967e+00,1.029820854799973380e-02,3.861828205476613464e-03,-3.198510529999381014e-01,0.000000000000000000e+00
7.187500000000000000e-01,-8.574518138541664669e-02,-2.715444301953860717e-02,1.145320836417704102e+00,1.029615142788475705e-02,3.861056785433501521e-03,-3.402171157523407041e-01,0.000000000000000000e+00
7.208333333333333259e-01,-8.572373439999425582e-02,-2.714640040000525917e-02,1.144580238705255715e+00,1.029401875929941527e-02,3.860257034714003558e-03,-3.605765916800506843e-01,0.000000000000000000e+00
7.229166666666666519e-01,-8.570229197557467649e-02,-2.713835949084796723e-02,1.143797236167232168e+00,1.029181060875771977e-02,3.859428978260873600e-03,-3.809291823979603642e-01,0.000000000000000000e+00
7.249999999999999778e-01,-8.568085426930266424e-02,-2.713032035099601294e-02,1.142971843613437510e+00,1.028952704629099157e-02,3.858572642335854862e-03,-4.012745899208400302e-01,0.000000000000000000e+00
7.270833333333333037e-01,-8.565942143817183163e-02,-2.712228303932199755e-02,1.142104076473826835e+00,1.028716814528713060e-02,3.857688054459411982e-03,-4.216125166807005997e-01,0.000000000000000000e+00
7.291666666666666297e-01,-8.563799363901783424e-02,-2.711424761463929536e-02,1.141193950797609880e+00,1.028473398236687611e-02,3.856775243364321971e-03,-4.419426655441035523e-01,0.000000000000000000e+00
7.312499999999999556e-01,-8.561657102851179257e-02,-2.710621413569957658e-02,1.140241483252319110e+00,1.028222463728675762e-02,3.855834238959283608e-03,-4.622647398294154053e-01,0.000000000000000000e+00
7.333333333333332815e-01,-8.559515376315390833e-02,-2.709818266119041683e-02,1.139246691122841382e+00,1.027964019286164640e-02,3.854865072299873408e-03,-4.825784433240059013e-01,0.000000000000000000e+00
7.354166666666666075e-01,-8.557374199926714997e-02,-2.709015324973293448e-02,1.138209592310413854e+00,1.027698073490189955e-02,3.853867775564973324e-03,-5.028834803013875199e-01,0.000000000000000000e+00
7.375000000000000444e-01,-8.555233589299114649e-02,-2.708212595987947655e-02,1.137130205331585264e+00,1.027424635216148303e-02,3.852842382037322336e-03,-5.231795555382946494e-01,0.000000000000000000e+00
7.395833333333333703e-01,-8.553093560027603959e-02,-2.707410085011136350e-02,1.136008549317140126e+00,1.027143713629449610e-02,3.851788926087208308e-03,-5.434663743316998641e-01,0.000000000000000000e+00
7.416666666666666963e-01,-8.550954127687658557e-02,-2.706607797883661681e-02,1.134844644010988723e+00,1.026855318181812103e-02,3.850707443158574161e-03,-5.637436425157669184e-01,0.000000000000000000e+00
7.437500000000000222e-01,-8.548815307834620181e-02,-2.705805740438777321e-02,1.133638509769021807e+00,1.026559458608058799e-02,3.849597969757005342e-03,-5.840110664787361294e-01,0.000000000000000000e+00
7.458333333333333481e-01,-8.546677116003111030e-02,-2.705003918501966420e-02,1.132390167557929539e+00,1.026256144923304130e-02,3.848460543439181838e-03,-6.042683531797422569e-01,0.000000000000000000e+00
7.479166666666666741e-01,-8.544539567706453675e-02,-2.704202337890725463e-02,1.131099638953986242e+00,1.025945387420448655e-02,3.847295202803480748e-03,-6.245152101655615517e-01,0.000000000000000000e+00
7.500000000000000000e-01,-8.542402678436100683e-02,-2.703401004414347428e-02,1.129766946141800288e+00,1.025627196667917504e-02,3.846101987481495652e-03,-6.447513455872868615e-01,0.000000000000000000e+00
7.520833333333333259e-01,-8.540266463661051743e-02,-2.702599923873709453e-02,1.128392111913028240e+00,1.025301583507590500e-02,3.844880938130276760e-03,-6.649764682169280183e-01,0.000000000000000000e+00
7.541666666666666519e-01,-8.538130938827302729e-02,-2.701799102061058777e-02,1.126975159665056792e+00,1.024968559052887029e-02,3.843632096425146118e-03,-6.851902874639362873e-01,0.000000000000000000e+00
7.562499999999999778e-01,-8.535996119357271150e-02,-2.700998544759802139e-02,1.125516113399648299e+00,1.024628134686973203e-02,3.842355505052976426e-03,-7.053925133916505441e-01,0.000000000000000000e+00
7.583333333333333037e-01,-8.533862020649242430e-02,-2.700198257744296226e-02,1.124014997721552778e+00,1.024280322061065819e-02,3.841051207705831541e-03,-7.255828567336630730e-01,0.000000000000000000e+00
7.604166666666666297e-01,-8.531728658076810634e-02,-2.699398246779639160e-02,1.122471837837086595e+00,1.023925133092814035e-02,3.839719249074896243e-03,-7.457610289101033185e-01,0.000000000000000000e+00
7.624999999999999556e-01,-8.529596046988328906e-02,-2.698598517621463369e-02,1.120886659552676523e+00,1.023562579964743674e-02,3.838359674844639760e-03,-7.659267420438380380e-01,0.000000000000000000e+00
7.645833333333332815e-01,-8.527464202706357133e-02,-2.697799076015728811e-02,1.119259489273370489e+00,1.023192675122746968e-02,3.836972531687160137e-03,-7.860797089765850787e-01,0.000000000000000000e+00
7.666666666666666075e-01,-8.525333140527117937e-02,-2.696999927698518970e-02,1.117590354001315234e+00,1.022815431274613600e-02,3.835557867256668679e-03,-8.062196432849398908e-01,0.000000000000000000e+00
7.687500000000000444e-01,-8.523202875719952665e-02,-2.696201078395836850e-02,1.115879281334200446e+00,1.022430861388587062e-02,3.834115730184078485e-03,-8.263462592963121134e-01,0.000000000000000000e+00
7.708333333333333703e-01,-8.521073423526778767e-02,-2.695402533823401670e-02,1.114126299463669367e+00,1.022038978691945134e-02,3.832646170071680580e-03,-8.464592721047706769e-01,0.000000000000000000e+00
7.729166666666666963e-01,-8.518944799161558279e-02,-2.694604299686448670e-02,1.112331437173697202e+00,1.021639796669594064e-02,3.831149237487872523e-03,-8.665583975867958699e-01,0.000000000000000000e+00
7.750000000000000222e-01,-8.516817017809753809e-02,-2.693806381679527198e-02,1.110494723838936437e+00,1.021233329062673847e-02,3.829624983961931687e-03,-8.866433524169362590e-01,0.000000000000000000e+00
7.770833333333333481e-01,-8.514690094627808126e-02,-2.693008785486301904e-02,1.108616189423030640e+00,1.020819589867170973e-02,3.828073461978805016e-03,-9.067138540833689087e-01,0.000000000000000000e+00
7.791666666666666741e-01,-8.512564044742604308e-02,-2.692211516779355329e-02,1.106695864476894053e+00,1.020398593332532376e-02,3.826494724973919601e-03,-9.267696209033610133e-01,0.000000000000000000e+00
7.812500000000000000e-01,-8.510438883250949493e-02,-2.691414581219989458e-02,1.104733780136961441e+00,1.019970353960279914e-02,3.824888827327982410e-03,-9.468103720386309430e-01,0.000000000000000000e+00
7.833333333333333259e-01,-8.508314625219044747e-02,-2.690617984458030035e-02,1.102729968123404181e+00,1.019534886502623632e-02,3.823255824361780891e-03,-9.668358275106071487e-01,0.000000000000000000e+00
7.854166666666666519e-01,-8.506191285681968806e-02,-2.689821732131631588e-02,1.100684460738315718e+00,1.019092205961068254e-02,3.821595772330959283e-03,-9.868457082155843718e-01,0.000000000000000000e+00
7.874999999999999778e-01,-8.504068879643160439e-02,-2.689025829867083481e-02,1.098597290863865927e+00,1.018642327585016563e-02,3.819908728420774984e-03,-1.006839735939773162e+00,0.000000000000000000e+00
7.895833333333333037e-01,-8.501947422073902194e-02,-2.688230283278616670e-02,1.096468491960422842e+00,1.018185266870361150e-02,3.818194750740827158e-03,-1.026817633374242478e+00,0.000000000000000000e+00
7.916666666666666297e-01,-8.499826927912812469e-02,-2.687435097968212880e-02,1.094298098064645508e+00,1.017721039558070785e-02,3.816453898319748482e-03,-1.046779124129755045e+00,0.000000000000000000e+00
7.937499999999999556e-01,-8.497707412065334809e-02,-2.686640279525413094e-02,1.092086143787543540e+00,1.017249661632765000e-02,3.814686231099862195e-03,-1.066723932751490578e+00,0.000000000000000000e+00
7.958333333333332815e-01,-8.495588889403229982e-02,-2.685845833527128815e-02,1.089832664312508470e+00,1.016771149321278427e-02,3.812891809931798822e-03,-1.086651784733657644e+00,0.000000000000000000e+00
7.979166666666666075e-01,-8.493471374764079151e-02,-2.685051765537452631e-02,1.087537695393314241e+00,1.016285519091213695e-02,3.811070696569066919e-03,-1.106562406533992737e+00,0.000000000000000000e+00
8.000000000000000444e-01,-8.491354882950784277e-02,-2.684258081107471910e-02,1.085201273352086826e+00,1.015792787649481659e-02,3.809222953662583493e-03,-1.126455525588143658e+00,0.000000000000000000e+00
8.020833333333333703e-01,-8.489239428731065740e-02,-2.683464785775082143e-02,1.082823435077244323e+00,1.015292971940830527e-02,3.807348644755152809e-03,-1.146330870323937212e+00,0.000000000000000000e+00
8.041666666666666963e-01,-8.487125026836973840e-02,-2.682671885064802364e-02,1.080404218021408624e+00,1.014786089146359205e-02,3.805447834275897060e-03,-1.166188170175527228e+00,0.000000000000000000e+00
8.062500000000000222e-01,-8.485011691964398917e-02,-2.681879384487591625e-02,1.077943660199286446e+00,1.014272156682020747e-02,3.803520587534639334e-03,-1.186027155597424443e+00,0.000000000000000000e+00
8.083333333333333481e-01,-8.482899438772582845e-02,-2.681087289540665455e-02,1.075441800185521934e+00,1.013751192197110025e-02,3.801566970716235404e-03,-1.205847558078406268e+00,0.000000000000000000e+00
8.104166666666666741e-01,-8.480788281883636093e-02,-2.680295605707315454e-02,1.072898677112520405e+00,1.013223213572737522e-02,3.799587050874850876e-03,-1.225649110155301313e+00,0.000000000000000000e+00
8.125000000000000000e-01,-8.478678235882056158e-02,-2.679504338456728182e-02,1.070314330668243885e+00,1.012688238920290626e-02,3.797580895928187594e-03,-1.245431545426653575e+00,0.000000000000000000e+00
8.145833333333333259e-01,-8.476569315314252950e-02,-2.678713493243806490e-02,1.067688801093977347e+00,1.012146286579880018e-02,3.795548574651660609e-03,-1.265194598566258266e+00,0.000000000000000000e+00
8.166666666666666519e-01,-8.474461534688071396e-02,-2.677923075508992917e-02,1.065022129182068067e+00,1.011597375118772173e-02,3.793490156672520066e-03,-1.284938005336573985e+00,0.000000000000000000e+00
8.187499999999999778e-01,-8.472354908472320978e-02,-2.677133090678091715e-02,1.062314356273637017e+00,1.011041523329807464e-02,3.791405712463915417e-03,-1.304661502602005196e+00,0.000000000000000000e+00
8.208333333333333037e-01,-8.470249451096312221e-02,-2.676343544162093635e-02,1.059565524256262270e+00,1.010478750229804219e-02,3.789295313338914960e-03,-1.324364828342056377e+00,0.000000000000000000e+00
8.229166666666666297e-01,-8.468145176949389008e-02,-2.675554441357002114e-02,1.056775675561635763e+00,1.009909075057949072e-02,3.787159031444471604e-03,-1.344047721664355821e+00,0.000000000000000000e+00
8.249999999999999556e-01,-8.466042100380467839e-02,-2.674765787643661186e-02,1.053944853163192308e+00,1.009332517274173779e-02,3.784996939755327049e-03,-1.363709922817546882e+00,0.000000000000000000e+00
8.270833333333332815e-01,-8.463940235697578474e-02,-2.673977588387582704e-02,1.051073100573713504e+00,1.008749096557516253e-02,3.782809112067873902e-03,-1.383351173204048434e+00,0.000000000000000000e+00
8.291666666666666075e-01,-8.461839597167419846e-02,-2.673189848938777730e-02,1.048160461842903457e+00,1.008158832804469975e-02,3.780595622993963151e-03,-1.402971215392678772e+00,0.000000000000000000e+00
8.312499999999999334e-01,-8.459740199014895157e-02,-2.672402574631585828e-02,1.045206981554939629e+00,1.007561746127317789e-02,3.778356547954655684e-03,-1.422569793131145843e+00,0.000000000000000000e+00
8.333333333333333703e-01,-8.457642055422678884e-02,-2.671615770784508889e-02,1.042212704825997704e+00,1.006957856852453738e-02,3.776091963173928718e-03,-1.442146651358401144e+00,0.000000000000000000e+00
8.354166666666666963e-01,-8.455545180530761595e-02,-2.670829442700044590e-02,1.039177677301750258e+00,1.006347185518690138e-02,3.773801945672328878e-03,-1.461701536216855057e+00,0.000000000000000000e+00
8.375000000000000222e-01,-8.453449588436016959e-02,-2.670043595664520208e-02,1.036101945154840553e+00,1.005729752875551830e-02,3.771486573260573669e-03,-1.481234195064455195e+00,0.000000000000000000e+00
8.395833333333333481e-01,-8.451355293191767371e-02,-2.669258234947930949e-02,1.032985555082332807e+00,1.005105579881557590e-02,3.769145924533109145e-03,-1.500744376486623510e+00,0.000000000000000000e+00
8.416666666666666741e-01,-8.449262308807342636e-02,-2.668473365803776531e-02,1.029828554303134691e+00,1.004474687702488003e-02,3.766780078861612074e-03,-1.520231830308053755e+00,0.000000000000000000e+00
8.437500000000000000e-01,-8.447170649247658092e-02,-2.667688993468899858e-02,1.026630990555398748e+00,1.003837097709640684e-02,3.764389116388449155e-03,-1.539696307604366599e+00,0.000000000000000000e+00
8.458333333333333259e-01,-8.445080328432789940e-02,-2.666905123163328464e-02,1.023392912093897156e+00,1.003192831478073692e-02,3.761973118020087679e-03,-1.559137560713623749e+00,0.000000000000000000e+00
8.479166666666666519e-01,-8.442991360237546428e-02,-2.666121760090116311e-02,1.020114367687375401e+00,1.002541910784834900e-02,3.759532165420457171e-03,-1.578555343247695308e+00,0.000000000000000000e+00
8.499999999999999778e-01,-8.440903758491054287e-02,-2.665338909435186615e-02,1.016795406615879083e+00,1.001884357607180781e-02,3.757066341004268537e-03,-1.597949410103485901e+00,0.000000000000000000e+00
8.520833333333333037e-01,-8.438817536976347955e-02,-2.664556576367176077e-02,1.013436078668060958e+00,1.001220194120782184e-02,3.754575727930288542e-03,-1.617319517474012924e+00,0.000000000000000000e+00
8.541666666666666297e-01,-8.436732709429950461e-02,-2.663774766037282221e-02,1.010036434138462891e+00,1.000549442697919178e-02,3.752060410094567883e-03,-1.636665422859340246e+00,0.000000000000000000e+00
8.562499999999999556e-01,-8.434649289541475137e-02,-2.662993483579109005e-02,1.006596523824776268e+00,9.998721259056634128e-03,3.749520472123624593e-03,-1.655986885077363358e+00,0.000000000000000000e+00
8.583333333333332815e-01,-8.432567290953218997e-02,-2.662212734108517637e-02,1.003116399025079319e+00,9.991882665040498906e-03,3.746955999367588847e-03,-1.675283664274447304e+00,0.000000000000000000e+00
8.604166666666666075e-01,-8.430486727259761670e-02,-2.661432522723475996e-02,9.995961115350538995e-01,9.984978874442369465e-03,3.744367077893306136e-03,-1.694555521935915632e+00,0.000000000000000000e+00
8.624999999999999334e-01,-8.428407612007572658e-02,-2.660652854503910147e-02,9.960357136451796212e-01,9.978010118666563386e-03,3.741753794477394902e-03,-1.713802220896389672e+00,0.000000000000000000e+00
8.645833333333333703e-01,-8.426329958694619982e-02,-2.659873734511557578e-02,9.924352581379063398e-01,9.970976630991517167e-03,3.739116236599268617e-03,-1.733023525349978167e+00,0.000000000000000000e+00
8.666666666666666963e-01,-8.424253780769980215e-02,-2.659095167789822522e-02,9.887947982848067641e-01,9.963878646551073762e-03,3.736454492434117952e-03,-1.752219200860314130e+00,0.000000000000000000e+00
8.687500000000000222e-01,-8.422179091633459624e-02,-2.658317159363632332e-02,9.851143878437076395e-01,9.956716402315664294e-03,3.733768650845855231e-03,-1.771389014370443160e+00,0.000000000000000000e+00
8.708333333333333481e-01,-8.420105904635209748e-02,-2.657539714239293832e-02,9.813940810558007266e-01,9.949490137073394372e-03,3.731058801380019840e-03,-1.790532734212556543e+00,0.000000000000000000e+00
8.729166666666666741e-01,-8.418034233075355477e-02,-2.656762837404353164e-02,9.776339326427339049e-01,9.942200091411033253e-03,3.728325034256650683e-03,-1.809650130117571809e+00,0.000000000000000000e+00
8.750000000000000000e-01,-8.415964090203617576e-02,-2.655986533827455962e-02,9.738339978036821831e-01,9.934846507694905862e-03,3.725567440363119608e-03,-1.828740973224561417e+00,0.000000000000000000e+00
8.770833333333333259e-01,-8.413895489218951862e-02,-2.655210808458210656e-02,9.699943322123999456e-01,9.927429630051698081e-03,3.722786111246933170e-03,-1.847805036090025999e+00,0.000000000000000000e+00
8.791666666666666519e-01,-8.411828443269178668e-02,-2.654435666227050739e-02,9.661149920142532155e-01,9.919949704349164885e-03,3.719981139108498834e-03,-1.866842092697013289e+00,0.000000000000000000e+00
8.812499999999999778e-01,-8.409762965450633121e-02,-2.653661112045100495e-02,9.621960338232340426e-01,9.912406978176765623e-03,3.717152616793866025e-03,-1.885851918464081400e+00,0.000000000000000000e+00
8.833333333333333037e-01,-8.407699068807797382e-02,-2.652887150804041430e-02,9.582375147189561293e-01,9.904801700826203897e-03,3.714300637787422508e-03,-1.904834290254107110e+00,0.000000000000000000e+00
8.854166666666666297e-01,-8.405636766332956478e-02,-2.652113787375981122e-02,9.542394922436319149e-01,9.897134123271892833e-03,3.711425296204572989e-03,-1.923788986382938049e+00,0.000000000000000000e+00
8.874999999999999556e-01,-8.403576070965851352e-02,-2.651341026613321036e-02,9.502020243990324522e-01,9.889404498151335363e-03,3.708526686784381719e-03,-1.942715786627887686e+00,0.000000000000000000e+00
8.895833333333332815e-01,-8.401516995593330539e-02,-2.650568873348630242e-02,9.461251696434300751e-01,9.881613079745435110e-03,3.705604904882186471e-03,-1.961614472236073770e+00,0.000000000000000000e+00
8.916666666666666075e-01,-8.399459553049014315e-02,-2.649797332394516342e-02,9.420089868885229700e-01,9.873760123958727486e-03,3.702660046462188676e-03,-1.980484825932599557e+00,0.000000000000000000e+00
8.937499999999999334e-01,-8.397403756112960249e-02,-2.649026408543500577e-02,9.378535354963436488e-01,9.865845888299548325e-03,3.699692208090014488e-03,-1.999326631928576514e+00,0.000000000000000000e+00
8.958333333333333703e-01,-8.395349617511328744e-02,-2.648256106567893273e-02,9.336588752761509902e-01,9.857870631860127936e-03,3.696701486925248973e-03,-2.018139675928990684e+00,0.000000000000000000e+00
8.979166666666666963e-01,-8.393297149916059685e-02,-2.647486431219672059e-02,9.294250664813056284e-01,9.849834615296614027e-03,3.693687980713949038e-03,-2.036923745140409192e+00,0.000000000000000000e+00
9.000000000000000222e-01,-8.391246365944547703e-02,-2.646717387230359750e-02,9.251521698061303534e-01,9.841738100809054729e-03,3.690651787781132516e-03,-2.055678628278528652e+00,0.000000000000000000e+00
9.020833333333333481e-01,-8.389197278159324367e-02,-2.645948979310905683e-02,9.208402463827537465e-01,9.833581352121287950e-03,3.687593007023238622e-03,-2.074404115575565033e+00,0.000000000000000000e+00
9.041666666666666741e-01,-8.387149899067744552e-02,-2.645181212151567762e-02,9.164893577779403833e-01,9.825364634460804700e-03,3.684511737900576268e-03,-2.093099998787484317e+00,0.000000000000000000e+00
9.062500000000000000e-01,-8.385104241121674185e-02,-2.644414090421795885e-02,9.120995659899046037e-01,9.817088214538537833e-03,3.681408080429744625e-03,-2.111766071201073292e+00,0.000000000000000000e+00
9.083333333333333259e-01,-8.383060316717186322e-02,-2.643647618770117794e-02,9.076709334451109612e-01,9.808752360528600472e-03,3.678282135176036763e-03,-2.130402127640852683e+00,0.000000000000000000e+00
9.104166666666666519e-01,-8.381018138194258615e-02,-2.642881801824024587e-02,9.032035229950596822e-01,9.800357342047986281e-03,3.675134003245825089e-03,-2.149007964475828647e+00,0.000000000000000000e+00
9.124999999999999778e-01,-8.378977717836477712e-02,-2.642116644189861085e-02,8.986973979130589152e-01,9.791903430136210743e-03,3.671963786278928128e-03,-2.167583379626087492e+00,0.000000000000000000e+00
9.145833333333333037e-01,-8.376939067870742273e-02,-2.641352150452714806e-02,8.941526218909832124e-01,9.783390897234910816e-03,3.668771586440959520e-03,-2.186128172569225647e+00,0.000000000000000000e+00
9.166666666666666297e-01,-8.374902200466978475e-02,-2.640588325176307719e-02,8.895692590360189111e-01,9.774820017167406422e-03,3.665557506415665322e-03,-2.204642144346626420e+00,0.000000000000000000e+00
9.187499999999999556e-01,-8.372867127737849968e-02,-2.639825172902889386e-02,8.849473738673965251e-01,9.766191065118220299e-03,3.662321649397239608e-03,-2.223125097569572439e+00,0.000000000000000000e+00
9.208333333333332815e-01,-8.370833861738485870e-02,-2.639062698153132186e-02,8.802870313131110347e-01,9.757504317612561429e-03,3.659064119082637047e-03,-2.241576836425199115e+00,0.000000000000000000e+00
9.229166666666666075e-01,-8.368802414466193496e-02,-2.638300905426027576e-02,8.755882967066297429e-01,9.748760052495775499e-03,3.655785019663862490e-03,-2.259997166682289116e+00,0.000000000000000000e+00
9.249999999999999334e-01,-8.366772797860198840e-02,-2.637539799198783744e-02,8.708512357835883622e-01,9.739958548912760680e-03,3.652484455820252315e-03,-2.278385895696906527e+00,0.000000000000000000e+00
9.270833333333333703e-01,-8.364745023801367640e-02,-2.636779383926726728e-02,8.660759146784756668e-01,9.731100087287359104e-03,3.649162532710746674e-03,-2.296742832417873359e+00,0.000000000000000000e+00
9.291666666666666963e-01,-8.362719104111950019e-02,-2.636019664043199803e-02,8.612623999213065984e-01,9.722184949301718865e-03,3.645819355966152184e-03,-2.315067787392082188e+00,0.000000000000000000e+00
9.312500000000000222e-01,-8.360695050555318197e-02,-2.635260643959467727e-02,8.564107584342854906e-01,9.713213417875640396e-03,3.642455031681392057e-03,-2.333360572769654251e+00,0.000000000000000000e+00
9.333333333333333481e-01,-8.358672874835712530e-02,-2.634502328064619939e-02,8.515210575284577477e-01,9.704185777145881223e-03,3.639069666407753183e-03,-2.351621002308934116e+00,0.000000000000000000e+00
9.354166666666666741e-01,-8.356652588597991704e-02,-2.633744720725478966e-02,8.465933649003518635e-01,9.695102312445474588e-03,3.635663367145121512e-03,-2.369848891381328482e+00,0.000000000000000000e+00
9.375000000000000000e-01,-8.354634203427385719e-02,-2.632987826286506058e-02,8.416277486286116716e-01,9.685963310283002975e-03,3.632236241334215691e-03,-2.388044056975985097e+00,0.000000000000000000e+00
9.395833333333333259e-01,-8.352617730849254407e-02,-2.632231649069710980e-02,8.366242771706190462e-01,9.676769058321871633e-03,3.628788396848812471e-03,-2.406206317704311370e+00,0.000000000000000000e+00
9.416666666666666519e-01,-8.350603182328850127e-02,-2.631476193374564232e-02,8.315830193591071673e-01,9.667519845359566488e-03,3.625319941987970376e-03,-2.424335493804337105e+00,0.000000000000000000e+00
9.437499999999999778e-01,-8.348590569271088779e-02,-2.630721463477907890e-02,8.265040443987653473e-01,9.658215961306918992e-03,3.621830985468249033e-03,-2.442431407144917799e+00,0.000000000000000000e+00
9.458333333333333037e-01,-8.346579903020312496e-02,-2.629967463633871294e-02,8.213874218628349766e-01,9.648857697167343220e-03,3.618321636415929368e-03,-2.460493881229778079e+00,0.000000000000000000e+00
9.479166666666666297e-01,-8.344571194860071761e-02,-2.629214198073785702e-02,8.162332216896975856e-01,9.639445345016074695e-03,3.614792004359225572e-03,-2.478522741201403701e+00,0.000000000000000000e+00
9.499999999999999556e-01,-8.342564456012906138e-02,-2.628461671006102757e-02,8.110415141794550253e-01,9.629979197979428307e-03,3.611242199220504427e-03,-2.496517813844768341e+00,0.000000000000000000e+00
9.520833333333332815e-01,-8.340559697640122228e-02,-2.627709886616313301e-02,8.058123699905017645e-01,9.620459550214031930e-03,3.607672331308502036e-03,-2.514478927590910295e+00,0.000000000000000000e+00
9.541666666666666075e-01,-8.338556930841589665e-02,-2.626958849066867926e-02,8.005458601360905257e-01,9.610886696886080868e-03,3.604082511310541422e-03,-2.532405912520348856e+00,0.000000000000000000e+00
9.562499999999999334e-01,-8.336556166655527400e-02,-2.626208562497099261e-02,7.952420559808902611e-01,9.601260934150590565e-03,3.600472850284754459e-03,-2.550298600366345703e+00,0.000000000000000000e+00
9.583333333333333703e-01,-8.334557416058306634e-02,-2.625459031023146331e-02,7.899010292375387987e-01,9.591582559130666652e-03,3.596843459652304675e-03,-2.568156824518011749e+00,0.000000000000000000e+00
9.604166666666666963e-01,-8.332560689964250977e-02,-2.624710258737879623e-02,7.845228519631880504e-01,9.581851869896778479e-03,3.593194451189619162e-03,-2.585980420023256787e+00,0.000000000000000000e+00
9.625000000000000222e-01,-8.330565999225436613e-02,-2.623962249710828573e-02,7.791075965560440020e-01,9.572069165446051714e-03,3.589525937020618743e-03,-2.603769223591586801e+00,0.000000000000000000e+00
9.645833333333333481e-01,-8.328573354631509107e-02,-2.623215007988110442e-02,7.736553357519008189e-01,9.562234745681571363e-03,3.585838029608961162e-03,-2.621523073596745412e+00,0.000000000000000000e+00
9.666666666666666741e-01,-8.326582766909498834e-02,-2.622468537592360927e-02,7.681661426206698451e-01,9.552348911391709066e-03,3.582130841750285136e-03,-2.639241810079201223e+00,0.000000000000000000e+00
9.687500000000000000e-01,-8.326581920614745114e-02,-2.622468220231827588e-02,7.732194873383705369e-01,2.302492573188231509e-06,8.634347162614178769e-07,2.420810224618344275e+00,0.000000000000000000e+00
9.708333333333333259e-01,-8.326581441274320816e-02,-2.622468040479168302e-02,7.782272879529249510e-01,2.300281605825335246e-06,8.626056034989441265e-07,2.398056573132453462e+00,0.000000000000000000e+00
9.729166666666666519e-01,-8.326580962391219587e-02,-2.622467860898004821e-02,7.831877501605207792e-01,2.298091728500025705e-06,8.617843995008545001e-07,2.375344534313213352e+00,0.000000000000000000e+00
9.749999999999999778e-01,-8.326580483961061596e-02,-2.622467681486695054e-02,7.881009599505813812e-01,2.295922850227675676e-06,8.609710701476823945e-07,2.352673657893427972e+00,0.000000000000000000e+00
9.770833333333333037e-01,-8.326580005979486443e-02,-2.622467502243603851e-02,7.929670023789413547e-01,2.293774881105662916e-06,8.601655817256554717e-07,2.330043496464520469e+00,0.000000000000000000e+00
9.791666666666666297e-01,-8.326579528442150380e-02,-2.622467323167102654e-02,7.977859615737418197e-01,2.291647732297641595e-06,8.593679009220692707e-07,2.307453605438180677e+00,0.000000000000000000e+00
9.812499999999999556e-01,-8.326579051344730475e-02,-2.622467144255569843e-02,8.025579207412469884e-01,2.289541316031229902e-06,8.585779948206614550e-07,2.284903543008446558e+00,0.000000000000000000e+00
9.833333333333332815e-01,-8.326578574682921841e-02,-2.622466965507391085e-02,8.072829621715817972e-01,2.287455545580430713e-06,8.577958309004551886e-07,2.262392870114212418e+00,0.000000000000000000e+00
9.854166666666666075e-01,-8.326578098452436238e-02,-2.622466786920958290e-02,8.119611672443926009e-01,2.285390335264707063e-06,8.570213770306712213e-07,2.239921150402159000e+00,0.000000000000000000e+00
9.874999999999999334e-01,-8.326577622649002086e-02,-2.622466608494670309e-02,8.165926164344311511e-01,2.283345600430942036e-06,8.562546014670262485e-07,2.217487950190095702e+00,0.000000000000000000e+00
9.895833333333333703e-01,-8.326577147268368617e-02,-2.622466430226932238e-02,8.211773893170627447e-01,2.281321257455286141e-06,8.554954728501145491e-07,2.195092838430707793e+00,0.000000000000000000e+00
9.916666666666666963e-01,-8.326576672306298943e-02,-2.622466252116156110e-02,8.257155645736994343e-01,2.279317223724656846e-06,8.547439601998564257e-07,2.172735386675708202e+00,0.000000000000000000e+00
9.937500000000000222e-01,-8.326576197758575604e-02,-2.622466074160759511e-02,8.302072199971594069e-01,2.277333417632572866e-06,8.540000329138795245e-07,2.150415169040376995e+00,0.000000000000000000e+00
9.958333333333333481e-01,-8.326575723620996405e-02,-2.622465896359167312e-02,8.346524324969527564e-01,2.275369758568516703e-06,8.532636607638176188e-07,2.128131762168489871e+00,0.000000000000000000e+00
9.979166666666666741e-01,-8.326575249889377195e-02,-2.622465718709810281e-02,8.390512781044950907e-01,2.273426166913768514e-06,8.525348138920728261e-07,2.105884745197625474e+00,0.000000000000000000e+00
1.000000000000000000e+00,-8.326574776559550473e-02,-2.622465541211124740e-02,8.434038319782494186e-01,2.271502564026143422e-06,8.518134628081148148e-07,2.083673699724849282e+00,0.000000000000000000e+00
1.002083333333333215e+00,-8.326574303627362617e-02,-2.622465363861553947e-02,8.477101684087966493e-01,2.269598872240914784e-06,8.510995783877867667e-07,2.061498209772760770e+00,0.000000000000000000e+00
1.004166666666666652e+00,-8.326573831088678046e-02,-2.622465186659546713e-02,8.519703608238367032e-01,2.267715014853699466e-06,8.503931318661353490e-07,2.039357861755905166e+00,0.000000000000000000e+00
1.006250000000000089e+00,-8.326573358939375058e-02,-2.622465009603558092e-02,8.561844817931195673e-01,2.265850916118142903e-06,8.496940948392608461e-07,2.017252244447538700e+00,0.000000000000000000e+00
1.008333333333333304e+00,-8.326572887175351378e-02,-2.622464832692049039e-02,8.603526030333080721e-01,2.264006501235744961e-06,8.490024392573785832e-07,1.995180948946742916e+00,0.000000000000000000e+00
1.010416666666666741e+00,-8.326572415792515836e-02,-2.622464655923485363e-02,8.644747954127721679e-01,2.262181696348918926e-06,8.483181374243562345e-07,1.973143568645884915e+00,0.000000000000000000e+00
1.012499999999999956e+00,-8.326571944786795298e-02,-2.622464479296340162e-02,8.685511289563166981e-01,2.260376428532202694e-06,8.476411619930877530e-07,1.951139699198411126e+00,0.000000000000000000e+00
1.014583333333333393e+00,-8.326571474154130514e-02,-2.622464302809090694e-02,8.725816728498417829e-01,2.258590625786245252e-06,8.469714859627177493e-07,1.929168938486977236e+00,0.000000000000000000e+00
1.016666666666666607e+00,-8.326571003890477496e-02,-2.622464126460220465e-02,8.765664954449379209e-01,2.256824217035031806e-06,8.463090826797983268e-07,1.907230886591901209e+00,0.000000000000000000e+00
1.018750000000000044e+00,-8.326570533991806133e-02,-2.622463950248218531e-02,8.805056642634156994e-01,2.255077132104602500e-06,8.456539258297307665e-07,1.885325145759938925e+00,0.000000000000000000e+00
1.020833333333333259e+00,-8.326570064454101583e-02,-2.622463774171579498e-02,8.843992460017708890e-01,2.253349301731843769e-06,8.450059894390787745e-07,1.863451320373374687e+00,0.000000000000000000e+00
1.022916666666666696e+00,-8.326569595273364266e-02,-2.622463598228802831e-02,8.882473065355851460e-01,2.251640657547833552e-06,8.443652478688606158e-07,1.841609016919422137e+00,0.000000000000000000e+00
1.024999999999999911e+00,-8.326569126445607094e-02,-2.622463422418393891e-02,8.920499109238647639e-01,2.249951132073679403e-06,8.437316758152432580e-07,1.819797843959928940e+00,0.000000000000000000e+00
1.027083333333333348e+00,-8.326568657966858245e-02,-2.622463246738862552e-02,8.958071234133154759e-01,2.248280658714041221e-06,8.431052483046849552e-07,1.798017412101382329e+00,0.000000000000000000e+00
1.029166666666666563e+00,-8.326568189833156997e-02,-2.622463071188724237e-02,8.995190074425556404e-01,2.246629171750191516e-06,8.424859406932414218e-07,1.776267333965207529e+00,0.000000000000000000e+00
1.031250000000000000e+00,-8.326567722040559283e-02,-2.622462895766499921e-02,9.031856256462682531e-01,2.244996606334466493e-06,8.418737286612459362e-07,1.754547224158357510e+00,0.000000000000000000e+00
1.033333333333333215e+00,-8.326567254585133526e-02,-2.622462720470714742e-02,9.068070398592918968e-01,2.243382898481938022e-06,8.412685882156224822e-07,1.732856699244185616e+00,0.000000000000000000e+00
1.035416666666666652e+00,-8.326566787462959252e-02,-2.622462545299899042e-02,9.103833111206514062e-01,2.241787985063011424e-06,8.406704956829466433e-07,1.711195377713598198e+00,0.000000000000000000e+00
1.037500000000000089e+00,-8.326566320670131249e-02,-2.622462370252588021e-02,9.139144996775292462e-01,2.240211803801113911e-06,8.400794277094459198e-07,1.689562879956482355e+00,0.000000000000000000e+00
1.039583333333333304e+00,-8.326565854202756800e-02,-2.622462195327322429e-02,9.174006649891770504e-01,2.238654293263904927e-06,8.394953612568360333e-07,1.667958828233403246e+00,0.000000000000000000e+00
1.041666666666666741e+00,-8.326565388056957062e-02,-2.622462020522646486e-02,9.208418657307694266e-01,2.237115392855411450e-06,8.389182736030149637e-07,1.646382846647566289e+00,0.000000000000000000e+00
1.043749999999999956e+00,-8.326564922228861521e-02,-2.622461845837110658e-02,9.242381597971990326e-01,2.235595042815566780e-06,8.383481423374371965e-07,1.624834561117040499e+00,0.000000000000000000e+00
1.045833333333333393e+00,-8.326564456714614926e-02,-2.622461671269268532e-02,9.275896043068149188e-01,2.234093184207718920e-06,8.377849453585690244e-07,1.603313599347238938e+00,0.000000000000000000e+00
1.047916666666666607e+00,-8.326563991510375906e-02,-2.622461496817678900e-02,9.308962556051032511e-01,2.232609758915855699e-06,8.372286608736578362e-07,1.581819590803647646e+00,0.000000000000000000e+00
1.050000000000000044e+00,-8.326563526612312804e-02,-2.622461322480905063e-02,9.341581692683119664e-01,2.231144709642292367e-06,8.366792673950306891e-07,1.560352166684805253e+00,0.000000000000000000e+00
1.052083333333333259e+00,-8.326563062016605066e-02,-2.622461148257514835e-02,9.373754001070195851e-01,2.229697979895642886e-06,8.361367437389384263e-07,1.538910959895522623e+00,0.000000000000000000e+00
1.054166666666666696e+00,-8.326562597719446013e-02,-2.622460974146080190e-02,9.405480021696482895e-01,2.228269513988970855e-06,8.356010690230111899e-07,1.517495605020343197e+00,0.000000000000000000e+00
1.056249999999999911e+00,-8.326562133717038683e-02,-2.622460800145177268e-02,9.436760287459223795e-01,2.226859257035162589e-06,8.350722226651017973e-07,1.496105738297235366e+00,0.000000000000000000e+00
1.058333333333333348e+00,-8.326561670005597215e-02,-2.622460626253386717e-02,9.467595323702721055e-01,2.225467154940914884e-06,8.345501843786602004e-07,1.474740997591516445e+00,0.000000000000000000e+00
1.060416666666666563e+00,-8.326561206581349628e-02,-2.622460452469293352e-02,9.497985648251836555e-01,2.224093154396555374e-06,8.340349341743519540e-07,1.453401022370001572e+00,0.000000000000000000e+00
1.062500000000000000e+00,-8.326560743440530876e-02,-2.622460278791486493e-02,9.527931771444952957e-01,2.222737202876970875e-06,8.335264523540451281e-07,1.432085453675375097e+00,0.000000000000000000e+00
1.064583333333333215e+00,-8.326560280579389794e-02,-2.622460105218558588e-02,9.557434196166411100e-01,2.221399248637441683e-06,8.330247195138167465e-07,1.410793934100779135e+00,0.000000000000000000e+00
1.066666666666666652e+00,-8.326559817994186319e-02,-2.622459931749106937e-02,9.586493417878413359e-01,2.220079240705777717e-06,8.325297165384019674e-07,1.389526107764615936e+00,0.000000000000000000e+00
1.068750000000000089e+00,-8.326559355681187324e-02,-2.622459758381731967e-02,9.615109924652415208e-01,2.218777128873068494e-06,8.320414246002687001e-07,1.368281620285560773e+00,0.000000000000000000e+00
1.070833333333333304e+00,-8.326558893636672176e-02,-2.622459585115038960e-02,9.643284197199984975e-01,2.217492863695994263e-06,8.315598251577671557e-07,1.347060118757779090e+00,0.000000000000000000e+00
1.072916666666666741e+00,-8.326558431856931342e-02,-2.622459411947635974e-02,9.671016708903167336e-01,2.216226396490350010e-06,8.310848999539736473e-07,1.325861251726347945e+00,0.000000000000000000e+00
1.074999999999999956e+00,-8.326557970338265002e-02,-2.622459238878135576e-02,9.698307925844324995e-01,2.214977679320868783e-06,8.306166310146086884e-07,1.304684669162874178e+00,0.000000000000000000e+00
1.077083333333333393e+00,-8.326557509076981667e-02,-2.622459065905154152e-02,9.725158306835481881e-01,2.213746665006310243e-06,8.301550006459554100e-07,1.283530022441307761e+00,0.000000000000000000e+00
1.079166666666666607e+00,-8.326557048069400946e-02,-2.622458893027310861e-02,9.751568303447163411e-01,2.212533307107433217e-06,8.296999914337030426e-07,1.262396964313946546e+00,0.000000000000000000e+00
1.081250000000000044e+00,-8.326556587311850777e-02,-2.622458720243229374e-02,9.777538360036738263e-01,2.211337559925144936e-06,8.292515862399401612e-07,1.241285148887626422e+00,0.000000000000000000e+00
1.083333333333333259e+00,-8.326556126800670199e-02,-2.622458547551536484e-02,9.803068913776272764e-01,2.210159378495412901e-06,8.288097682031545793e-07,1.220194231600098211e+00,0.000000000000000000e+00
1.085416666666666696e+00,-8.326555666532206579e-02,-2.622458374950862106e-02,9.828160394679886780e-01,2.208998718586489162e-06,8.283745207370768313e-07,1.199123869196581538e+00,0.000000000000000000e+00
1.087499999999999911e+00,-8.326555206502815609e-02,-2.622458202439839972e-02,9.852813225630634442e-01,2.207855536695209629e-06,8.279458275274421774e-07,1.178073719706496991e+00,0.000000000000000000e+00
1.089583333333333348e+00,-8.326554746708864085e-02,-2.622458030017107630e-02,9.877027822406890811e-01,2.206729790037742352e-06,8.275236725306028459e-07,1.157043442420371937e+00,0.000000000000000000e+00
1.091666666666666563e+00,-8.326554287146724354e-02,-2.622457857681305057e-02,9.900804593708273371e-01,2.205621436551437448e-06,8.271080399735277157e-07,1.136032697866914409e+00,0.000000000000000000e+00
1.093750000000000000e+00,-8.326553827812779862e-02,-2.622457685431075700e-02,9.924143941181078343e-01,2.204530434889739390e-06,8.266989143491767749e-07,1.115041147790254428e+00,0.000000000000000000e+00
1.095833333333333215e+00,-8.326553368703422386e-02,-2.622457513265066473e-02,9.947046259443248495e-01,2.203456744413859828e-06,8.262962804204327305e-07,1.094068455127348294e+00,0.000000000000000000e+00
1.097916666666666652e+00,-8.326552909815052028e-02,-2.622457341181927415e-02,9.969511936108874650e-01,2.202400325196014954e-06,8.259001232129312980e-07,1.073114283985541650e+00,0.000000000000000000e+00
1.100000000000000089e+00,-8.326552451144077216e-02,-2.622457169180311340e-02,9.991541351812229799e-01,2.201361138008787185e-06,8.255104280173740246e-07,1.052178299620289970e+00,0.000000000000000000e+00
1.102083333333333304e+00,-8.326551992686911929e-02,-2.622456997258874184e-02,1.001313488023134246e+00,2.200339144327900470e-06,8.251271803867523505e-07,1.031260168413031808e+00,0.000000000000000000e+00
1.104166666666666741e+00,-8.326551534439982638e-02,-2.622456825416275353e-02,1.003429288811110931e+00,2.199334306321117381e-06,8.247503661342664493e-07,1.010359557849211720e+00,0.000000000000000000e+00
1.106249999999999956e+00,-8.326551076399718587e-02,-2.622456653651175987e-02,1.005501573528596149e+00,2.198346586853327664e-06,8.243799713335562557e-07,9.894761364964504979e-01,0.000000000000000000e+00
1.108333333333333393e+00,-8.326550618562560124e-02,-2.622456481962241390e-02,1.007530377470206018e+00,2.197375949477297794e-06,8.240159823173137084e-07,9.686095739828584072e-01,0.000000000000000000e+00
1.110416666666666607e+00,-8.326550160924953148e-02,-2.622456310348138947e-02,1.009515735243905921e+00,2.196422358431818509e-06,8.236583856742759947e-07,9.477595409754896449e-01,0.000000000000000000e+00
1.112500000000000044e+00,-8.326549703483353271e-02,-2.622456138807538820e-02,1.011457680773141687e+00,2.195485778635692998e-06,8.233071682503820680e-07,9.269257091589334641e-01,0.000000000000000000e+00
1.114583333333333259e+00,-8.326549246234221657e-02,-2.622455967339114291e-02,1.013356247298926149e+00,2.194566175692823755e-06,8.229623171466905350e-07,9.061077512140405243e-01,0.000000000000000000e+00
1.116666666666666696e+00,-8.326548789174026410e-02,-2.622455795941541074e-02,1.015211467381881283e+00,2.193663515876948625e-06,8.226238197156796042e-07,8.853053407967802491e-01,0.000000000000000000e+00
1.118749999999999911e+00,-8.326548332299242572e-02,-2.622455624613497308e-02,1.017023372904236833e+00,2.192777766140429190e-06,8.222916635637908313e-07,8.645181525172265236e-01,0.000000000000000000e+00
1.120833333333333348e+00,-8.326547875606353510e-02,-2.622455453353663909e-02,1.018791995071786083e+00,2.191908894102222480e-06,8.219658365486537104e-07,8.437458619186692932e-01,0.000000000000000000e+00
1.122916666666666563e+00,-8.326547419091846758e-02,-2.622455282160723877e-02,1.020517364415796990e+00,2.191056868047420188e-06,8.216463267779294738e-07,8.229881454568486188e-01,0.000000000000000000e+00
1.125000000000000000e+00,-8.326546962752218173e-02,-2.622455111033363331e-02,1.022199510794881139e+00,2.190221656930023547e-06,8.213331226079226989e-07,8.022446804793077479e-01,0.000000000000000000e+00
1.127083333333333215e+00,-8.326546506583969165e-02,-2.622454939970269780e-02,1.023838463396819387e+00,2.189403230362302906e-06,8.210262126447383555e-07,7.815151452048643144e-01,0.000000000000000000e+00
1.129166666666666652e+00,-8.326546050583608083e-02,-2.622454768970134201e-02,1.025434250740345110e+00,2.188601558614336093e-06,8.207255857384991118e-07,7.607992187031944464e-01,0.000000000000000000e+00
1.131250000000000089e+00,-8.326545594747648826e-02,-2.622454598031649306e-02,1.026986900676885250e+00,2.187816612612157650e-06,8.204312309868147812e-07,7.400965808745281205e-01,0.000000000000000000e+00
1.133333333333333304e+00,-8.326545139072609458e-02,-2.622454427153509890e-02,1.028496440392259181e+00,2.187048363937296355e-06,8.201431377329322967e-07,7.194069124294539819e-01,0.000000000000000000e+00
1.135416666666666741e+00,-8.326544683555019144e-02,-2.622454256334412828e-02,1.029962896408335160e+00,2.186296784820298804e-06,8.198612955641160779e-07,6.987298948688280831e-01,0.000000000000000000e+00
1.137499999999999956e+00,-8.326544228191405661e-02,-2.622454085573058119e-02,1.031386294584645924e+00,2.185561848139804030e-06,8.195856943081789017e-07,6.780652104637872046e-01,0.000000000000000000e+00
1.139583333333333393e+00,-8.326543772978307889e-02,-2.622453914868146455e-02,1.032766660119962321e+00,2.184843527419768622e-06,8.193163240383391067e-07,6.574125422358610971e-01,0.000000000000000000e+00
1.141666666666666607e+00,-8.326543317912268871e-02,-2.622453744218381302e-02,1.034104017553824972e+00,2.184141796828078863e-06,8.190531750662818055e-07,6.367715739371830885e-01,0.000000000000000000e+00
1.143750000000000044e+00,-8.326542862989835814e-02,-2.622453573622468559e-02,1.035398390768036858e+00,2.183456631171460485e-06,8.187962379460908114e-07,6.161419900307943953e-01,0.000000000000000000e+00
1.145833333333333259e+00,-8.326542408207560086e-02,-2.622453403079114814e-02,1.036649802988112601e+00,2.182788005900570183e-06,8.185455034696224622e-07,5.955234756710423571e-01,0.000000000000000000e+00
1.147916666666666696e+00,-8.326541953561999998e-02,-2.622453232587029781e-02,1.037858276784688671e+00,2.182135897098428110e-06,8.183009626685878388e-07,5.749157166840663802e-01,0.000000000000000000e+00
1.149999999999999911e+00,-8.326541499049719408e-02,-2.622453062144924213e-02,1.039023834074892738e+00,2.181500281480881628e-06,8.180626068117766150e-07,5.543183995483716986e-01,0.000000000000000000e+00
1.152083333333333348e+00,-8.326541044667284952e-02,-2.622452891751511292e-02,1.040146496123672160e+00,2.180881136399381033e-06,8.178304274059826522e-07,5.337312113754876242e-01,0.000000000000000000e+00
1.154166666666666563e+00,-8.326540590411268816e-02,-2.622452721405504894e-02,1.041226283545083398e+00,2.180278439835891434e-06,8.176044161941535508e-07,5.131538398907071752e-01,0.000000000000000000e+00
1.156250000000000000e+00,-8.326540136278247350e-02,-2.622452551105621671e-02,1.042263216303539464e+00,2.179692170393638910e-06,8.173845651530776144e-07,4.925859734139059198e-01,0.000000000000000000e+00
1.158333333333333215e+00,-8.326539682264802456e-02,-2.622452380850579315e-02,1.043257313715020285e+00,2.179122307309602981e-06,8.171708664961593650e-07,4.720273008404379245e-01,0.000000000000000000e+00
1.160416666666666652e+00,-8.326539228367518808e-02,-2.622452210639097600e-02,1.044208594448240435e+00,2.178568830441562084e-06,8.169633126706441343e-07,4.514775116221050322e-01,0.000000000000000000e+00
1.162500000000000089e+00,-8.326538774582985247e-02,-2.622452040469897341e-02,1.045117076525779787e+00,2.178031720270870570e-06,8.167618963573865054e-07,4.309362957481990275e-01,0.000000000000000000e+00
1.164583333333333304e+00,-8.326538320907794777e-02,-2.622451870341700741e-02,1.045982777325173751e+00,2.177510957900607092e-06,8.165666104676125294e-07,4.104033437266116358e-01,0.000000000000000000e+00
1.166666666666666741e+00,-8.326537867338545951e-02,-2.622451700253231738e-02,1.046805713579963770e+00,2.177006525051875187e-06,8.163774481487018905e-07,3.898783465650123015e-01,0.000000000000000000e+00
1.168749999999999956e+00,-8.326537413871837323e-02,-2.622451530203216002e-02,1.047585901380708950e+00,2.176518404062413720e-06,8.161944027767865315e-07,3.693609957520894715e-01,0.000000000000000000e+00
1.170833333333333393e+00,-8.326536960504274387e-02,-2.622451360190379901e-02,1.048323356175960175e+00,2.176046577888449342e-06,8.160174679609137152e-07,3.488509832388542176e-01,0.000000000000000000e+00
1.172916666666666607e+00,-8.326536507232465412e-02,-2.622451190213451536e-02,1.049018092773192912e+00,2.175591030097755906e-06,8.158466375391145207e-07,3.283480014200029773e-01,0.000000000000000000e+00
1.175000000000000044e+00,-8.326536054053021441e-02,-2.622451020271159700e-02,1.049670125339703164e+00,2.175151744873355997e-06,8.156819055797910720e-07,3.078517431153370842e-01,0.000000000000000000e+00
1.177083333333333259e+00,-8.326535600962556294e-02,-2.622450850362235270e-02,1.050279467403464340e+00,2.174728707007044522e-06,8.155232663796352718e-07,2.873619015512373087e-01,0.000000000000000000e+00
1.179166666666666696e+00,-8.326535147957687955e-02,-2.622450680485409469e-02,1.050846131853944820e+00,2.174321901903552297e-06,8.153707144659413074e-07,2.668781703421903018e-01,0.000000000000000000e+00
1.181249999999999911e+00,-8.326534695035035794e-02,-2.622450510639414908e-02,1.051370130942887782e+00,2.173931315576844516e-06,8.152242445933680794e-07,2.464002434723647494e-01,0.000000000000000000e+00
1.183333333333333348e+00,-8.326534242191224733e-02,-2.622450340822985587e-02,1.051851476285053266e+00,2.173556934645958428e-06,8.150838517448640551e-07,2.259278152772351278e-01,0.000000000000000000e+00
1.185416666666666563e+00,-8.326533789422879694e-02,-2.622450171034855504e-02,1.052290178858920955e+00,2.173198746339166083e-06,8.149495311298167140e-07,2.054605804252504497e-01,0.000000000000000000e+00
1.187500000000000000e+00,-8.326533336726628376e-02,-2.622450001273761086e-02,1.052686249007355412e+00,2.172856738488884933e-06,8.148212781854409400e-07,1.849982338995457831e-01,0.000000000000000000e+00
1.189583333333333215e+00,-8.326532884099101250e-02,-2.622449831538438414e-02,1.053039696438232919e+00,2.172530899532142855e-06,8.146990885765469350e-07,1.645404709796940701e-01,0.000000000000000000e+00
1.191666666666666652e+00,-8.326532431536934342e-02,-2.622449661827625303e-02,1.053350530225031001e+00,2.172221218509188168e-06,8.145829581927654443e-07,1.440869872234961380e-01,0.000000000000000000e+00
1.193750000000000089e+00,-8.326531979036759512e-02,-2.622449492140059915e-02,1.053618758807379319e+00,2.171927685064877920e-06,8.144728831510912912e-07,1.236374784488062095e-01,0.000000000000000000e+00
1.195833333333333304e+00,-8.326531526595216948e-02,-2.622449322474481107e-02,1.053844389991573705e+00,2.171650289439426595e-06,8.143688597917205272e-07,1.031916407153911086e-01,0.000000000000000000e+00
1.197916666666666741e+00,-8.326531074208944061e-02,-2.622449152829628774e-02,1.054027430951050670e+00,2.171389022480433133e-06,8.142708846822135992e-07,8.274917030682042707e-02,0.000000000000000000e+00
1.199999999999999956e+00,-8.326530621874583815e-02,-2.622448983204243508e-02,1.054167888226827055e+00,2.171143875632704256e-06,8.141789546149513919e-07,6.230976371238552969e-02,0.000000000000000000e+00
1.202083333333333393e+00,-8.326530169588779173e-02,-2.622448813597066247e-02,1.054265767727898595e+00,2.170914840940566438e-06,8.140930666059779689e-07,4.187311760904505187e-02,0.000000000000000000e+00
1.204166666666666607e+00,-8.326529717348173099e-02,-2.622448644006838622e-02,1.054321074731604080e+00,2.170701911046479317e-06,8.140132178956952459e-07,2.143892884339477015e-02,0.000000000000000000e+00
1.206250000000000044e+00,-8.326529265149411330e-02,-2.622448474432302959e-02,1.054333813883950199e+00,2.170505079193810576e-06,8.139394059500192961e-07,1.006894413659252183e-03,0.000000000000000000e+00
1.208333333333333259e+00,-8.326528812989315853e-02,-2.622448304872266808e-02,1.054303989207259873e+00,2.170322673709575358e-06,8.138710038930840177e-07,-1.942328148206488858e-02,0.000000000000000000e+00
1.210416666666666696e+00,-8.326528360869502043e-02,-2.622448135327336283e-02,1.054231604556523205e+00,2.170125614382848452e-06,8.137971066452723779e-07,-3.985160048419515710e-02,0.000000000000000000e+00
1.212499999999999911e+00,-8.326527908793249222e-02,-2.622447965798741301e-02,1.054116664271651738e+00,2.169912504683979327e-06,8.137171905079072472e-07,-6.027776088333414856e-02,0.000000000000000000e+00
1.214583333333333348e+00,-8.326527456763901935e-02,-2.622447796287735375e-02,1.053959173321988407e+00,2.169683350951415900e-06,8.136312578582538251e-07,-8.070146044147319397e-02,0.000000000000000000e+00
1.216666666666666563e+00,-8.326527004784800567e-02,-2.622447626795572015e-02,1.053759137306320870e+00,2.169438160116188223e-06,8.135393112946964271e-07,-1.011223970603875033e-01,0.000000000000000000e+00
1.218750000000000000e+00,-8.326526552859284114e-02,-2.622447457323503345e-02,1.053516562452562422e+00,2.169176939700982245e-06,8.134413536390519426e-07,-1.215402687995000564e-01,0.000000000000000000e+00
1.220833333333333215e+00,-8.326526100990692958e-02,-2.622447287872781488e-02,1.053231455617395396e+00,2.168899697821991012e-06,8.133373879344879344e-07,-1.419547738937264880e-01,0.000000000000000000e+00
1.222916666666666652e+00,-8.326525649182363320e-02,-2.622447118444657180e-02,1.052903824285877921e+00,2.168606443185675606e-06,8.132274174459854361e-07,-1.623656107712982688e-01,0.000000000000000000e+00
1.225000000000000089e+00,-8.326525197437628645e-02,-2.622446949040381503e-02,1.052533676571013377e+00,2.168297185088766842e-06,8.131114456594132507e-07,-1.827724780715622721e-01,0.000000000000000000e+00
1.227083333333333304e+00,-8.326524745759820989e-02,-2.622446779661203459e-02,1.052121021213282548e+00,2.167971933415949903e-06,8.129894762822225184e-07,-2.031750746627542514e-01,0.000000000000000000e+00
1.229166666666666741e+00,-8.326524294152271022e-02,-2.622446610308372048e-02,1.051665867580139135e+00,2.167630698644954582e-06,8.128615132432150520e-07,-2.235730996597443121e-01,0.000000000000000000e+00
1.231249999999999956e+00,-8.326523842618308024e-02,-2.622446440983135577e-02,1.051168225665469080e+00,2.167273491837766051e-06,8.127275606906926769e-07,-2.439662524417518241e-01,0.000000000000000000e+00
1.233333333333333393e+00,-8.326523391161257115e-02,-2.622446271686741312e-02,1.050628106089010361e+00,2.166900324646174190e-06,8.125876229933831431e-07,-2.643542326700277778e-01,0.000000000000000000e+00
1.235416666666666607e+00,-8.326522939784440636e-02,-2.622446102420435132e-02,1.050045520095739926e+00,2.166511209305762622e-06,8.124417047406708364e-07,-2.847367403055022783e-01,0.000000000000000000e+00
1.237500000000000044e+00,-8.326522488491180929e-02,-2.622445933185462222e-02,1.049420479555220220e+00,2.166106158637293612e-06,8.122898107398214745e-07,-3.051134756263950698e-01,0.000000000000000000e+00
1.239583333333333259e+00,-8.326522037284793398e-02,-2.622445763983067071e-02,1.048752996960911954e+00,2.165685186045322741e-06,8.121319460176011050e-07,-3.254841392457868965e-01,0.000000000000000000e+00
1.241666666666666696e+00,-8.326521586168594835e-02,-2.622445594814492437e-02,1.048043085429447796e+00,2.165248305519123023e-06,8.119681158200447592e-07,-3.458484321291493413e-01,0.000000000000000000e+00
1.243749999999999911e+00,-8.326521135145896479e-02,-2.622445425680980380e-02,1.047290758699872315e+00,2.164795531627595507e-06,8.117983256108375605e-07,-3.662060556118312271e-01,0.000000000000000000e+00
1.245833333333333348e+00,-8.326520684220006796e-02,-2.622445256583771575e-02,1.046496031132843063e+00,2.164326879519270967e-06,8.116225810706206870e-07,-3.865567114164989992e-01,0.000000000000000000e+00
1.247916666666666563e+00,-8.326520233394232862e-02,-2.622445087524105656e-02,1.045658917709796576e+00,2.163842364926935132e-06,8.114408880986103686e-07,-4.069001016705297569e-01,0.000000000000000000e+00
1.250000000000000000e+00,-8.326519782671874814e-02,-2.622444918503221215e-02,1.044779434032078846e+00,2.163342004156062867e-06,8.112532528095912382e-07,-4.272359289233537694e-01,0.000000000000000000e+00
1.252083333333333215e+00,-8.326519332056231404e-02,-2.622444749522354762e-02,1.043857596320038494e+00,2.162825814086670642e-06,8.110596815336848797e-07,-4.475638961637450897e-01,0.000000000000000000e+00
1.254166666666666652e+00,-8.326518881550598605e-02,-2.622444580582742116e-02,1.042893421412084631e+00,2.162293812180253726e-06,8.108601808186628631e-07,-4.678837068370577668e-01,0.000000000000000000e+00
1.256250000000000089e+00,-8.326518431158266842e-02,-2.622444411685617704e-02,1.041886926763708754e+00,2.161746016464983440e-06,8.106547574257834719e-07,-4.881950648624059363e-01,0.000000000000000000e+00
1.258333333333333304e+00,-8.326517980882525150e-02,-2.622444242832214223e-02,1.040838130446471110e+00,2.161182445549122892e-06,8.104434183318731806e-07,-5.084976746497847921e-01,0.000000000000000000e+00
1.260416666666666741e+00,-8.326517530726655625e-02,-2.622444074023762978e-02,1.039747051146951318e+00,2.160603118602985172e-06,8.102261707265512454e-07,-5.287912411171318272e-01,0.000000000000000000e+00
1.262499999999999956e+00,-8.326517080693938977e-02,-2.622443905261493541e-02,1.038613708165663452e+00,2.160008055366798898e-06,8.100030220124610500e-07,-5.490754697073247925e-01,0.000000000000000000e+00
1.264583333333333393e+00,-8.326516630787648976e-02,-2.622443736546634097e-02,1.037438121415936054e+00,2.159397276151169009e-06,8.097739798061950657e-07,-5.693500664051150961e-01,0.000000000000000000e+00
1.266666666666666607e+00,-8.326516181011056617e-02,-2.622443567880411788e-02,1.036220311422757279e+00,2.158770801831526574e-06,8.095390519357507879e-07,-5.896147377539945333e-01,0.000000000000000000e+00
1.268750000000000044e+00,-8.326515731367428730e-02,-2.622443399264051331e-02,1.034960299321583621e+00,2.158128653843039822e-06,8.092982464398368042e-07,-6.098691908729935163e-01,0.000000000000000000e+00
1.270833333333333259e+00,-8.326515281860027984e-02,-2.622443230698775357e-02,1.033658106857116010e+00,2.157470854186165172e-06,8.090515715683354863e-07,-6.301131334734076939e-01,0.000000000000000000e+00
1.272916666666666696e+00,-8.326514832492111495e-02,-2.622443062185806154e-02,1.032313756382038594e+00,2.156797425421098320e-06,8.087990357811462608e-07,-6.503462738754526296e-01,0.000000000000000000e+00
1.274999999999999911e+00,-8.326514383266930830e-02,-2.622442893726362884e-02,1.030927270855725331e+00,2.156108390662681876e-06,8.085406477463352654e-07,-6.705683210248430948e-01,0.000000000000000000e+00
1.277083333333333348e+00,-8.326513934187733390e-02,-2.622442725321663670e-02,1.029498673842910383e+00,2.155403773582721152e-06,8.082764163412921842e-07,-6.907789845092960901e-01,0.000000000000000000e+00
1.279166666666666563e+00,-8.326513485257761027e-02,-2.622442556972923861e-02,1.028027989512325213e+00,2.154683598409520839e-06,8.080063506506481350e-07,-7.109779745749545965e-01,0.000000000000000000e+00
1.281250000000000000e+00,-8.326513036480254204e-02,-2.622442388681358455e-02,1.026515242635301695e+00,2.153947889919558244e-06,8.077304599662759870e-07,-7.311650021427311685e-01,0.000000000000000000e+00
1.283333333333333215e+00,-8.326512587858442282e-02,-2.622442220448178637e-02,1.024960458584339928e+00,2.153196673437482445e-06,8.074487537852085653e-07,-7.513397788245683717e-01,0.000000000000000000e+00
1.285416666666666652e+00,-8.326512139395551848e-02,-2.622442052274594898e-02,1.023363663331644302e+00,2.152429974841204960e-06,8.071612418114889943e-07,-7.715020169396156202e-01,0.000000000000000000e+00
1.287500000000000089e+00,-8.326511691094806711e-02,-2.622441884161815298e-02,1.021724883447624688e+00,2.151647820548020265e-06,8.068679339513133880e-07,-7.916514295303185289e-01,0.000000000000000000e+00
1.289583333333333304e+00,-8.326511242959420966e-02,-2.622441716111045124e-02,1.020044146099364335e+00,2.150850237523395031e-06,8.065688403169633052e-07,-8.117877303784211129e-01,0.000000000000000000e+00
1.291666666666666741e+00,-8.326510794992604547e-02,-2.622441548123488619e-02,1.018321479049054901e+00,2.150037253268941102e-06,8.062639712210226331e-07,-8.319106340208769490e-01,0.000000000000000000e+00
1.293749999999999956e+00,-8.326510347197563222e-02,-2.622441380200347602e-02,1.016556910652398837e+00,2.149208895825191225e-06,8.059533371793852949e-07,-8.520198557656692984e-01,0.000000000000000000e+00
1.295833333333333393e+00,-8.326509899577493046e-02,-2.622441212342820765e-02,1.014750469856977810e+00,2.148365193769749125e-06,8.056369489077850615e-07,-8.721151117075364168e-01,0.000000000000000000e+00
1.297916666666666607e+00,-8.326509452135587297e-02,-2.622441044552105763e-02,1.012902186200589361e+00,2.147506176211274729e-06,8.053148173231837333e-07,-8.921961187436023843e-01,0.000000000000000000e+00
1.300000000000000044e+00,-8.326509004875032316e-02,-2.622440876829397471e-02,1.011012089809551595e+00,2.146631872790872453e-06,8.049869535403014807e-07,-9.122625945889102361e-01,0.000000000000000000e+00
1.302083333333333259e+00,-8.326508557799007504e-02,-2.622440709175887993e-02,1.009080211396974347e+00,2.145742313679777949e-06,8.046533688734675059e-07,-9.323142577918557272e-01,0.000000000000000000e+00
1.304166666666666696e+00,-8.326508110910686711e-02,-2.622440541592767349e-02,1.007106582260999250e+00,2.144837529572882122e-06,8.043140748333815178e-07,-9.523508277495207341e-01,0.000000000000000000e+00
1.306249999999999911e+00,-8.326507664213236848e-02,-2.622440374081223130e-02,1.005091234283008061e+00,2.143917551689194452e-06,8.039690831268828100e-07,-9.723720247229038494e-01,0.000000000000000000e+00
1.308333333333333348e+00,-8.326507217709817887e-02,-2.622440206642440846e-02,1.003034199925799230e+00,2.142982411768602249e-06,8.036184056562561169e-07,-9.923775698520469479e-01,0.000000000000000000e+00
1.310416666666666563e+00,-8.326506771403584251e-02,-2.622440039277602886e-02,1.000935512231732494e+00,2.142032142066323856e-06,8.032620545176125106e-07,-1.012367185171055839e+00,0.000000000000000000e+00
1.312500000000000000e+00,-8.326506325297682032e-02,-2.622439871987889207e-02,9.987952048208439404e-01,2.141066775355217238e-06,8.029000420001956810e-07,-1.032340593623013225e+00,0.000000000000000000e+00
1.314583333333333215e+00,-8.326505879395251775e-02,-2.622439704774477687e-02,9.966133118889279885e-01,2.140086344917455340e-06,8.025323805854567635e-07,-1.052297519074783416e+00,0.000000000000000000e+00
1.316666666666666652e+00,-8.326505433699425696e-02,-2.622439537638543081e-02,9.943898682055908322e-01,2.139090884546376858e-06,8.021590829458977159e-07,-1.072237686331704465e+00,0.000000000000000000e+00
1.318750000000000089e+00,-8.326504988213330460e-02,-2.622439370581257367e-02,9.921249091122721353e-01,2.138080428542785127e-06,8.017801619441460409e-07,-1.092160821152170058e+00,0.000000000000000000e+00
1.320833333333333304e+00,-8.326504542940085796e-02,-2.622439203603790445e-02,9.898184705202368594e-01,2.137055011710784105e-06,8.013956306320299318e-07,-1.112066650262095946e+00,0.000000000000000000e+00
1.322916666666666741e+00,-8.326504097882801714e-02,-2.622439036707308740e-02,9.874705889085371169e-01,2.136014669354078112e-06,8.010055022480337855e-07,-1.131954901369271571e+00,0.000000000000000000e+00
1.324999999999999956e+00,-8.326503653044582676e-02,-2.622438869892975907e-02,9.850813013219446024e-01,2.134959437274583541e-06,8.006097902179921342e-07,-1.151825303177594906e+00,0.000000000000000000e+00
1.327083333333333393e+00,-8.326503208428524816e-02,-2.622438703161953516e-02,9.826506453688531595e-01,2.133889351771043114e-06,8.002085081539331282e-07,-1.171677585401188937e+00,0.000000000000000000e+00
1.329166666666666607e+00,-8.326502764037715942e-02,-2.622438536515400015e-02,9.801786592191521486e-01,2.132804449629770775e-06,7.998016698503778483e-07,-1.191511478778397581e+00,0.000000000000000000e+00
1.331250000000000044e+00,-8.326502319875236924e-02,-2.622438369954470383e-02,9.776653816020711707e-01,2.131704768127892864e-06,7.993892892868845817e-07,-1.211326715085660810e+00,0.000000000000000000e+00
1.333333333333333259e+00,-8.326501875944163078e-02,-2.622438203480317170e-02,9.751108518039957040e-01,2.130590345028720349e-06,7.989713806248105085e-07,-1.231123027151266758e+00,0.000000000000000000e+00
1.335416666666666696e+00,-8.326501432247557233e-02,-2.622438037094089805e-02,9.725151096662547623e-01,2.129461218578973948e-06,7.985479582056928106e-07,-1.250900148868980599e+00,0.000000000000000000e+00
1.337499999999999911e+00,-8.326500988788478053e-02,-2.622437870796934592e-02,9.698781955828796875e-01,2.128317427499069086e-06,7.981190365510175370e-07,-1.270657815211545971e+00,0.000000000000000000e+00
1.339583333333333348e+00,-8.326500545569974487e-02,-2.622437704589995061e-02,9.672001504983355202e-01,2.127159010990980591e-06,7.976846303603687316e-07,-1.290395762244061606e+00,0.000000000000000000e+00
1.341666666666666563e+00,-8.326500102595085773e-02,-2.622437538474411967e-02,9.644810159052245035e-01,2.125986008728066024e-06,7.972447545109661642e-07,-1.310113727137228512e+00,0.000000000000000000e+00
1.343750000000000000e+00,-8.326499659866845593e-02,-2.622437372451321899e-02,9.617208338419624969e-01,2.124798460849976274e-06,7.967994240562776793e-07,-1.329811448180468592e+00,0.000000000000000000e+00
1.345833333333333215e+00,-8.326499217388277918e-02,-2.622437206521859021e-02,9.589196468904276349e-01,2.123596407966356252e-06,7.963486542237059492e-07,-1.349488664794911363e+00,0.000000000000000000e+00
1.347916666666666652e+00,-8.326498775162398391e-02,-2.622437040687153678e-02,9.560774981735826739e-01,2.122379891144818710e-06,7.958924604150511653e-07,-1.369145117546249679e+00,0.000000000000000000e+00
1.350000000000000089e+00,-8.326498333192212942e-02,-2.622436874948334135e-02,9.531944313530709145e-01,2.121148951915106145e-06,7.954308582032728313e-07,-1.388780548157462658e+00,0.000000000000000000e+00
1.352083333333333304e+00,-8.326497891480720559e-02,-2.622436709306524144e-02,9.502704906267847029e-01,2.119903632262152320e-06,7.949638633329525612e-07,-1.408394699521402060e+00,0.000000000000000000e+00
1.354166666666666741e+00,-8.326497450030909131e-02,-2.622436543762845032e-02,9.473057207264097279e-01,2.118643974622382009e-06,7.944914917175183518e-07,-1.427987315713245886e+00,0.000000000000000000e+00
1.356249999999999956e+00,-8.326497008845760994e-02,-2.622436378318414307e-02,9.443001669149420074e-01,2.117370021883248513e-06,7.940137594397071689e-07,-1.447558142002813630e+00,0.000000000000000000e+00
1.358333333333333393e+00,-8.326496567928247383e-02,-2.622436212974346356e-02,9.412538749841800056e-01,2.116081817374905630e-06,7.935306827485581920e-07,-1.467106924866744100e+00,0.000000000000000000e+00
1.360416666666666607e+00,-8.326496127281329818e-02,-2.622436047731751749e-02,9.381668912521917703e-01,2.114779404869283970e-06,7.930422780580248449e-07,-1.486633412000534227e+00,0.000000000000000000e+00
1.362500000000000044e+00,-8.326495686907960103e-02,-2.622435882591737932e-02,9.350392625607569785e-01,2.113462828577777706e-06,7.925485619485943227e-07,-1.506137352330439105e+00,0.000000000000000000e+00
1.364583333333333259e+00,-8.326495246811084494e-02,-2.622435717555409232e-02,9.318710362727845586e-01,2.112132133143841927e-06,7.920495511605793027e-07,-1.525618496025229032e+00,0.000000000000000000e+00
1.366666666666666696e+00,-8.326494806993636755e-02,-2.622435552623865809e-02,9.286622602697061080e-01,2.110787363645769641e-06,7.915452625986288184e-07,-1.545076594507805989e+00,0.000000000000000000e+00
1.368749999999999911e+00,-8.326494367458540935e-02,-2.622435387798204703e-02,9.254129829488447756e-01,2.109428565585126806e-06,7.910357133252516335e-07,-1.564511400466677138e+00,0.000000000000000000e+00
1.370833333333333348e+00,-8.326493928208712758e-02,-2.622435223079518790e-02,9.221232532207610522e-01,2.108055784889526788e-06,7.905209205637075892e-07,-1.583922667867284417e+00,0.000000000000000000e+00
1.372916666666666563e+00,-8.326493489247058233e-02,-2.622435058468898170e-02,9.187931205065751339e-01,2.106669067901991205e-06,7.900009016929191598e-07,-1.603310151963188268e+00,0.000000000000000000e+00
1.375000000000000000e+00,-8.326493050576473653e-02,-2.622434893967428432e-02,9.154226347352661941e-01,2.105268461386501802e-06,7.894756742487432721e-07,-1.622673609307107245e+00,0.000000000000000000e+00
1.377083333333333215e+00,-8.326492612199845600e-02,-2.622434729576192391e-02,9.120118463409484511e-01,2.103854012515972586e-06,7.889452559216587999e-07,-1.642012797761810416e+00,0.000000000000000000e+00
1.379166666666666652e+00,-8.326492174120049550e-02,-2.622434565296268699e-02,9.085608062601251422e-01,2.102425768872711877e-06,7.884096645546843454e-07,-1.661327476510861656e+00,0.000000000000000000e+00
1.381250000000000089e+00,-8.326491736339952654e-02,-2.622434401128732190e-02,9.050695659289206274e-01,2.100983778442871710e-06,7.878689181430316967e-07,-1.680617406069216502e+00,0.000000000000000000e+00
1.383333333333333304e+00,-8.326491298862410961e-02,-2.622434237074653882e-02,9.015381772802899540e-01,2.099528089613672098e-06,7.873230348319084125e-07,-1.699882348293670464e+00,0.000000000000000000e+00
1.385416666666666741e+00,-8.326490861690269418e-02,-2.622434073135100630e-02,8.979666927412074395e-01,2.098058751168775395e-06,7.867720329144362386e-07,-1.719122066393156567e+00,0.000000000000000000e+00
1.387499999999999956e+00,-8.326490424826366032e-02,-2.622433909311136513e-02,8.943551652298340482e-01,2.096575812285048079e-06,7.862159308331541683e-07,-1.738336324938892785e+00,0.000000000000000000e+00
1.389583333333333393e+00,-8.326489988273526321e-02,-2.622433745603821101e-02,8.907036481526632299e-01,2.095079322528397171e-06,7.856547471744679407e-07,-1.757524889874377827e+00,0.000000000000000000e+00
1.391666666666666607e+00,-8.326489552034564701e-02,-2.622433582014210146e-02,8.870121954016468857e-01,2.093569331847756294e-06,7.850885006686494060e-07,-1.776687528525237036e+00,0.000000000000000000e+00
1.393750000000000044e+00,-8.326489116112285871e-02,-2.622433418543355238e-02,8.832808613513007945e-01,2.092045890577399347e-06,7.845172101914560521e-07,-1.795824009608913086e+00,0.000000000000000000e+00
1.395833333333333259e+00,-8.326488680509484819e-02,-2.622433255192304496e-02,8.795097008557901663e-01,2.090509049421674430e-06,7.839408947580013450e-07,-1.814934103244204788e+00,0.000000000000000000e+00
1.397916666666666696e+00,-8.326488245228945428e-02,-2.622433091962101878e-02,8.756987692459952122e-01,2.088958859463331022e-06,7.833595735236802183e-07,-1.834017580960653149e+00,0.000000000000000000e+00
1.399999999999999911e+00,-8.326487810273439094e-02,-2.622432928853786829e-02,8.718481223265578395e-01,2.087395372154266575e-06,7.827732657820872777e-07,-1.853074215707770867e+00,0.000000000000000000e+00
1.402083333333333348e+00,-8.326487375645730271e-02,-2.622432765868395327e-02,8.679578163729091411e-01,2.085818639307202715e-06,7.821819909635132116e-07,-1.872103781864119743e+00,0.000000000000000000e+00
1.404166666666666563e+00,-8.326486941348568149e-02,-2.622432603006959184e-02,8.640279081282784546e-01,2.084228713098920491e-06,7.815857686345978256e-07,-1.891106055246230877e+00,0.000000000000000000e+00
1.406250000000000000e+00,-8.326486507384694979e-02,-2.622432440270506399e-02,8.600584548006835472e-01,2.082625646059159577e-06,7.809846184942828130e-07,-1.910080813117369214e+00,0.000000000000000000e+00
1.408333333333333215e+00,-8.326486073756839135e-02,-2.622432277660059763e-02,8.560495140599033714e-01,2.081009491075706830e-06,7.803785603747363969e-07,-1.929027834196142210e+00,0.000000000000000000e+00
1.410416666666666652e+00,-8.326485640467717886e-02,-2.622432115176639295e-02,8.520011440344329445e-01,2.079380301380055593e-06,7.797676142379998212e-07,-1.947946898664952409e+00,0.000000000000000000e+00
1.412500000000000089e+00,-8.326485207520040177e-02,-2.622431952821259807e-02,8.479134033084205768e-01,2.077738130552031768e-06,7.791518001766813883e-07,-1.966837788178292357e+00,0.000000000000000000e+00
1.414583333333333304e+00,-8.326484774916501075e-02,-2.622431790594932297e-02,8.437863509185884459e-01,2.076083032507765950e-06,7.785311384095613107e-07,-1.985700285870881210e+00,0.000000000000000000e+00
1.416666666666666741e+00,-8.326484342659785931e-02,-2.622431628498663944e-02,8.396200463511364065e-01,2.074415061500156749e-06,7.779056492810140345e-07,-2.004534176365646125e+00,0.000000000000000000e+00
1.418749999999999956e+00,-8.326483910752567608e-02,-2.622431466533456726e-02,8.354145495386291476e-01,2.072734272116094644e-06,7.772753532611234363e-07,-2.023339245781541784e+00,0.000000000000000000e+00
1.420833333333333393e+00,-8.326483479197507864e-02,-2.622431304700309149e-02,8.311699208568675834e-01,2.071040719270911374e-06,7.766402709431388654e-07,-2.042115281741214705e+00,0.000000000000000000e+00
1.422916666666666607e+00,-8.326483047997257358e-02,-2.622431143000215209e-02,8.268862211217442582e-01,2.069334458199589854e-06,7.760004230406994165e-07,-2.060862073378508796e+00,0.000000000000000000e+00
1.425000000000000044e+00,-8.326482617154455645e-02,-2.622430981434164393e-02,8.225635115860838731e-01,2.067615544456765446e-06,7.753558303865618986e-07,-2.079579411345809703e+00,0.000000000000000000e+00
1.427083333333333259e+00,-8.326482186671729790e-02,-2.622430820003142024e-02,8.182018539364681597e-01,2.065884033913948959e-06,7.747065139317913887e-07,-2.098267087821231502e+00,0.000000000000000000e+00
1.429166666666666696e+00,-8.326481756551695756e-02,-2.622430658708128567e-02,8.138013102900464313e-01,2.064139982752588609e-06,7.740524947452983283e-07,-2.116924896515644861e+00,0.000000000000000000e+00
1.431249999999999911e+00,-8.326481326796955629e-02,-2.622430497550100673e-02,8.093619431913315898e-01,2.062383447460832225e-06,7.733937940099068086e-07,-2.135552632679544427e+00,0.000000000000000000e+00
1.433333333333333348e+00,-8.326480897410103166e-02,-2.622430336530030479e-02,8.048838156089819229e-01,2.060614484828437861e-06,7.727304330214289746e-07,-2.154150093109757691e+00,0.000000000000000000e+00
1.435416666666666563e+00,-8.326480468393715473e-02,-2.622430175648885267e-02,8.003669909325694665e-01,2.058833151942148569e-06,7.720624331885499352e-07,-2.172717076155993521e+00,0.000000000000000000e+00
1.437500000000000000e+00,-8.326480039750364104e-02,-2.622430014907628157e-02,7.958115329693348228e-01,2.057039506186616509e-06,7.713898160293578923e-07,-2.191253381727231275e+00,0.000000000000000000e+00
1.439583333333333215e+00,-8.326479611482603960e-02,-2.622429854307217756e-02,7.912175059409292111e-01,2.055233605229138151e-06,7.707126031697253550e-07,-2.209758811297949155e+00,0.000000000000000000e+00
1.441666666666666652e+00,-8.326479183592978839e-02,-2.622429693848608162e-02,7.865849744801429733e-01,2.053415507027982296e-06,7.700308163438870279e-07,-2.228233167914196677e+00,0.000000000000000000e+00
1.443750000000000089e+00,-8.326478756084021438e-02,-2.622429533532748963e-02,7.819140036276227557e-01,2.051585269819434291e-06,7.693444773898141643e-07,-2.246676256199500177e+00,0.000000000000000000e+00
1.445833333333333304e+00,-8.326478328958251962e-02,-2.622429373360584889e-02,7.772046588285755897e-01,2.049742952114560780e-06,7.686536082497927717e-07,-2.265087882360616423e+00,0.000000000000000000e+00
1.447916666666666741e+00,-8.326477902218175353e-02,-2.622429213333056508e-02,7.724570059294623148e-01,2.047888612701058780e-06,7.679582309681103653e-07,-2.283467854193120594e+00,0.000000000000000000e+00
1.449999999999999956e+00,-8.326477580255182975e-02,-2.622429092596934713e-02,7.720637923354604082e-01,1.043888930116455750e-06,3.914583462938365449e-07,1.915157933263561318e+00,1.000000000000000000e+00
1.452083333333333393e+00,-8.326477362905085333e-02,-2.622429011090648965e-02,7.760194576505017316e-01,1.043077821125835139e-06,3.911541804244932359e-07,1.893240557470849517e+00,0.000000000000000000e+00
1.454166666666666607e+00,-8.326477145722575857e-02,-2.622428929647208778e-02,7.799295118690282580e-01,1.042275627306130577e-06,3.908533577452265591e-07,1.871355239898253142e+00,0.000000000000000000e+00
1.456250000000000044e+00,-8.326476928705801861e-02,-2.622428848265918877e-02,7.837940211628853238e-01,1.041482316895712053e-06,3.905558663438060249e-07,1.849501586275547949e+00,0.000000000000000000e+00
1.458333333333333259e+00,-8.326476711852917600e-02,-2.622428766946088147e-02,7.876130508857815959e-01,1.040697858542806354e-06,3.902616944632011377e-07,1.827679204418060754e+00,0.000000000000000000e+00
1.460416666666666696e+00,-8.326476495162084268e-02,-2.622428685687026167e-02,7.913866655775870784e-01,1.039922221302259916e-06,3.899708305004248257e-07,1.805887704196566412e+00,0.000000000000000000e+00
1.462499999999999911e+00,-8.326476278631468608e-02,-2.622428604488045642e-02,7.951149289685683907e-01,1.039155374641551486e-06,3.896832630044516980e-07,1.784126697507482318e+00,0.000000000000000000e+00
1.464583333333333348e+00,-8.326476062259242916e-02,-2.622428523348461701e-02,7.987979039835627626e-01,1.038397288427840567e-06,3.893989806764496026e-07,1.762395798243352019e+00,0.000000000000000000e+00
1.466666666666666563e+00,-8.326475846043589202e-02,-2.622428442267591905e-02,8.024356527460911881e-01,1.037647932926578916e-06,3.891179723663099148e-07,1.740694622263616820e+00,0.000000000000000000e+00
1.468750000000000000e+00,-8.326475629982690863e-02,-2.622428361244755549e-02,8.060282365824107398e-01,1.036907278806599523e-06,3.888402270731101758e-07,1.719022787365667826e+00,0.000000000000000000e+00
1.470833333333333215e+00,-8.326475414074739623e-02,-2.622428280279274354e-02,8.095757160255072638e-01,1.036175297125313222e-06,3.885657339453454916e-07,1.697379913256174877e+00,0.000000000000000000e+00
1.472916666666666652e+00,-8.326475198317934145e-02,-2.622428199370472821e-02,8.130781508190283446e-01,1.035451959336110492e-06,3.882944822769965002e-07,1.675765621522685933e+00,0.000000000000000000e+00
1.475000000000000089e+00,-8.326474982710477257e-02,-2.622428118517677181e-02,8.165355999211580951e-01,1.034737237279572008e-06,3.880264615077606116e-07,1.654179535605495355e+00,0.000000000000000000e+00
1.477083333333333304e+00,-8.326474767250580111e-02,-2.622428037720215752e-02,8.199481215084336583e-01,1.034031103178842993e-06,3.877616612225893160e-07,1.632621280769772643e+00,0.000000000000000000e+00
1.479166666666666741e+00,-8.326474551936456636e-02,-2.622427956977419622e-02,8.233157729795034241e-01,1.033333529647497071e-06,3.875000711503005852e-07,1.611090484077950746e+00,0.000000000000000000e+00
1.481249999999999956e+00,-8.326474336766326312e-02,-2.622427876288621271e-02,8.266386109588289566e-01,1.032644489671032411e-06,3.872416811617283699e-07,1.589586774362365507e+00,0.000000000000000000e+00
1.483333333333333393e+00,-8.326474121738416945e-02,-2.622427795653155605e-02,8.299166913003298562e-01,1.031963956622137376e-06,3.869864812699539991e-07,1.568109782198145119e+00,0.000000000000000000e+00
1.485416666666666607e+00,-8.326473906850960505e-02,-2.622427715070359960e-02,8.331500690909724449e-01,1.031291904240799652e-06,3.867344616277618511e-07,1.546659139876343847e+00,0.000000000000000000e+00
1.487500000000000044e+00,-8.326473692102193125e-02,-2.622427634539572713e-02,8.363387986543030506e-01,1.030628306644019380e-06,3.864856125292583522e-07,1.525234481377315099e+00,0.000000000000000000e+00
1.489583333333333259e+00,-8.326473477490359265e-02,-2.622427554060135363e-02,8.394829335539260029e-01,1.029973138315170853e-06,3.862399244068653794e-07,1.503835442344321427e+00,0.000000000000000000e+00
1.491666666666666696e+00,-8.326473263013704773e-02,-2.622427473631390449e-02,8.425825265969275613e-01,1.029326374107702776e-06,3.859973878308574102e-07,1.482461660057374342e+00,0.000000000000000000e+00
1.493749999999999911e+00,-8.326473048670483823e-02,-2.622427393252682939e-02,8.456376298372449973e-01,1.028687989240511981e-06,3.857579935070485932e-07,1.461112773407303278e+00,0.000000000000000000e+00
1.495833333333333348e+00,-8.326472834458953365e-02,-2.622427312923359885e-02,8.486482945789822763e-01,1.028057959295630609e-06,3.855217322784119576e-07,1.439788422870045936e+00,0.000000000000000000e+00
1.497916666666666563e+00,-8.326472620377378675e-02,-2.622427232642769723e-02,8.516145713796726691e-01,1.027436260214525844e-06,3.852885951246167742e-07,1.418488250481159785e+00,0.000000000000000000e+00
1.500000000000000000e+00,-8.326472406424026418e-02,-2.622427152410262974e-02,8.545365100534880742e-01,1.026822868295323973e-06,3.850585731560146744e-07,1.397211899810547164e+00,0.000000000000000000e+00
1.502083333333333215e+00,-8.326472192597168809e-02,-2.622427072225191891e-02,8.574141596743970473e-01,1.026217760196510864e-06,3.848316576198849831e-07,1.375959015937392227e+00,0.000000000000000000e+00
1.504166666666666652e+00,-8.326471978895085002e-02,-2.622426992086910810e-02,8.602475685792696503e-01,1.025620912923980194e-06,3.846078398939580401e-07,1.354729245425304818e+00,0.000000000000000000e+00
1.506250000000000089e+00,-8.326471765316056928e-02,-2.622426911994775803e-02,8.630367843709320086e-01,1.025032303840746802e-06,3.843871114887285527e-07,1.333522236297669528e+00,0.000000000000000000e+00
1.508333333333333304e+00,-8.326471551858372067e-02,-2.622426831948144327e-02,8.657818539211689091e-01,1.024451910656770645e-06,3.841694640458361750e-07,1.312337638013191476e+00,0.000000000000000000e+00
1.510416666666666741e+00,-8.326471338520322063e-02,-2.622426751946376269e-02,8.684828233736764380e-01,1.023879711426643128e-06,3.839548893355214438e-07,1.291175101441640827e+00,0.000000000000000000e+00
1.512499999999999956e+00,-8.326471125300202725e-02,-2.622426671988831864e-02,8.711397381469637713e-01,1.023315684552825947e-06,3.837433792589386558e-07,1.270034278839787811e+00,0.000000000000000000e+00
1.514583333333333393e+00,-8.326470912196315410e-02,-2.622426592074874468e-02,8.737526429372057812e-01,1.022759808780099212e-06,3.835349258451491117e-07,1.248914823827527609e+00,0.000000000000000000e+00
1.516666666666666607e+00,-8.326470699206965642e-02,-2.622426512203868479e-02,8.763215817210456837e-01,1.022212063195099175e-06,3.833295212522775285e-07,1.227816391364188409e+00,0.000000000000000000e+00
1.518750000000000044e+00,-8.326470486330461718e-02,-2.622426432375180375e-02,8.788465977583487243e-01,1.021672427219842033e-06,3.831271577626547814e-07,1.206738637725023100e+00,0.000000000000000000e+00
1.520833333333333259e+00,-8.326470273565118874e-02,-2.622426352588176982e-02,8.813277335949073477e-01,1.021140880615424824e-06,3.829278277869813361e-07,1.185681220477877273e+00,0.000000000000000000e+00
1.522916666666666696e+00,-8.326470060909253734e-02,-2.622426272842227901e-02,8.837650310650979613e-01,1.020617403479711967e-06,3.827315238622455059e-07,1.164643798460031521e+00,0.000000000000000000e+00
1.524999999999999911e+00,-8.326469848361188475e-02,-2.622426193136703776e-02,8.861585312944892934e-01,1.020101976242247138e-06,3.825382386489478839e-07,1.143626031755216266e+00,0.000000000000000000e+00
1.527083333333333348e+00,-8.326469635919248047e-02,-2.622426113470976983e-02,8.885082747024042327e-01,1.019594579663327886e-06,3.823479649327204996e-07,1.122627581670792019e+00,0.000000000000000000e+00
1.529166666666666563e+00,-8.326469423581764340e-02,-2.622426033844420940e-02,8.908143010044327070e-01,1.019095194831692807e-06,3.821606956224763689e-07,1.101648110715095497e+00,0.000000000000000000e+00
1.531250000000000000e+00,-8.326469211347069244e-02,-2.622425954256410799e-02,8.930766492148993763e-01,1.018603803166834157e-06,3.819764237492530300e-07,1.080687282574945840e+00,0.000000000000000000e+00
1.533333333333333215e+00,-8.326468999213501587e-02,-2.622425874706323448e-02,8.952953576492836962e-01,1.018120386411134425e-06,3.817951424671378209e-07,1.059744762093308923e+00,0.000000000000000000e+00
1.535416666666666652e+00,-8.326468787179402975e-02,-2.622425795193536815e-02,8.974704639265935757e-01,1.017644926634954453e-06,3.816168450521112028e-07,1.038820215247114209e+00,0.000000000000000000e+00
1.537500000000000089e+00,-8.326468575243117787e-02,-2.622425715717430217e-02,8.996020049716936251e-01,1.017177406227381515e-06,3.814415249008904543e-07,1.017913309125225929e+00,0.000000000000000000e+00
1.539583333333333304e+00,-8.326468363402994566e-02,-2.622425636277384356e-02,9.016900170175874418e-01,1.016717807898542345e-06,3.812691755288479295e-07,9.970237119065591402e-01,0.000000000000000000e+00
1.541666666666666741e+00,-8.326468151657386019e-02,-2.622425556872781324e-02,9.037345356076547098e-01,1.016266114682378867e-06,3.810997905739430901e-07,9.761510928383415608e-01,0.000000000000000000e+00
1.543749999999999956e+00,-8.326467940004647628e-02,-2.622425477503004601e-02,9.057355955978428907e-01,1.015822309928321228e-06,3.809333637916340084e-07,9.552951222145180665e-01,0.000000000000000000e+00
1.545833333333333393e+00,-8.326467728443137650e-02,-2.622425398167439053e-02,9.076932311588143953e-01,1.015386377298049588e-06,3.807698890560338321e-07,9.344554713542922997e-01,0.000000000000000000e+00
1.547916666666666607e+00,-8.326467516971219895e-02,-2.622425318865470242e-02,9.096074757780494568e-01,1.014958300773821300e-06,3.806093603603734755e-07,9.136318125808048363e-01,0.000000000000000000e+00
1.550000000000000044e+00,-8.326467305587259560e-02,-2.622425239596485463e-02,9.114783622619041514e-01,1.014538064646905951e-06,3.804517718139945471e-07,8.928238191999429141e-01,0.000000000000000000e+00
1.552083333333333259e+00,-8.326467094289626003e-02,-2.622425160359873400e-02,9.133059227376252309e-01,1.014125653523135962e-06,3.802971176435060259e-07,8.720311654792806122e-01,0.000000000000000000e+00
1.554166666666666696e+00,-8.326466883076689973e-02,-2.622425081155023083e-02,9.150901886553206577e-01,1.013721052317356199e-06,3.801453921920903298e-07,8.512535266271452628e-01,0.000000000000000000e+00
1.556249999999999911e+00,-8.326466671946827769e-02,-2.622425001981325624e-02,9.168311907898872848e-01,1.013324246251110296e-06,3.799965899181155048e-07,8.304905787718070975e-01,0.000000000000000000e+00
1.558333333333333348e+00,-8.326466460898418465e-02,-2.622424922838172828e-02,9.185289592428947936e-01,1.012935220859117502e-06,3.798507053969855155e-07,8.097419989407903529e-01,0.000000000000000000e+00
1.560416666666666563e+00,-8.326466249929842522e-02,-2.622424843724957544e-02,9.201835234444271094e-01,1.012553961979557836e-06,3.797077333172084244e-07,7.890074650403013923e-01,0.000000000000000000e+00
1.562500000000000000e+00,-8.326466039039484568e-02,-2.622424764641074005e-02,9.217949121548809632e-01,1.012180455753147138e-06,3.795676684829405080e-07,7.682866558347725139e-01,0.000000000000000000e+00
1.564583333333333215e+00,-8.326465828225730614e-02,-2.622424685585916793e-02,9.233631534667222640e-01,1.011814688626375482e-06,3.794305058112106359e-07,7.475792509265180019e-01,0.000000000000000000e+00
1.566666666666666652e+00,-8.326465617486970838e-02,-2.622424606558882570e-02,9.248882748061998393e-01,1.011456647349193507e-06,3.792962403335395328e-07,7.268849307354987577e-01,0.000000000000000000e+00
1.568750000000000089e+00,-8.326465406821598192e-02,-2.622424527559368349e-02,9.263703029350174312e-01,1.011106318972700016e-06,3.791648671933953448e-07,7.062033764791944002e-01,0.000000000000000000e+00
1.570833333333333304e+00,-8.326465196228008403e-02,-2.622424448586772178e-02,9.278092639519641693e-01,1.010763690847753902e-06,3.790363816471188110e-07,6.855342701525788396e-01,0.000000000000000000e+00
1.572916666666666741e+00,-8.326464985704597199e-02,-2.622424369640493497e-02,9.292051832945028567e-01,1.010428750623124441e-06,3.789107790636922352e-07,6.648772945081972141e-01,0.000000000000000000e+00
1.574999999999999956e+00,-8.326464775249765859e-02,-2.622424290719932438e-02,9.305580857403175088e-01,1.010101486245489805e-06,3.787880549233514107e-07,6.442321330363411924e-01,0.000000000000000000e+00
1.577083333333333393e+00,-8.326464564861917050e-02,-2.622424211824489829e-02,9.318679954088192607e-01,1.009781885960363933e-06,3.786682048171230875e-07,6.235984699453198665e-01,0.000000000000000000e+00
1.579166666666666607e+00,-8.326464354539456214e-02,-2.622424132953567535e-02,9.331349357626118612e-01,1.009469938304231615e-06,3.785512244468251309e-07,6.029759901418241252e-01,0.000000000000000000e+00
1.581250000000000044e+00,-8.326464144280790181e-02,-2.622424054106568467e-02,9.343589296089159779e-01,1.009165632113800214e-06,3.784371096264541734e-07,5.823643792113809559e-01,0.000000000000000000e+00
1.583333333333333259e+00,-8.326463934084328555e-02,-2.622423975282895878e-02,9.355399991009527572e-01,1.008868956516285671e-06,3.783258562780222359e-07,5.617633233988964525e-01,0.000000000000000000e+00
1.585416666666666696e+00,-8.326463723948483719e-02,-2.622423896481954758e-02,9.366781657392876381e-01,1.008579900933575260e-06,3.782174604357201593e-07,5.411725095892834236e-01,0.000000000000000000e+00
1.587499999999999911e+00,-8.326463513871669442e-02,-2.622423817703150098e-02,9.377734503731335325e-01,1.008298455076677396e-06,3.781119182401351755e-07,5.205916252881714890e-01,0.000000000000000000e+00
1.589583333333333348e+00,-8.326463303852302267e-02,-2.622423738945887928e-02,9.388258732016135921e-01,1.008024608949883959e-06,3.780092259431080588e-07,5.000203586026983338e-01,0.000000000000000000e+00
1.591666666666666563e+00,-8.326463093888800127e-02,-2.622423660209575319e-02,9.398354537749848969e-01,1.007758352847070240e-06,3.779093799051890095e-07,4.794583982223776797e-01,0.000000000000000000e+00
1.593750000000000000e+00,-8.326462883979583729e-02,-2.622423581493619690e-02,9.408022109958217305e-01,1.007499677347068661e-06,3.778123765933245130e-07,4.589054334000423618e-01,0.000000000000000000e+00
1.595833333333333215e+00,-8.326462674123075169e-02,-2.622423502797429501e-02,9.417261631201595540e-01,1.007248573322920917e-06,3.777182125850208240e-07,4.383611539328604589e-01,0.000000000000000000e+00
1.597916666666666652e+00,-8.326462464317699319e-02,-2.622423424120413904e-02,9.426073277585994559e-01,1.007005031931700445e-06,3.776268845634866035e-07,4.178252501434210342e-01,0.000000000000000000e+00
1.600000000000000089e+00,-8.326462254561881049e-02,-2.622423345461982053e-02,9.434457218773733000e-01,1.006769044616825679e-06,3.775383893206399386e-07,3.972974128608878219e-01,0.000000000000000000e+00
1.602083333333333304e+00,-8.326462044854048006e-02,-2.622423266821544835e-02,9.442413617993697939e-01,1.006540603108060681e-06,3.774527237550265472e-07,3.767773334022176401e-01,0.000000000000000000e+00
1.604166666666666741e+00,-8.326461835192627836e-02,-2.622423188198512792e-02,9.449942632051214764e-01,1.006319699419663527e-06,3.773698848725136568e-07,3.562647035534419748e-01,0.000000000000000000e+00
1.606249999999999956e+00,-8.326461625576052350e-02,-2.622423109592297852e-02,9.457044411337528489e-01,1.006106325853625362e-06,3.772898697853650446e-07,3.357592155510082943e-01,0.000000000000000000e+00
1.608333333333333393e+00,-8.326461416002754745e-02,-2.622423031002311944e-02,9.463719099838894255e-01,1.005900474990880953e-06,3.772126757122406668e-07,3.152605620631797612e-01,0.000000000000000000e+00
1.610416666666666607e+00,-8.326461206471168219e-02,-2.622422952427967344e-02,9.469966835145289252e-01,1.005702139698247153e-06,3.771382999781968706e-07,2.947684361714898449e-01,0.000000000000000000e+00
1.612500000000000044e+00,-8.326460996979728746e-02,-2.622422873868677715e-02,9.475787748458726067e-01,1.005511313123797684e-06,3.770667400137612751e-07,2.742825313522504471e-01,0.000000000000000000e+00
1.614583333333333259e+00,-8.326460787526872298e-02,-2.622422795323857067e-02,9.481181964601195222e-01,1.005327988700563186e-06,3.769979933547014256e-07,2.538025414581100980e-01,0.000000000000000000e+00
1.616666666666666696e+00,-8.326460578111037625e-02,-2.622422716792919412e-02,9.486149602022213578e-01,1.005152160137279925e-06,3.769320576441062712e-07,2.333281606996611968e-01,0.000000000000000000e+00
1.618749999999999911e+00,-8.326460368730663475e-02,-2.622422638275279452e-02,9.490690772805999709e-01,1.004983821425790949e-06,3.768689306279918108e-07,2.128590836270923825e-01,0.000000000000000000e+00
1.620833333333333348e+00,-8.326460159384189985e-02,-2.622422559770352241e-02,9.494805582678259581e-01,1.004822966839658447e-06,3.768086101587704340e-07,1.923950051118851201e-01,0.000000000000000000e+00
1.622916666666666563e+00,-8.326459950070060068e-02,-2.622422481277553868e-02,9.498494131012593655e-01,1.004669590933701045e-06,3.767510941936316590e-07,1.719356203285510309e-01,0.000000000000000000e+00
1.625000000000000000e+00,-8.326459740786715247e-02,-2.622422402796300081e-02,9.501756510836528724e-01,1.004523688535667483e-06,3.766963807945425032e-07,1.514806247364084146e-01,0.000000000000000000e+00
1.627083333333333215e+00,-8.326459531532599823e-02,-2.622422324326006970e-02,9.504592808837164508e-01,1.004385254757338033e-06,3.766444681275532865e-07,1.310297140613953248e-01,0.000000000000000000e+00
1.629166666666666652e+00,-8.326459322306158095e-02,-2.622422245866091670e-02,9.507003105366446105e-01,1.004254284984348249e-06,3.765953544630290836e-07,1.105825842779167012e-01,0.000000000000000000e+00
1.631249999999999867e+00,-8.326459113105835752e-02,-2.622422167415971311e-02,9.508987474446055632e-01,1.004130774885903164e-06,3.765490381768060820e-07,9.013893159072368377e-02,0.000000000000000000e+00
1.633333333333333304e+00,-8.326458903930079869e-02,-2.622422088975063723e-02,9.510545983771929723e-01,1.004014720403212536e-06,3.765055177469535874e-07,6.969845241682243175e-02,0.000000000000000000e+00
1.635416666666666741e+00,-8.326458694777337521e-02,-2.622422010542786036e-02,9.511678694718400662e-01,1.003906117760130428e-06,3.764647917558555541e-07,4.926084336741030911e-02,0.000000000000000000e+00
1.637499999999999956e+00,-8.326458485646057173e-02,-2.622421932118556426e-02,9.512385662341956705e-01,1.003804963452052305e-06,3.764268588906732766e-07,2.882580122983724458e-02,0.000000000000000000e+00
1.639583333333333393e+00,-8.326458276534687286e-02,-2.622421853701793412e-02,9.512666935384632705e-01,1.003711254254705959e-06,3.763917179417262334e-07,8.393022949589715870e-03,0.000000000000000000e+00
1.641666666666666607e+00,-8.326458067441692978e-02,-2.622421775291921414e-02,9.512522556279906505e-01,1.003624834778501307e-06,3.763593106391902806e-07,-1.203779411088204930e-02,0.000000000000000000e+00
1.643750000000000044e+00,-8.326457858366981268e-02,-2.622421696888905390e-02,9.511952563094979718e-01,1.003536395000777785e-06,3.763261457225439600e-07,-3.246681906221800251e-02,0.000000000000000000e+00
1.645833333333333259e+00,-8.326457649311855280e-02,-2.622421618493233839e-02,9.510956997153710013e-01,1.003440532270061488e-06,3.762901971992191480e-07,-5.289379470316448589e-02,0.000000000000000000e+00
1.647916666666666696e+00,-8.326457440277859612e-02,-2.622421540105486157e-02,9.509535905873316430e-01,1.003337249418808568e-06,3.762514661301727330e-07,-7.331841874957946426e-02,0.000000000000000000e+00
1.649999999999999911e+00,-8.326457231266540249e-02,-2.622421461726242090e-02,9.507689342966528789e-01,1.003226549548704601e-06,3.762099536792884946e-07,-9.374038905064241423e-02,0.000000000000000000e+00
1.652083333333333348e+00,-8.326457022279441789e-02,-2.622421383356080687e-02,9.505417368438526804e-01,1.003108436042691815e-06,3.761656611156901912e-07,-1.141594036067247603e-01,0.000000000000000000e+00
1.654166666666666563e+00,-8.326456813318108829e-02,-2.622421304995581348e-02,9.502720048583512824e-01,1.002982912552941441e-06,3.761185898077276266e-07,-1.345751605872418655e-01,0.000000000000000000e+00
1.656250000000000000e+00,-8.326456604384084581e-02,-2.622421226645322082e-02,9.499597455980914873e-01,1.002849983009642730e-06,3.760687412299157554e-07,-1.549873583484843165e-01,0.000000000000000000e+00
1.658333333333333215e+00,-8.326456395478909478e-02,-2.622421148305881938e-02,9.496049669491208878e-01,1.002709651609901324e-06,3.760161169550705645e-07,-1.753956954514262478e-01,0.000000000000000000e+00
1.660416666666666652e+00,-8.326456186604125342e-02,-2.622421069977838581e-02,9.492076774251380078e-01,1.002561922827916138e-06,3.759607186628669644e-07,-1.957998706795086030e-01,0.000000000000000000e+00
1.662499999999999867e+00,-8.326455977761273997e-02,-2.622420991661769674e-02,9.487678861670012509e-01,1.002406801410353294e-06,3.759025481322060697e-07,-2.161995830563948895e-01,0.000000000000000000e+00
1.664583333333333304e+00,-8.326455768951894487e-02,-2.622420913358252531e-02,9.482856029422003230e-01,1.002244292373107702e-06,3.758416072444533002e-07,-2.365945318636974437e-01,0.000000000000000000e+00
1.666666666666666741e+00,-8.326455560177524473e-02,-2.622420835067863776e-02,9.477608381442915730e-01,1.002074401005929551e-06,3.757778979827445018e-07,-2.569844166586718326e-01,0.000000000000000000e+00
1.668749999999999956e+00,-8.326455351439700225e-02,-2.622420756791180377e-02,9.471936027922958079e-01,1.001897132870573545e-06,3.757114224329112773e-07,-2.773689372918771157e-01,0.000000000000000000e+00
1.670833333333333393e+00,-8.326455142739958015e-02,-2.622420678528777568e-02,9.465839085300600253e-01,1.001712493795710776e-06,3.756421827811676865e-07,-2.977477939248001082e-01,0.000000000000000000e+00
1.672916666666666607e+00,-8.326454934079834114e-02,-2.622420600281231626e-02,9.459317676255818430e-01,1.001520489886180015e-06,3.755701813154983742e-07,-3.181206870474410642e-01,0.000000000000000000e+00
1.675000000000000044e+00,-8.326454725460860629e-02,-2.622420522049117089e-02,9.452371929702980680e-01,1.001321127510960695e-06,3.754954204254271185e-07,-3.384873174958586972e-01,0.000000000000000000e+00
1.677083333333333259e+00,-8.326454516884569668e-02,-2.622420443833008499e-02,9.445001980783359619e-01,1.001114413307335863e-06,3.754179026001664874e-07,-3.588473864696727911e-01,0.000000000000000000e+00
1.679166666666666696e+00,-8.326454308352491951e-02,-2.622420365633479702e-02,9.437207970857287576e-01,1.000900354185981578e-06,3.753376304300055436e-07,-3.792005955495212355e-01,0.000000000000000000e+00
1.681249999999999911e+00,-8.326454099866156811e-02,-2.622420287451104198e-02,9.428990047495948712e-01,1.000678957324026961e-06,3.752546066074664676e-07,-3.995466467144705436e-01,0.000000000000000000e+00
1.683333333333333348e+00,-8.326453891427090803e-02,-2.622420209286455139e-02,9.420348364472804770e-01,1.000450230166442479e-06,3.751688339238348993e-07,-4.198852423593767980e-01,0.000000000000000000e+00
1.685416666666666563e+00,-8.326453683036820486e-02,-2.622420131140104291e-02,9.411283081754659996e-01,1.000214180421876780e-06,3.750803152707792531e-07,-4.402160853121954154e-01,0.000000000000000000e+00
1.687500000000000000e+00,-8.326453474696871027e-02,-2.622420053012623417e-02,9.401794365492374128e-01,9.999708160691326807e-07,3.749890536391940947e-07,-4.605388788512370657e-01,0.000000000000000000e+00
1.689583333333333215e+00,-8.326453266408763432e-02,-2.622419974904583589e-02,9.391882388011206784e-01,9.997201453497657958e-07,3.748950521201253652e-07,-4.808533267223683016e-01,0.000000000000000000e+00
1.691666666666666652e+00,-8.326453058174018707e-02,-2.622419896816555185e-02,9.381547327800811020e-01,9.994621767703975715e-07,3.747983139043077958e-07,-5.011591331561543461e-01,0.000000000000000000e+00
1.693749999999999867e+00,-8.326452849994156469e-02,-2.622419818749107540e-02,9.370789369504866073e-01,9.991969191041027260e-07,3.746988422796206322e-07,-5.214560028849422046e-01,0.000000000000000000e+00
1.695833333333333304e+00,-8.326452641870693561e-02,-2.622419740702809643e-02,9.359608703910362593e-01,9.989243813820829149e-07,3.745966406343257360e-07,-5.417436411598812729e-01,0.000000000000000000e+00
1.697916666666666741e+00,-8.326452433805146824e-02,-2.622419662678229790e-02,9.348005527936523729e-01,9.986445729019932780e-07,3.744917124538295363e-07,-5.620217537678808828e-01,0.000000000000000000e+00
1.699999999999999956e+00,-8.326452225799027551e-02,-2.622419584675935583e-02,9.335980044623382046e-01,9.983575032214664478e-07,3.743840613234584920e-07,-5.822900470485010693e-01,0.000000000000000000e+00
1.702083333333333393e+00,-8.326452017853847032e-02,-2.622419506696493235e-02,9.323532463120003388e-01,9.980631821608876417e-07,3.742736909252210439e-07,-6.025482279107756689e-01,0.000000000000000000e+00
1.704166666666666607e+00,-8.326451809971115170e-02,-2.622419428740469308e-02,9.310662998672359913e-01,9.977616197955308084e-07,3.741606050389639202e-07,-6.227960038499654738e-01,0.000000000000000000e+00
1.706250000000000044e+00,-8.326451602152339093e-02,-2.622419350808428626e-02,9.297371872610858956e-01,9.974528264661982080e-07,3.740448075407533509e-07,-6.430330829642388890e-01,0.000000000000000000e+00
1.708333333333333259e+00,-8.326451394399023154e-02,-2.622419272900935322e-02,9.283659312337517733e-01,9.971368127699686954e-07,3.739263024056502654e-07,-6.632591739712785373e-01,0.000000000000000000e+00
1.710416666666666696e+00,-8.326451186712668928e-02,-2.622419195018553181e-02,9.269525551312804978e-01,9.968135895597350280e-07,3.738050937019281807e-07,-6.834739862248123687e-01,0.000000000000000000e+00
1.712499999999999911e+00,-8.326450979094779381e-02,-2.622419117161844601e-02,9.254970829042127312e-01,9.964831679460537858e-07,3.736811855973181108e-07,-7.036772297310662783e-01,0.000000000000000000e+00
1.714583333333333348e+00,-8.326450771546850538e-02,-2.622419039331371285e-02,9.239995391061983643e-01,9.961455592920576684e-07,3.735545823529948444e-07,-7.238686151651366751e-01,0.000000000000000000e+00
1.716666666666666563e+00,-8.326450564070377036e-02,-2.622418961527694242e-02,9.224599488925772084e-01,9.958007752217820400e-07,3.734252883268149402e-07,-7.440478538872813408e-01,0.000000000000000000e+00
1.718750000000000000e+00,-8.326450356666852126e-02,-2.622418883751373095e-02,9.208783380189267120e-01,9.954488276048986432e-07,3.732933079707728222e-07,-7.642146579591269084e-01,0.000000000000000000e+00
1.720833333333333215e+00,-8.326450149337767670e-02,-2.622418806002966771e-02,9.192547328395752615e-01,9.950897285696688503e-07,3.731586458326194599e-07,-7.843687401597896347e-01,0.000000000000000000e+00
1.722916666666666652e+00,-8.326449942084611366e-02,-2.622418728283033504e-02,9.175891603060822854e-01,9.947234904913786989e-07,3.730213065535497031e-07,-8.045098140019095734e-01,0.000000000000000000e+00
1.724999999999999867e+00,-8.326449734908868139e-02,-2.622418650592130140e-02,9.158816479656854970e-01,9.943501259992775741e-07,3.728812948698212801e-07,-8.246375937475950435e-01,0.000000000000000000e+00
1.727083333333333304e+00,-8.326449527812020135e-02,-2.622418572930812833e-02,9.141322239597143851e-01,9.939696479701022181e-07,3.727386156092852975e-07,-8.447517944242752819e-01,0.000000000000000000e+00
1.729166666666666741e+00,-8.326449320795548115e-02,-2.622418495299636346e-02,9.123409170219713982e-01,9.935820695271515585e-07,3.725932736946243413e-07,-8.648521318404610581e-01,0.000000000000000000e+00
1.731249999999999956e+00,-8.326449113860930062e-02,-2.622418417699154750e-02,9.105077564770800436e-01,9.931874040435240680e-07,3.724452741387266711e-07,-8.849383226014091441e-01,0.000000000000000000e+00
1.733333333333333393e+00,-8.326448907009638412e-02,-2.622418340129921074e-02,9.086327722388009009e-01,9.927856651379560800e-07,3.722946220506998897e-07,-9.050100841246911942e-01,0.000000000000000000e+00
1.735416666666666607e+00,-8.326448700243145595e-02,-2.622418262592486962e-02,9.067159948083147736e-01,9.923768666720441558e-07,3.721413226275442381e-07,-9.250671346556639252e-01,0.000000000000000000e+00
1.737500000000000044e+00,-8.326448493562919884e-02,-2.622418185087402667e-02,9.047574552724746422e-01,9.919610227539476773e-07,3.719853811585471616e-07,-9.451091932828384889e-01,0.000000000000000000e+00
1.739583333333333259e+00,-8.326448286970426771e-02,-2.622418107615218444e-02,9.027571853020246451e-01,9.915381477305235108e-07,3.718268030257461603e-07,-9.651359799531489259e-01,0.000000000000000000e+00
1.741666666666666696e+00,-8.326448080467128976e-02,-2.622418030176482118e-02,9.007152171497883053e-01,9.911082561919527127e-07,3.716655936995338528e-07,-9.851472154871162568e-01,0.000000000000000000e+00
1.743749999999999911e+00,-8.326447874054486442e-02,-2.622417952771741514e-02,8.986315836488251163e-01,9.906713629685021110e-07,3.715017587412024630e-07,-1.005142621593907437e+00,0.000000000000000000e+00
1.745833333333333348e+00,-8.326447667733954949e-02,-2.622417875401542725e-02,8.965063182105555972e-01,9.902274831277481545e-07,3.713353038015557981e-07,-1.025121920886288063e+00,0.000000000000000000e+00
1.747916666666666563e+00,-8.326447461506987502e-02,-2.622417798066430453e-02,8.943394548228558172e-01,9.897766319750406634e-07,3.711662346199843413e-07,-1.045084836895465719e+00,0.000000000000000000e+00
1.750000000000000000e+00,-8.326447255375034329e-02,-2.622417720766948360e-02,8.921310280481207222e-01,9.893188250521141190e-07,3.709945570249276789e-07,-1.065031094085823415e+00,0.000000000000000000e+00
1.752083333333333215e+00,-8.326447049339541495e-02,-2.622417643503639068e-02,8.898810730212972642e-01,9.888540781370878754e-07,3.708202769324867428e-07,-1.084960417869541116e+00,0.000000000000000000e+00
1.754166666666666652e+00,-8.326446843401953679e-02,-2.622417566277044157e-02,8.875896254478873315e-01,9.883824072375279006e-07,3.706434003464239163e-07,-1.104872534621104574e+00,0.000000000000000000e+00
1.756249999999999867e+00,-8.326446637563710007e-02,-2.622417489087703127e-02,8.852567216019200380e-01,9.879038285955342684e-07,3.704639333563123730e-07,-1.124767171691698486e+00,0.000000000000000000e+00
1.758333333333333304e+00,-8.326446431826246830e-02,-2.622417411936155129e-02,8.828823983238952566e-01,9.874183586840413184e-07,3.702818821403119627e-07,-1.144644057423483519e+00,0.000000000000000000e+00
1.760416666666666741e+00,-8.326446226190997724e-02,-2.622417334822937235e-02,8.804666930186962892e-01,9.869260142058916374e-07,3.700972529619309511e-07,-1.164502921163756088e+00,0.000000000000000000e+00
1.762499999999999956e+00,-8.326446020659392100e-02,-2.622417257748585473e-02,8.780096436534742255e-01,9.864268120878229722e-07,3.699100521686382098e-07,-1.184343493278987358e+00,0.000000000000000000e+00
1.764583333333333393e+00,-8.326445815232855208e-02,-2.622417180713634485e-02,8.755112887555029921e-01,9.859207694878696036e-07,3.697202861948700242e-07,-1.204165505168742989e+00,0.000000000000000000e+00
1.766666666666666607e+00,-8.326445609912810908e-02,-2.622417103718618220e-02,8.729716674100053142e-01,9.854079037888861445e-07,3.695279615583294064e-07,-1.223968689279479660e+00,0.000000000000000000e+00
1.768750000000000044e+00,-8.326445404700676123e-02,-2.622417026764068196e-02,8.703908192579503655e-01,9.848882325906828386e-07,3.693330848606800802e-07,-1.243752779118218355e+00,0.000000000000000000e+00
1.770833333333333259e+00,-8.326445199597866387e-02,-2.622416949850515239e-02,8.677687844938231088e-01,9.843617737252920590e-07,3.691356627873149760e-07,-1.263517509266092187e+00,0.000000000000000000e+00
1.772916666666666696e+00,-8.326444994605794458e-02,-2.622416872978488439e-02,8.651056038633656575e-01,9.838285452361507792e-07,3.689357021057373926e-07,-1.283262615391768335e+00,0.000000000000000000e+00
1.774999999999999911e+00,-8.326444789725866158e-02,-2.622416796148515847e-02,8.624013186612906612e-01,9.832885653901284414e-07,3.687332096648668529e-07,-1.302987834264742517e+00,0.000000000000000000e+00
1.777083333333333348e+00,-8.326444584959485917e-02,-2.622416719361123777e-02,8.596559707289676000e-01,9.827418526715134456e-07,3.685281923966583671e-07,-1.322692903768503347e+00,0.000000000000000000e+00
1.779166666666666563e+00,-8.326444380308054005e-02,-2.622416642616837157e-02,8.568696024520812138e-01,9.821884257824752062e-07,3.683206573144832755e-07,-1.342377562913567912e+00,0.000000000000000000e+00
1.781250000000000000e+00,-8.326444175772965139e-02,-2.622416565916179179e-02,8.540422567582635072e-01,9.816283036347376066e-07,3.681106115101224938e-07,-1.362041551850383891e+00,0.000000000000000000e+00
1.783333333333333215e+00,-8.326443971355612650e-02,-2.622416489259671996e-02,8.511739771146993316e-01,9.810615053555929329e-07,3.678980621567732153e-07,-1.381684611882101565e+00,0.000000000000000000e+00
1.785416666666666652e+00,-8.326443767057381540e-02,-2.622416412647836023e-02,8.482648075257045450e-01,9.804880502842011871e-07,3.676830165065047411e-07,-1.401306485477209263e+00,0.000000000000000000e+00
1.787499999999999867e+00,-8.326443562879658200e-02,-2.622416336081190291e-02,8.453147925302790799e-01,9.799079579678891882e-07,3.674654818895646021e-07,-1.420906916282035359e+00,0.000000000000000000e+00
1.789583333333333304e+00,-8.326443358823820695e-02,-2.622416259560251747e-02,8.423239771996337000e-01,9.793212481644633958e-07,3.672454657148411440e-07,-1.440485649133113277e+00,0.000000000000000000e+00
1.791666666666666741e+00,-8.326443154891245702e-02,-2.622416183085536645e-02,8.392924071346911097e-01,9.787279408357337080e-07,3.670229754680131317e-07,-1.460042430069409702e+00,0.000000000000000000e+00
1.793749999999999956e+00,-8.326442951083304345e-02,-2.622416106657559157e-02,8.362201284635624177e-01,9.781280561484386331e-07,3.667980187120122814e-07,-1.479577006344413137e+00,0.000000000000000000e+00
1.795833333333333393e+00,-8.326442747401363587e-02,-2.622416030276831719e-02,8.331071878389977314e-01,9.775216144747084046e-07,3.665706030860981957e-07,-1.499089126438084341e+00,0.000000000000000000e+00
1.797916666666666607e+00,-8.326442543846786226e-02,-2.622415953943865383e-02,8.299536324358128825e-01,9.769086363865128924e-07,3.663407363042392062e-07,-1.518578540068665328e+00,0.000000000000000000e+00
1.800000000000000044e+00,-8.326442340420930899e-02,-2.622415877659169808e-02,8.267595099482911714e-01,9.762891426570503132e-07,3.661084261570784437e-07,-1.538044998204346925e+00,0.000000000000000000e+00
1.802083333333333259e+00,-8.326442137125152076e-02,-2.622415801423252923e-02,8.235248685875616870e-01,9.756631542547326609e-07,3.658736805075392188e-07,-1.557488253074794438e+00,0.000000000000000000e+00
1.804166666666666696e+00,-8.326441933960797293e-02,-2.622415725236620573e-02,8.202497570789529791e-01,9.750306923464243378e-07,3.656365072930222787e-07,-1.576908058182528105e+00,0.000000000000000000e+00
1.806249999999999911e+00,-8.326441730929214080e-02,-2.622415649099777563e-02,8.169342246593240819e-01,9.743917782923540269e-07,3.653969145245962556e-07,-1.596304168314160554e+00,0.000000000000000000e+00
1.808333333333333348e+00,-8.326441528031744421e-02,-2.622415573013226614e-02,8.135783210743717797e-01,9.737464336479641892e-07,3.651549102849160299e-07,-1.615676339551489038e+00,0.000000000000000000e+00
1.810416666666666563e+00,-8.326441325269721971e-02,-2.622415496977468716e-02,8.101820965759153337e-01,9.730946801569725924e-07,3.649105027279915434e-07,-1.635024329282439792e+00,0.000000000000000000e+00
1.812500000000000000e+00,-8.326441122644478998e-02,-2.622415420993003468e-02,8.067456019191582284e-01,9.724365397573866690e-07,3.646637000797658462e-07,-1.654347896211867175e+00,0.000000000000000000e+00
1.814583333333333215e+00,-8.326440920157343606e-02,-2.622415345060328043e-02,8.032688883599284901e-01,9.717720345671617659e-07,3.644145106355709275e-07,-1.673646800372203591e+00,0.000000000000000000e+00
1.816666666666666652e+00,-8.326440717809638348e-02,-2.622415269179938918e-02,7.997520076518958021e-01,9.711011868980797795e-07,3.641629427611686131e-07,-1.692920803133961316e+00,0.000000000000000000e+00
1.818749999999999867e+00,-8.326440515602680226e-02,-2.622415193352329796e-02,7.961950120437681910e-01,9.704240192400210239e-07,3.639090048907844433e-07,-1.712169667216084878e+00,0.000000000000000000e+00
1.820833333333333304e+00,-8.326440313537782079e-02,-2.622415117577993685e-02,7.925979542764666208e-01,9.697405542679033373e-07,3.636527055282641372e-07,-1.731393156696152680e+00,0.000000000000000000e+00
1.822916666666666741e+00,-8.326440111616253970e-02,-2.622415041857420817e-02,7.889608875802786025e-01,9.690508148389057190e-07,3.633940532437199780e-07,-1.750591037020428287e+00,0.000000000000000000e+00
1.824999999999999956e+00,-8.326439909839397635e-02,-2.622414966191100386e-02,7.852838656719917099e-01,9.683548239846048997e-07,3.631330566750339783e-07,-1.769763075013759623e+00,0.000000000000000000e+00
1.827083333333333393e+00,-8.326439708208512036e-02,-2.622414890579519153e-02,7.815669427520059998e-01,9.676526049160630443e-07,3.628697245261233689e-07,-1.788909038889326064e+00,0.000000000000000000e+00
1.829166666666666607e+00,-8.326439506724893358e-02,-2.622414815023162149e-02,7.778101735014268936e-01,9.669441810196662795e-07,3.626040655668249256e-07,-1.808028698258233202e+00,0.000000000000000000e+00
1.831250000000000044e+00,-8.326439305389828072e-02,-2.622414739522513361e-02,7.740136130791377411e-01,9.662295758529589856e-07,3.623360886312757068e-07,-1.827121824138952855e+00,0.000000000000000000e+00
1.833333333333333259e+00,-8.326439104204599873e-02,-2.622414664078053653e-02,7.701773171188536216e-01,9.655088131464958339e-07,3.620658026188384372e-07,-1.846188188966610078e+00,0.000000000000000000e+00
1.835416666666666696e+00,-8.326439001647947813e-02,-2.622414625619311213e-02,7.731361428022101023e-01,4.921226606045891979e-07,1.845459894290110209e-07,1.415294540016979186e+00,0.000000000000000000e+00
1.837499999999999911e+00,-8.326438899168223107e-02,-2.622414587189416182e-02,7.760514334508019640e-01,4.918294270028371536e-07,1.844360268332690188e-07,1.394021732784586742e+00,0.000000000000000000e+00
1.839583333333333348e+00,-8.326438796748969473e-02,-2.622414548782197458e-02,7.789224423456402313e-01,4.915401598865584301e-07,1.843275516701577974e-07,1.372772339227728455e+00,0.000000000000000000e+00
1.841666666666666563e+00,-8.326438694389361184e-02,-2.622414510397346257e-02,7.817492177132692177e-01,4.912548482724092553e-07,1.842205598195934546e-07,1.351546006130598832e+00,0.000000000000000000e+00
1.843750000000000000e+00,-8.326438592088578061e-02,-2.622414472034553801e-02,7.845318070466428262e-01,4.909734813398785177e-07,1.841150472244046932e-07,1.330342381733484958e+00,0.000000000000000000e+00
1.845833333333333215e+00,-8.326438489845797153e-02,-2.622414433693512695e-02,7.872702571081200418e-01,4.906960484368387972e-07,1.840110098896389943e-07,1.309161115708343592e+00,0.000000000000000000e+00
1.847916666666666652e+00,-8.326438387660201057e-02,-2.622414395373915894e-02,7.899646139324094651e-01,4.904225390739955464e-07,1.839084438827939375e-07,1.288001859134573213e+00,0.000000000000000000e+00
1.849999999999999867e+00,-8.326438285530975147e-02,-2.622414357075457739e-02,7.926149228294641080e-01,4.901529429304379090e-07,1.838073453331231625e-07,1.266864264474978574e+00,0.000000000000000000e+00
1.852083333333333304e+00,-8.326438183457304798e-02,-2.622414318797833266e-02,7.952212283873263399e-01,4.898872498490129674e-07,1.837077104314052089e-07,1.245747985551922898e+00,0.000000000000000000e+00
1.854166666666666741e+00,-8.326438081438379546e-02,-2.622414280540737858e-02,7.977835744749230962e-01,4.896254498363258481e-07,1.836095354304061023e-07,1.224652677523664135e+00,0.000000000000000000e+00
1.856249999999999956e+00,-8.326437979473388928e-02,-2.622414242303867937e-02,8.003020042448123483e-01,4.893675330576508541e-07,1.835128166427976115e-07,1.203577996860872634e+00,0.000000000000000000e+00
1.858333333333333393e+00,-8.326437877561525258e-02,-2.622414204086920969e-02,8.027765601358807235e-01,4.891134898452584338e-07,1.834175504420824735e-07,1.182523601323326012e+00,0.000000000000000000e+00
1.860416666666666607e+00,-8.326437775701983623e-02,-2.622414165889594764e-02,8.052072838759936069e-01,4.888633106882379743e-07,1.833237332623631269e-07,1.161489149936778098e+00,0.000000000000000000e+00
1.862500000000000044e+00,-8.326437673893960500e-02,-2.622414127711587828e-02,8.075942164845959503e-01,4.886169862352734225e-07,1.832313615967225822e-07,1.140474302969997300e+00,0.000000000000000000e+00
1.864583333333333259e+00,-8.326437572136655141e-02,-2.622414089552599706e-02,8.099373982752665624e-01,4.883745072932556333e-07,1.831404319979183532e-07,1.119478721911973507e+00,0.000000000000000000e+00
1.866666666666666696e+00,-8.326437470429265408e-02,-2.622414051412330291e-02,8.122368688582251028e-01,4.881358648291323955e-07,1.830509410781511377e-07,1.098502069449287744e+00,0.000000000000000000e+00
1.868749999999999911e+00,-8.326437368770994718e-02,-2.622414013290480517e-02,8.144926671427915599e-01,4.879010499629699615e-07,1.829628855081396460e-07,1.077544009443642148e+00,0.000000000000000000e+00
1.870833333333333348e+00,-8.326437267161047873e-02,-2.622413975186752011e-02,8.167048313397998749e-01,4.876700539767420727e-07,1.828762620173518670e-07,1.056604206909547150e+00,0.000000000000000000e+00
1.872916666666666563e+00,-8.326437165598628287e-02,-2.622413937100846748e-02,8.188733989639648270e-01,4.874428683013773438e-07,1.827910673928486303e-07,1.035682327992163199e+00,0.000000000000000000e+00
1.875000000000000000e+00,-8.326437064082946315e-02,-2.622413899032467396e-02,8.209984068362031762e-01,4.872194845236981561e-07,1.827072984795148989e-07,1.014778039945291921e+00,0.000000000000000000e+00
1.877083333333333215e+00,-8.326436962613209536e-02,-2.622413860981318012e-02,8.230798910859091766e-01,4.869998943859581783e-07,1.826249521819100865e-07,9.938910111095151656e-01,0.000000000000000000e+00
1.879166666666666652e+00,-8.326436861188628302e-02,-2.622413822947101958e-02,8.251178871531847925e-01,4.867840897849171940e-07,1.825440254594108791e-07,9.730209108904789295e-01,0.000000000000000000e+00
1.881249999999999867e+00,-8.326436759808417132e-02,-2.622413784929524330e-02,8.271124297910248391e-01,4.865720627653644765e-07,1.824645153299120014e-07,9.521674097373177270e-01,0.000000000000000000e+00
1.883333333333333304e+00,-8.326436658471789154e-02,-2.622413746928290573e-02,8.290635530674574927e-01,4.863638055242825909e-07,1.823864188677444748e-07,9.313301791212171832e-01,0.000000000000000000e+00
1.885416666666666741e+00,-8.326436557177960274e-02,-2.622413708943106478e-02,8.309712903676400586e-01,4.861593104094595305e-07,1.823097332032130576e-07,9.105088915141122952e-01,0.000000000000000000e+00
1.887499999999999956e+00,-8.326436455926147784e-02,-2.622413670973678529e-02,8.328356743959111075e-01,4.859585699199507734e-07,1.822344555230588842e-07,8.897032203675170337e-01,0.000000000000000000e+00
1.889583333333333393e+00,-8.326436354715570365e-02,-2.622413633019713905e-02,8.346567371777980915e-01,4.857615767051547461e-07,1.821605830706907048e-07,8.689128400914830630e-01,0.000000000000000000e+00
1.891666666666666607e+00,-8.326436253545449473e-02,-2.622413595080920132e-02,8.364345100619818840e-01,4.855683235578737177e-07,1.820881131438719296e-07,8.481374260336854709e-01,0.000000000000000000e+00
1.893750000000000044e+00,-8.326436152415005176e-02,-2.622413557157005776e-02,8.381690237222174655e-01,4.853788034249532747e-07,1.820170430972648778e-07,8.273766544586305116e-01,0.000000000000000000e+00
1.895833333333333259e+00,-8.326436051323463094e-02,-2.622413519247679056e-02,8.398603081592116437e-01,4.851930093961801548e-07,1.819473703405804868e-07,8.066302025269843634e-01,0.000000000000000000e+00
1.897916666666666696e+00,-8.326435950270046071e-02,-2.622413481352649581e-02,8.415083927024581412e-01,4.850109347098338062e-07,1.818790923358026648e-07,7.858977482750190147e-01,0.000000000000000000e+00
1.899999999999999911e+00,-8.326435849253981114e-02,-2.622413443471627303e-02,8.431133060120297174e-01,4.848325727508350915e-07,1.818122066045897970e-07,7.651789705941731690e-01,0.000000000000000000e+00
1.902083333333333348e+00,-8.326435748274496618e-02,-2.622413405604322179e-02,8.446750760803279912e-01,4.846579170484344172e-07,1.817467107192542152e-07,7.444735492107241726e-01,0.000000000000000000e+00
1.904166666666666563e+00,-8.326435647330820977e-02,-2.622413367750445201e-02,8.461937302337910749e-01,4.844869612757481945e-07,1.816826023071567901e-07,7.237811646655695208e-01,0.000000000000000000e+00
1.906250000000000000e+00,-8.326435546422182588e-02,-2.622413329909707713e-02,8.476692951345593530e-01,4.843196992520722985e-07,1.816198790514008102e-07,7.031014982941148350e-01,0.000000000000000000e+00
1.908333333333333215e+00,-8.326435445547814007e-02,-2.622413292081821751e-02,8.491017967820994050e-01,4.841561249405690330e-07,1.815585386873626670e-07,6.824342322062642019e-01,0.000000000000000000e+00
1.910416666666666652e+00,-8.326435344706949182e-02,-2.622413254266499003e-02,8.504912605147862958e-01,4.839962324454916146e-07,1.814985790040794275e-07,6.617790492665124313e-01,0.000000000000000000e+00
1.912499999999999867e+00,-8.326435243898820671e-02,-2.622413216463452545e-02,8.518377110114451201e-01,4.838400160154220631e-07,1.814399978447115785e-07,6.411356330741345699e-01,0.000000000000000000e+00
1.914583333333333304e+00,-8.326435143122663807e-02,-2.622413178672395456e-02,8.531411722928504693e-01,4.836874700381831794e-07,1.813827931053864832e-07,6.205036679434713376e-01,0.000000000000000000e+00
1.916666666666666741e+00,-8.326435042377715312e-02,-2.622413140893041159e-02,8.544016677231854873e-01,4.835385890450012898e-07,1.813269627347358213e-07,5.998828388843068238e-01,0.000000000000000000e+00
1.918749999999999956e+00,-8.326434941663211908e-02,-2.622413103125103770e-02,8.556192200114608459e-01,4.833933677128195980e-07,1.812725047369023707e-07,5.792728315823368890e-01,0.000000000000000000e+00
1.920833333333333393e+00,-8.326434840978391705e-02,-2.622413065368297755e-02,8.567938512128917550e-01,4.832518008490323230e-07,1.812194171657577372e-07,5.586733323797240525e-01,0.000000000000000000e+00
1.922916666666666607e+00,-8.326434740322494199e-02,-2.622413027622337925e-02,8.579255827302357806e-01,4.831138834058257073e-07,1.811676981276777638e-07,5.380840282557383114e-01,0.000000000000000000e+00
1.925000000000000044e+00,-8.326434639694758888e-02,-2.622412989886939438e-02,8.590144353150898082e-01,4.829796104824902053e-07,1.811173457843181255e-07,5.175046068074798944e-01,0.000000000000000000e+00
1.927083333333333259e+00,-8.326434539094429432e-02,-2.622412952161817454e-02,8.600604290691474807e-01,4.828489773083049123e-07,1.810683583461381267e-07,4.969347562306812294e-01,0.000000000000000000e+00
1.929166666666666696e+00,-8.326434438520746717e-02,-2.622412914446688170e-02,8.610635834454161142e-01,4.827219792531772508e-07,1.810207340779516527e-07,4.763741653005869048e-01,0.000000000000000000e+00
1.931249999999999911e+00,-8.326434337972954403e-02,-2.622412876741267787e-02,8.620239172493944224e-01,4.825986118294932085e-07,1.809744712956892006e-07,4.558225233529079601e-01,0.000000000000000000e+00
1.933333333333333348e+00,-8.326434237450297537e-02,-2.622412839045273197e-02,8.629414486402104956e-01,4.824788706805525856e-07,1.809295683670915996e-07,4.352795202648484518e-01,0.000000000000000000e+00
1.935416666666666563e+00,-8.326434136952021170e-02,-2.622412801358421294e-02,8.638161951317205878e-01,4.823627515921337470e-07,1.808860237114788236e-07,4.147448464362014642e-01,0.000000000000000000e+00
1.937500000000000000e+00,-8.326434036477370348e-02,-2.622412763680428971e-02,8.646481735935679369e-01,4.822502504878679761e-07,1.808438357997499385e-07,3.942181927705128430e-01,0.000000000000000000e+00
1.939583333333333215e+00,-8.326433936025592897e-02,-2.622412726011014161e-02,8.654374002522033926e-01,4.821413634264634294e-07,1.808030031541518623e-07,3.736992506563091565e-01,0.000000000000000000e+00
1.941666666666666652e+00,-8.326433835595935251e-02,-2.622412688349894452e-02,8.661838906918661873e-01,4.820360866049437678e-07,1.807635243473541136e-07,3.531877119483882721e-01,0.000000000000000000e+00
1.943749999999999867e+00,-8.326433735187648011e-02,-2.622412650696788125e-02,8.668876598555264046e-01,4.819344163526341159e-07,1.807253980038366223e-07,3.326832689491699413e-01,0.000000000000000000e+00
1.945833333333333304e+00,-8.326433634799979000e-02,-2.622412613051413460e-02,8.675487220457883675e-01,4.818363491376373709e-07,1.806886227996584370e-07,3.121856143901035607e-01,0.000000000000000000e+00
1.947916666666666741e+00,-8.326433534432177430e-02,-2.622412575413489433e-02,8.681670909257556135e-01,4.817418815640588986e-07,1.806531974601447422e-07,2.916944414131310004e-01,0.000000000000000000e+00
1.949999999999999956e+00,-8.326433434083495289e-02,-2.622412537782735364e-02,8.687427795198572333e-01,4.816510103678430488e-07,1.806191207631250126e-07,2.712094435522025559e-01,0.000000000000000000e+00
1.952083333333333393e+00,-8.326433333753181787e-02,-2.622412500158869883e-02,8.692758002146353524e-01,4.815637324227867720e-07,1.805863915347697402e-07,2.507303147148425837e-01,0.000000000000000000e+00
1.954166666666666607e+00,-8.326433233440491688e-02,-2.622412462541612657e-02,8.697661647594951972e-01,4.814800447373015180e-07,1.805550086535223350e-07,2.302567491637635688e-01,0.000000000000000000e+00
1.956250000000000044e+00,-8.326433133144675591e-02,-2.622412424930683356e-02,8.702138842674161934e-01,4.813999444525631042e-07,1.805249710477863010e-07,2.097884414985254908e-01,0.000000000000000000e+00
1.958333333333333259e+00,-8.326433032864986872e-02,-2.622412387325801647e-02,8.706189692156249826e-01,4.813234288462121911e-07,1.804962776968503026e-07,1.893250866372383767e-01,0.000000000000000000e+00
1.960416666666666696e+00,-8.326432932600678904e-02,-2.622412349726688241e-02,8.709814294462308037e-01,4.812504953314291100e-07,1.804689276297318322e-07,1.688663797983059600e-01,0.000000000000000000e+00
1.962499999999999911e+00,-8.326432832351006452e-02,-2.622412312133062806e-02,8.713012741668224592e-01,4.811811414462942826e-07,1.804429199242518527e-07,1.484120164822076704e-01,0.000000000000000000e+00
1.964583333333333348e+00,-8.326432732115224278e-02,-2.622412274544646052e-02,8.715785119510277568e-01,4.811153648722919734e-07,1.804182537105044041e-07,1.279616924533169553e-01,0.000000000000000000e+00
1.966666666666666563e+00,-8.326432631892587144e-02,-2.622412236961158341e-02,8.718131507390346480e-01,4.810531634181194663e-07,1.803949281673870233e-07,1.075151037217534911e-01,0.000000000000000000e+00
1.968750000000000000e+00,-8.326432531682349814e-02,-2.622412199382320730e-02,8.720051978380751745e-01,4.809945350307893374e-07,1.803729425237572887e-07,8.707194652526692447e-02,0.000000000000000000e+00
1.970833333333333215e+00,-8.326432431483768437e-02,-2.622412161807854275e-02,8.721546599228713337e-01,4.809394777868402178e-07,1.803522960575076485e-07,6.663191731115006289e-02,0.000000000000000000e+00
1.972916666666666652e+00,-8.326432331296099165e-02,-2.622412124237480033e-02,8.722615430360431965e-01,4.808879898955748944e-07,1.803329880990348411e-07,4.619471271817898739e-02,0.000000000000000000e+00
1.974999999999999867e+00,-8.326432231118599536e-02,-2.622412086670919060e-02,8.723258525884799441e-01,4.808400696976725524e-07,1.803150180254575184e-07,2.576002955857785090e-02,0.000000000000000000e+00
1.977083333333333304e+00,-8.326432130950527088e-02,-2.622412049107893106e-02,8.723475933596729348e-01,4.807957156702772199e-07,1.802983852652420787e-07,5.327564800006200085e-03,0.000000000000000000e+00
1.979166666666666741e+00,-8.326432030791157402e-02,-2.622412011548131208e-02,8.723267695000855859e-01,4.807547305845816076e-07,1.802830158592627020e-07,-1.510298246145123230e-02,0.000000000000000000e+00
1.981249999999999956e+00,-8.326431930640613988e-02,-2.622411973991679163e-02,8.722633848214693675e-01,4.807118321951112298e-07,1.802669289635582762e-07,-3.553171922348374867e-02,0.000000000000000000e+00
1.983333333333333393e+00,-8.326431830499564368e-02,-2.622411936438786770e-02,8.721574435384906732e-01,4.806653782234233540e-07,1.802495087249270381e-07,-5.595836131411578707e-02,0.000000000000000000e+00
1.985416666666666607e+00,-8.326431730368746842e-02,-2.622411898889731932e-02,8.720089504873442809e-01,4.806153700448067308e-07,1.802307556584662135e-07,-7.638260646806806220e-02,0.000000000000000000e+00
1.987500000000000044e+00,-8.326431630248903870e-02,-2.622411861344792205e-02,8.718179111337321929e-01,4.805618091705524736e-07,1.802106703313147590e-07,-9.680415255606510117e-02,0.000000000000000000e+00
1.989583333333333259e+00,-8.326431530140772364e-02,-2.622411823804244799e-02,8.715843315725526619e-01,4.805046972368516802e-07,1.801892533577960518e-07,-1.172226976027030548e-01,0.000000000000000000e+00
1.991666666666666696e+00,-8.326431430045094784e-02,-2.622411786268367614e-02,8.713082185275514702e-01,4.804440360135848820e-07,1.801665054001118471e-07,-1.376379398042986979e-01,0.000000000000000000e+00
1.993749999999999911e+00,-8.326431329962609429e-02,-2.622411748737437168e-02,8.709895793509365713e-01,4.803798274015465288e-07,1.801424271720430455e-07,-1.580495775467173902e-01,0.000000000000000000e+00
1.995833333333333348e+00,-8.326431229894054598e-02,-2.622411711211731014e-02,8.706284220229550952e-01,4.803120734338324283e-07,1.801170194350176328e-07,-1.784573094231778345e-01,0.000000000000000000e+00
1.997916666666666563e+00,-8.326431129840168588e-02,-2.622411673691525669e-02,8.702247551514338264e-01,4.802407762716767918e-07,1.800902830004235570e-07,-1.988608342520313266e-01,0.000000000000000000e+00
2.000000000000000000e+00,-8.326431029801689698e-02,-2.622411636177097993e-02,8.697785879712823798e-01,4.801659382072276427e-07,1.800622187279898099e-07,-2.192598510945132362e-01,0.000000000000000000e+00
2.002083333333333215e+00,-8.326430929779356227e-02,-2.622411598668724156e-02,8.692899303439591829e-01,4.800875616640091911e-07,1.800328275264801999e-07,-2.396540592724646090e-01,0.000000000000000000e+00
2.004166666666666430e+00,-8.326430829773902309e-02,-2.622411561166680671e-02,8.687587927569015989e-01,4.800056491996977723e-07,1.800021103525368875e-07,-2.600431583860215445e-01,0.000000000000000000e+00
2.006250000000000089e+00,-8.326430729786066243e-02,-2.622411523671243708e-02,8.681851863229177457e-01,4.799202034922438474e-07,1.799700682129933677e-07,-2.804268483312704618e-01,0.000000000000000000e+00
2.008333333333333304e+00,-8.326430629816582163e-02,-2.622411486182689086e-02,8.675691227795431226e-01,4.798312273537497909e-07,1.799367021620989280e-07,-3.008048293178662291e-01,0.000000000000000000e+00
2.010416666666666519e+00,-8.326430529866185593e-02,-2.622411448701292280e-02,8.669106144883593768e-01,4.797387237276943757e-07,1.799020133036002849e-07,-3.211768018866123509e-01,0.000000000000000000e+00
2.012500000000000178e+00,-8.326430429935612054e-02,-2.622411411227329112e-02,8.662096744342772103e-01,4.796426956856946719e-07,1.798660027888912671e-07,-3.415424669269996327e-01,0.000000000000000000e+00
2.014583333333333393e+00,-8.326430330025594295e-02,-2.622411373761074360e-02,8.654663162247825392e-01,4.795431464247304256e-07,1.798286718181692005e-07,-3.619015256947017423e-01,0.000000000000000000e+00
2.016666666666666607e+00,-8.326430230136866451e-02,-2.622411336302802806e-02,8.646805540891464581e-01,4.794400792777836402e-07,1.797900216395097898e-07,-3.822536798290259719e-01,0.000000000000000000e+00
2.018749999999999822e+00,-8.326430130270159879e-02,-2.622411298852789230e-02,8.638524028775987906e-01,4.793334976999609998e-07,1.797500535500236090e-07,-4.025986313703160957e-01,0.000000000000000000e+00
2.020833333333333481e+00,-8.326430030426205942e-02,-2.622411261411308411e-02,8.629818780604652240e-01,4.792234052777453750e-07,1.797087688930805073e-07,-4.229360827773058773e-01,0.000000000000000000e+00
2.022916666666666696e+00,-8.326429930605735996e-02,-2.622411223978634090e-02,8.620689957272690274e-01,4.791098057211319692e-07,1.796661690620104018e-07,-4.432657369444207296e-01,0.000000000000000000e+00
2.024999999999999911e+00,-8.326429830809480015e-02,-2.622411186555039658e-02,8.611137725857961334e-01,4.789927028738055253e-07,1.796222554964024847e-07,-4.635872972190258623e-01,0.000000000000000000e+00
2.027083333333333126e+00,-8.326429731038166582e-02,-2.622411149140799203e-02,8.601162259611245808e-01,4.788721007001873917e-07,1.795770296837243001e-07,-4.839004674186179189e-01,0.000000000000000000e+00
2.029166666666666785e+00,-8.326429631292525668e-02,-2.622411111736185421e-02,8.590763737946187639e-01,4.787480032951501434e-07,1.795304931597843566e-07,-5.042049518479593262e-01,0.000000000000000000e+00
2.031250000000000000e+00,-8.326429531573284470e-02,-2.622411074341471360e-02,8.579942346428869326e-01,4.786204148793916175e-07,1.794826475064191714e-07,-5.245004553161517480e-01,0.000000000000000000e+00
2.033333333333333215e+00,-8.326429431881167409e-02,-2.622411036956929370e-02,8.568698276767046096e-01,4.784893398003601906e-07,1.794334943540375453e-07,-5.447866831536477550e-01,0.000000000000000000e+00
2.035416666666666430e+00,-8.326429332216903068e-02,-2.622410999582831803e-02,8.557031726799013693e-01,4.783547825290165722e-07,1.793830353795388210e-07,-5.650633412291982127e-01,0.000000000000000000e+00
2.037500000000000089e+00,-8.326429232581214479e-02,-2.622410962219449970e-02,8.544942900482134229e-01,4.782167476649220369e-07,1.793312723072381334e-07,-5.853301359667332227e-01,0.000000000000000000e+00
2.039583333333333304e+00,-8.326429132974824676e-02,-2.622410924867055876e-02,8.532432007881004532e-01,4.780752399260619595e-07,1.792782069074785999e-07,-6.055867743621748955e-01,0.000000000000000000e+00
2.041666666666666519e+00,-8.326429033398458079e-02,-2.622410887525920137e-02,8.519499265155279222e-01,4.779302641604102494e-07,1.792238409973252251e-07,-6.258329640001792926e-01,0.000000000000000000e+00
2.043750000000000178e+00,-8.326428933852836334e-02,-2.622410850196313717e-02,8.506144894547142954e-01,4.777818253403783206e-07,1.791681764424153237e-07,-6.460684130708065354e-01,0.000000000000000000e+00
2.045833333333333393e+00,-8.326428834338679696e-02,-2.622410812878506539e-02,8.492369124368444044e-01,4.776299285605019502e-07,1.791112151523324771e-07,-6.662928303861164192e-01,0.000000000000000000e+00
2.047916666666666607e+00,-8.326428734856707037e-02,-2.622410775572768873e-02,8.478172188987471714e-01,4.774745790360538388e-07,1.790529590831508873e-07,-6.865059253966871999e-01,0.000000000000000000e+00
2.049999999999999822e+00,-8.326428635407637224e-02,-2.622410738279369602e-02,8.463554328815400263e-01,4.773157821085945347e-07,1.789934102390544014e-07,-7.067074082080568864e-01,0.000000000000000000e+00
2.052083333333333481e+00,-8.326428535992189128e-02,-2.622410700998577954e-02,8.448515790292386862e-01,4.771535432418090555e-07,1.789325706665541087e-07,-7.268969895970831541e-01,0.000000000000000000e+00
2.054166666666666696e+00,-8.326428436611077455e-02,-2.622410663730662811e-02,8.433056825873331830e-01,4.769878680191940647e-07,1.788704424609646753e-07,-7.470743810282225450e-01,0.000000000000000000e+00
2.056249999999999911e+00,-8.326428337265018298e-02,-2.622410626475892015e-02,8.417177694013301403e-01,4.768187621468333333e-07,1.788070277622410181e-07,-7.672392946697245142e-01,0.000000000000000000e+00
2.058333333333333126e+00,-8.326428237954723588e-02,-2.622410589234533407e-02,8.400878659152610783e-01,4.766462314501595338e-07,1.787423287547469064e-07,-7.873914434097393222e-01,0.000000000000000000e+00
2.060416666666666785e+00,-8.326428138680908031e-02,-2.622410552006854134e-02,8.384159991701579662e-01,4.764702818790429489e-07,1.786763476684115586e-07,-8.075305408723391087e-01,0.000000000000000000e+00
2.062500000000000000e+00,-8.326428039444282170e-02,-2.622410514793120651e-02,8.367021968024951351e-01,4.762909194980767974e-07,1.786090867784982963e-07,-8.276563014334484825e-01,0.000000000000000000e+00
2.064583333333333215e+00,-8.326427940245555159e-02,-2.622410477593599409e-02,8.349464870425977736e-01,4.761081504953667371e-07,1.785405484058358109e-07,-8.477684402366837402e-01,0.000000000000000000e+00
2.066666666666666430e+00,-8.326427841085436155e-02,-2.622410440408556517e-02,8.331488987130182267e-01,4.759219811751291197e-07,1.784707349135800891e-07,-8.678666732090988267e-01,0.000000000000000000e+00
2.068750000000000089e+00,-8.326427741964632923e-02,-2.622410403238257040e-02,8.313094612268795425e-01,4.757324179613919426e-07,1.783996487113776591e-07,-8.879507170768361490e-01,0.000000000000000000e+00
2.070833333333333304e+00,-8.326427642883851843e-02,-2.622410366082965349e-02,8.294282045861860464e-01,4.755394673919810208e-07,1.783272922516649299e-07,-9.080202893806801345e-01,0.000000000000000000e+00
2.072916666666666519e+00,-8.326427543843796519e-02,-2.622410328942946164e-02,8.275051593801022731e-01,4.753431361277719163e-07,1.782536680312872424e-07,-9.280751084915126459e-01,0.000000000000000000e+00
2.075000000000000178e+00,-8.326427444845170556e-02,-2.622410291818463163e-02,8.255403567831994804e-01,4.751434309420502510e-07,1.781787785901110582e-07,-9.481148936256672544e-01,0.000000000000000000e+00
2.077083333333333393e+00,-8.326427345888676168e-02,-2.622410254709779329e-02,8.235338285536705216e-01,4.749403587274507066e-07,1.781026265128743831e-07,-9.681393648601822610e-01,0.000000000000000000e+00
2.079166666666666607e+00,-8.326427246975012797e-02,-2.622410217617157299e-02,8.214856070315128544e-01,4.747339264894804522e-07,1.780252144266424120e-07,-9.881482431479491346e-01,0.000000000000000000e+00
2.081249999999999822e+00,-8.326427148104881271e-02,-2.622410180540859365e-02,8.193957251366809080e-01,4.745241413469821002e-07,1.779465450017328068e-07,-1.008141250332755590e+00,0.000000000000000000e+00
2.083333333333333481e+00,-8.326427049278976866e-02,-2.622410143481146774e-02,8.172642163672058091e-01,4.743110105381472170e-07,1.778666209517156963e-07,-1.028118109164221972e+00,0.000000000000000000e+00
2.085416666666666696e+00,-8.326426950497997637e-02,-2.622410106438280777e-02,8.150911147972857984e-01,4.740945414089514117e-07,1.777854450327197443e-07,-1.048078543312628286e+00,0.000000000000000000e+00
2.087499999999999911e+00,-8.326426851762636083e-02,-2.622410069412521583e-02,8.128764550753447837e-01,4.738747414228690625e-07,1.777030200413504871e-07,-1.068022277383630314e+00,0.000000000000000000e+00
2.089583333333333126e+00,-8.326426753073584708e-02,-2.622410032404129052e-02,8.106202724220612499e-01,4.736516181534714669e-07,1.776193488193162712e-07,-1.087949036932865488e+00,0.000000000000000000e+00
2.091666666666666785e+00,-8.326426654431536012e-02,-2.622409995413362352e-02,8.083226026283659715e-01,4.734251792858149692e-07,1.775344342481084368e-07,-1.107858548480443739e+00,0.000000000000000000e+00
2.093750000000000000e+00,-8.326426555837178334e-02,-2.622409958440479957e-02,8.059834820534105271e-01,4.731954326182911458e-07,1.774482792517768591e-07,-1.127750539525323559e+00,0.000000000000000000e+00
2.095833333333333215e+00,-8.326426457291200012e-02,-2.622409921485739995e-02,8.036029476225057255e-01,4.729623860566130824e-07,1.773608867953109243e-07,-1.147624738559571034e+00,0.000000000000000000e+00
2.097916666666666430e+00,-8.326426358794287996e-02,-2.622409884549399550e-02,8.011810368250303904e-01,4.727260476184413921e-07,1.772722598853333558e-07,-1.167480875082502090e+00,0.000000000000000000e+00
2.100000000000000089e+00,-8.326426260347126462e-02,-2.622409847631715363e-02,7.987177877123111669e-01,4.724864254306086470e-07,1.771824015684811632e-07,-1.187318679614704164e+00,0.000000000000000000e+00
2.102083333333333304e+00,-8.326426161950398197e-02,-2.622409810732943825e-02,7.962132388954731299e-01,4.722435277272688758e-07,1.770913149332560390e-07,-1.207137883711936421e+00,0.000000000000000000e+00
2.104166666666666519e+00,-8.326426063604783212e-02,-2.622409773853340287e-02,7.936674295432615267e-01,4.719973628494351897e-07,1.769990031086365216e-07,-1.226938219978908284e+00,0.000000000000000000e+00
2.106250000000000178e+00,-8.326425965310962907e-02,-2.622409736993159060e-02,7.910803993798352085e-01,4.717479392468300203e-07,1.769054692615338257e-07,-1.246719422082934736e+00,0.000000000000000000e+00
2.108333333333333393e+00,-8.326425867069613129e-02,-2.622409700152654455e-02,7.884521886825318626e-01,4.714952654755720840e-07,1.768107166011863290e-07,-1.266481224767464386e+00,0.000000000000000000e+00
2.110416666666666607e+00,-8.326425768881409728e-02,-2.622409663332079741e-02,7.857828382796048228e-01,4.712393501949384928e-07,1.767147483754590173e-07,-1.286223363865482527e+00,0.000000000000000000e+00
2.112499999999999822e+00,-8.326425670747027163e-02,-2.622409626531688187e-02,7.830723895479326790e-01,4.709802021715277098e-07,1.766175678706120065e-07,-1.305945576312786738e+00,0.000000000000000000e+00
2.114583333333333481e+00,-8.326425572667138508e-02,-2.622409589751731329e-02,7.803208844107011322e-01,4.707178302746339546e-07,1.765191784136136305e-07,-1.325647600161131479e+00,0.000000000000000000e+00
2.116666666666666696e+00,-8.326425474642412672e-02,-2.622409552992460702e-02,7.775283653350576474e-01,4.704522434771721637e-07,1.764195833686709681e-07,-1.345329174591243460e+00,0.000000000000000000e+00
2.118749999999999911e+00,-8.326425376673518564e-02,-2.622409516254126799e-02,7.746948753297394630e-01,4.701834508552156165e-07,1.763187861404679703e-07,-1.364990039925705556e+00,0.000000000000000000e+00
2.120833333333333126e+00,-8.326425278761122317e-02,-2.622409479536979768e-02,7.718204579426749534e-01,4.699114615870706044e-07,1.762167901697708151e-07,-1.384629937641707054e+00,0.000000000000000000e+00
2.122916666666666785e+00,-8.326425204866921836e-02,-2.622409451826656496e-02,7.712551402324175909e-01,2.396103571497817733e-07,8.985387345408241952e-08,8.517350445215323695e-01,1.000000000000000000e+00
2.125000000000000000e+00,-8.326425154962764641e-02,-2.622409433112599803e-02,7.729971450026010826e-01,2.395165234131676932e-07,8.981868580776718714e-08,8.309717597469539196e-01,0.000000000000000000e+00
2.127083333333333215e+00,-8.326425105077868427e-02,-2.622409414405766151e-02,7.746959154009944726e-01,2.394245288368591518e-07,8.978418784517874767e-08,8.102228504741003645e-01,0.000000000000000000e+00
2.129166666666666430e+00,-8.326425055211851556e-02,-2.622409395706011906e-02,7.763514808732281391e-01,2.393343700689078075e-07,8.975037831083990361e-08,7.894879945890397321e-01,0.000000000000000000e+00
2.131250000000000089e+00,-8.326425005364331000e-02,-2.622409377013193779e-02,7.779638701952040769e-01,2.392460438304549450e-07,8.971725597494735697e-08,7.687668708365390513e-01,0.000000000000000000e+00
2.133333333333333304e+00,-8.326424955534926509e-02,-2.622409358327169177e-02,7.795331114748530466e-01,2.391595469185072017e-07,8.968481963730375530e-08,7.480591587997175163e-01,0.000000000000000000e+00
2.135416666666666519e+00,-8.326424905723256442e-02,-2.622409339647794810e-02,7.810592321538497584e-01,2.390748761989974623e-07,8.965306812084138368e-08,7.273645388798090083e-01,0.000000000000000000e+00
2.137500000000000178e+00,-8.326424855928941937e-02,-2.622409320974928779e-02,7.825422590092855346e-01,2.389920286081727755e-07,8.962200027786721952e-08,7.066826922760313101e-01,0.000000000000000000e+00
2.139583333333333393e+00,-8.326424806151602742e-02,-2.622409302308428489e-02,7.839822181552993374e-01,2.389110011549072826e-07,8.959161498659339297e-08,6.860133009655600134e-01,0.000000000000000000e+00
2.141666666666666607e+00,-8.326424756390858606e-02,-2.622409283648152040e-02,7.853791350446678310e-01,2.388317909193144079e-07,8.956191115159986542e-08,6.653560476836023474e-01,0.000000000000000000e+00
2.143749999999999822e+00,-8.326424706646334828e-02,-2.622409264993957531e-02,7.867330344703533651e-01,2.387543950490461708e-07,8.953288770429697566e-08,6.447106159035707051e-01,0.000000000000000000e+00
2.145833333333333481e+00,-8.326424656917651157e-02,-2.622409246345703410e-02,7.880439405670111030e-01,2.386788107680824240e-07,8.950454360200025493e-08,6.240766898173509825e-01,0.000000000000000000e+00
2.147916666666666696e+00,-8.326424607204432893e-02,-2.622409227703248122e-02,7.893118768124551821e-01,2.386050353633157040e-07,8.947687782746785428e-08,6.034539543156652863e-01,0.000000000000000000e+00
2.149999999999999911e+00,-8.326424557506301172e-02,-2.622409209066450808e-02,7.905368660290839067e-01,2.385330661924151381e-07,8.944988939144481975e-08,5.828420949685239050e-01,0.000000000000000000e+00
2.152083333333333126e+00,-8.326424507822881294e-02,-2.622409190435170262e-02,7.917189303852648630e-01,2.384629006852144136e-07,8.942357732942488547e-08,5.622407980057663179e-01,0.000000000000000000e+00
2.154166666666666785e+00,-8.326424458153798558e-02,-2.622409171809266318e-02,7.928580913966790655e-01,2.383945363395484259e-07,8.939794070280700448e-08,5.416497502976866940e-01,0.000000000000000000e+00
2.156250000000000000e+00,-8.326424408498676877e-02,-2.622409153188597769e-02,7.939543699276250255e-01,2.383279707226410093e-07,8.937297859958922750e-08,5.210686393357426560e-01,0.000000000000000000e+00
2.158333333333333215e+00,-8.326424358857142938e-02,-2.622409134573024103e-02,7.950077861922829614e-01,2.382632014687918756e-07,8.934869013251830659e-08,5.004971532133439815e-01,0.000000000000000000e+00
2.160416666666666430e+00,-8.326424309228820653e-02,-2.622409115962405848e-02,7.960183597559389312e-01,2.382002262816897813e-07,8.932507444070882501e-08,4.799349806067192969e-01,0.000000000000000000e+00
2.162500000000000089e+00,-8.326424259613339485e-02,-2.622409097356602492e-02,7.969861095361692183e-01,2.381390429353375143e-07,8.930213068941182496e-08,4.593818107558573782e-01,0.000000000000000000e+00
2.164583333333333304e+00,-8.326424210010324733e-02,-2.622409078755474215e-02,7.979110538039853040e-01,2.380796492731268813e-07,8.927985806816450375e-08,4.388373334455214492e-01,0.000000000000000000e+00
2.166666666666666519e+00,-8.326424160419404474e-02,-2.622409060158880853e-02,7.987932101849389843e-01,2.380220431990493108e-07,8.925825579287185023e-08,4.183012389863335345e-01,0.000000000000000000e+00
2.168750000000000178e+00,-8.326424110840206783e-02,-2.622409041566683627e-02,7.996325956601887386e-01,2.379662226911111350e-07,8.923732310395628811e-08,3.977732181959262592e-01,0.000000000000000000e+00
2.170833333333333393e+00,-8.326424061272359733e-02,-2.622409022978742718e-02,8.004292265675266860e-01,2.379121857902312909e-07,8.921705926843931231e-08,3.772529623801603171e-01,0.000000000000000000e+00
2.172916666666666607e+00,-8.326424011715491402e-02,-2.622409004394919349e-02,8.011831186023660178e-01,2.378599306104184471e-07,8.919746357809115877e-08,3.567401633144040574e-01,0.000000000000000000e+00
2.174999999999999822e+00,-8.326423962169231252e-02,-2.622408985815074048e-02,8.018942868186904604e-01,2.378094553281312645e-07,8.917853534919948502e-08,3.362345132248739654e-01,0.000000000000000000e+00
2.177083333333333481e+00,-8.326423912633208746e-02,-2.622408967239068037e-02,8.025627456299642137e-01,2.377607581892173431e-07,8.916027392465103305e-08,3.157357047700325436e-01,0.000000000000000000e+00
2.179166666666666696e+00,-8.326423863107054735e-02,-2.622408948666762191e-02,8.031885088100035874e-01,2.377138375070629046e-07,8.914267867092479475e-08,2.952434310220421465e-01,0.000000000000000000e+00
2.181249999999999911e+00,-8.326423813590397294e-02,-2.622408930098018079e-02,8.037715894938100014e-01,2.376686916598171456e-07,8.912574898017364824e-08,2.747573854482714961e-01,0.000000000000000000e+00
2.183333333333333126e+00,-8.326423764082868662e-02,-2.622408911532697270e-02,8.043120001783645723e-01,2.376253190936304176e-07,8.910948426953051883e-08,2.542772618928531014e-01,0.000000000000000000e+00
2.185416666666666785e+00,-8.326423714584099689e-02,-2.622408892970660640e-02,8.048097527233839532e-01,2.375837183212664691e-07,8.909388398087703313e-08,2.338027545582889999e-01,0.000000000000000000e+00
2.187500000000000000e+00,-8.326423665093719839e-02,-2.622408874411770452e-02,8.052648583520388703e-01,2.375438879197894376e-07,8.907894758153745078e-08,2.133335579871024901e-01,0.000000000000000000e+00
2.189583333333333215e+00,-8.326423615611362739e-02,-2.622408855855888274e-02,8.056773276516330240e-01,2.375058265342646420e-07,8.906467456381602565e-08,1.928693670435334129e-01,0.000000000000000000e+00
2.191666666666666430e+00,-8.326423566136657850e-02,-2.622408837302876369e-02,8.060471705742457971e-01,2.374695328754456000e-07,8.905106444245277034e-08,1.724098768952748162e-01,0.000000000000000000e+00
2.193750000000000089e+00,-8.326423516669238800e-02,-2.622408818752596307e-02,8.063743964373353279e-01,2.374350057183862448e-07,8.903811676017457923e-08,1.519547829952484219e-01,0.000000000000000000e+00
2.195833333333333304e+00,-8.326423467208736440e-02,-2.622408800204910351e-02,8.066590139243043911e-01,2.374022439052164662e-07,8.902583108214411865e-08,1.315037810634168969e-01,0.000000000000000000e+00
2.197916666666666519e+00,-8.326423417754784395e-02,-2.622408781659680416e-02,8.069010310850284196e-01,2.373712463474551458e-07,8.901420699966052707e-08,1.110565670686303602e-01,0.000000000000000000e+00
2.200000000000000178e+00,-8.326423368307014905e-02,-2.622408763116768765e-02,8.071004553363457790e-01,2.373420120209215012e-07,8.900324412830907164e-08,9.061283721050478190e-02,0.000000000000000000e+00
2.202083333333333393e+00,-8.326423318865060208e-02,-2.622408744576037662e-02,8.072572934625104057e-01,2.373145399620344779e-07,8.899294210680468347e-08,7.017228790133026028e-02,0.000000000000000000e+00
2.204166666666666607e+00,-8.326423269428553930e-02,-2.622408726037349716e-02,8.073715516156060312e-01,2.372888292752142029e-07,8.898330060046137818e-08,4.973461574800661089e-02,0.000000000000000000e+00
2.206249999999999822e+00,-8.326423219997129699e-02,-2.622408707500567537e-02,8.074432353159243236e-01,2.372648791347322487e-07,8.897431929841671415e-08,2.929951753400409503e-02,0.000000000000000000e+00
2.208333333333333481e+00,-8.326423170570418364e-02,-2.622408688965553389e-02,8.074723494523039502e-01,2.372426887740721583e-07,8.896599791455696433e-08,8.866690201346972069e-03,0.000000000000000000e+00
2.210416666666666696e+00,-8.326423121148059103e-02,-2.622408670432170574e-02,8.074588982825907646e-01,2.372222308280867447e-07,8.895832618533284662e-08,-1.156416901574266326e-02,0.000000000000000000e+00
2.212499999999999911e+00,-8.326423071730015835e-02,-2.622408651900406257e-02,8.074028856146264754e-01,2.372013674439183098e-07,8.895050241731050837e-08,-3.199323788985883321e-02,0.000000000000000000e+00
2.214583333333333126e+00,-8.326423022316593869e-02,-2.622408633370374928e-02,8.073043155685699634e-01,2.371787495183303227e-07,8.894202069666061390e-08,-5.242026446283441776e-02,0.000000000000000000e+00
2.216666666666666785e+00,-8.326422972908156805e-02,-2.622408614842213284e-02,8.071631928715450321e-01,2.371543777183817699e-07,8.893288127364591638e-08,-7.284494644764866189e-02,0.000000000000000000e+00
2.218750000000000000e+00,-8.326422923505072404e-02,-2.622408596316058368e-02,8.069795228802332243e-01,2.371282527791328193e-07,8.892308442235273826e-08,-9.326698169018787787e-02,0.000000000000000000e+00
2.220833333333333215e+00,-8.326422874107702876e-02,-2.622408577792047224e-02,8.067533115805685107e-01,2.371003754971684858e-07,8.891263044207870237e-08,-1.136860681871162126e-01,0.000000000000000000e+00
2.222916666666666430e+00,-8.326422824716414595e-02,-2.622408559270316547e-02,8.064845655873957853e-01,2.370707467338368117e-07,8.890151965710145226e-08,-1.341019041037281312e-01,0.000000000000000000e+00
2.225000000000000089e+00,-8.326422775331573933e-02,-2.622408540751003381e-02,8.061732921440910582e-01,2.370393674175617960e-07,8.888975241459697606e-08,-1.545141877917801665e-01,0.000000000000000000e+00
2.227083333333333304e+00,-8.326422725953543102e-02,-2.622408522234244074e-02,8.058194991221457881e-01,2.370062385373671130e-07,8.887732908579609761e-08,-1.749226178072998961e-01,0.000000000000000000e+00
2.229166666666666519e+00,-8.326422676582687088e-02,-2.622408503720175671e-02,8.054231950207133561e-01,2.369713611493524202e-07,8.886425006690966149e-08,-1.953268929283696609e-01,0.000000000000000000e+00
2.231250000000000178e+00,-8.326422627219370876e-02,-2.622408485208934173e-02,8.049843889661185692e-01,2.369347363734551777e-07,8.885051577774074888e-08,-2.157267121728830839e-01,0.000000000000000000e+00
2.233333333333333393e+00,-8.326422577863956676e-02,-2.622408466700656623e-02,8.045030907113301932e-01,2.368963653948384590e-07,8.883612666260986257e-08,-2.361217748162720564e-01,0.000000000000000000e+00
2.235416666666666607e+00,-8.326422528516809474e-02,-2.622408448195478678e-02,8.039793106353972929e-01,2.368562494611154358e-07,8.882108318989234106e-08,-2.565117804092018061e-01,0.000000000000000000e+00
2.237499999999999822e+00,-8.326422479178292868e-02,-2.622408429693537033e-02,8.034130597428478238e-01,2.368143898874377428e-07,8.880538585201835861e-08,-2.768964287952321857e-01,0.000000000000000000e+00
2.239583333333333481e+00,-8.326422429848769069e-02,-2.622408411194967690e-02,8.028043496630508091e-01,2.367707880495567958e-07,8.878903516454771374e-08,-2.972754201284424358e-01,0.000000000000000000e+00
2.241666666666666696e+00,-8.326422380528601674e-02,-2.622408392699906651e-02,8.021531926495423237e-01,2.367254453884495181e-07,8.877203166825155832e-08,-3.176484548910181172e-01,0.000000000000000000e+00
2.243749999999999911e+00,-8.326422331218152895e-02,-2.622408374208489920e-02,8.014596015793142847e-01,2.366783634075429576e-07,8.875437592772456055e-08,-3.380152339107971304e-01,0.000000000000000000e+00
2.245833333333333126e+00,-8.326422281917783552e-02,-2.622408355720853498e-02,8.007235899520670497e-01,2.366295436754897224e-07,8.873606853022844029e-08,-3.583754583787727710e-01,0.000000000000000000e+00
2.247916666666666785e+00,-8.326422232627857245e-02,-2.622408337237132694e-02,7.999451718894257102e-01,2.365789878233924657e-07,8.871711008800492485e-08,-3.787288298665527075e-01,0.000000000000000000e+00
2.250000000000000000e+00,-8.326422183348733408e-02,-2.622408318757463164e-02,7.991243621341193037e-01,2.365266975475794277e-07,8.869750123642540553e-08,-3.990750503437699437e-01,0.000000000000000000e+00
2.252083333333333215e+00,-8.326422134080774251e-02,-2.622408300281980562e-02,7.982611760491253872e-01,2.364726746026655943e-07,8.867724263468480322e-08,-4.194138221954451518e-01,0.000000000000000000e+00
2.254166666666666430e+00,-8.326422084824339209e-02,-2.622408281810819849e-02,7.973556296167770840e-01,2.364169208117297188e-07,8.865633496533898248e-08,-4.397448482392976032e-01,0.000000000000000000e+00
2.256250000000000089e+00,-8.326422035579790493e-02,-2.622408263344116336e-02,7.964077394378344943e-01,2.363594380607631324e-07,8.863477893546122946e-08,-4.600678317430025310e-01,0.000000000000000000e+00
2.258333333333333304e+00,-8.326421986347487536e-02,-2.622408244882004982e-02,7.954175227305207985e-01,2.363002282954316965e-07,8.861257527548578726e-08,-4.803824764413929249e-01,0.000000000000000000e+00
2.260416666666666519e+00,-8.326421937127789774e-02,-2.622408226424620056e-02,7.943849973295221689e-01,2.362392935238513175e-07,8.858972473851392415e-08,-5.006884865536036511e-01,0.000000000000000000e+00
2.262500000000000178e+00,-8.326421887921055254e-02,-2.622408207972096866e-02,7.933101816849518206e-01,2.361766358170505061e-07,8.856622810100789180e-08,-5.209855668001559525e-01,0.000000000000000000e+00
2.264583333333333393e+00,-8.326421838727643410e-02,-2.622408189524569680e-02,7.921930948612789791e-01,2.361122573098956555e-07,8.854208616371601759e-08,-5.412734224199796662e-01,0.000000000000000000e+00
2.266666666666666607e+00,-8.326421789547912289e-02,-2.622408171082172765e-02,7.910337565362226542e-01,2.360461601992405122e-07,8.851729975028502647e-08,-5.615517591873721015e-01,0.000000000000000000e+00
2.268749999999999822e+00,-8.326421740382219938e-02,-2.622408152645040041e-02,7.898321869996095534e-01,2.359783467406882601e-07,8.849186970725996146e-08,-5.818202834288905834e-01,0.000000000000000000e+00
2.270833333333333481e+00,-8.326421691230921629e-02,-2.622408134213305778e-02,7.885884071521973571e-01,2.359088192550675908e-07,8.846579690362165080e-08,-6.020787020401769940e-01,0.000000000000000000e+00
2.272916666666666696e+00,-8.326421642094376796e-02,-2.622408115787103547e-02,7.873024385044629092e-01,2.358375801247320426e-07,8.843908223217443905e-08,-6.223267225027125926e-01,0.000000000000000000e+00
2.274999999999999911e+00,-8.326421592972940711e-02,-2.622408097366566923e-02,7.859743031753556597e-01,2.357646317917097103e-07,8.841172661024010559e-08,-6.425640529005001156e-01,0.000000000000000000e+00
2.277083333333333126e+00,-8.326421543866968644e-02,-2.622408078951829827e-02,7.846040238910166886e-01,2.356899767567779410e-07,8.838373097456931423e-08,-6.627904019366728239e-01,0.000000000000000000e+00
2.279166666666666785e+00,-8.326421494776815868e-02,-2.622408060543024791e-02,7.831916239834625371e-01,2.356136175831641533e-07,8.835509628804924059e-08,-6.830054789500267232e-01,0.000000000000000000e+00
2.281250000000000000e+00,-8.326421445702837654e-02,-2.622408042140285042e-02,7.817371273892356198e-01,2.355355568974709829e-07,8.832582353484634112e-08,-7.032089939314751792e-01,0.000000000000000000e+00
2.283333333333333215e+00,-8.326421396645386497e-02,-2.622408023743743460e-02,7.802405586480199995e-01,2.354557973850503970e-07,8.829591372133152482e-08,-7.234006575404234862e-01,0.000000000000000000e+00
2.285416666666666430e+00,-8.326421347604817669e-02,-2.622408005353532232e-02,7.787019429012229654e-01,2.353743417895410029e-07,8.826536787700536470e-08,-7.435801811210616119e-01,0.000000000000000000e+00
2.287500000000000089e+00,-8.326421298581483665e-02,-2.622407986969784235e-02,7.771213058905234172e-01,2.352911929179567041e-07,8.823418705357287305e-08,-7.637472767185734535e-01,0.000000000000000000e+00
2.289583333333333304e+00,-8.326421249575736983e-02,-2.622407968592631311e-02,7.754986739563860532e-01,2.352063536323599165e-07,8.820237232563742002e-08,-7.839016570952600516e-01,0.000000000000000000e+00
2.291666666666666519e+00,-8.326421200587927340e-02,-2.622407950222205297e-02,7.738340740365421411e-01,2.351198268618890924e-07,8.816992479000684151e-08,-8.040430357465755407e-01,0.000000000000000000e+00
2.293750000000000178e+00,-8.326421151618407235e-02,-2.622407931858637686e-02,7.721275336644377596e-01,2.350316155865678439e-07,8.813684556523082691e-08,-8.241711269170732823e-01,0.000000000000000000e+00
2.295833333333333393e+00,-8.326421102667529162e-02,-2.622407913502060317e-02,7.703790809676478446e-01,2.349417228488698551e-07,8.810313579229482430e-08,-8.442856456162615153e-01,0.000000000000000000e+00
2.297916666666666607e+00,-8.326421077703437257e-02,-2.622407904140527587e-02,7.711297677681383522e-01,1.198103867614219073e-07,4.492888877915702301e-08,3.552613824967203460e-01,0.000000000000000000e+00
2.299999999999999822e+00,-8.326421052746905971e-02,-2.622407894781829396e-02,7.718378559786154280e-01,1.197850265040093250e-07,4.491937868459332437e-08,3.347562359947329202e-01,0.000000000000000000e+00
2.302083333333333481e+00,-8.326421027795517793e-02,-2.622407885425059870e-02,7.725032357985808229e-01,1.197605618505581182e-07,4.491020444128384531e-08,3.142579089830023764e-01,0.000000000000000000e+00
2.304166666666666696e+00,-8.326421002849085373e-02,-2.622407876070149274e-02,7.731259209557621581e-01,1.197369919572987724e-07,4.490136573258371500e-08,2.937660945628051690e-01,0.000000000000000000e+00
2.306249999999999911e+00,-8.326420977907424137e-02,-2.622407866717027872e-02,7.737059245391307849e-01,1.197143160059043927e-07,4.489286225295031533e-08,2.732804862292927406e-01,0.000000000000000000e+00
2.308333333333333126e+00,-8.326420952970348122e-02,-2.622407857365625580e-02,7.742432589996932624e-01,1.196925332182936901e-07,4.488469370794324788e-08,2.528007778530522165e-01,0.000000000000000000e+00
2.310416666666666785e+00,-8.326420928037669977e-02,-2.622407848015873011e-02,7.747379361512451990e-01,1.196716428455287089e-07,4.487685981931286446e-08,2.323266636617159486e-01,0.000000000000000000e+00
2.312500000000000000e+00,-8.326420903109205129e-02,-2.622407838667699734e-02,7.751899671710861250e-01,1.196516441756789187e-07,4.486936031875526525e-08,2.118578382216162181e-01,0.000000000000000000e+00
2.314583333333333215e+00,-8.326420878184767616e-02,-2.622407829321037054e-02,7.755993626006963959e-01,1.196325365273449858e-07,4.486219495115045280e-08,1.913939964194835974e-01,0.000000000000000000e+00
2.316666666666666430e+00,-8.326420853264171473e-02,-2.622407819975814888e-02,7.759661323463767912e-01,1.196143192533593541e-07,4.485536347433103252e-08,1.709348334441865847e-01,0.000000000000000000e+00
2.318750000000000089e+00,-8.326420828347232128e-02,-2.622407810631963848e-02,7.762902856798487017e-01,1.195969917403238450e-07,4.484886565792572151e-08,1.504800447685096798e-01,0.000000000000000000e+00
2.320833333333333304e+00,-8.326420803433762230e-02,-2.622407801289414198e-02,7.765718312388177891e-01,1.195805534081468858e-07,4.484270128382196751e-08,1.300293261309683479e-01,0.000000000000000000e+00
2.322916666666666519e+00,-8.326420778523579980e-02,-2.622407791948096895e-02,7.768107770274987889e-01,1.195650037081933250e-07,4.483687014732238712e-08,1.095823735176576774e-01,0.000000000000000000e+00
2.325000000000000178e+00,-8.326420753616498027e-02,-2.622407782607942203e-02,7.770071304171034532e-01,1.195503421260597627e-07,4.483137205552572849e-08,8.913888314413326297e-02,0.000000000000000000e+00
2.327083333333333393e+00,-8.326420728712331798e-02,-2.622407773268881082e-02,7.771608981462899690e-01,1.195365681834251319e-07,4.482620682802076336e-08,6.869855143732139791e-02,0.000000000000000000e+00
2.329166666666666607e+00,-8.326420703810895330e-02,-2.622407763930844141e-02,7.772720863215752951e-01,1.195236814278735711e-07,4.482137429572976281e-08,4.826107501745655060e-02,0.000000000000000000e+00
2.331249999999999822e+00,-8.326420678912005435e-02,-2.622407754593761992e-02,7.773407004177093071e-01,1.195116814467721860e-07,4.481687430368409853e-08,2.782615068004384851e-02,0.000000000000000000e+00
2.333333333333333481e+00,-8.326420654015477540e-02,-2.622407745257565245e-02,7.773667452780124165e-01,1.195005678557062438e-07,4.481270670755478923e-08,7.393475377844160520e-03,0.000000000000000000e+00
2.335416666666666696e+00,-8.326420629121129846e-02,-2.622407735922186248e-02,7.773502251153661113e-01,1.194903122056733508e-07,4.480886083925504352e-08,-1.303725313343157520e-02,0.000000000000000000e+00
2.337499999999999911e+00,-8.326420604228965128e-02,-2.622407726587625346e-02,7.772911437357921116e-01,1.194797393903649157e-07,4.480489603391915292e-08,-3.346618486385907754e-02,0.000000000000000000e+00
2.339583333333333126e+00,-8.326420579339140204e-02,-2.622407717253942214e-02,7.771895052979052032e-01,1.194682828199503513e-07,4.480059982076540323e-08,-5.389305249291122951e-02,0.000000000000000000e+00
2.341666666666666785e+00,-8.326420554451841038e-02,-2.622407707921205894e-02,7.770453145742324264e-01,1.194559428335102606e-07,4.479597232631296834e-08,-7.431755374255225033e-02,0.000000000000000000e+00
2.343750000000000000e+00,-8.326420529567249429e-02,-2.622407698589485428e-02,7.768585769668375773e-01,1.194427198015815888e-07,4.479101369026489807e-08,-9.473938646894256022e-02,0.000000000000000000e+00
2.345833333333333215e+00,-8.326420504685551338e-02,-2.622407689258849511e-02,7.766292985070137878e-01,1.194286141275453539e-07,4.478572406273260955e-08,-1.151582486803082866e-01,0.000000000000000000e+00
2.347916666666666430e+00,-8.326420479806929953e-02,-2.622407679929367533e-02,7.763574858549386892e-01,1.194136262490144844e-07,4.478010360886177242e-08,-1.355738385547923530e-01,0.000000000000000000e+00
2.350000000000000089e+00,-8.326420454931568460e-02,-2.622407670601108187e-02,7.760431462992927187e-01,1.193977566350581974e-07,4.477415250443770330e-08,-1.559858544582846118e-01,0.000000000000000000e+00
2.352083333333333304e+00,-8.326420430059650046e-02,-2.622407661274140517e-02,7.756862877568398984e-01,1.193810057862020523e-07,4.476787093704183717e-08,-1.763939949622291004e-01,0.000000000000000000e+00
2.354166666666666519e+00,-8.326420405191359286e-02,-2.622407651948532870e-02,7.752869187719719779e-01,1.193633742381286372e-07,4.476125910767079767e-08,-1.967979588614059416e-01,0.000000000000000000e+00
2.356250000000000178e+00,-8.326420380326879367e-02,-2.622407642624354288e-02,7.748450485162156065e-01,1.193448625584394948e-07,4.475431722796084227e-08,-2.171974451916857396e-01,0.000000000000000000e+00
2.358333333333333393e+00,-8.326420355466393475e-02,-2.622407633301673466e-02,7.743606867877019795e-01,1.193254713443420866e-07,4.474704552296343696e-08,-2.375921532477542619e-01,0.000000000000000000e+00
2.360416666666666607e+00,-8.326420330610084797e-02,-2.622407623980558752e-02,7.738338440106004024e-01,1.193052012258879737e-07,4.473944422929485992e-08,-2.579817826008053427e-01,0.000000000000000000e+00
2.362499999999999822e+00,-8.326420305758136520e-02,-2.622407614661079189e-02,7.732645312345142186e-01,1.192840528692109975e-07,4.473151359606140624e-08,-2.783660331161993406e-01,0.000000000000000000e+00
2.364583333333333481e+00,-8.326420280910730443e-02,-2.622407605343303472e-02,7.726527601338406548e-01,1.192620269691256936e-07,4.472325388485937480e-08,-2.987446049710856255e-01,0.000000000000000000e+00
2.366666666666666696e+00,-8.326420256068051140e-02,-2.622407596027299947e-02,7.719985430070935850e-01,1.192391242523655519e-07,4.471466536699951325e-08,-3.191171986719862352e-01,0.000000000000000000e+00
2.368749999999999911e+00,-8.326420231230280411e-02,-2.622407586713136965e-02,7.713018927761905452e-01,1.192153454794333866e-07,4.470574832859554867e-08,-3.394835150723390371e-01,0.000000000000000000e+00
2.370833333333333126e+00,-8.326420206397598667e-02,-2.622407577400882872e-02,7.705628229857018896e-01,1.191906914455264022e-07,4.469650306732602690e-08,-3.598432553899979514e-01,0.000000000000000000e+00
2.372916666666666785e+00,-8.326420196832656773e-02,-2.622407573814030529e-02,7.702062836770748877e-01,3.101835482346764419e-08,1.163188145810475266e-08,-1.123980156356998716e-01,1.000000000000000000e+00
2.375000000000000000e+00,-8.326420191953474992e-02,-2.622407571984337535e-02,7.699900000000000633e-01,1.582372097269065559e-08,5.933894517278946716e-09,-8.502602675588483150e-02,1.000000000000000000e+00
2.377083333333333215e+00,-8.326420190683536671e-02,-2.622407571508110491e-02,7.699900000000000633e-01,4.118542018621645401e-09,1.544452973768638978e-09,-4.369074546595186348e-14,1.000000000000000000e+00
2.379166666666666430e+00,-8.326420190352994133e-02,-2.622407571384156866e-02,7.699900000000000633e-01,1.072000902572848202e-09,4.020003057557380275e-10,-4.369074546595186348e-14,1.000000000000000000e+00
2.381250000000000089e+00,-8.326420190266957400e-02,-2.622407571351893438e-02,7.699900000000000633e-01,2.790273596121140657e-10,1.046352202409889322e-10,-4.369074546595186348e-14,1.000000000000000000e+00
2.383333333333333304e+00,-8.326420190244564201e-02,-2.622407571343495641e-02,7.699900000000000633e-01,7.262708175118543641e-11,2.723513038496049404e-11,-4.369074546595186348e-14,1.000000000000000000e+00
2.385416666666666519e+00,-8.326420190238735530e-02,-2.622407571341309890e-02,7.699900000000000633e-01,1.890387543771162153e-11,7.088944435122758065e-12,-4.369074546595186348e-14,1.000000000000000000e+00
2.387500000000000178e+00,-8.326420190237218688e-02,-2.622407571340740901e-02,7.699900000000000633e-01,4.920415034260227692e-12,1.845166215781398567e-12,-4.369074546595186348e-14,1.000000000000000000e+00
2.389583333333333393e+00,-8.326420190236824559e-02,-2.622407571340592755e-02,7.699900000000000633e-01,1.280683860771549928e-12,4.802945483044012843e-13,-4.369074546595186348e-14,1.000000000000000000e+00
2.391666666666666607e+00,-8.326420190236721863e-02,-2.622407571340553897e-02,7.699900000000000633e-01,3.333292410307984005e-13,1.249938234780152058e-13,-4.369074546595186348e-14,1.000000000000000000e+00
2.393749999999999822e+00,-8.326420190236694108e-02,-2.622407571340543836e-02,7.699900000000000633e-01,8.681070960935526848e-14,3.248457601363534136e-14,-4.369074546595186348e-14,1.000000000000000000e+00
2.395833333333333481e+00,-8.326420190236687169e-02,-2.622407571340541060e-02,7.699900000000000633e-01,2.261326988755278383e-14,8.437822196944917543e-15,-4.369074546595186348e-14,1.000000000000000000e+00
2.397916666666666696e+00,-8.326420190236685781e-02,-2.622407571340540366e-02,7.699900000000000633e-01,5.881689560332779799e-15,2.200496090245937322e-15,-4.369074546595186348e-14,1.000000000000000000e+00
2.399999999999999911e+00,-8.326420190236685781e-02,-2.622407571340540366e-02,7.699900000000000633e-01,1.546159002413380948e-15,5.388534743041890203e-16,-4.369074546595186348e-14,1.000000000000000000e+00
2.402083333333333126e+00,-8.326420190236685781e-02,-2.622407571340540366e-02,7.699900000000000633e-01,4.169128161797539973e-16,1.061653062105166632e-16,-4.369074546595186348e-14,1.000000000000000000e+00
2.404166666666666785e+00,-8.326420190236685781e-02,-2.622407571340540366e-02,7.699900000000000633e-01,1.228587400905960588e-16,-6.517988335743473733e-18,-4.369074546595186348e-14,1.000000000000000000e+00
2.406250000000000000e+00,-8.326420190236685781e-02,-2.622407571340540366e-02,7.699900000000000633e-01,4.631405139600044604e-17,-3.585037446294577583e-17,-4.369074546595186348e-14,1.000000000000000000e+00
2.408333333333333215e+00,-8.326420190236685781e-02,-2.622407571340540366e-02,7.699900000000000633e-01,2.638884088616188878e-17,-4.348583524158028598e-17,-4.369074546595186348e-14,1.000000000000000000e+00
2.410416666666666430e+00,-8.326420190236685781e-02,-2.622407571340540366e-02,7.699900000000000633e-01,2.120214510579990475e-17,-4.547340833056261839e-17,-4.369074546595186348e-14,1.000000000000000000e+00
2.412500000000000089e+00,-8.326420190236685781e-02,-2.622407571340540366e-02,7.699900000000000633e-01,1.985200563777564332e-17,-4.599078991349221484e-17,-4.369074546595186348e-14,1.000000000000000000e+00
2.414583333333333304e+00,-8.326420190236685781e-02,-2.622407571340540366e-02,7.699900000000000633e-01,1.950055325646987138e-17,-4.612546858460049493e-17,-4.369074546595186348e-14,1.000000000000000000e+00
2.416666666666666519e+00,-8.326420190236685781e-02,-2.622407571340540366e-02,7.699900000000000633e-01,1.940906731797919528e-17,-4.616052654771697321e-17,-4.369074546595186348e-14,1.000000000000000000e+00
2.418750000000000178e+00,-8.326420190236685781e-02,-2.622407571340540366e-02,7.699900000000000633e-01,1.938525277755575801e-17,-4.616965242316379020e-17,-4.369074546595186348e-14,1.000000000000000000e+00
2.420833333333333393e+00,-8.326420190236685781e-02,-2.622407571340540366e-02,7.699900000000000633e-01,1.937905365728727113e-17,-4.605401956369331723e-17,-4.369074546595186348e-14,1.000000000000000000e+00
2.422916666666666607e+00,-8.326420190236685781e-02,-2.622407571340540366e-02,7.699900000000000633e-01,1.937743997541813156e-17,-4.596371101440811061e-17,-4.369074546595186348e-14,1.000000000000000000e+00
2.424999999999999822e+00,-8.326420190236685781e-02,-2.622407571340540366e-02,7.699900000000000633e-01,1.937701992078746943e-17,-4.594020295805523495e-17,-4.369074546595186348e-14,1.000000000000000000e+00
2.427083333333333481e+00,-8.326420190236685781e-02,-2.622407571340540366e-02,7.699900000000000633e-01,1.937691057712060054e-17,-4.593408361810498913e-17,-4.369074546595186348e-14,1.000000000000000000e+00
2.429166666666666696e+00,-8.326420190236685781e-02,-2.622407571340540366e-02,7.699900000000000633e-01,1.937688211406695424e-17,-4.593249070370727461e-17,-4.369074546595186348e-14,1.000000000000000000e+00
2.431249999999999911e+00,-8.326420190236685781e-02,-2.622407571340540366e-02,7.699900000000000633e-01,1.937687470490055406e-17,-4.593207605501982350e-17,-4.369074546595186348e-14,1.000000000000000000e+00
2.433333333333333126e+00,-8.326420190236685781e-02,-2.622407571340540366e-02,7.699900000000000633e-01,1.937687277623374304e-17,-4.593196811856432312e-17,-4.369074546595186348e-14,1.000000000000000000e+00
2.435416666666666785e+00,-8.326420190236685781e-02,-2.622407571340540366e-02,7.699900000000000633e-01,1.937687227418595205e-17,-4.593194002181934133e-17,-4.369074546595186348e-14,1.000000000000000000e+00
2.437500000000000000e+00,-8.326420190236685781e-02,-2.622407571340540366e-02,7.699900000000000633e-01,1.937687214349879558e-17,-4.593193270800609632e-17,-4.369074546595186348e-14,1.000000000000000000e+00
2.439583333333333215e+00,-8.326420190236685781e-02,-2.622407571340540366e-02,7.699900000000000633e-01,1.937687210947985313e-17,-4.593193080416049786e-17,-4.369074546595186348e-14,1.000000000000000000e+00
2.441666666666666430e+00,-8.326420190236685781e-02,-2.622407571340540366e-02,7.699900000000000633e-01,1.937687210062444266e-17,-4.593193030857386903e-17,-4.369074546595186348e-14,1.000000000000000000e+00
2.443750000000000089e+00,-8.326420190236685781e-02,-2.622407571340540366e-02,7.699900000000000633e-01,1.937687209831930789e-17,-4.593193017956860407e-17,-4.369074546595186348e-14,1.000000000000000000e+00
2.445833333333333304e+00,-8.326420190236685781e-02,-2.622407571340540366e-02,7.699900000000000633e-01,1.937687209771926208e-17,-4.593193014598747326e-17,-4.369074546595186348e-14,1.000000000000000000e+00
2.447916666666666519e+00,-8.326420190236685781e-02,-2.622407571340540366e-02,7.699900000000000633e-01,1.937687209756306454e-17,-4.593193013724602545e-17,-4.369074546595186348e-14,1.000000000000000000e+00
2.450000000000000178e+00,-8.326420190236685781e-02,-2.622407571340540366e-02,7.699900000000000633e-01,1.937687209752240738e-17,-4.593193013497055617e-17,-4.369074546595186348e-14,1.000000000000000000e+00
2.452083333333333393e+00,-8.326420190236685781e-02,-2.622407571340540366e-02,7.699900000000000633e-01,1.937687209751182247e-17,-4.593193013437823257e-17,-4.369074546595186348e-14,1.000000000000000000e+00
2.454166666666666607e+00,-8.326420190236685781e-02,-2.622407571340540366e-02,7.699900000000000633e-01,1.937687209750906762e-17,-4.593193013422405340e-17,-4.369074546595186348e-14,1.000000000000000000e+00
2.456249999999999822e+00,-8.326420190236685781e-02,-2.622407571340540366e-02,7.699900000000000633e-01,1.937687209750835272e-17,-4.593193013418392010e-17,-4.369074546595186348e-14,1.000000000000000000e+00
2.458333333333333481e+00,-8.326420190236685781e-02,-2.622407571340540366e-02,7.699900000000000633e-01,1.937687209750816475e-17,-4.593193013417346769e-17,-4.369074546595186348e-14,1.000000000000000000e+00
2.460416666666666696e+00,-8.326420190236685781e-02,-2.622407571340540366e-02,7.699900000000000633e-01,1.937687209750811236e-17,-4.593193013417073750e-17,-4.369074546595186348e-14,1.000000000000000000e+00
2.462499999999999911e+00,-8.326420190236685781e-02,-2.622407571340540366e-02,7.699900000000000633e-01,1.937687209750810004e-17,-4.593193013417003492e-17,-4.369074546595186348e-14,1.000000000000000000e+00
2.464583333333333126e+00,-8.326420190236685781e-02,-2.622407571340540366e-02,7.699900000000000633e-01,1.937687209750810004e-17,-4.603191800929226656e-17,-4.369074546595186348e-14,1.000000000000000000e+00
2.466666666666666785e+00,-8.326420190236685781e-02,-2.622407571340540366e-02,7.699900000000000633e-01,1.937687209750810004e-17,-4.610895989557978357e-17,-4.369074546595186348e-14,1.000000000000000000e+00
2.468750000000000000e+00,-8.326420190236685781e-02,-2.622407571340540366e-02,7.699900000000000633e-01,1.937687209750810004e-17,-4.612901453070252644e-17,-4.369074546595186348e-14,1.000000000000000000e+00
2.470833333333333215e+00,-8.326420190236685781e-02,-2.622407571340540366e-02,7.699900000000000633e-01,1.937687209750810004e-17,-4.613423491677154961e-17,-4.369074546595186348e-14,1.000000000000000000e+00
2.472916666666666430e+00,-8.326420190236685781e-02,-2.622407571340540366e-02,7.699900000000000633e-01,1.937687209750810004e-17,-4.613559382609813365e-17,-4.369074546595186348e-14,1.000000000000000000e+00
2.475000000000000089e+00,-8.326420190236685781e-02,-2.622407571340540366e-02,7.699900000000000633e-01,1.937687209750810004e-17,-4.613594756134558217e-17,-4.369074546595186348e-14,1.000000000000000000e+00
2.477083333333333304e+00,-8.326420190236685781e-02,-2.622407571340540366e-02,7.699900000000000633e-01,1.937687209750810004e-17,-4.613603964153286001e-17,-4.369074546595186348e-14,1.000000000000000000e+00
2.479166666666666519e+00,-8.326420190236685781e-02,-2.622407571340540366e-02,7.699900000000000633e-01,1.937687209750810004e-17,-4.613606361076111618e-17,-4.369074546595186348e-14,1.000000000000000000e+00
2.481250000000000178e+00,-8.326420190236685781e-02,-2.622407571340540366e-02,7.699900000000000633e-01,1.937687209750810004e-17,-4.613606985014789137e-17,-4.369074546595186348e-14,1.000000000000000000e+00
2.483333333333333393e+00,-8.326420190236685781e-02,-2.622407571340540366e-02,7.699900000000000633e-01,1.937687209750810004e-17,-4.613607147431147172e-17,-4.369074546595186348e-14,1.000000000000000000e+00
2.485416666666666607e+00,-8.326420190236685781e-02,-2.622407571340540366e-02,7.699900000000000633e-01,1.937687209750810004e-17,-4.613607189709457134e-17,-4.369074546595186348e-14,1.000000000000000000e+00
2.487499999999999822e+00,-8.326420190236685781e-02,-2.622407571340540366e-02,7.699900000000000633e-01,1.937687209750810004e-17,-4.613607200714848843e-17,-4.369074546595186348e-14,1.000000000000000000e+00
2.489583333333333481e+00,-8.326420190236685781e-02,-2.622407571340540366e-02,7.699900000000000633e-01,1.937687209750810004e-17,-4.613607203579642210e-17,-4.369074546595186348e-14,1.000000000000000000e+00
2.491666666666666696e+00,-8.326420190236685781e-02,-2.622407571340540366e-02,7.699900000000000633e-01,1.937687209750810004e-17,-4.613607204325371529e-17,-4.369074546595186348e-14,1.000000000000000000e+00
2.493749999999999911e+00,-8.326420190236685781e-02,-2.622407571340540366e-02,7.699900000000000633e-01,1.937687209750810004e-17,-4.613607204519491093e-17,-4.369074546595186348e-14,1.000000000000000000e+00
2.495833333333333126e+00,-8.326420190236685781e-02,-2.622407571340540366e-02,7.699900000000000633e-01,1.937687209750810004e-17,-4.613607204570021948e-17,-4.369074546595186348e-14,1.000000000000000000e+00
2.497916666666666785e+00,-8.326420190236685781e-02,-2.622407571340540366e-02,7.699900000000000633e-01,1.937687209750810004e-17,-4.613607204583175587e-17,-4.369074546595186348e-14,1.000000000000000000e+00
2.500000000000000000e+00,-8.326420190236685781e-02,-2.622407571340540366e-02,7.699900000000000633e-01,1.937687209750810004e-17,-4.613607204586599736e-17,-4.369074546595186348e-14,1.000000000000000000e+00
2.502083333333333215e+00,-8.326420190236685781e-02,-2.622407571340540366e-02,7.699900000000000633e-01,1.937687209750810004e-17,-4.613607204587490903e-17,-4.369074546595186348e-14,1.000000000000000000e+00
2.504166666666666430e+00,-8.326420190236685781e-02,-2.622407571340540366e-02,7.699900000000000633e-01,1.937687209750810004e-17,-4.613607204587722631e-17,-4.369074546595186348e-14,1.000000000000000000e+00
2.506250000000000089e+00,-8.326420190236685781e-02,-2.622407571340540366e-02,7.699900000000000633e-01,1.937687209750810004e-17,-4.613607204587783028e-17,-4.369074546595186348e-14,1.000000000000000000e+00
2.508333333333333304e+00,-8.326420190236685781e-02,-2.622407571340540366e-02,7.699900000000000633e-01,1.937687209750810004e-17,-4.613607204587799668e-17,-4.369074546595186348e-14,1.000000000000000000e+00
2.510416666666666519e+00,-8.326420190236685781e-02,-2.622407571340540366e-02,7.699900000000000633e-01,1.937687209750810004e-17,-4.613607204587803365e-17,-4.369074546595186348e-14,1.000000000000000000e+00
2.512500000000000178e+00,-8.326420190236685781e-02,-2.622407571340540366e-02,7.699900000000000633e-01,1.937687209750810004e-17,-4.613607204587804598e-17,-4.369074546595186348e-14,1.000000000000000000e+00
2.514583333333333393e+00,-8.326420190236685781e-02,-2.622407571340540366e-02,7.699900000000000633e-01,1.937687209750810004e-17,-4.613607204587804598e-17,-4.369074546595186348e-14,1.000000000000000000e+00
2.516666666666666607e+00,-8.326420190236685781e-02,-2.622407571340540366e-02,7.699900000000000633e-01,1.937687209750810004e-17,-4.613607204587805214e-17,-4.369074546595186348e-14,1.000000000000000000e+00
2.518749999999999822e+00,-8.326420190236685781e-02,-2.622407571340540366e-02,7.699900000000000633e-01,1.937687209750810004e-17,-4.613607204587804598e-17,-4.369074546595186348e-14,1.000000000000000000e+00
2.520833333333333481e+00,-8.326420190236685781e-02,-2.622407571340540366e-02,7.699900000000000633e-01,1.937687209750810004e-17,-4.613607204587804598e-17,-4.369074546595186348e-14,1.000000000000000000e+00
2.522916666666666696e+00,-8.326420190236685781e-02,-2.622407571340540366e-02,7.699900000000000633e-01,1.937687209750810004e-17,-4.613607204587805214e-17,-4.369074546595186348e-14,1.000000000000000000e+00
2.524999999999999911e+00,-8.326420190236685781e-02,-2.622407571340540366e-02,7.699900000000000633e-01,1.937687209750810004e-17,-4.613607204587804598e-17,-4.369074546595186348e-14,1.000000000000000000e+00
2.527083333333333126e+00,-8.326420190236685781e-02,-2.622407571340540366e-02,7.699900000000000633e-01,1.937687209750810004e-17,-4.613607204587804598e-17,-4.369074546595186348e-14,1.000000000000000000e+00
2.529166666666666785e+00,-8.326420190236685781e-02,-2.622407571340540366e-02,7.699900000000000633e-01,1.937687209750810004e-17,-4.613607204587805214e-17,-4.369074546595186348e-14,1.000000000000000000e+00
2.531250000000000000e+00,-8.326420190236685781e-02,-2.622407571340540366e-02,7.699900000000000633e-01,1.937687209750810004e-17,-4.613607204587804598e-17,-4.369074546595186348e-14,1.000000000000000000e+00
2.533333333333333215e+00,-8.326420190236685781e-02,-2.622407571340540366e-02,7.699900000000000633e-01,1.937687209750810004e-17,-4.601228461856438158e-17,-4.369074546595186348e-14,1.000000000000000000e+00
2.535416666666666430e+00,-8.326420190236685781e-02,-2.622407571340540366e-02,7.699900000000000633e-01,1.937687209750810004e-17,-4.598006173556936344e-17,-4.369074546595186348e-14,1.000000000000000000e+00
2.537500000000000089e+00,-8.326420190236685781e-02,-2.622407571340540366e-02,7.699900000000000633e-01,1.937687209750810004e-17,-4.597167385473975431e-17,-4.369074546595186348e-14,1.000000000000000000e+00
2.539583333333333304e+00,-8.326420190236685781e-02,-2.622407571340540366e-02,7.699900000000000633e-01,1.937687209750810004e-17,-4.596949042053796810e-17,-4.369074546595186348e-14,1.000000000000000000e+00
2.541666666666666519e+00,-8.326420190236685781e-02,-2.622407571340540366e-02,7.699900000000000633e-01,1.937687209750810004e-17,-4.596892205470033979e-17,-4.369074546595186348e-14,1.000000000000000000e+00
2.543750000000000178e+00,-8.326420190236685781e-02,-2.622407571340540366e-02,7.699900000000000633e-01,1.937687209750810004e-17,-4.596877410440941579e-17,-4.369074546595186348e-14,1.000000000000000000e+00
2.545833333333333393e+00,-8.326420190236685781e-02,-2.622407571340540366e-02,7.699900000000000633e-01,1.937687209750810004e-17,-4.596873559173476867e-17,-4.369074546595186348e-14,1.000000000000000000e+00
2.547916666666666607e+00,-8.326420190236685781e-02,-2.622407571340540366e-02,7.699900000000000633e-01,1.937687209750810004e-17,-4.596872556656957142e-17,-4.369074546595186348e-14,1.000000000000000000e+00
2.549999999999999822e+00,-8.326420190236685781e-02,-2.622407571340540366e-02,7.699900000000000633e-01,1.937687209750810004e-17,-4.596872295693681405e-17,-4.369074546595186348e-14,1.000000000000000000e+00
2.552083333333333481e+00,-8.326420190236685781e-02,-2.622407571340540366e-02,7.699900000000000633e-01,1.937687209750810004e-17,-4.596872227762799329e-17,-4.369074546595186348e-14,1.000000000000000000e+00
2.554166666666666696e+00,-8.326420190236685781e-02,-2.622407571340540366e-02,7.699900000000000633e-01,1.937687209750810004e-17,-4.596872210079833794e-17,-4.369074546595186348e-14,1.000000000000000000e+00
2.556249999999999911e+00,-8.326420190236685781e-02,-2.622407571340540366e-02,7.699900000000000633e-01,1.937687209750810004e-17,-4.596872205476811923e-17,-4.369074546595186348e-14,1.000000000000000000e+00
2.558333333333333126e+00,-8.326420190236685781e-02,-2.622407571340540366e-02,7.699900000000000633e-01,1.937687209750810004e-17,-4.596872204278608013e-17,-4.369074546595186348e-14,1.000000000000000000e+00
2.560416666666666785e+00,-8.326420190236685781e-02,-2.622407571340540366e-02,7.699900000000000633e-01,1.937687209750810004e-17,-4.596872203966705353e-17,-4.369074546595186348e-14,1.000000000000000000e+00
2.562500000000000000e+00,-8.326420190236685781e-02,-2.622407571340540366e-02,7.699900000000000633e-01,1.937687209750810004e-17,-4.596872203885515542e-17,-4.369074546595186348e-14,1.000000000000000000e+00
2.564583333333333215e+00,-8.326420190236685781e-02,-2.622407571340540366e-02,7.699900000000000633e-01,1.937687209750810004e-17,-4.596872203864380233e-17,-4.369074546595186348e-14,1.000000000000000000e+00
2.566666666666666430e+00,-8.326420190236685781e-02,-2.622407571340540366e-02,7.699900000000000633e-01,1.937687209750810004e-17,-4.596872203858879161e-17,-4.369074546595186348e-14,1.000000000000000000e+00
2.568750000000000089e+00,-8.326420190236685781e-02,-2.622407571340540366e-02,7.699900000000000633e-01,1.937687209750810004e-17,-4.596872203857446269e-17,-4.369074546595186348e-14,1.000000000000000000e+00
2.570833333333333304e+00,-8.326420190236685781e-02,-2.622407571340540366e-02,7.699900000000000633e-01,1.937687209750810004e-17,-4.596872203857073409e-17,-4.369074546595186348e-14,1.000000000000000000e+00
2.572916666666666519e+00,-8.326420190236685781e-02,-2.622407571340540366e-02,7.699900000000000633e-01,1.937687209750810004e-17,-4.596872203856976034e-17,-4.369074546595186348e-14,1.000000000000000000e+00
2.575000000000000178e+00,-8.326420190236685781e-02,-2.622407571340540366e-02,7.699900000000000633e-01,1.937687209750810004e-17,-4.596872203856951382e-17,-4.369074546595186348e-14,1.000000000000000000e+00
2.577083333333333393e+00,-8.326420190236685781e-02,-2.622407571340540366e-02,7.699900000000000633e-01,1.937687209750810004e-17,-4.596872203856945219e-17,-4.369074546595186348e-14,1.000000000000000000e+00
2.579166666666666607e+00,-8.326420190236685781e-02,-2.622407571340540366e-02,7.699900000000000633e-01,1.937687209750810004e-17,-4.596872203856942754e-17,-4.369074546595186348e-14,1.000000000000000000e+00
2.581249999999999822e+00,-8.326420190236685781e-02,-2.622407571340540366e-02,7.699900000000000633e-01,1.937687209750810004e-17,-4.596872203856942754e-17,-4.369074546595186348e-14,1.000000000000000000e+00
2.583333333333333481e+00,-8.326420190236685781e-02,-2.622407571340540366e-02,7.699900000000000633e-01,1.937687209750810004e-17,-4.596872203856942754e-17,-4.369074546595186348e-14,1.000000000000000000e+00
2.585416666666666696e+00,-8.326420190236685781e-02,-2.622407571340540366e-02,7.699900000000000633e-01,1.937687209750810004e-17,-4.596872203856942754e-17,-4.369074546595186348e-14,1.000000000000000000e+00
2.587499999999999911e+00,-8.326420190236685781e-02,-2.622407571340540366e-02,7.699900000000000633e-01,1.937687209750810004e-17,-4.596872203856942754e-17,-4.369074546595186348e-14,1.000000000000000000e+00
2.589583333333333126e+00,-8.326420190236685781e-02,-2.622407571340540366e-02,7.699900000000000633e-01,1.937687209750810004e-17,-4.596872203856942754e-17,-4.369074546595186348e-14,1.000000000000000000e+00
2.591666666666666785e+00,-8.326420190236685781e-02,-2.622407571340540366e-02,7.699900000000000633e-01,1.937687209750810004e-17,-4.596872203856942754e-17,-4.369074546595186348e-14,1.000000000000000000e+00
2.593750000000000000e+00,-8.326420190236685781e-02,-2.622407571340540366e-02,7.699900000000000633e-01,1.937687209750810004e-17,-4.596872203856942754e-17,-4.369074546595186348e-14,1.000000000000000000e+00
2.595833333333333215e+00,-8.326420190236685781e-02,-2.622407571340540366e-02,7.699900000000000633e-01,1.937687209750810004e-17,-4.596872203856942754e-17,-4.369074546595186348e-14,1.000000000000000000e+00
2.597916666666666430e+00,-8.326420190236685781e-02,-2.622407571340540366e-02,7.699900000000000633e-01,1.937687209750810004e-17,-4.596872203856942754e-17,-4.369074546595186348e-14,1.000000000000000000e+00
2.600000000000000089e+00,-8.326420190236685781e-02,-2.622407571340540366e-02,7.699900000000000633e-01,1.937687209750810004e-17,-4.596872203856942754e-17,-4.369074546595186348e-14,1.000000000000000000e+00
2.602083333333333304e+00,-8.326420190236685781e-02,-2.622407571340540366e-02,7.699900000000000633e-01,1.937687209750810004e-17,-4.596872203856942754e-17,-4.369074546595186348e-14,1.000000000000000000e+00
2.604166666666666519e+00,-8.326420190236685781e-02,-2.622407571340540366e-02,7.699900000000000633e-01,1.937687209750810004e-17,-4.596872203856942754e-17,-4.369074546595186348e-14,1.000000000000000000e+00
2.606250000000000178e+00,-8.326420190236685781e-02,-2.622407571340540366e-02,7.699900000000000633e-01,1.937687209750810004e-17,-4.596872203856942754e-17,-4.369074546595186348e-14,1.000000000000000000e+00
2.608333333333333393e+00,-8.326420190236685781e-02,-2.622407571340540366e-02,7.699900000000000633e-01,1.937687209750810004e-17,-4.596872203856942754e-17,-4.369074546595186348e-14,1.000000000000000000e+00
2.610416666666666607e+00,-8.326420190236685781e-02,-2.622407571340540366e-02,7.699900000000000633e-01,1.937687209750810004e-17,-4.596872203856942754e-17,-4.369074546595186348e-14,1.000000000000000000e+00
2.612499999999999822e+00,-8.326420190236685781e-02,-2.622407571340540366e-02,7.699900000000000633e-01,1.937687209750810004e-17,-4.579050527163581768e-17,-4.369074546595186348e-14,1.000000000000000000e+00
2.614583333333333481e+00,-8.326420190236685781e-02,-2.622407571340540366e-02,7.699900000000000633e-01,1.937687209750810004e-17,-4.574411398494963325e-17,-4.369074546595186348e-14,1.000000000000000000e+00
2.616666666666666696e+00,-8.326420190236685781e-02,-2.622407571340540366e-02,7.699900000000000633e-01,1.937687209750810004e-17,-4.573203795238867573e-17,-4.369074546595186348e-14,1.000000000000000000e+00
2.618749999999999911e+00,-8.326420190236685781e-02,-2.622407571340540366e-02,7.699900000000000633e-01,1.937687209750810004e-17,-4.572889446203024238e-17,-4.369074546595186348e-14,1.000000000000000000e+00
2.620833333333333126e+00,-8.326420190236685781e-02,-2.622407571340540366e-02,7.699900000000000633e-01,1.937687209750810004e-17,-4.587907828282150839e-17,-4.369074546595186348e-14,1.000000000000000000e+00
2.622916666666666785e+00,-8.326420190236685781e-02,-2.622407571340540366e-02,7.699900000000000633e-01,1.937687209750810004e-17,-4.591817236361890246e-17,-4.369074546595186348e-14,1.000000000000000000e+00
2.625000000000000000e+00,-8.326420190236685781e-02,-2.622407571340540366e-02,7.699900000000000633e-01,1.937687209750810004e-17,-4.592834887361405677e-17,-4.369074546595186348e-14,1.000000000000000000e+00
2.627083333333333215e+00,-8.326420190236685781e-02,-2.622407571340540366e-02,7.699900000000000633e-01,1.937687209750810004e-17,-4.593099790266319656e-17,-4.369074546595186348e-14,1.000000000000000000e+00
2.629166666666666430e+00,-8.326420190236685781e-02,-2.622407571340540366e-02,7.699900000000000633e-01,1.937687209750810004e-17,-4.593168746665973629e-17,-4.369074546595186348e-14,1.000000000000000000e+00
2.631250000000000089e+00,-8.326420190236685781e-02,-2.622407571340540366e-02,7.699900000000000633e-01,1.937687209750810004e-17,-4.593186696582585581e-17,-4.369074546595186348e-14,1.000000000000000000e+00
2.633333333333333304e+00,-8.326420190236685781e-02,-2.622407571340540366e-02,7.699900000000000633e-01,1.937687209750810004e-17,-4.593191369093157029e-17,-4.369074546595186348e-14,1.000000000000000000e+00
2.635416666666666519e+00,-8.326420190236685781e-02,-2.622407571340540366e-02,7.699900000000000633e-01,1.937687209750810004e-17,-4.593192585385996222e-17,-4.369074546595186348e-14,1.000000000000000000e+00
2.637500000000000178e+00,-8.326420190236685781e-02,-2.622407571340540366e-02,7.699900000000000633e-01,1.937687209750810004e-17,-4.593192901997001793e-17,-4.369074546595186348e-14,1.000000000000000000e+00
2.639583333333333393e+00,-8.326420190236685781e-02,-2.622407571340540366e-02,7.699900000000000633e-01,1.937687209750810004e-17,-4.593192984413444546e-17,-4.369074546595186348e-14,1.000000000000000000e+00
2.641666666666666607e+00,-8.326420190236685781e-02,-2.622407571340540366e-02,7.699900000000000633e-01,1.937687209750810004e-17,-4.593193005867121451e-17,-4.369074546595186348e-14,1.000000000000000000e+00
2.643749999999999822e+00,-8.326420190236685781e-02,-2.622407571340540366e-02,7.699900000000000633e-01,1.937687209750810004e-17,-4.593193011451689667e-17,-4.369074546595186348e-14,1.000000000000000000e+00
2.645833333333333481e+00,-8.326420190236685781e-02,-2.622407571340540366e-02,7.699900000000000633e-01,1.937687209750810004e-17,-4.593193012905398229e-17,-4.369074546595186348e-14,1.000000000000000000e+00
2.647916666666666696e+00,-8.326420190236685781e-02,-2.622407571340540366e-02,7.699900000000000633e-01,1.937687209750810004e-17,-4.593193013283809258e-17,-4.369074546595186348e-14,1.000000000000000000e+00
2.649999999999999911e+00,-8.326420190236685781e-02,-2.622407571340540366e-02,7.699900000000000633e-01,1.937687209750810004e-17,-4.593193013382313950e-17,-4.369074546595186348e-14,1.000000000000000000e+00
2.652083333333333126e+00,-8.326420190236685781e-02,-2.622407571340540366e-02,7.699900000000000633e-01,1.937687209750810004e-17,-4.593193013407955627e-17,-4.369074546595186348e-14,1.000000000000000000e+00
2.654166666666666785e+00,-8.326420190236685781e-02,-2.622407571340540366e-02,7.699900000000000633e-01,1.937687209750810004e-17,-4.593193013414630130e-17,-4.369074546595186348e-14,1.000000000000000000e+00
2.656250000000000000e+00,-8.326420190236685781e-02,-2.622407571340540366e-02,7.699900000000000633e-01,1.937687209750810004e-17,-4.593193013416368089e-17,-4.369074546595186348e-14,1.000000000000000000e+00
2.658333333333333215e+00,-8.326420190236685781e-02,-2.622407571340540366e-02,7.699900000000000633e-01,1.937687209750810004e-17,-4.593193013416820451e-17,-4.369074546595186348e-14,1.000000000000000000e+00
2.660416666666666430e+00,-8.326420190236685781e-02,-2.622407571340540366e-02,7.699900000000000633e-01,1.937687209750810004e-17,-4.593193013416937548e-17,-4.369074546595186348e-14,1.000000000000000000e+00
2.662500000000000089e+00,-8.326420190236685781e-02,-2.622407571340540366e-02,7.699900000000000633e-01,1.937687209750810004e-17,-4.593193013416968363e-17,-4.369074546595186348e-14,1.000000000000000000e+00
2.664583333333333304e+00,-8.326420190236685781e-02,-2.622407571340540366e-02,7.699900000000000633e-01,1.937687209750810004e-17,-4.593193013416975758e-17,-4.369074546595186348e-14,1.000000000000000000e+00
2.666666666666666519e+00,-8.326420190236685781e-02,-2.622407571340540366e-02,7.699900000000000633e-01,1.937687209750810004e-17,-4.593193013416978223e-17,-4.369074546595186348e-14,1.000000000000000000e+00
2.668750000000000178e+00,-8.326420190236685781e-02,-2.622407571340540366e-02,7.699900000000000633e-01,1.937687209750810004e-17,-4.593193013416979456e-17,-4.369074546595186348e-14,1.000000000000000000e+00
2.670833333333333393e+00,-8.326420190236685781e-02,-2.622407571340540366e-02,7.699900000000000633e-01,1.937687209750810004e-17,-4.593193013416979456e-17,-4.369074546595186348e-14,1.000000000000000000e+00
2.672916666666666607e+00,-8.326420190236685781e-02,-2.622407571340540366e-02,7.699900000000000633e-01,1.937687209750810004e-17,-4.593193013416979456e-17,-4.369074546595186348e-14,1.000000000000000000e+00
2.674999999999999822e+00,-8.326420190236685781e-02,-2.622407571340540366e-02,7.699900000000000633e-01,1.937687209750810004e-17,-4.593193013416979456e-17,-4.369074546595186348e-14,1.000000000000000000e+00
2.677083333333333481e+00,-8.326420190236685781e-02,-2.622407571340540366e-02,7.699900000000000633e-01,1.937687209750810004e-17,-4.593193013416979456e-17,-4.369074546595186348e-14,1.000000000000000000e+00
2.679166666666666696e+00,-8.326420190236685781e-02,-2.622407571340540366e-02,7.699900000000000633e-01,1.937687209750810004e-17,-4.593193013416979456e-17,-4.369074546595186348e-14,1.000000000000000000e+00
2.681249999999999911e+00,-8.326420190236685781e-02,-2.622407571340540366e-02,7.699900000000000633e-01,1.937687209750810004e-17,-4.593193013416979456e-17,-4.369074546595186348e-14,1.000000000000000000e+00
2.683333333333333126e+00,-8.326420190236685781e-02,-2.622407571340540366e-02,7.699900000000000633e-01,1.937687209750810004e-17,-4.593193013416979456e-17,-4.369074546595186348e-14,1.000000000000000000e+00
2.685416666666666785e+00,-8.326420190236685781e-02,-2.622407571340540366e-02,7.699900000000000633e-01,1.937687209750810004e-17,-4.593193013416979456e-17,-4.369074546595186348e-14,1.000000000000000000e+00
2.687500000000000000e+00,-8.326420190236685781e-02,-2.622407571340540366e-02,7.699900000000000633e-01,1.937687209750810004e-17,-4.593193013416979456e-17,-4.369074546595186348e-14,1.000000000000000000e+00
2.689583333333333215e+00,-8.326420190236685781e-02,-2.622407571340540366e-02,7.699900000000000633e-01,1.937687209750810004e-17,-4.593193013416979456e-17,-4.369074546595186348e-14,1.000000000000000000e+00
2.691666666666666430e+00,-8.326420190236685781e-02,-2.622407571340540366e-02,7.699900000000000633e-01,1.937687209750810004e-17,-4.593193013416979456e-17,-4.369074546595186348e-14,1.000000000000000000e+00
2.693750000000000089e+00,-8.326420190236685781e-02,-2.622407571340540366e-02,7.699900000000000633e-01,1.937687209750810004e-17,-4.593193013416979456e-17,-4.369074546595186348e-14,1.000000000000000000e+00
2.695833333333333304e+00,-8.326420190236685781e-02,-2.622407571340540366e-02,7.699900000000000633e-01,1.937687209750810004e-17,-4.593193013416979456e-17,-4.369074546595186348e-14,1.000000000000000000e+00
2.697916666666666519e+00,-8.326420190236685781e-02,-2.622407571340540366e-02,7.699900000000000633e-01,1.937687209750810004e-17,-4.593193013416979456e-17,-4.369074546595186348e-14,1.000000000000000000e+00
2.700000000000000178e+00,-8.326420190236685781e-02,-2.622407571340540366e-02,7.699900000000000633e-01,1.937687209750810004e-17,-4.593193013416979456e-17,-4.369074546595186348e-14,1.000000000000000000e+00
2.702083333333333393e+00,-8.326420190236685781e-02,-2.622407571340540366e-02,7.699900000000000633e-01,1.937687209750810004e-17,-4.593193013416979456e-17,-4.369074546595186348e-14,1.000000000000000000e+00
2.704166666666666607e+00,-8.326420190236685781e-02,-2.622407571340540366e-02,7.699900000000000633e-01,1.937687209750810004e-17,-4.593193013416979456e-17,-4.369074546595186348e-14,1.000000000000000000e+00
2.706249999999999822e+00,-8.326420190236685781e-02,-2.622407571340540366e-02,7.699900000000000633e-01,1.937687209750810004e-17,-4.593193013416979456e-17,-4.369074546595186348e-14,1.000000000000000000e+00
2.708333333333333481e+00,-8.326420190236685781e-02,-2.622407571340540366e-02,7.699900000000000633e-01,1.937687209750810004e-17,-4.593193013416979456e-17,-4.369074546595186348e-14,1.000000000000000000e+00
2.710416666666666696e+00,-8.326420190236685781e-02,-2.622407571340540366e-02,7.699900000000000633e-01,1.937687209750810004e-17,-4.593193013416979456e-17,-4.369074546595186348e-14,1.000000000000000000e+00
2.712499999999999911e+00,-8.326420190236685781e-02,-2.622407571340540366e-02,7.699900000000000633e-01,1.937687209750810004e-17,-4.593193013416979456e-17,-4.369074546595186348e-14,1.000000000000000000e+00
2.714583333333333126e+00,-8.326420190236685781e-02,-2.622407571340540366e-02,7.699900000000000633e-01,1.937687209750810004e-17,-4.593193013416979456e-17,-4.369074546595186348e-14,1.000000000000000000e+00
2.716666666666666785e+00,-8.326420190236685781e-02,-2.622407571340540366e-02,7.699900000000000633e-01,1.937687209750810004e-17,-4.593193013416979456e-17,-4.369074546595186348e-14,1.000000000000000000e+00
2.718750000000000000e+00,-8.326420190236685781e-02,-2.622407571340540366e-02,7.699900000000000633e-01,1.937687209750810004e-17,-4.593193013416979456e-17,-4.369074546595186348e-14,1.000000000000000000e+00
2.720833333333333215e+00,-8.326420190236685781e-02,-2.622407571340540366e-02,7.699900000000000633e-01,1.937687209750810004e-17,-4.593193013416979456e-17,-4.369074546595186348e-14,1.000000000000000000e+00
2.722916666666666430e+00,-8.326420190236685781e-02,-2.622407571340540366e-02,7.699900000000000633e-01,1.937687209750810004e-17,-4.593193013416979456e-17,-4.369074546595186348e-14,1.000000000000000000e+00
2.725000000000000089e+00,-8.326420190236685781e-02,-2.622407571340540366e-02,7.699900000000000633e-01,1.937687209750810004e-17,-4.593193013416979456e-17,-4.369074546595186348e-14,1.000000000000000000e+00
2.727083333333333304e+00,-8.326420190236685781e-02,-2.622407571340540366e-02,7.699900000000000633e-01,1.937687209750810004e-17,-4.593193013416979456e-17,-4.369074546595186348e-14,1.000000000000000000e+00
2.729166666666666519e+00,-8.326420190236685781e-02,-2.622407571340540366e-02,7.699900000000000633e-01,1.937687209750810004e-17,-4.593193013416979456e-17,-4.369074546595186348e-14,1.000000000000000000e+00
2.731250000000000178e+00,-8.326420190236685781e-02,-2.622407571340540366e-02,7.699900000000000633e-01,1.937687209750810004e-17,-4.593193013416979456e-17,-4.369074546595186348e-14,1.000000000000000000e+00
2.733333333333333393e+00,-8.326420190236685781e-02,-2.622407571340540366e-02,7.699900000000000633e-01,1.937687209750810004e-17,-4.593193013416979456e-17,-4.369074546595186348e-14,1.000000000000000000e+00
2.735416666666666607e+00,-8.326420190236685781e-02,-2.622407571340540366e-02,7.699900000000000633e-01,1.937687209750810004e-17,-4.593193013416979456e-17,-4.369074546595186348e-14,1.000000000000000000e+00
2.737499999999999822e+00,-8.326420190236685781e-02,-2.622407571340540366e-02,7.699900000000000633e-01,1.937687209750810004e-17,-4.593193013416979456e-17,-4.369074546595186348e-14,1.000000000000000000e+00
2.739583333333333481e+00,-8.326420190236685781e-02,-2.622407571340540366e-02,7.699900000000000633e-01,1.937687209750810004e-17,-4.593193013416979456e-17,-4.369074546595186348e-14,1.000000000000000000e+00
2.741666666666666696e+00,-8.326420190236685781e-02,-2.622407571340540366e-02,7.699900000000000633e-01,1.937687209750810004e-17,-4.593193013416979456e-17,-4.369074546595186348e-14,1.000000000000000000e+00
2.743749999999999911e+00,-8.326420190236685781e-02,-2.622407571340540366e-02,7.699900000000000633e-01,1.937687209750810004e-17,-4.593193013416979456e-17,-4.369074546595186348e-14,1.000000000000000000e+00
2.745833333333333126e+00,-8.326420190236685781e-02,-2.622407571340540366e-02,7.699900000000000633e-01,1.937687209750810004e-17,-4.593193013416979456e-17,-4.369074546595186348e-14,1.000000000000000000e+00
2.747916666666666785e+00,-8.326420190236685781e-02,-2.622407571340540366e-02,7.699900000000000633e-01,1.937687209750810004e-17,-4.593193013416979456e-17,-4.369074546595186348e-14,1.000000000000000000e+00
2.750000000000000000e+00,-8.326420190236685781e-02,-2.622407571340540366e-02,7.699900000000000633e-01,1.937687209750810004e-17,-4.593193013416979456e-17,-4.369074546595186348e-14,1.000000000000000000e+00
2.752083333333333215e+00,-8.326420190236685781e-02,-2.622407571340540366e-02,7.699900000000000633e-01,1.937687209750810004e-17,-4.593193013416979456e-17,-4.369074546595186348e-14,1.000000000000000000e+00
2.754166666666666430e+00,-8.326420190236685781e-02,-2.622407571340540366e-02,7.699900000000000633e-01,1.937687209750810004e-17,-4.593193013416979456e-17,-4.369074546595186348e-14,1.000000000000000000e+00
2.756250000000000089e+00,-8.326420190236685781e-02,-2.622407571340540366e-02,7.699900000000000633e-01,1.937687209750810004e-17,-4.595914480397976729e-17,-4.369074546595186348e-14,1.000000000000000000e+00
2.758333333333333304e+00,-8.326420190236685781e-02,-2.622407571340540366e-02,7.699900000000000633e-01,1.937687209750810004e-17,-4.596622900582535351e-17,-4.369074546595186348e-14,1.000000000000000000e+00
2.760416666666666519e+00,-8.326420190236685781e-02,-2.622407571340540366e-02,7.699900000000000633e-01,1.937687209750810004e-17,-4.596807308169103079e-17,-4.369074546595186348e-14,1.000000000000000000e+00
2.762500000000000178e+00,-8.326420190236685781e-02,-2.622407571340540366e-02,7.699900000000000633e-01,1.937687209750810004e-17,-4.596855310976934512e-17,-4.369074546595186348e-14,1.000000000000000000e+00
2.764583333333333393e+00,-8.326420190236685781e-02,-2.622407571340540366e-02,7.699900000000000633e-01,1.937687209750810004e-17,-4.596867806501671961e-17,-4.369074546595186348e-14,1.000000000000000000e+00
2.766666666666666607e+00,-8.326420190236685781e-02,-2.622407571340540366e-02,7.699900000000000633e-01,1.937687209750810004e-17,-4.596871059189284734e-17,-4.369074546595186348e-14,1.000000000000000000e+00
2.768749999999999822e+00,-8.326420190236685781e-02,-2.622407571340540366e-02,7.699900000000000633e-01,1.937687209750810004e-17,-4.596871905890559291e-17,-4.369074546595186348e-14,1.000000000000000000e+00
2.770833333333333481e+00,-8.326420190236685781e-02,-2.622407571340540366e-02,7.699900000000000633e-01,1.937687209750810004e-17,-4.596872126293849007e-17,-4.369074546595186348e-14,1.000000000000000000e+00
2.772916666666666696e+00,-8.326420190236685781e-02,-2.622407571340540366e-02,7.699900000000000633e-01,1.937687209750810004e-17,-4.596872183666633367e-17,-4.369074546595186348e-14,1.000000000000000000e+00
2.774999999999999911e+00,-8.326420190236685781e-02,-2.622407571340540366e-02,7.699900000000000633e-01,1.937687209750810004e-17,-4.596872198601239556e-17,-4.369074546595186348e-14,1.000000000000000000e+00
2.777083333333333126e+00,-8.326420190236685781e-02,-2.622407571340540366e-02,7.699900000000000633e-01,1.937687209750810004e-17,-4.596872202488839775e-17,-4.369074546595186348e-14,1.000000000000000000e+00
2.779166666666666785e+00,-8.326420190236685781e-02,-2.622407571340540366e-02,7.699900000000000633e-01,1.937687209750810004e-17,-4.596872203500814579e-17,-4.369074546595186348e-14,1.000000000000000000e+00
2.781250000000000000e+00,-8.326420190236685781e-02,-2.622407571340540366e-02,7.699900000000000633e-01,1.937687209750810004e-17,-4.596872203764239887e-17,-4.369074546595186348e-14,1.000000000000000000e+00
2.783333333333333215e+00,-8.326420190236685781e-02,-2.622407571340540366e-02,7.699900000000000633e-01,1.937687209750810004e-17,-4.596872203832812238e-17,-4.369074546595186348e-14,1.000000000000000000e+00
2.785416666666666430e+00,-8.326420190236685781e-02,-2.622407571340540366e-02,7.699900000000000633e-01,1.937687209750810004e-17,-4.594150736869663560e-17,-4.369074546595186348e-14,1.000000000000000000e+00
2.787500000000000089e+00,-8.326420190236685781e-02,-2.622407571340540366e-02,7.699900000000000633e-01,1.937687209750810004e-17,-4.593442316689753053e-17,-4.369074546595186348e-14,1.000000000000000000e+00
2.789583333333333304e+00,-8.326420190236685781e-02,-2.622407571340540366e-02,7.699900000000000633e-01,1.937687209750810004e-17,-4.593257909104393885e-17,-4.369074546595186348e-14,1.000000000000000000e+00
2.791666666666666519e+00,-8.326420190236685781e-02,-2.622407571340540366e-02,7.699900000000000633e-01,1.937687209750810004e-17,-4.593209906296876148e-17,-4.369074546595186348e-14,1.000000000000000000e+00
2.793750000000000178e+00,-8.326420190236685781e-02,-2.622407571340540366e-02,7.699900000000000633e-01,1.954016011636794872e-17,-4.593197410772220050e-17,-4.369074546595186348e-14,1.000000000000000000e+00
2.795833333333333393e+00,-8.326420190236685781e-02,-2.622407571340540366e-02,7.699900000000000633e-01,1.958266532744141986e-17,-4.593194158084627615e-17,-4.369074546595186348e-14,1.000000000000000000e+00
2.797916666666666607e+00,-8.326420190236685781e-02,-2.622407571340540366e-02,7.699900000000000633e-01,1.959372978263547426e-17,-4.593193311383359837e-17,-4.369074546595186348e-14,1.000000000000000000e+00
2.799999999999999822e+00,-8.326420190236685781e-02,-2.622407571340540366e-02,7.699900000000000633e-01,1.959660995110539413e-17,-4.593193090980071354e-17,-4.369074546595186348e-14,1.000000000000000000e+00
2.802083333333333481e+00,-8.326420190236685781e-02,-2.622407571340540366e-02,7.699900000000000633e-01,1.959735968258965339e-17,-4.593193033607288226e-17,-4.369074546595186348e-14,1.000000000000000000e+00
2.804166666666666696e+00,-8.326420190236685781e-02,-2.622407571340540366e-02,7.699900000000000633e-01,1.959755484384648760e-17,-4.593193018672682037e-17,-4.369074546595186348e-14,1.000000000000000000e+00
2.806249999999999911e+00,-8.326420190236685781e-02,-2.622407571340540366e-02,7.699900000000000633e-01,1.959760564592292097e-17,-4.593193014785081202e-17,-4.369074546595186348e-14,1.000000000000000000e+00
2.808333333333333126e+00,-8.326420190236685781e-02,-2.622407571340540366e-02,7.699900000000000633e-01,1.959761887012024226e-17,-4.593193013773107014e-17,-4.369074546595186348e-14,1.000000000000000000e+00
2.810416666666666785e+00,-8.326420190236685781e-02,-2.622407571340540366e-02,7.699900000000000633e-01,1.959762231248731313e-17,-4.593193013509681706e-17,-4.369074546595186348e-14,1.000000000000000000e+00
2.812500000000000000e+00,-8.326420190236685781e-02,-2.622407571340540366e-02,7.699900000000000633e-01,1.959762320856370298e-17,-4.593193013441109972e-17,-4.369074546595186348e-14,1.000000000000000000e+00
2.814583333333333215e+00,-8.326420190236685781e-02,-2.622407571340540366e-02,7.699900000000000633e-01,1.959762344181973764e-17,-4.593193013423259528e-17,-4.369074546595186348e-14,1.000000000000000000e+00
2.816666666666666430e+00,-8.326420190236685781e-02,-2.622407571340540366e-02,7.699900000000000633e-01,1.959762350253820127e-17,-4.593193013418613261e-17,-4.369074546595186348e-14,1.000000000000000000e+00
2.818750000000000089e+00,-8.326420190236685781e-02,-2.622407571340540366e-02,7.699900000000000633e-01,1.959762351834371360e-17,-4.593193013417404085e-17,-4.369074546595186348e-14,1.000000000000000000e+00
2.820833333333333304e+00,-8.326420190236685781e-02,-2.622407571340540366e-02,7.699900000000000633e-01,1.959762352245801765e-17,-4.593193013417087924e-17,-4.369074546595186348e-14,1.000000000000000000e+00
2.822916666666666519e+00,-8.326420190236685781e-02,-2.622407571340540366e-02,7.699900000000000633e-01,1.959762352352900726e-17,-4.593193013417007806e-17,-4.369074546595186348e-14,1.000000000000000000e+00
2.825000000000000178e+00,-8.326420190236685781e-02,-2.622407571340540366e-02,7.699900000000000633e-01,1.959762352380779564e-17,-4.593193013416985619e-17,-4.369074546595186348e-14,1.000000000000000000e+00
2.827083333333333393e+00,-8.326420190236685781e-02,-2.622407571340540366e-02,7.699900000000000633e-01,1.959762352388036468e-17,-4.593193013416980072e-17,-4.369074546595186348e-14,1.000000000000000000e+00
2.829166666666666607e+00,-8.326420190236685781e-02,-2.622407571340540366e-02,7.699900000000000633e-01,1.959762352389925420e-17,-4.593193013416978840e-17,-4.369074546595186348e-14,1.000000000000000000e+00
2.831249999999999822e+00,-8.326420190236685781e-02,-2.622407571340540366e-02,7.699900000000000633e-01,1.959762352390417225e-17,-4.593193013416978840e-17,-4.369074546595186348e-14,1.000000000000000000e+00
2.833333333333333481e+00,-8.326420190236685781e-02,-2.622407571340540366e-02,7.699900000000000633e-01,1.959762352390545107e-17,-4.593193013416978840e-17,-4.369074546595186348e-14,1.000000000000000000e+00
2.835416666666666696e+00,-8.326420190236685781e-02,-2.622407571340540366e-02,7.699900000000000633e-01,1.959762352390578695e-17,-4.593193013416978840e-17,-4.369074546595186348e-14,1.000000000000000000e+00
2.837499999999999911e+00,-8.326420190236685781e-02,-2.622407571340540366e-02,7.699900000000000633e-01,1.959762352390587324e-17,-4.593193013416978840e-17,-4.369074546595186348e-14,1.000000000000000000e+00
2.839583333333333126e+00,-8.326420190236685781e-02,-2.622407571340540366e-02,7.699900000000000633e-01,1.959762352390589789e-17,-4.593193013416978840e-17,-4.369074546595186348e-14,1.000000000000000000e+00
2.841666666666666785e+00,-8.326420190236685781e-02,-2.622407571340540366e-02,7.699900000000000633e-01,1.959762352390589789e-17,-4.593193013416978840e-17,-4.369074546595186348e-14,1.000000000000000000e+00
2.843750000000000000e+00,-8.326420190236685781e-02,-2.622407571340540366e-02,7.699900000000000633e-01,1.959762352390589789e-17,-4.593193013416978840e-17,-4.369074546595186348e-14,1.000000000000000000e+00
2.845833333333333215e+00,-8.326420190236685781e-02,-2.622407571340540366e-02,7.699900000000000633e-01,1.959762352390589789e-17,-4.593193013416978840e-17,-4.369074546595186348e-14,1.000000000000000000e+00
2.847916666666666430e+00,-8.326420190236685781e-02,-2.622407571340540366e-02,7.699900000000000633e-01,1.959762352390589789e-17,-4.593193013416978840e-17,-4.369074546595186348e-14,1.000000000000000000e+00
2.850000000000000089e+00,-8.326420190236685781e-02,-2.622407571340540366e-02,7.699900000000000633e-01,1.959762352390589789e-17,-4.593193013416978840e-17,-4.369074546595186348e-14,1.000000000000000000e+00
2.852083333333333304e+00,-8.326420190236685781e-02,-2.622407571340540366e-02,7.699900000000000633e-01,1.959762352390589789e-17,-4.593193013416978840e-17,-4.369074546595186348e-14,1.000000000000000000e+00
2.854166666666666519e+00,-8.326420190236685781e-02,-2.622407571340540366e-02,7.699900000000000633e-01,1.989962771815318447e-17,-4.593193013416978840e-17,-4.369074546595186348e-14,1.000000000000000000e+00
2.856250000000000178e+00,-8.326420190236685781e-02,-2.622407571340540366e-02,7.699900000000000633e-01,1.997824188783438088e-17,-4.593193013416978840e-17,-4.369074546595186348e-14,1.000000000000000000e+00
2.858333333333333393e+00,-8.326420190236685781e-02,-2.622407571340540366e-02,7.699900000000000633e-01,1.999870580122494753e-17,-4.593193013416978840e-17,-4.369074546595186348e-14,1.000000000000000000e+00
2.860416666666666607e+00,-8.326420190236685781e-02,-2.622407571340540366e-02,7.699900000000000633e-01,2.000403272578517016e-17,-4.593193013416978840e-17,-4.369074546595186348e-14,1.000000000000000000e+00
2.862499999999999822e+00,-8.326420190236685781e-02,-2.622407571340540366e-02,7.699900000000000633e-01,2.000541936795516036e-17,-4.593193013416978840e-17,-4.369074546595186348e-14,1.000000000000000000e+00
2.864583333333333481e+00,-8.326420190236685781e-02,-2.622407571340540366e-02,7.699900000000000633e-01,2.000578032228928848e-17,-4.593193013416978840e-17,-4.369074546595186348e-14,1.000000000000000000e+00
2.866666666666666696e+00,-8.326420190236685781e-02,-2.622407571340540366e-02,7.699900000000000633e-01,2.000587428166406153e-17,-4.593193013416978840e-17,-4.369074546595186348e-14,1.000000000000000000e+00
2.868749999999999911e+00,-8.326420190236685781e-02,-2.622407571340540366e-02,7.699900000000000633e-01,2.000589874006024419e-17,-4.593193013416978840e-17,-4.369074546595186348e-14,1.000000000000000000e+00
2.870833333333333126e+00,-8.326420190236685781e-02,-2.622407571340540366e-02,7.699900000000000633e-01,2.000590510678144921e-17,-4.593193013416978840e-17,-4.369074546595186348e-14,1.000000000000000000e+00
2.872916666666666785e+00,-8.326420190236685781e-02,-2.622407571340540366e-02,7.699900000000000633e-01,2.000590676409121143e-17,-4.593193013416978840e-17,-4.369074546595186348e-14,1.000000000000000000e+00
2.875000000000000000e+00,-8.326420190236685781e-02,-2.622407571340540366e-02,7.699900000000000633e-01,2.000590719550254499e-17,-4.593193013416978840e-17,-4.369074546595186348e-14,1.000000000000000000e+00
2.877083333333333215e+00,-8.326420190236685781e-02,-2.622407571340540366e-02,7.699900000000000633e-01,2.000590730780245694e-17,-4.593193013416978840e-17,-4.369074546595186348e-14,1.000000000000000000e+00
2.879166666666666430e+00,-8.326420190236685781e-02,-2.622407571340540366e-02,7.699900000000000633e-01,2.000590733703504439e-17,-4.593193013416978840e-17,-4.369074546595186348e-14,1.000000000000000000e+00
2.881250000000000089e+00,-8.326420190236685781e-02,-2.622407571340540366e-02,7.699900000000000633e-01,2.000590734464452610e-17,-4.593193013416978840e-17,-4.369074546595186348e-14,1.000000000000000000e+00
2.883333333333333304e+00,-8.326420190236685781e-02,-2.622407571340540366e-02,7.699900000000000633e-01,2.000590734662533427e-17,-4.593193013416978840e-17,-4.369074546595186348e-14,1.000000000000000000e+00
2.885416666666666519e+00,-8.326420190236685781e-02,-2.622407571340540366e-02,7.699900000000000633e-01,2.000590734714095656e-17,-4.593193013416978840e-17,-4.369074546595186348e-14,1.000000000000000000e+00
2.887500000000000178e+00,-8.326420190236685781e-02,-2.622407571340540366e-02,7.699900000000000633e-01,2.000590734727518001e-17,-4.593193013416978840e-17,-4.369074546595186348e-14,1.000000000000000000e+00
2.889583333333333393e+00,-8.326420190236685781e-02,-2.622407571340540366e-02,7.699900000000000633e-01,2.000590734731011792e-17,-4.593193013416978840e-17,-4.369074546595186348e-14,1.000000000000000000e+00
2.891666666666666607e+00,-8.326420190236685781e-02,-2.622407571340540366e-02,7.699900000000000633e-01,2.000590734731921139e-17,-4.593193013416978840e-17,-4.369074546595186348e-14,1.000000000000000000e+00
2.893749999999999822e+00,-8.326420190236685781e-02,-2.622407571340540366e-02,7.699900000000000633e-01,2.000590734732158722e-17,-4.593193013416978840e-17,-4.369074546595186348e-14,1.000000000000000000e+00
2.895833333333333481e+00,-8.326420190236685781e-02,-2.622407571340540366e-02,7.699900000000000633e-01,2.000590734732219735e-17,-4.593193013416978840e-17,-4.369074546595186348e-14,1.000000000000000000e+00
2.897916666666666696e+00,-8.326420190236685781e-02,-2.622407571340540366e-02,7.699900000000000633e-01,2.000590734732235451e-17,-4.593193013416978840e-17,-4.369074546595186348e-14,1.000000000000000000e+00
2.899999999999999911e+00,-8.326420190236685781e-02,-2.622407571340540366e-02,7.699900000000000633e-01,2.000590734732239457e-17,-4.593193013416978840e-17,-4.369074546595186348e-14,1.000000000000000000e+00
2.902083333333333126e+00,-8.326420190236685781e-02,-2.622407571340540366e-02,7.699900000000000633e-01,2.000590734732240689e-17,-4.593193013416978840e-17,-4.369074546595186348e-14,1.000000000000000000e+00
2.904166666666666785e+00,-8.326420190236685781e-02,-2.622407571340540366e-02,7.699900000000000633e-01,2.000590734732240997e-17,-4.593193013416978840e-17,-4.369074546595186348e-14,1.000000000000000000e+00
2.906250000000000000e+00,-8.326420190236685781e-02,-2.622407571340540366e-02,7.699900000000000633e-01,2.000590734732240997e-17,-4.593193013416978840e-17,-4.369074546595186348e-14,1.000000000000000000e+00
2.908333333333333215e+00,-8.326420190236685781e-02,-2.622407571340540366e-02,7.699900000000000633e-01,2.000590734732240997e-17,-4.593193013416978840e-17,-4.369074546595186348e-14,1.000000000000000000e+00
2.910416666666666430e+00,-8.326420190236685781e-02,-2.622407571340540366e-02,7.699900000000000633e-01,2.000590734732240997e-17,-4.593193013416978840e-17,-4.369074546595186348e-14,1.000000000000000000e+00
2.912500000000000089e+00,-8.326420190236685781e-02,-2.622407571340540366e-02,7.699900000000000633e-01,2.000590734732240997e-17,-4.593193013416978840e-17,-4.369074546595186348e-14,1.000000000000000000e+00
2.914583333333333304e+00,-8.326420190236685781e-02,-2.622407571340540366e-02,7.699900000000000633e-01,2.000590734732240997e-17,-4.593193013416978840e-17,-4.369074546595186348e-14,1.000000000000000000e+00
2.916666666666666519e+00,-8.326420190236685781e-02,-2.622407571340540366e-02,7.699900000000000633e-01,2.000590734732240997e-17,-4.593193013416978840e-17,-4.369074546595186348e-14,1.000000000000000000e+00
2.918750000000000178e+00,-8.326420190236685781e-02,-2.622407571340540366e-02,7.699900000000000633e-01,2.000590734732240997e-17,-4.593193013416978840e-17,-4.369074546595186348e-14,1.000000000000000000e+00
2.920833333333333393e+00,-8.326420190236685781e-02,-2.622407571340540366e-02,7.699900000000000633e-01,2.000590734732240997e-17,-4.593193013416978840e-17,-4.369074546595186348e-14,1.000000000000000000e+00
2.922916666666666607e+00,-8.326420190236685781e-02,-2.622407571340540366e-02,7.699900000000000633e-01,2.000590734732240997e-17,-4.593193013416978840e-17,-4.369074546595186348e-14,1.000000000000000000e+00
2.924999999999999822e+00,-8.326420190236685781e-02,-2.622407571340540366e-02,7.699900000000000633e-01,2.000590734732240997e-17,-4.593193013416978840e-17,-4.369074546595186348e-14,1.000000000000000000e+00
2.927083333333333481e+00,-8.326420190236685781e-02,-2.622407571340540366e-02,7.699900000000000633e-01,2.000590734732240997e-17,-4.593193013416978840e-17,-4.369074546595186348e-14,1.000000000000000000e+00
2.929166666666666696e+00,-8.326420190236685781e-02,-2.622407571340540366e-02,7.699900000000000633e-01,2.000590734732240997e-17,-4.593193013416978840e-17,-4.369074546595186348e-14,1.000000000000000000e+00
2.931249999999999911e+00,-8.326420190236685781e-02,-2.622407571340540366e-02,7.699900000000000633e-01,2.000590734732240997e-17,-4.593193013416978840e-17,-4.369074546595186348e-14,1.000000000000000000e+00
2.933333333333333126e+00,-8.326420190236685781e-02,-2.622407571340540366e-02,7.699900000000000633e-01,2.000590734732240997e-17,-4.593193013416978840e-17,-4.369074546595186348e-14,1.000000000000000000e+00
2.935416666666666785e+00,-8.326420190236685781e-02,-2.622407571340540366e-02,7.699900000000000633e-01,2.000590734732240997e-17,-4.593193013416978840e-17,-4.369074546595186348e-14,1.000000000000000000e+00
2.937500000000000000e+00,-8.326420190236685781e-02,-2.622407571340540366e-02,7.699900000000000633e-01,2.000590734732240997e-17,-4.593193013416978840e-17,-4.369074546595186348e-14,1.000000000000000000e+00
2.939583333333333215e+00,-8.326420190236685781e-02,-2.622407571340540366e-02,7.699900000000000633e-01,2.000590734732240997e-17,-4.593193013416978840e-17,-4.369074546595186348e-14,1.000000000000000000e+00
2.941666666666666430e+00,-8.326420190236685781e-02,-2.622407571340540366e-02,7.699900000000000633e-01,2.000590734732240997e-17,-4.593193013416978840e-17,-4.369074546595186348e-14,1.000000000000000000e+00
2.943750000000000089e+00,-8.326420190236685781e-02,-2.622407571340540366e-02,7.699900000000000633e-01,2.000590734732240997e-17,-4.593193013416978840e-17,-4.369074546595186348e-14,1.000000000000000000e+00
2.945833333333333304e+00,-8.326420190236685781e-02,-2.622407571340540366e-02,7.699900000000000633e-01,2.000590734732240997e-17,-4.593193013416978840e-17,-4.369074546595186348e-14,1.000000000000000000e+00
2.947916666666666519e+00,-8.326420190236685781e-02,-2.622407571340540366e-02,7.699900000000000633e-01,2.000590734732240997e-17,-4.603191800929219260e-17,-4.369074546595186348e-14,1.000000000000000000e+00
2.950000000000000178e+00,-8.326420190236685781e-02,-2.622407571340540366e-02,7.699900000000000633e-01,2.000590734732240997e-17,-4.610895989557975892e-17,-4.369074546595186348e-14,1.000000000000000000e+00
2.952083333333333393e+00,-8.326420190236685781e-02,-2.622407571340540366e-02,7.699900000000000633e-01,2.000590734732240997e-17,-4.612901453070251411e-17,-4.369074546595186348e-14,1.000000000000000000e+00
2.954166666666666607e+00,-8.326420190236685781e-02,-2.622407571340540366e-02,7.699900000000000633e-01,2.000590734732240997e-17,-4.613423491677153112e-17,-4.369074546595186348e-14,1.000000000000000000e+00
2.956249999999999822e+00,-8.326420190236685781e-02,-2.622407571340540366e-02,7.699900000000000633e-01,2.000590734732240997e-17,-4.613559382609812749e-17,-4.369074546595186348e-14,1.000000000000000000e+00
2.958333333333333481e+00,-8.326420190236685781e-02,-2.622407571340540366e-02,7.699900000000000633e-01,2.000590734732240997e-17,-4.613594756134557601e-17,-4.369074546595186348e-14,1.000000000000000000e+00
2.960416666666666696e+00,-8.326420190236685781e-02,-2.622407571340540366e-02,7.699900000000000633e-01,2.000590734732240997e-17,-4.613603964153285385e-17,-4.369074546595186348e-14,1.000000000000000000e+00
2.962499999999999911e+00,-8.326420190236685781e-02,-2.622407571340540366e-02,7.699900000000000633e-01,2.000590734732240997e-17,-4.613606361076110385e-17,-4.369074546595186348e-14,1.000000000000000000e+00
2.964583333333333126e+00,-8.326420190236685781e-02,-2.622407571340540366e-02,7.699900000000000633e-01,2.000590734732240997e-17,-4.613606985014789137e-17,-4.369074546595186348e-14,1.000000000000000000e+00
2.966666666666666785e+00,-8.326420190236685781e-02,-2.622407571340540366e-02,7.699900000000000633e-01,2.000590734732240997e-17,-4.613607147431147172e-17,-4.369074546595186348e-14,1.000000000000000000e+00
2.968750000000000000e+00,-8.326420190236685781e-02,-2.622407571340540366e-02,7.699900000000000633e-01,2.000590734732240997e-17,-4.613607189709457134e-17,-4.369074546595186348e-14,1.000000000000000000e+00
2.970833333333333215e+00,-8.326420190236685781e-02,-2.622407571340540366e-02,7.699900000000000633e-01,2.000590734732240997e-17,-4.613607200714848227e-17,-4.369074546595186348e-14,1.000000000000000000e+00
2.972916666666666430e+00,-8.326420190236685781e-02,-2.622407571340540366e-02,7.699900000000000633e-01,2.000590734732240997e-17,-4.613607203579641594e-17,-4.369074546595186348e-14,1.000000000000000000e+00
2.975000000000000089e+00,-8.326420190236685781e-02,-2.622407571340540366e-02,7.699900000000000633e-01,2.000590734732240997e-17,-4.613607204325370913e-17,-4.369074546595186348e-14,1.000000000000000000e+00
2.977083333333333304e+00,-8.326420190236685781e-02,-2.622407571340540366e-02,7.699900000000000633e-01,2.000590734732240997e-17,-4.613607204519490476e-17,-4.369074546595186348e-14,1.000000000000000000e+00
2.979166666666666519e+00,-8.326420190236685781e-02,-2.622407571340540366e-02,7.699900000000000633e-01,2.000590734732240997e-17,-4.601228461838654891e-17,-4.369074546595186348e-14,1.000000000000000000e+00
2.981250000000000178e+00,-8.326420190236685781e-02,-2.622407571340540366e-02,7.699900000000000633e-01,2.000590734732240997e-17,-4.598006173552306716e-17,-4.369074546595186348e-14,1.000000000000000000e+00
2.983333333333333393e+00,-8.326420190236685781e-02,-2.622407571340540366e-02,7.699900000000000633e-01,2.000590734732240997e-17,-4.579345708779407118e-17,-4.369074546595186348e-14,1.000000000000000000e+00
2.985416666666666607e+00,-8.326420190236685781e-02,-2.622407571340540366e-02,7.699900000000000633e-01,2.000590734732240997e-17,-4.574488236691501837e-17,-4.369074546595186348e-14,1.000000000000000000e+00
2.987499999999999822e+00,-8.326420190236685781e-02,-2.622407571340540366e-02,7.699900000000000633e-01,2.000590734732240997e-17,-4.573223796851877447e-17,-4.369074546595186348e-14,1.000000000000000000e+00
2.989583333333333481e+00,-8.326420190236685781e-02,-2.622407571340540366e-02,7.699900000000000633e-01,2.000590734732240997e-17,-4.572894652787000877e-17,-4.369074546595186348e-14,1.000000000000000000e+00
2.991666666666666696e+00,-8.326420190236685781e-02,-2.622407571340540366e-02,7.699900000000000633e-01,2.000590734732240997e-17,-4.572808973886315693e-17,-4.369074546595186348e-14,1.000000000000000000e+00
2.993749999999999911e+00,-8.326420190236685781e-02,-2.622407571340540366e-02,7.699900000000000633e-01,2.000590734732240997e-17,-4.572786670965478636e-17,-4.369074546595186348e-14,1.000000000000000000e+00
2.995833333333333126e+00,-8.326420190236685781e-02,-2.622407571340540366e-02,7.699900000000000633e-01,2.000590734732240997e-17,-4.572780865332191539e-17,-4.369074546595186348e-14,1.000000000000000000e+00
2.997916666666666785e+00,-8.326420190236685781e-02,-2.622407571340540366e-02,7.699900000000000633e-01,2.000590734732240997e-17,-4.572779354078212156e-17,-4.369074546595186348e-14,1.000000000000000000e+00
3.000000000000000000e+00,-8.326420190236685781e-02,-2.622407571340540366e-02,7.699900000000000633e-01,2.000590734732240997e-17,-4.572778960686402163e-17,-4.369074546595186348e-14,1.000000000000000000e+00
3.002083333333333215e+00,-8.326420190236685781e-02,-2.622407571340540366e-02,7.699900000000000633e-01,2.000590734732240997e-17,-4.572778858283285837e-17,-4.369074546595186348e-14,1.000000000000000000e+00
3.004166666666666430e+00,-8.326420190236685781e-02,-2.622407571340540366e-02,7.699900000000000633e-01,2.000590734732240997e-17,-4.572778831626914106e-17,-4.369074546595186348e-14,1.000000000000000000e+00
3.006250000000000089e+00,-8.326420190236685781e-02,-2.622407571340540366e-02,7.699900000000000633e-01,2.000590734732240997e-17,-4.572778824688041815e-17,-4.369074546595186348e-14,1.000000000000000000e+00
3.008333333333333304e+00,-8.326420190236685781e-02,-2.622407571340540366e-02,7.699900000000000633e-01,2.000590734732240997e-17,-4.572778822881796245e-17,-4.369074546595186348e-14,1.000000000000000000e+00
3.010416666666666519e+00,-8.326420190236685781e-02,-2.622407571340540366e-02,7.699900000000000633e-01,2.000590734732240997e-17,-4.572778822411616040e-17,-4.369074546595186348e-14,1.000000000000000000e+00
3.012500000000000178e+00,-8.326420190236685781e-02,-2.622407571340540366e-02,7.699900000000000633e-01,2.000590734732240997e-17,-4.572778822289224270e-17,-4.369074546595186348e-14,1.000000000000000000e+00
3.014583333333333393e+00,-8.326420190236685781e-02,-2.622407571340540366e-02,7.699900000000000633e-01,2.000590734732240997e-17,-4.572778822257364767e-17,-4.369074546595186348e-14,1.000000000000000000e+00
3.016666666666666607e+00,-8.326420190236685781e-02,-2.622407571340540366e-02,7.699900000000000633e-01,2.000590734732240997e-17,-4.572778822249071250e-17,-4.369074546595186348e-14,1.000000000000000000e+00
3.018749999999999822e+00,-8.326420190236685781e-02,-2.622407571340540366e-02,7.699900000000000633e-01,2.000590734732240997e-17,-4.572778822246912976e-17,-4.369074546595186348e-14,1.000000000000000000e+00
3.020833333333333481e+00,-8.326420190236685781e-02,-2.622407571340540366e-02,7.699900000000000633e-01,2.000590734732240997e-17,-4.572778822246350913e-17,-4.369074546595186348e-14,1.000000000000000000e+00
3.022916666666666696e+00,-8.326420190236685781e-02,-2.622407571340540366e-02,7.699900000000000633e-01,2.000590734732240997e-17,-4.572778822246203618e-17,-4.369074546595186348e-14,1.000000000000000000e+00
3.024999999999999911e+00,-8.326420190236685781e-02,-2.622407571340540366e-02,7.699900000000000633e-01,2.000590734732240997e-17,-4.572778822246166024e-17,-4.369074546595186348e-14,1.000000000000000000e+00
3.027083333333333126e+00,-8.326420190236685781e-02,-2.622407571340540366e-02,7.699900000000000633e-01,2.000590734732240997e-17,-4.572778822246156779e-17,-4.369074546595186348e-14,1.000000000000000000e+00
3.029166666666666785e+00,-8.326420190236685781e-02,-2.622407571340540366e-02,7.699900000000000633e-01,2.000590734732240997e-17,-4.572778822246153698e-17,-4.369074546595186348e-14,1.000000000000000000e+00
3.031250000000000000e+00,-8.326420190236685781e-02,-2.622407571340540366e-02,7.699900000000000633e-01,2.000590734732240997e-17,-4.572778822246153081e-17,-4.369074546595186348e-14,1.000000000000000000e+00
3.033333333333333215e+00,-8.326420190236685781e-02,-2.622407571340540366e-02,7.699900000000000633e-01,2.000590734732240997e-17,-4.572778822246152465e-17,-4.369074546595186348e-14,1.000000000000000000e+00
3.035416666666666430e+00,-8.326420190236685781e-02,-2.622407571340540366e-02,7.699900000000000633e-01,2.000590734732240997e-17,-4.572778822246152465e-17,-4.369074546595186348e-14,1.000000000000000000e+00
3.037500000000000089e+00,-8.326420190236685781e-02,-2.622407571340540366e-02,7.699900000000000633e-01,2.000590734732240997e-17,-4.572778822246152465e-17,-4.369074546595186348e-14,1.000000000000000000e+00
3.039583333333333304e+00,-8.326420190236685781e-02,-2.622407571340540366e-02,7.699900000000000633e-01,2.000590734732240997e-17,-4.572778822246152465e-17,-4.369074546595186348e-14,1.000000000000000000e+00
3.041666666666666519e+00,-8.326420190236685781e-02,-2.622407571340540366e-02,7.699900000000000633e-01,2.000590734732240997e-17,-4.572778822246152465e-17,-4.369074546595186348e-14,1.000000000000000000e+00
3.043750000000000178e+00,-8.326420190236685781e-02,-2.622407571340540366e-02,7.699900000000000633e-01,2.000590734732240997e-17,-4.572778822246152465e-17,-4.369074546595186348e-14,1.000000000000000000e+00
3.045833333333333393e+00,-8.326420190236685781e-02,-2.622407571340540366e-02,7.699900000000000633e-01,2.000590734732240997e-17,-4.572778822246152465e-17,-4.369074546595186348e-14,1.000000000000000000e+00
3.047916666666666607e+00,-8.326420190236685781e-02,-2.622407571340540366e-02,7.699900000000000633e-01,2.000590734732240997e-17,-4.572778822246152465e-17,-4.369074546595186348e-14,1.000000000000000000e+00
3.049999999999999822e+00,-8.326420190236685781e-02,-2.622407571340540366e-02,7.699900000000000633e-01,2.000590734732240997e-17,-4.572778822246152465e-17,-4.369074546595186348e-14,1.000000000000000000e+00
3.052083333333333481e+00,-8.326420190236685781e-02,-2.622407571340540366e-02,7.699900000000000633e-01,2.000590734732240997e-17,-4.572778822246152465e-17,-4.369074546595186348e-14,1.000000000000000000e+00
3.054166666666666696e+00,-8.326420190236685781e-02,-2.622407571340540366e-02,7.699900000000000633e-01,2.000590734732240997e-17,-4.572778822246152465e-17,-4.369074546595186348e-14,1.000000000000000000e+00
3.056249999999999911e+00,-8.326420190236685781e-02,-2.622407571340540366e-02,7.699900000000000633e-01,2.000590734732240997e-17,-4.572778822246152465e-17,-4.369074546595186348e-14,1.000000000000000000e+00
3.058333333333333126e+00,-8.326420190236685781e-02,-2.622407571340540366e-02,7.699900000000000633e-01,2.000590734732240997e-17,-4.572778822246152465e-17,-4.369074546595186348e-14,1.000000000000000000e+00
3.060416666666666785e+00,-8.326420190236685781e-02,-2.622407571340540366e-02,7.699900000000000633e-01,2.000590734732240997e-17,-4.572778822246152465e-17,-4.369074546595186348e-14,1.000000000000000000e+00
3.062500000000000000e+00,-8.326420190236685781e-02,-2.622407571340540366e-02,7.699900000000000633e-01,2.000590734732240997e-17,-4.572778822246152465e-17,-4.369074546595186348e-14,1.000000000000000000e+00
3.064583333333333215e+00,-8.326420190236685781e-02,-2.622407571340540366e-02,7.699900000000000633e-01,2.000590734732240997e-17,-4.572778822246152465e-17,-4.369074546595186348e-14,1.000000000000000000e+00
3.066666666666666430e+00,-8.326420190236685781e-02,-2.622407571340540366e-02,7.699900000000000633e-01,2.000590734732240997e-17,-4.572778822246152465e-17,-4.369074546595186348e-14,1.000000000000000000e+00
3.068750000000000089e+00,-8.326420190236685781e-02,-2.622407571340540366e-02,7.699900000000000633e-01,2.000590734732240997e-17,-4.572778822246152465e-17,-4.369074546595186348e-14,1.000000000000000000e+00
3.070833333333333304e+00,-8.326420190236685781e-02,-2.622407571340540366e-02,7.699900000000000633e-01,2.000590734732240997e-17,-4.572778822246152465e-17,-4.369074546595186348e-14,1.000000000000000000e+00
3.072916666666666519e+00,-8.326420190236685781e-02,-2.622407571340540366e-02,7.699900000000000633e-01,2.000590734732240997e-17,-4.572778822246152465e-17,-4.369074546595186348e-14,1.000000000000000000e+00
3.075000000000000178e+00,-8.326420190236685781e-02,-2.622407571340540366e-02,7.699900000000000633e-01,2.000590734732240997e-17,-4.572778822246152465e-17,-4.369074546595186348e-14,1.000000000000000000e+00
3.077083333333333393e+00,-8.326420190236685781e-02,-2.622407571340540366e-02,7.699900000000000633e-01,2.000590734732240997e-17,-4.572778822246152465e-17,-4.369074546595186348e-14,1.000000000000000000e+00
3.079166666666666607e+00,-8.326420190236685781e-02,-2.622407571340540366e-02,7.699900000000000633e-01,2.000590734732240997e-17,-4.572778822246152465e-17,-4.369074546595186348e-14,1.000000000000000000e+00
3.081249999999999822e+00,-8.326420190236685781e-02,-2.622407571340540366e-02,7.699900000000000633e-01,2.000590734732240997e-17,-4.572778822246152465e-17,-4.369074546595186348e-14,1.000000000000000000e+00
3.083333333333333481e+00,-8.326420190236685781e-02,-2.622407571340540366e-02,7.699900000000000633e-01,2.000590734732240997e-17,-4.572778822246152465e-17,-4.369074546595186348e-14,1.000000000000000000e+00
3.085416666666666696e+00,-8.326420190236685781e-02,-2.622407571340540366e-02,7.699900000000000633e-01,2.000590734732240997e-17,-4.572778822246152465e-17,-4.369074546595186348e-14,1.000000000000000000e+00
3.087499999999999911e+00,-8.326420190236685781e-02,-2.622407571340540366e-02,7.699900000000000633e-01,2.000590734732240997e-17,-4.572778822246152465e-17,-4.369074546595186348e-14,1.000000000000000000e+00
3.089583333333333126e+00,-8.326420190236685781e-02,-2.622407571340540366e-02,7.699900000000000633e-01,2.000590734732240997e-17,-4.572778822246152465e-17,-4.369074546595186348e-14,1.000000000000000000e+00
3.091666666666666785e+00,-8.326420190236685781e-02,-2.622407571340540366e-02,7.699900000000000633e-01,2.000590734732240997e-17,-4.572778822246152465e-17,-4.369074546595186348e-14,1.000000000000000000e+00
3.093750000000000000e+00,-8.326420190236685781e-02,-2.622407571340540366e-02,7.699900000000000633e-01,2.000590734732240997e-17,-4.572778822246152465e-17,-4.369074546595186348e-14,1.000000000000000000e+00
3.095833333333333215e+00,-8.326420190236685781e-02,-2.622407571340540366e-02,7.699900000000000633e-01,2.000590734732240997e-17,-4.572778822246152465e-17,-4.369074546595186348e-14,1.000000000000000000e+00
3.097916666666666430e+00,-8.326420190236685781e-02,-2.622407571340540366e-02,7.699900000000000633e-01,2.000590734732240997e-17,-4.572778822246152465e-17,-4.369074546595186348e-14,1.000000000000000000e+00
3.100000000000000089e+00,-8.326420190236685781e-02,-2.622407571340540366e-02,7.699900000000000633e-01,2.000590734732240997e-17,-4.572778822246152465e-17,-4.369074546595186348e-14,1.000000000000000000e+00
3.102083333333333304e+00,-8.326420190236685781e-02,-2.622407571340540366e-02,7.699900000000000633e-01,2.000590734732240997e-17,-4.572778822246152465e-17,-4.369074546595186348e-14,1.000000000000000000e+00
3.104166666666666519e+00,-8.326420190236685781e-02,-2.622407571340540366e-02,7.699900000000000633e-01,2.000590734732240997e-17,-4.582777609758392886e-17,-4.369074546595186348e-14,1.000000000000000000e+00
3.106250000000000178e+00,-8.326420190236685781e-02,-2.622407571340540366e-02,7.699900000000000633e-01,2.000590734732240997e-17,-4.590481798387150750e-17,-4.369074546595186348e-14,1.000000000000000000e+00
3.108333333333333393e+00,-8.326420190236685781e-02,-2.622407571340540366e-02,7.699900000000000633e-01,2.000590734732240997e-17,-4.592487261899426885e-17,-4.369074546595186348e-14,1.000000000000000000e+00
3.110416666666666607e+00,-8.326420190236685781e-02,-2.622407571340540366e-02,7.699900000000000633e-01,2.000590734732240997e-17,-4.593009300506328586e-17,-4.369074546595186348e-14,1.000000000000000000e+00
3.112499999999999822e+00,-8.326420190236685781e-02,-2.622407571340540366e-02,7.699900000000000633e-01,2.000590734732240997e-17,-4.593145191438987607e-17,-4.369074546595186348e-14,1.000000000000000000e+00
3.114583333333333481e+00,-8.326420190236685781e-02,-2.622407571340540366e-02,7.699900000000000633e-01,2.000590734732240997e-17,-4.593180564963731843e-17,-4.369074546595186348e-14,1.000000000000000000e+00
3.116666666666666696e+00,-8.326420190236685781e-02,-2.622407571340540366e-02,7.699900000000000633e-01,2.000590734732240997e-17,-4.593189772982459626e-17,-4.369074546595186348e-14,1.000000000000000000e+00
3.118749999999999911e+00,-8.326420190236685781e-02,-2.622407571340540366e-02,7.699900000000000633e-01,2.000590734732240997e-17,-4.593192169905285859e-17,-4.369074546595186348e-14,1.000000000000000000e+00
3.120833333333333126e+00,-8.326420190236685781e-02,-2.622407571340540366e-02,7.699900000000000633e-01,2.000590734732240997e-17,-4.593192793843963994e-17,-4.369074546595186348e-14,1.000000000000000000e+00
3.122916666666666785e+00,-8.326420190236685781e-02,-2.622407571340540366e-02,7.699900000000000633e-01,2.000590734732240997e-17,-4.593192956260320797e-17,-4.369074546595186348e-14,1.000000000000000000e+00
3.125000000000000000e+00,-8.326420190236685781e-02,-2.622407571340540366e-02,7.699900000000000633e-01,2.000590734732240997e-17,-4.593192998538631992e-17,-4.369074546595186348e-14,1.000000000000000000e+00
3.127083333333333215e+00,-8.326420190236685781e-02,-2.622407571340540366e-02,7.699900000000000633e-01,2.000590734732240997e-17,-4.593193009544021852e-17,-4.369074546595186348e-14,1.000000000000000000e+00
3.129166666666666430e+00,-8.326420190236685781e-02,-2.622407571340540366e-02,7.699900000000000633e-01,2.000590734732240997e-17,-4.593193012408816452e-17,-4.369074546595186348e-14,1.000000000000000000e+00
3.131250000000000089e+00,-8.326420190236685781e-02,-2.622407571340540366e-02,7.699900000000000633e-01,2.000590734732240997e-17,-4.593193013154545154e-17,-4.369074546595186348e-14,1.000000000000000000e+00
3.133333333333333304e+00,-8.326420190236685781e-02,-2.622407571340540366e-02,7.699900000000000633e-01,2.000590734732240997e-17,-4.593193013348665334e-17,-4.369074546595186348e-14,1.000000000000000000e+00
3.135416666666666519e+00,-8.326420190236685781e-02,-2.622407571340540366e-02,7.699900000000000633e-01,2.000590734732240997e-17,-4.593193013399196189e-17,-4.369074546595186348e-14,1.000000000000000000e+00
3.137500000000000178e+00,-8.326420190236685781e-02,-2.622407571340540366e-02,7.699900000000000633e-01,2.000590734732240997e-17,-4.593193013412349212e-17,-4.369074546595186348e-14,1.000000000000000000e+00
3.139583333333333393e+00,-8.326420190236685781e-02,-2.622407571340540366e-02,7.699900000000000633e-01,2.000590734732240997e-17,-4.593193013415773362e-17,-4.369074546595186348e-14,1.000000000000000000e+00
3.141666666666666607e+00,-8.326420190236685781e-02,-2.622407571340540366e-02,7.699900000000000633e-01,2.000590734732240997e-17,-4.593193013416665144e-17,-4.369074546595186348e-14,1.000000000000000000e+00
3.143749999999999822e+00,-8.326420190236685781e-02,-2.622407571340540366e-02,7.699900000000000633e-01,2.000590734732240997e-17,-4.593193013416896256e-17,-4.369074546595186348e-14,1.000000000000000000e+00
3.145833333333333481e+00,-8.326420190236685781e-02,-2.622407571340540366e-02,7.699900000000000633e-01,2.000590734732240997e-17,-4.593193013416957269e-17,-4.369074546595186348e-14,1.000000000000000000e+00
3.147916666666666696e+00,-8.326420190236685781e-02,-2.622407571340540366e-02,7.699900000000000633e-01,2.000590734732240997e-17,-4.593193013416972677e-17,-4.369074546595186348e-14,1.000000000000000000e+00
3.149999999999999911e+00,-8.326420190236685781e-02,-2.622407571340540366e-02,7.699900000000000633e-01,2.000590734732240997e-17,-4.593193013416976991e-17,-4.369074546595186348e-14,1.000000000000000000e+00
3.152083333333333126e+00,-8.326420190236685781e-02,-2.622407571340540366e-02,7.699900000000000633e-01,2.000590734732240997e-17,-4.593193013416978223e-17,-4.369074546595186348e-14,1.000000000000000000e+00
3.154166666666666785e+00,-8.326420190236685781e-02,-2.622407571340540366e-02,7.699900000000000633e-01,2.000590734732240997e-17,-4.593193013416978223e-17,-4.369074546595186348e-14,1.000000000000000000e+00
3.156250000000000000e+00,-8.326420190236685781e-02,-2.622407571340540366e-02,7.699900000000000633e-01,2.000590734732240997e-17,-4.593193013416978223e-17,-4.369074546595186348e-14,1.000000000000000000e+00
3.158333333333333215e+00,-8.326420190236685781e-02,-2.622407571340540366e-02,7.699900000000000633e-01,2.000590734732240997e-17,-4.593193013416978223e-17,-4.369074546595186348e-14,1.000000000000000000e+00
3.160416666666666430e+00,-8.326420190236685781e-02,-2.622407571340540366e-02,7.699900000000000633e-01,2.000590734732240997e-17,-4.593193013416978223e-17,-4.369074546595186348e-14,1.000000000000000000e+00
3.162500000000000089e+00,-8.326420190236685781e-02,-2.622407571340540366e-02,7.699900000000000633e-01,2.000590734732240997e-17,-4.593193013416978223e-17,-4.369074546595186348e-14,1.000000000000000000e+00
3.164583333333333304e+00,-8.326420190236685781e-02,-2.622407571340540366e-02,7.699900000000000633e-01,2.000590734732240997e-17,-4.593193013416978223e-17,-4.369074546595186348e-14,1.000000000000000000e+00
3.166666666666666519e+00,-8.326420190236685781e-02,-2.622407571340540366e-02,7.699900000000000633e-01,2.000590734732240997e-17,-4.593193013416978223e-17,-4.369074546595186348e-14,1.000000000000000000e+00
3.168750000000000178e+00,-8.326420190236685781e-02,-2.622407571340540366e-02,7.699900000000000633e-01,2.000590734732240997e-17,-4.593193013416978223e-17,-4.369074546595186348e-14,1.000000000000000000e+00
3.170833333333333393e+00,-8.326420190236685781e-02,-2.622407571340540366e-02,7.699900000000000633e-01,2.000590734732240997e-17,-4.593193013416978223e-17,-4.369074546595186348e-14,1.000000000000000000e+00
3.172916666666666607e+00,-8.326420190236685781e-02,-2.622407571340540366e-02,7.699900000000000633e-01,2.000590734732240997e-17,-4.581392173444346484e-17,-4.369074546595186348e-14,1.000000000000000000e+00
3.174999999999999822e+00,-8.326420190236685781e-02,-2.622407571340540366e-02,7.699900000000000633e-01,2.000590734732240997e-17,-4.572299481253856752e-17,-4.369074546595186348e-14,1.000000000000000000e+00
3.177083333333333481e+00,-8.326420190236685781e-02,-2.622407571340540366e-02,7.699900000000000633e-01,2.000590734732240997e-17,-4.569932578871908290e-17,-4.369074546595186348e-14,1.000000000000000000e+00
3.179166666666666696e+00,-8.326420190236685781e-02,-2.622407571340540366e-02,7.699900000000000633e-01,2.000590734732240997e-17,-4.569316454761655254e-17,-4.369074546595186348e-14,1.000000000000000000e+00
3.181249999999999911e+00,-8.326420190236685781e-02,-2.622407571340540366e-02,7.699900000000000633e-01,2.000590734732240997e-17,-4.569156072600510834e-17,-4.369074546595186348e-14,1.000000000000000000e+00
3.183333333333333126e+00,-8.326420190236685781e-02,-2.622407571340540366e-02,7.699900000000000633e-01,2.000590734732240997e-17,-4.569114323808043146e-17,-4.369074546595186348e-14,1.000000000000000000e+00
3.185416666666666785e+00,-8.326420190236685781e-02,-2.622407571340540366e-02,7.699900000000000633e-01,2.000590734732240997e-17,-4.569103456254818093e-17,-4.369074546595186348e-14,1.000000000000000000e+00
3.187500000000000000e+00,-8.326420190236685781e-02,-2.622407571340540366e-02,7.699900000000000633e-01,2.000590734732240997e-17,-4.569100627341546262e-17,-4.369074546595186348e-14,1.000000000000000000e+00
3.189583333333333215e+00,-8.326420190236685781e-02,-2.622407571340540366e-02,7.699900000000000633e-01,2.000590734732240997e-17,-4.569099890952210410e-17,-4.369074546595186348e-14,1.000000000000000000e+00
3.191666666666666430e+00,-8.326420190236685781e-02,-2.622407571340540366e-02,7.699900000000000633e-01,2.000590734732240997e-17,-4.569099699264025255e-17,-4.369074546595186348e-14,1.000000000000000000e+00
3.193750000000000089e+00,-8.326420190236685781e-02,-2.622407571340540366e-02,7.699900000000000633e-01,2.000590734732240997e-17,-4.569099649366017830e-17,-4.369074546595186348e-14,1.000000000000000000e+00
3.195833333333333304e+00,-8.326420190236685781e-02,-2.622407571340540366e-02,7.699900000000000633e-01,2.000590734732240997e-17,-4.569099636377156785e-17,-4.369074546595186348e-14,1.000000000000000000e+00
3.197916666666666519e+00,-8.326420190236685781e-02,-2.622407571340540366e-02,7.699900000000000633e-01,2.000590734732240997e-17,-4.569099632996049641e-17,-4.369074546595186348e-14,1.000000000000000000e+00
3.200000000000000178e+00,-8.326420190236685781e-02,-2.622407571340540366e-02,7.699900000000000633e-01,2.000590734732240997e-17,-4.569099632115919995e-17,-4.369074546595186348e-14,1.000000000000000000e+00
3.202083333333333393e+00,-8.326420190236685781e-02,-2.622407571340540366e-02,7.699900000000000633e-01,2.000590734732240997e-17,-4.589642775561174557e-17,-4.369074546595186348e-14,1.000000000000000000e+00
3.204166666666666607e+00,-8.326420190236685781e-02,-2.622407571340540366e-02,7.699900000000000633e-01,2.000590734732240997e-17,-4.594990324354711273e-17,-4.369074546595186348e-14,1.000000000000000000e+00
3.206249999999999822e+00,-8.326420190236685781e-02,-2.622407571340540366e-02,7.699900000000000633e-01,2.000590734732240997e-17,-4.596382335181850216e-17,-4.369074546595186348e-14,1.000000000000000000e+00
3.208333333333333481e+00,-8.326420190236685781e-02,-2.622407571340540366e-02,7.699900000000000633e-01,2.000590734732240997e-17,-4.596744687021484537e-17,-4.369074546595186348e-14,1.000000000000000000e+00
3.210416666666666696e+00,-8.326420190236685781e-02,-2.622407571340540366e-02,7.699900000000000633e-01,2.000590734732240997e-17,-4.596839010178407695e-17,-4.369074546595186348e-14,1.000000000000000000e+00
3.212499999999999911e+00,-8.326420190236685781e-02,-2.622407571340540366e-02,7.699900000000000633e-01,2.000590734732240997e-17,-4.596863563270068478e-17,-4.369074546595186348e-14,1.000000000000000000e+00
3.214583333333333126e+00,-8.326420190236685781e-02,-2.622407571340540366e-02,7.699900000000000633e-01,2.000590734732240997e-17,-4.596869954641283521e-17,-4.369074546595186348e-14,1.000000000000000000e+00
3.216666666666666785e+00,-8.326420190236685781e-02,-2.622407571340540366e-02,7.699900000000000633e-01,2.000590734732240997e-17,-4.596871618367650206e-17,-4.369074546595186348e-14,1.000000000000000000e+00
3.218750000000000000e+00,-8.326420190236685781e-02,-2.622407571340540366e-02,7.699900000000000633e-01,2.000590734732240997e-17,-4.596872051449275942e-17,-4.369074546595186348e-14,1.000000000000000000e+00
3.220833333333333215e+00,-8.326420190236685781e-02,-2.622407571340540366e-02,7.699900000000000633e-01,2.000590734732240997e-17,-4.596872164183975970e-17,-4.369074546595186348e-14,1.000000000000000000e+00
3.222916666666666430e+00,-8.326420190236685781e-02,-2.622407571340540366e-02,7.699900000000000633e-01,2.000590734732240997e-17,-4.596872193529744009e-17,-4.369074546595186348e-14,1.000000000000000000e+00
3.225000000000000089e+00,-8.326420190236685781e-02,-2.622407571340540366e-02,7.699900000000000633e-01,2.000590734732240997e-17,-4.596872201168687213e-17,-4.369074546595186348e-14,1.000000000000000000e+00
3.227083333333333304e+00,-8.326420190236685781e-02,-2.622407571340540366e-02,7.699900000000000633e-01,2.000590734732240997e-17,-4.596872203157167664e-17,-4.369074546595186348e-14,1.000000000000000000e+00
3.229166666666666519e+00,-8.326420190236685781e-02,-2.622407571340540366e-02,7.699900000000000633e-01,2.000590734732240997e-17,-4.596872203674784910e-17,-4.369074546595186348e-14,1.000000000000000000e+00
3.231249999999999734e+00,-8.326420190236685781e-02,-2.622407571340540366e-02,7.699900000000000633e-01,2.000590734732240997e-17,-4.596872203809524818e-17,-4.369074546595186348e-14,1.000000000000000000e+00
3.233333333333333393e+00,-8.326420190236685781e-02,-2.622407571340540366e-02,7.699900000000000633e-01,2.000590734732240997e-17,-4.596872203844598313e-17,-4.369074546595186348e-14,1.000000000000000000e+00
3.235416666666666607e+00,-8.326420190236685781e-02,-2.622407571340540366e-02,7.699900000000000633e-01,2.000590734732240997e-17,-4.596872203853729378e-17,-4.369074546595186348e-14,1.000000000000000000e+00
3.237499999999999822e+00,-8.326420190236685781e-02,-2.622407571340540366e-02,7.699900000000000633e-01,2.000590734732240997e-17,-4.596872203856105205e-17,-4.369074546595186348e-14,1.000000000000000000e+00
3.239583333333333481e+00,-8.326420190236685781e-02,-2.622407571340540366e-02,7.699900000000000633e-01,2.000590734732240997e-17,-4.596872203856724584e-17,-4.369074546595186348e-14,1.000000000000000000e+00
3.241666666666666696e+00,-8.326420190236685781e-02,-2.622407571340540366e-02,7.699900000000000633e-01,2.000590734732240997e-17,-4.596872203856884822e-17,-4.369074546595186348e-14,1.000000000000000000e+00
3.243749999999999911e+00,-8.326420190236685781e-02,-2.622407571340540366e-02,7.699900000000000633e-01,2.000590734732240997e-17,-4.596872203856927346e-17,-4.369074546595186348e-14,1.000000000000000000e+00
3.245833333333333126e+00,-8.326420190236685781e-02,-2.622407571340540366e-02,7.699900000000000633e-01,2.000590734732240997e-17,-4.596872203856937823e-17,-4.369074546595186348e-14,1.000000000000000000e+00
3.247916666666666785e+00,-8.326420190236685781e-02,-2.622407571340540366e-02,7.699900000000000633e-01,2.000590734732240997e-17,-4.596872203856940905e-17,-4.369074546595186348e-14,1.000000000000000000e+00
3.250000000000000000e+00,-8.326420190236685781e-02,-2.622407571340540366e-02,7.699900000000000633e-01,2.000590734732240997e-17,-4.596872203856941521e-17,-4.369074546595186348e-14,1.000000000000000000e+00
3.252083333333333215e+00,-8.326420190236685781e-02,-2.622407571340540366e-02,7.699900000000000633e-01,2.000590734732240997e-17,-4.596872203856941521e-17,-4.369074546595186348e-14,1.000000000000000000e+00
3.254166666666666430e+00,-8.326420190236685781e-02,-2.622407571340540366e-02,7.699900000000000633e-01,2.000590734732240997e-17,-4.596872203856941521e-17,-4.369074546595186348e-14,1.000000000000000000e+00
3.256250000000000089e+00,-8.326420190236685781e-02,-2.622407571340540366e-02,7.699900000000000633e-01,2.000590734732240997e-17,-4.596872203856941521e-17,-4.369074546595186348e-14,1.000000000000000000e+00
3.258333333333333304e+00,-8.326420190236685781e-02,-2.622407571340540366e-02,7.699900000000000633e-01,2.000590734732240997e-17,-4.596872203856941521e-17,-4.369074546595186348e-14,1.000000000000000000e+00
3.260416666666666519e+00,-8.326420190236685781e-02,-2.622407571340540366e-02,7.699900000000000633e-01,2.000590734732240997e-17,-4.596872203856941521e-17,-4.369074546595186348e-14,1.000000000000000000e+00
3.262499999999999734e+00,-8.326420190236685781e-02,-2.622407571340540366e-02,7.699900000000000633e-01,2.000590734732240997e-17,-4.596872203856941521e-17,-4.369074546595186348e-14,1.000000000000000000e+00
3.264583333333333393e+00,-8.326420190236685781e-02,-2.622407571340540366e-02,7.699900000000000633e-01,2.000590734732240997e-17,-4.596872203856941521e-17,-4.369074546595186348e-14,1.000000000000000000e+00
3.266666666666666607e+00,-8.326420190236685781e-02,-2.622407571340540366e-02,7.699900000000000633e-01,2.000590734732240997e-17,-4.596872203856941521e-17,-4.369074546595186348e-14,1.000000000000000000e+00
3.268749999999999822e+00,-8.326420190236685781e-02,-2.622407571340540366e-02,7.699900000000000633e-01,2.000590734732240997e-17,-4.611972413569305234e-17,-4.369074546595186348e-14,1.000000000000000000e+00
3.270833333333333481e+00,-8.326420190236685781e-02,-2.622407571340540366e-02,7.699900000000000633e-01,2.000590734732240997e-17,-4.615903122053365671e-17,-4.369074546595186348e-14,1.000000000000000000e+00
3.272916666666666696e+00,-8.326420190236685781e-02,-2.622407571340540366e-02,7.699900000000000633e-01,2.000590734732240997e-17,-4.616926317722894311e-17,-4.369074546595186348e-14,1.000000000000000000e+00
3.274999999999999911e+00,-8.326420190236685781e-02,-2.622407571340540366e-02,7.699900000000000633e-01,2.000590734732240997e-17,-4.617192663950904981e-17,-4.369074546595186348e-14,1.000000000000000000e+00
3.277083333333333126e+00,-8.326420190236685781e-02,-2.622407571340540366e-02,7.699900000000000633e-01,1.964947381345518102e-17,-4.617261996059404644e-17,-4.369074546595186348e-14,1.000000000000000000e+00
3.279166666666666785e+00,-8.326420190236685781e-02,-2.622407571340540366e-02,7.699900000000000633e-01,1.955669124008282448e-17,-4.617280043776111051e-17,-4.369074546595186348e-14,1.000000000000000000e+00
3.281250000000000000e+00,-8.326420190236685781e-02,-2.622407571340540366e-02,7.699900000000000633e-01,1.953253917496090945e-17,-4.617284741744849087e-17,-4.369074546595186348e-14,1.000000000000000000e+00
3.283333333333333215e+00,-8.326420190236685781e-02,-2.622407571340540366e-02,7.699900000000000633e-01,1.952625219424404275e-17,-4.617285964664658528e-17,-4.369074546595186348e-14,1.000000000000000000e+00
3.285416666666666430e+00,-8.326420190236685781e-02,-2.622407571340540366e-02,7.699900000000000633e-01,1.952461564157930050e-17,-4.617286283000719857e-17,-4.369074546595186348e-14,1.000000000000000000e+00
3.287500000000000089e+00,-8.326420190236685781e-02,-2.622407571340540366e-02,7.699900000000000633e-01,1.952418963349289532e-17,-4.617286365866208122e-17,-4.369074546595186348e-14,1.000000000000000000e+00
3.289583333333333304e+00,-8.326420190236685781e-02,-2.622407571340540366e-02,7.699900000000000633e-01,1.952407874009264038e-17,-4.617286387436774493e-17,-4.369074546595186348e-14,1.000000000000000000e+00
3.291666666666666519e+00,-8.326420190236685781e-02,-2.622407571340540366e-02,7.699900000000000633e-01,1.952404987363068807e-17,-4.617286393051769936e-17,-4.369074546595186348e-14,1.000000000000000000e+00
3.293749999999999734e+00,-8.326420190236685781e-02,-2.622407571340540366e-02,7.699900000000000633e-01,1.952404235945379584e-17,-4.617286394513398538e-17,-4.369074546595186348e-14,1.000000000000000000e+00
3.295833333333333393e+00,-8.326420190236685781e-02,-2.622407571340540366e-02,7.699900000000000633e-01,1.952404040345189134e-17,-4.617286394893872315e-17,-4.369074546595186348e-14,1.000000000000000000e+00
3.297916666666666607e+00,-8.326420190236685781e-02,-2.622407571340540366e-02,7.699900000000000633e-01,1.952403989428855342e-17,-4.617286394992913802e-17,-4.369074546595186348e-14,1.000000000000000000e+00
3.299999999999999822e+00,-8.326420190236685781e-02,-2.622407571340540366e-02,7.699900000000000633e-01,1.952403976174915462e-17,-4.617286395018694763e-17,-4.369074546595186348e-14,1.000000000000000000e+00
3.302083333333333481e+00,-8.326420190236685781e-02,-2.622407571340540366e-02,7.699900000000000633e-01,1.952403972724806100e-17,-4.617286395025406243e-17,-4.369074546595186348e-14,1.000000000000000000e+00
3.304166666666666696e+00,-8.326420190236685781e-02,-2.622407571340540366e-02,7.699900000000000633e-01,1.952403971826714152e-17,-4.617286395027152831e-17,-4.369074546595186348e-14,1.000000000000000000e+00
3.306249999999999911e+00,-8.326420190236685781e-02,-2.622407571340540366e-02,7.699900000000000633e-01,1.952403971592933991e-17,-4.617286395027607658e-17,-4.369074546595186348e-14,1.000000000000000000e+00
3.308333333333333126e+00,-8.326420190236685781e-02,-2.622407571340540366e-02,7.699900000000000633e-01,1.952403971532078918e-17,-4.617286395027725987e-17,-4.369074546595186348e-14,1.000000000000000000e+00
3.310416666666666785e+00,-8.326420190236685781e-02,-2.622407571340540366e-02,7.699900000000000633e-01,1.952403971516237605e-17,-4.617286395027756802e-17,-4.369074546595186348e-14,1.000000000000000000e+00
3.312500000000000000e+00,-8.326420190236685781e-02,-2.622407571340540366e-02,7.699900000000000633e-01,1.952403971512113958e-17,-4.617286395027764814e-17,-4.369074546595186348e-14,1.000000000000000000e+00
3.314583333333333215e+00,-8.326420190236685781e-02,-2.622407571340540366e-02,7.699900000000000633e-01,1.952403971511040984e-17,-4.617286395027766663e-17,-4.369074546595186348e-14,1.000000000000000000e+00
3.316666666666666430e+00,-8.326420190236685781e-02,-2.622407571340540366e-02,7.699900000000000633e-01,1.952403971510761801e-17,-4.617286395027767279e-17,-4.369074546595186348e-14,1.000000000000000000e+00
3.318750000000000089e+00,-8.326420190236685781e-02,-2.622407571340540366e-02,7.699900000000000633e-01,1.952403971510689078e-17,-4.617286395027767279e-17,-4.369074546595186348e-14,1.000000000000000000e+00
3.320833333333333304e+00,-8.326420190236685781e-02,-2.622407571340540366e-02,7.699900000000000633e-01,1.952403971510669665e-17,-4.617286395027767279e-17,-4.369074546595186348e-14,1.000000000000000000e+00
3.322916666666666519e+00,-8.326420190236685781e-02,-2.622407571340540366e-02,7.699900000000000633e-01,1.952403971510665043e-17,-4.617286395027767279e-17,-4.369074546595186348e-14,1.000000000000000000e+00
3.324999999999999734e+00,-8.326420190236685781e-02,-2.622407571340540366e-02,7.699900000000000633e-01,1.952403971510663194e-17,-4.617286395027767279e-17,-4.369074546595186348e-14,1.000000000000000000e+00
3.327083333333333393e+00,-8.326420190236685781e-02,-2.622407571340540366e-02,7.699900000000000633e-01,1.952403971510663194e-17,-4.617286395027767279e-17,-4.369074546595186348e-14,1.000000000000000000e+00
3.329166666666666607e+00,-8.326420190236685781e-02,-2.622407571340540366e-02,7.699900000000000633e-01,1.952403971510663194e-17,-4.617286395027767279e-17,-4.369074546595186348e-14,1.000000000000000000e+00
3.331249999999999822e+00,-8.326420190236685781e-02,-2.622407571340540366e-02,7.699900000000000633e-01,1.952403971510663194e-17,-4.617286395027767279e-17,-4.369074546595186348e-14,1.000000000000000000e+00
3.333333333333333481e+00,-8.326420190236685781e-02,-2.622407571340540366e-02,7.699900000000000633e-01,1.952403971510663194e-17,-4.617286395027767279e-17,-4.369074546595186348e-14,1.000000000000000000e+00
3.335416666666666696e+00,-8.326420190236685781e-02,-2.622407571340540366e-02,7.699900000000000633e-01,1.952403971510663194e-17,-4.617286395027767279e-17,-4.369074546595186348e-14,1.000000000000000000e+00
3.337499999999999911e+00,-8.326420190236685781e-02,-2.622407571340540366e-02,7.699900000000000633e-01,1.952403971510663194e-17,-4.617286395027767279e-17,-4.369074546595186348e-14,1.000000000000000000e+00
3.339583333333333126e+00,-8.326420190236685781e-02,-2.622407571340540366e-02,7.699900000000000633e-01,1.952403971510663194e-17,-4.617286395027767279e-17,-4.369074546595186348e-14,1.000000000000000000e+00
3.341666666666666785e+00,-8.326420190236685781e-02,-2.622407571340540366e-02,7.699900000000000633e-01,1.952403971510663194e-17,-4.617286395027767279e-17,-4.369074546595186348e-14,1.000000000000000000e+00
3.343750000000000000e+00,-8.326420190236685781e-02,-2.622407571340540366e-02,7.699900000000000633e-01,1.952403971510663194e-17,-4.617286395027767279e-17,-4.369074546595186348e-14,1.000000000000000000e+00
3.345833333333333215e+00,-8.326420190236685781e-02,-2.622407571340540366e-02,7.699900000000000633e-01,1.952403971510663194e-17,-4.617286395027767279e-17,-4.369074546595186348e-14,1.000000000000000000e+00
3.347916666666666430e+00,-8.326420190236685781e-02,-2.622407571340540366e-02,7.699900000000000633e-01,1.952403971510663194e-17,-4.617286395027767279e-17,-4.369074546595186348e-14,1.000000000000000000e+00
3.350000000000000089e+00,-8.326420190236685781e-02,-2.622407571340540366e-02,7.699900000000000633e-01,1.952403971510663194e-17,-4.617286395027767279e-17,-4.369074546595186348e-14,1.000000000000000000e+00
3.352083333333333304e+00,-8.326420190236685781e-02,-2.622407571340540366e-02,7.699900000000000633e-01,1.952403971510663194e-17,-4.617286395027767279e-17,-4.369074546595186348e-14,1.000000000000000000e+00
3.354166666666666519e+00,-8.326420190236685781e-02,-2.622407571340540366e-02,7.699900000000000633e-01,1.952403971510663194e-17,-4.617286395027767279e-17,-4.369074546595186348e-14,1.000000000000000000e+00
3.356249999999999734e+00,-8.326420190236685781e-02,-2.622407571340540366e-02,7.699900000000000633e-01,1.952403971510663194e-17,-4.617286395027767279e-17,-4.369074546595186348e-14,1.000000000000000000e+00
3.358333333333333393e+00,-8.326420190236685781e-02,-2.622407571340540366e-02,7.699900000000000633e-01,1.952403971510663194e-17,-4.617286395027767279e-17,-4.369074546595186348e-14,1.000000000000000000e+00
3.360416666666666607e+00,-8.326420190236685781e-02,-2.622407571340540366e-02,7.699900000000000633e-01,1.952403971510663194e-17,-4.617286395027767279e-17,-4.369074546595186348e-14,1.000000000000000000e+00
3.362499999999999822e+00,-8.326420190236685781e-02,-2.622407571340540366e-02,7.699900000000000633e-01,1.952403971510663194e-17,-4.605485555055136157e-17,-4.369074546595186348e-14,1.000000000000000000e+00
3.364583333333333481e+00,-8.326420190236685781e-02,-2.622407571340540366e-02,7.699900000000000633e-01,1.952403971510663194e-17,-4.596392862864646424e-17,-4.369074546595186348e-14,1.000000000000000000e+00
3.366666666666666696e+00,-8.326420190236685781e-02,-2.622407571340540366e-02,7.699900000000000633e-01,1.952403971510663194e-17,-4.594025960482697962e-17,-4.369074546595186348e-14,1.000000000000000000e+00
3.368749999999999911e+00,-8.326420190236685781e-02,-2.622407571340540366e-02,7.699900000000000633e-01,1.952403971510663194e-17,-4.593409836372444310e-17,-4.369074546595186348e-14,1.000000000000000000e+00
3.370833333333333126e+00,-8.326420190236685781e-02,-2.622407571340540366e-02,7.699900000000000633e-01,1.952403971510663194e-17,-4.593249454211299890e-17,-4.369074546595186348e-14,1.000000000000000000e+00
3.372916666666666785e+00,-8.326420190236685781e-02,-2.622407571340540366e-02,7.699900000000000633e-01,1.952403971510663194e-17,-4.593207705418831586e-17,-4.369074546595186348e-14,1.000000000000000000e+00
3.375000000000000000e+00,-8.326420190236685781e-02,-2.622407571340540366e-02,7.699900000000000633e-01,1.952403971510663194e-17,-4.593196837865607149e-17,-4.369074546595186348e-14,1.000000000000000000e+00
3.377083333333333215e+00,-8.326420190236685781e-02,-2.622407571340540366e-02,7.699900000000000633e-01,1.952403971510663194e-17,-4.593194008952335934e-17,-4.369074546595186348e-14,1.000000000000000000e+00
3.379166666666666430e+00,-8.326420190236685781e-02,-2.622407571340540366e-02,7.699900000000000633e-01,1.952403971510663194e-17,-4.593193272563000082e-17,-4.369074546595186348e-14,1.000000000000000000e+00
3.381250000000000089e+00,-8.326420190236685781e-02,-2.622407571340540366e-02,7.699900000000000633e-01,1.952403971510663194e-17,-4.593193080874813694e-17,-4.369074546595186348e-14,1.000000000000000000e+00
3.383333333333333304e+00,-8.326420190236685781e-02,-2.622407571340540366e-02,7.699900000000000633e-01,1.952403971510663194e-17,-4.593193030976806269e-17,-4.369074546595186348e-14,1.000000000000000000e+00
3.385416666666666519e+00,-8.326420190236685781e-02,-2.622407571340540366e-02,7.699900000000000633e-01,1.952403971510663194e-17,-4.593193017987945841e-17,-4.369074546595186348e-14,1.000000000000000000e+00
3.387499999999999734e+00,-8.326420190236685781e-02,-2.622407571340540366e-02,7.699900000000000633e-01,1.952403971510663194e-17,-4.593193014606838697e-17,-4.369074546595186348e-14,1.000000000000000000e+00
3.389583333333333393e+00,-8.326420190236685781e-02,-2.622407571340540366e-02,7.699900000000000633e-01,1.952403971510663194e-17,-4.593193013726709050e-17,-4.369074546595186348e-14,1.000000000000000000e+00
3.391666666666666607e+00,-8.326420190236685781e-02,-2.622407571340540366e-02,7.699900000000000633e-01,1.952403971510663194e-17,-4.593193013497604122e-17,-4.369074546595186348e-14,1.000000000000000000e+00
3.393749999999999822e+00,-8.326420190236685781e-02,-2.622407571340540366e-02,7.699900000000000633e-01,1.952403971510663194e-17,-4.593193013437966238e-17,-4.369074546595186348e-14,1.000000000000000000e+00
3.395833333333333481e+00,-8.326420190236685781e-02,-2.622407571340540366e-02,7.699900000000000633e-01,1.952403971510663194e-17,-4.593193013422442318e-17,-4.369074546595186348e-14,1.000000000000000000e+00
3.397916666666666696e+00,-8.326420190236685781e-02,-2.622407571340540366e-02,7.699900000000000633e-01,1.952403971510663194e-17,-4.593193013418400638e-17,-4.369074546595186348e-14,1.000000000000000000e+00
3.399999999999999911e+00,-8.326420190236685781e-02,-2.622407571340540366e-02,7.699900000000000633e-01,1.952403971510663194e-17,-4.593193013417348618e-17,-4.369074546595186348e-14,1.000000000000000000e+00
3.402083333333333126e+00,-8.326420190236685781e-02,-2.622407571340540366e-02,7.699900000000000633e-01,1.952403971510663194e-17,-4.593193013417074366e-17,-4.369074546595186348e-14,1.000000000000000000e+00
3.404166666666666785e+00,-8.326420190236685781e-02,-2.622407571340540366e-02,7.699900000000000633e-01,1.952403971510663194e-17,-4.593193013417002875e-17,-4.369074546595186348e-14,1.000000000000000000e+00
3.406250000000000000e+00,-8.326420190236685781e-02,-2.622407571340540366e-02,7.699900000000000633e-01,1.952403971510663194e-17,-4.593193013416984386e-17,-4.369074546595186348e-14,1.000000000000000000e+00
3.408333333333333215e+00,-8.326420190236685781e-02,-2.622407571340540366e-02,7.699900000000000633e-01,1.952403971510663194e-17,-4.593193013416980072e-17,-4.369074546595186348e-14,1.000000000000000000e+00
3.410416666666666430e+00,-8.326420190236685781e-02,-2.622407571340540366e-02,7.699900000000000633e-01,1.952403971510663194e-17,-4.593193013416978840e-17,-4.369074546595186348e-14,1.000000000000000000e+00
3.412500000000000089e+00,-8.326420190236685781e-02,-2.622407571340540366e-02,7.699900000000000633e-01,1.952403971510663194e-17,-4.593193013416978840e-17,-4.369074546595186348e-14,1.000000000000000000e+00
3.414583333333333304e+00,-8.326420190236685781e-02,-2.622407571340540366e-02,7.699900000000000633e-01,1.952403971510663194e-17,-4.593193013416978840e-17,-4.369074546595186348e-14,1.000000000000000000e+00
3.416666666666666519e+00,-8.326420190236685781e-02,-2.622407571340540366e-02,7.699900000000000633e-01,1.952403971510663194e-17,-4.593193013416978840e-17,-4.369074546595186348e-14,1.000000000000000000e+00
3.418749999999999734e+00,-8.326420190236685781e-02,-2.622407571340540366e-02,7.699900000000000633e-01,1.952403971510663194e-17,-4.593193013416978840e-17,-4.369074546595186348e-14,1.000000000000000000e+00
3.420833333333333393e+00,-8.326420190236685781e-02,-2.622407571340540366e-02,7.699900000000000633e-01,1.952403971510663194e-17,-4.593193013416978840e-17,-4.369074546595186348e-14,1.000000000000000000e+00
3.422916666666666607e+00,-8.326420190236685781e-02,-2.622407571340540366e-02,7.699900000000000633e-01,1.952403971510663194e-17,-4.603191800929219260e-17,-4.369074546595186348e-14,1.000000000000000000e+00
3.424999999999999822e+00,-8.326420190236685781e-02,-2.622407571340540366e-02,7.699900000000000633e-01,1.952403971510663194e-17,-4.613617456538973781e-17,-4.369074546595186348e-14,1.000000000000000000e+00
3.427083333333333481e+00,-8.326420190236685781e-02,-2.622407571340540366e-02,7.699900000000000633e-01,1.952403971510663194e-17,-4.616331340235807923e-17,-4.369074546595186348e-14,1.000000000000000000e+00
3.429166666666666696e+00,-8.326420190236685781e-02,-2.622407571340540366e-02,7.699900000000000633e-01,1.952403971510663194e-17,-4.617037786429277351e-17,-4.369074546595186348e-14,1.000000000000000000e+00
3.431249999999999911e+00,-8.326420190236685781e-02,-2.622407571340540366e-02,7.699900000000000633e-01,1.952403971510663194e-17,-4.617221680169768421e-17,-4.369074546595186348e-14,1.000000000000000000e+00
3.433333333333333126e+00,-8.326420190236685781e-02,-2.622407571340540366e-02,7.699900000000000633e-01,1.952403971510663194e-17,-4.617269549219250722e-17,-4.369074546595186348e-14,1.000000000000000000e+00
3.435416666666666785e+00,-8.326420190236685781e-02,-2.622407571340540366e-02,7.699900000000000633e-01,1.952403971510663194e-17,-4.617282009925591895e-17,-4.369074546595186348e-14,1.000000000000000000e+00
3.437500000000000000e+00,-8.326420190236685781e-02,-2.622407571340540366e-02,7.699900000000000633e-01,1.952403971510663194e-17,-4.617285253549691453e-17,-4.369074546595186348e-14,1.000000000000000000e+00
3.439583333333333215e+00,-8.326420190236685781e-02,-2.622407571340540366e-02,7.699900000000000633e-01,1.952403971510663194e-17,-4.617286097891658687e-17,-4.369074546595186348e-14,1.000000000000000000e+00
3.441666666666666430e+00,-8.326420190236685781e-02,-2.622407571340540366e-02,7.699900000000000633e-01,1.952403971510663194e-17,-4.617286317680800466e-17,-4.369074546595186348e-14,1.000000000000000000e+00
3.443750000000000089e+00,-8.326420190236685781e-02,-2.622407571340540366e-02,7.699900000000000633e-01,1.952403971510663194e-17,-4.617286374893717234e-17,-4.369074546595186348e-14,1.000000000000000000e+00
3.445833333333333304e+00,-8.326420190236685781e-02,-2.622407571340540366e-02,7.699900000000000633e-01,1.952403971510663194e-17,-4.617286389786709162e-17,-4.369074546595186348e-14,1.000000000000000000e+00
3.447916666666666519e+00,-8.326420190236685781e-02,-2.622407571340540366e-02,7.699900000000000633e-01,1.952403971510663194e-17,-4.617286393663476717e-17,-4.369074546595186348e-14,1.000000000000000000e+00
3.449999999999999734e+00,-8.326420190236685781e-02,-2.622407571340540366e-02,7.699900000000000633e-01,1.952403971510663194e-17,-4.617286394672631344e-17,-4.369074546595186348e-14,1.000000000000000000e+00
3.452083333333333393e+00,-8.326420190236685781e-02,-2.622407571340540366e-02,7.699900000000000633e-01,1.952403971510663194e-17,-4.617286394935322642e-17,-4.369074546595186348e-14,1.000000000000000000e+00
3.454166666666666607e+00,-8.326420190236685781e-02,-2.622407571340540366e-02,7.699900000000000633e-01,1.952403971510663194e-17,-4.617286395003703940e-17,-4.369074546595186348e-14,1.000000000000000000e+00
3.456249999999999822e+00,-8.326420190236685781e-02,-2.622407571340540366e-02,7.699900000000000633e-01,1.952403971510663194e-17,-4.617286395021503847e-17,-4.369074546595186348e-14,1.000000000000000000e+00
3.458333333333333481e+00,-8.326420190236685781e-02,-2.622407571340540366e-02,7.699900000000000633e-01,1.952403971510663194e-17,-4.617286395026137172e-17,-4.369074546595186348e-14,1.000000000000000000e+00
3.460416666666666696e+00,-8.326420190236685781e-02,-2.622407571340540366e-02,7.699900000000000633e-01,1.952403971510663194e-17,-4.617286395027343267e-17,-4.369074546595186348e-14,1.000000000000000000e+00
3.462499999999999911e+00,-8.326420190236685781e-02,-2.622407571340540366e-02,7.699900000000000633e-01,1.952403971510663194e-17,-4.617286395027657578e-17,-4.369074546595186348e-14,1.000000000000000000e+00
3.464583333333333126e+00,-8.326420190236685781e-02,-2.622407571340540366e-02,7.699900000000000633e-01,1.952403971510663194e-17,-4.617286395027738930e-17,-4.369074546595186348e-14,1.000000000000000000e+00
3.466666666666666785e+00,-8.326420190236685781e-02,-2.622407571340540366e-02,7.699900000000000633e-01,1.952403971510663194e-17,-4.617286395027760500e-17,-4.369074546595186348e-14,1.000000000000000000e+00
3.468750000000000000e+00,-8.326420190236685781e-02,-2.622407571340540366e-02,7.699900000000000633e-01,1.952403971510663194e-17,-4.617286395027765430e-17,-4.369074546595186348e-14,1.000000000000000000e+00
3.470833333333333215e+00,-8.326420190236685781e-02,-2.622407571340540366e-02,7.699900000000000633e-01,1.952403971510663194e-17,-4.617286395027767896e-17,-4.369074546595186348e-14,1.000000000000000000e+00
3.472916666666666430e+00,-8.326420190236685781e-02,-2.622407571340540366e-02,7.699900000000000633e-01,1.952403971510663194e-17,-4.617286395027767279e-17,-4.369074546595186348e-14,1.000000000000000000e+00
3.475000000000000089e+00,-8.326420190236685781e-02,-2.622407571340540366e-02,7.699900000000000633e-01,1.952403971510663194e-17,-4.617286395027766663e-17,-4.369074546595186348e-14,1.000000000000000000e+00
3.477083333333333304e+00,-8.326420190236685781e-02,-2.622407571340540366e-02,7.699900000000000633e-01,1.952403971510663194e-17,-4.617286395027767896e-17,-4.369074546595186348e-14,1.000000000000000000e+00
3.479166666666666519e+00,-8.326420190236685781e-02,-2.622407571340540366e-02,7.699900000000000633e-01,1.952403971510663194e-17,-4.617286395027767279e-17,-4.369074546595186348e-14,1.000000000000000000e+00
3.481249999999999734e+00,-8.326420190236685781e-02,-2.622407571340540366e-02,7.699900000000000633e-01,1.952403971510663194e-17,-4.617286395027766663e-17,-4.369074546595186348e-14,1.000000000000000000e+00
3.483333333333333393e+00,-8.326420190236685781e-02,-2.622407571340540366e-02,7.699900000000000633e-01,1.952403971510663194e-17,-4.617286395027767896e-17,-4.369074546595186348e-14,1.000000000000000000e+00
3.485416666666666607e+00,-8.326420190236685781e-02,-2.622407571340540366e-02,7.699900000000000633e-01,1.952403971510663194e-17,-4.617286395027767279e-17,-4.369074546595186348e-14,1.000000000000000000e+00
3.487499999999999822e+00,-8.326420190236685781e-02,-2.622407571340540366e-02,7.699900000000000633e-01,1.952403971510663194e-17,-4.617286395027766663e-17,-4.369074546595186348e-14,1.000000000000000000e+00
3.489583333333333481e+00,-8.326420190236685781e-02,-2.622407571340540366e-02,7.699900000000000633e-01,1.952403971510663194e-17,-4.617286395027767896e-17,-4.369074546595186348e-14,1.000000000000000000e+00
3.491666666666666696e+00,-8.326420190236685781e-02,-2.622407571340540366e-02,7.699900000000000633e-01,1.952403971510663194e-17,-4.617286395027767279e-17,-4.369074546595186348e-14,1.000000000000000000e+00
3.493749999999999911e+00,-8.326420190236685781e-02,-2.622407571340540366e-02,7.699900000000000633e-01,1.952403971510663194e-17,-4.617286395027766663e-17,-4.369074546595186348e-14,1.000000000000000000e+00
3.495833333333333126e+00,-8.326420190236685781e-02,-2.622407571340540366e-02,7.699900000000000633e-01,1.952403971510663194e-17,-4.617286395027767896e-17,-4.369074546595186348e-14,1.000000000000000000e+00
3.497916666666666785e+00,-8.326420190236685781e-02,-2.622407571340540366e-02,7.699900000000000633e-01,1.952403971510663194e-17,-4.617286395027767279e-17,-4.369074546595186348e-14,1.000000000000000000e+00
3.500000000000000000e+00,-8.326420190236685781e-02,-2.622407571340540366e-02,7.699900000000000633e-01,1.952403971510663194e-17,-4.617286395027766663e-17,-4.369074546595186348e-14,1.000000000000000000e+00
3.502083333333333215e+00,-8.326420190236685781e-02,-2.622407571340540366e-02,7.699900000000000633e-01,1.952403971510663194e-17,-4.617286395027767896e-17,-4.369074546595186348e-14,1.000000000000000000e+00
3.504166666666666430e+00,-8.326420190236685781e-02,-2.622407571340540366e-02,7.699900000000000633e-01,1.952403971510663194e-17,-4.617286395027767279e-17,-4.369074546595186348e-14,1.000000000000000000e+00
3.506250000000000089e+00,-8.326420190236685781e-02,-2.622407571340540366e-02,7.699900000000000633e-01,1.952403971510663194e-17,-4.617286395027766663e-17,-4.369074546595186348e-14,1.000000000000000000e+00
3.508333333333333304e+00,-8.326420190236685781e-02,-2.622407571340540366e-02,7.699900000000000633e-01,1.952403971510663194e-17,-4.617286395027767896e-17,-4.369074546595186348e-14,1.000000000000000000e+00
3.510416666666666519e+00,-8.326420190236685781e-02,-2.622407571340540366e-02,7.699900000000000633e-01,1.952403971510663194e-17,-4.617286395027767279e-17,-4.369074546595186348e-14,1.000000000000000000e+00
3.512499999999999734e+00,-8.326420190236685781e-02,-2.622407571340540366e-02,7.699900000000000633e-01,1.952403971510663194e-17,-4.617286395027766663e-17,-4.369074546595186348e-14,1.000000000000000000e+00
3.514583333333333393e+00,-8.326420190236685781e-02,-2.622407571340540366e-02,7.699900000000000633e-01,1.952403971510663194e-17,-4.617286395027767896e-17,-4.369074546595186348e-14,1.000000000000000000e+00
3.516666666666666607e+00,-8.326420190236685781e-02,-2.622407571340540366e-02,7.699900000000000633e-01,1.952403971510663194e-17,-4.617286395027767279e-17,-4.369074546595186348e-14,1.000000000000000000e+00
3.518749999999999822e+00,-8.326420190236685781e-02,-2.622407571340540366e-02,7.699900000000000633e-01,1.952403971510663194e-17,-4.617286395027766663e-17,-4.369074546595186348e-14,1.000000000000000000e+00
3.520833333333333481e+00,-8.326420190236685781e-02,-2.622407571340540366e-02,7.699900000000000633e-01,1.952403971510663194e-17,-4.617286395027767279e-17,-4.369074546595186348e-14,1.000000000000000000e+00
3.522916666666666696e+00,-8.326420190236685781e-02,-2.622407571340540366e-02,7.699900000000000633e-01,1.952403971510663194e-17,-4.617286395027767279e-17,-4.369074546595186348e-14,1.000000000000000000e+00
3.524999999999999911e+00,-8.326420190236685781e-02,-2.622407571340540366e-02,7.699900000000000633e-01,1.952403971510663194e-17,-4.617286395027767279e-17,-4.369074546595186348e-14,1.000000000000000000e+00
3.527083333333333126e+00,-8.326420190236685781e-02,-2.622407571340540366e-02,7.699900000000000633e-01,1.952403971510663194e-17,-4.617286395027767279e-17,-4.369074546595186348e-14,1.000000000000000000e+00
3.529166666666666785e+00,-8.326420190236685781e-02,-2.622407571340540366e-02,7.699900000000000633e-01,1.952403971510663194e-17,-4.617286395027767279e-17,-4.369074546595186348e-14,1.000000000000000000e+00
3.531250000000000000e+00,-8.326420190236685781e-02,-2.622407571340540366e-02,7.699900000000000633e-01,1.952403971510663194e-17,-4.617286395027767279e-17,-4.369074546595186348e-14,1.000000000000000000e+00
3.533333333333333215e+00,-8.326420190236685781e-02,-2.622407571340540366e-02,7.699900000000000633e-01,1.952403971510663194e-17,-4.617286395027767279e-17,-4.369074546595186348e-14,1.000000000000000000e+00
3.535416666666666430e+00,-8.326420190236685781e-02,-2.622407571340540366e-02,7.699900000000000633e-01,1.952403971510663194e-17,-4.617286395027767279e-17,-4.369074546595186348e-14,1.000000000000000000e+00
3.537500000000000089e+00,-8.326420190236685781e-02,-2.622407571340540366e-02,7.699900000000000633e-01,1.952403971510663194e-17,-4.617286395027767279e-17,-4.369074546595186348e-14,1.000000000000000000e+00
3.539583333333333304e+00,-8.326420190236685781e-02,-2.622407571340540366e-02,7.699900000000000633e-01,1.952403971510663194e-17,-4.617286395027767279e-17,-4.369074546595186348e-14,1.000000000000000000e+00
3.541666666666666519e+00,-8.326420190236685781e-02,-2.622407571340540366e-02,7.699900000000000633e-01,1.952403971510663194e-17,-4.617286395027767279e-17,-4.369074546595186348e-14,1.000000000000000000e+00
3.543749999999999734e+00,-8.326420190236685781e-02,-2.622407571340540366e-02,7.699900000000000633e-01,1.952403971510663194e-17,-4.617286395027767279e-17,-4.369074546595186348e-14,1.000000000000000000e+00
3.545833333333333393e+00,-8.326420190236685781e-02,-2.622407571340540366e-02,7.699900000000000633e-01,1.952403971510663194e-17,-4.617286395027767279e-17,-4.369074546595186348e-14,1.000000000000000000e+00
3.547916666666666607e+00,-8.326420190236685781e-02,-2.622407571340540366e-02,7.699900000000000633e-01,1.952403971510663194e-17,-4.617286395027767279e-17,-4.369074546595186348e-14,1.000000000000000000e+00
3.549999999999999822e+00,-8.326420190236685781e-02,-2.622407571340540366e-02,7.699900000000000633e-01,1.952403971510663194e-17,-4.617286395027767279e-17,-4.369074546595186348e-14,1.000000000000000000e+00
3.552083333333333481e+00,-8.326420190236685781e-02,-2.622407571340540366e-02,7.699900000000000633e-01,1.952403971510663194e-17,-4.605485555055136773e-17,-4.369074546595186348e-14,1.000000000000000000e+00
3.554166666666666696e+00,-8.326420190236685781e-02,-2.622407571340540366e-02,7.699900000000000633e-01,1.952403971510663194e-17,-4.596392862864645191e-17,-4.369074546595186348e-14,1.000000000000000000e+00
3.556249999999999911e+00,-8.326420190236685781e-02,-2.622407571340540366e-02,7.699900000000000633e-01,1.952403971510663194e-17,-4.594025960482697345e-17,-4.369074546595186348e-14,1.000000000000000000e+00
3.558333333333333126e+00,-8.326420190236685781e-02,-2.622407571340540366e-02,7.699900000000000633e-01,1.952403971510663194e-17,-4.593409836372443694e-17,-4.369074546595186348e-14,1.000000000000000000e+00
3.560416666666666785e+00,-8.326420190236685781e-02,-2.622407571340540366e-02,7.699900000000000633e-01,1.952403971510663194e-17,-4.593249454211299890e-17,-4.369074546595186348e-14,1.000000000000000000e+00
3.562500000000000000e+00,-8.326420190236685781e-02,-2.622407571340540366e-02,7.699900000000000633e-01,1.952403971510663194e-17,-4.593207705418831586e-17,-4.369074546595186348e-14,1.000000000000000000e+00
3.564583333333333215e+00,-8.326420190236685781e-02,-2.622407571340540366e-02,7.699900000000000633e-01,1.952403971510663194e-17,-4.593196837865607149e-17,-4.369074546595186348e-14,1.000000000000000000e+00
3.566666666666666430e+00,-8.326420190236685781e-02,-2.622407571340540366e-02,7.699900000000000633e-01,1.952403971510663194e-17,-4.593194008952335934e-17,-4.369074546595186348e-14,1.000000000000000000e+00
3.568750000000000089e+00,-8.326420190236685781e-02,-2.622407571340540366e-02,7.699900000000000633e-01,1.952403971510663194e-17,-4.593193272563000082e-17,-4.369074546595186348e-14,1.000000000000000000e+00
3.570833333333333304e+00,-8.326420190236685781e-02,-2.622407571340540366e-02,7.699900000000000633e-01,1.952403971510663194e-17,-4.593193080874814311e-17,-4.369074546595186348e-14,1.000000000000000000e+00
3.572916666666666519e+00,-8.326420190236685781e-02,-2.622407571340540366e-02,7.699900000000000633e-01,1.952403971510663194e-17,-4.593193030976806269e-17,-4.369074546595186348e-14,1.000000000000000000e+00
3.574999999999999734e+00,-8.326420190236685781e-02,-2.622407571340540366e-02,7.699900000000000633e-01,1.952403971510663194e-17,-4.593193017987946457e-17,-4.369074546595186348e-14,1.000000000000000000e+00
3.577083333333333393e+00,-8.326420190236685781e-02,-2.622407571340540366e-02,7.699900000000000633e-01,1.952403971510663194e-17,-4.593193014606839313e-17,-4.369074546595186348e-14,1.000000000000000000e+00
3.579166666666666607e+00,-8.326420190236685781e-02,-2.622407571340540366e-02,7.699900000000000633e-01,1.952403971510663194e-17,-4.608293223439072763e-17,-4.369074546595186348e-14,1.000000000000000000e+00
3.581249999999999822e+00,-8.326420190236685781e-02,-2.622407571340540366e-02,7.699900000000000633e-01,1.952403971510663194e-17,-4.612223931694027655e-17,-4.369074546595186348e-14,1.000000000000000000e+00
3.583333333333333481e+00,-8.326420190236685781e-02,-2.622407571340540366e-02,7.699900000000000633e-01,1.952403971510663194e-17,-4.613247127303917795e-17,-4.369074546595186348e-14,1.000000000000000000e+00
3.585416666666666696e+00,-8.326420190236685781e-02,-2.622407571340540366e-02,7.699900000000000633e-01,1.952403971510663194e-17,-4.613513473516405161e-17,-4.369074546595186348e-14,1.000000000000000000e+00
3.587499999999999911e+00,-8.326420190236685781e-02,-2.622407571340540366e-02,7.699900000000000633e-01,1.952403971510663194e-17,-4.613582805620863762e-17,-4.369074546595186348e-14,1.000000000000000000e+00
3.589583333333333126e+00,-8.326420190236685781e-02,-2.622407571340540366e-02,7.699900000000000633e-01,1.952403971510663194e-17,-4.613600853336517532e-17,-4.369074546595186348e-14,1.000000000000000000e+00
3.591666666666666785e+00,-8.326420190236685781e-02,-2.622407571340540366e-02,7.699900000000000633e-01,1.952403971510663194e-17,-4.613605551304982548e-17,-4.369074546595186348e-14,1.000000000000000000e+00
3.593750000000000000e+00,-8.326420190236685781e-02,-2.622407571340540366e-02,7.699900000000000633e-01,1.952403971510663194e-17,-4.613606774224720498e-17,-4.369074546595186348e-14,1.000000000000000000e+00
3.595833333333333215e+00,-8.326420190236685781e-02,-2.622407571340540366e-02,7.699900000000000633e-01,1.952403971510663194e-17,-4.613607092560761490e-17,-4.369074546595186348e-14,1.000000000000000000e+00
3.597916666666666430e+00,-8.326420190236685781e-02,-2.622407571340540366e-02,7.699900000000000633e-01,1.952403971510663194e-17,-4.613607175426246058e-17,-4.369074546595186348e-14,1.000000000000000000e+00
3.600000000000000089e+00,-8.326420190236685781e-02,-2.622407571340540366e-02,7.699900000000000633e-01,1.952403971510663194e-17,-4.613607196996811195e-17,-4.369074546595186348e-14,1.000000000000000000e+00
3.602083333333333304e+00,-8.326420190236685781e-02,-2.622407571340540366e-02,7.699900000000000633e-01,1.952403971510663194e-17,-4.613607202611806022e-17,-4.369074546595186348e-14,1.000000000000000000e+00
3.604166666666666519e+00,-8.326420190236685781e-02,-2.622407571340540366e-02,7.699900000000000633e-01,1.952403971510663194e-17,-4.613607204073435240e-17,-4.369074546595186348e-14,1.000000000000000000e+00
3.606249999999999734e+00,-8.326420190236685781e-02,-2.622407571340540366e-02,7.699900000000000633e-01,1.952403971510663194e-17,-4.613607204453909634e-17,-4.369074546595186348e-14,1.000000000000000000e+00
3.608333333333333393e+00,-8.326420190236685781e-02,-2.622407571340540366e-02,7.699900000000000633e-01,1.952403971510663194e-17,-4.613607204552950505e-17,-4.369074546595186348e-14,1.000000000000000000e+00
3.610416666666666607e+00,-8.326420190236685781e-02,-2.622407571340540366e-02,7.699900000000000633e-01,1.952403971510663194e-17,-4.613607204578730849e-17,-4.369074546595186348e-14,1.000000000000000000e+00
3.612499999999999822e+00,-8.326420190236685781e-02,-2.622407571340540366e-02,7.699900000000000633e-01,1.952403971510663194e-17,-4.613607204585441713e-17,-4.369074546595186348e-14,1.000000000000000000e+00
3.614583333333333481e+00,-8.326420190236685781e-02,-2.622407571340540366e-02,7.699900000000000633e-01,1.952403971510663194e-17,-4.613607204587189533e-17,-4.369074546595186348e-14,1.000000000000000000e+00
3.616666666666666696e+00,-8.326420190236685781e-02,-2.622407571340540366e-02,7.699900000000000633e-01,1.952403971510663194e-17,-4.613607204587643744e-17,-4.369074546595186348e-14,1.000000000000000000e+00
3.618749999999999911e+00,-8.326420190236685781e-02,-2.622407571340540366e-02,7.699900000000000633e-01,1.952403971510663194e-17,-4.613607204587762690e-17,-4.369074546595186348e-14,1.000000000000000000e+00
3.620833333333333126e+00,-8.326420190236685781e-02,-2.622407571340540366e-02,7.699900000000000633e-01,1.952403971510663194e-17,-4.613607204587792888e-17,-4.369074546595186348e-14,1.000000000000000000e+00
3.622916666666666785e+00,-8.326420190236685781e-02,-2.622407571340540366e-02,7.699900000000000633e-01,1.952403971510663194e-17,-4.613607204587800900e-17,-4.369074546595186348e-14,1.000000000000000000e+00
3.625000000000000000e+00,-8.326420190236685781e-02,-2.622407571340540366e-02,7.699900000000000633e-01,1.952403971510663194e-17,-4.613607204587802749e-17,-4.369074546595186348e-14,1.000000000000000000e+00
3.627083333333333215e+00,-8.326420190236685781e-02,-2.622407571340540366e-02,7.699900000000000633e-01,1.952403971510663194e-17,-4.613607204587803982e-17,-4.369074546595186348e-14,1.000000000000000000e+00
3.629166666666666430e+00,-8.326420190236685781e-02,-2.622407571340540366e-02,7.699900000000000633e-01,1.952403971510663194e-17,-4.613607204587804598e-17,-4.369074546595186348e-14,1.000000000000000000e+00
3.631250000000000089e+00,-8.326420190236685781e-02,-2.622407571340540366e-02,7.699900000000000633e-01,1.952403971510663194e-17,-4.613607204587804598e-17,-4.369074546595186348e-14,1.000000000000000000e+00
3.633333333333333304e+00,-8.326420190236685781e-02,-2.622407571340540366e-02,7.699900000000000633e-01,1.952403971510663194e-17,-4.613607204587803982e-17,-4.369074546595186348e-14,1.000000000000000000e+00
3.635416666666666519e+00,-8.326420190236685781e-02,-2.622407571340540366e-02,7.699900000000000633e-01,1.952403971510663194e-17,-4.613607204587804598e-17,-4.369074546595186348e-14,1.000000000000000000e+00
3.637499999999999734e+00,-8.326420190236685781e-02,-2.622407571340540366e-02,7.699900000000000633e-01,1.952403971510663194e-17,-4.613607204587804598e-17,-4.369074546595186348e-14,1.000000000000000000e+00
3.639583333333333393e+00,-8.326420190236685781e-02,-2.622407571340540366e-02,7.699900000000000633e-01,1.952403971510663194e-17,-4.613607204587803982e-17,-4.369074546595186348e-14,1.000000000000000000e+00
3.641666666666666607e+00,-8.326420190236685781e-02,-2.622407571340540366e-02,7.699900000000000633e-01,1.952403971510663194e-17,-4.613607204587804598e-17,-4.369074546595186348e-14,1.000000000000000000e+00
3.643749999999999822e+00,-8.326420190236685781e-02,-2.622407571340540366e-02,7.699900000000000633e-01,1.952403971510663194e-17,-4.613607204587804598e-17,-4.369074546595186348e-14,1.000000000000000000e+00
3.645833333333333481e+00,-8.326420190236685781e-02,-2.622407571340540366e-02,7.699900000000000633e-01,1.952403971510663194e-17,-4.613607204587803982e-17,-4.369074546595186348e-14,1.000000000000000000e+00
3.647916666666666696e+00,-8.326420190236685781e-02,-2.622407571340540366e-02,7.699900000000000633e-01,1.952403971510663194e-17,-4.601228461856437541e-17,-4.369074546595186348e-14,1.000000000000000000e+00
3.649999999999999911e+00,-8.326420190236685781e-02,-2.622407571340540366e-02,7.699900000000000633e-01,1.952403971510663194e-17,-4.598006173556935728e-17,-4.369074546595186348e-14,1.000000000000000000e+00
3.652083333333333126e+00,-8.326420190236685781e-02,-2.622407571340540366e-02,7.699900000000000633e-01,1.952403971510663194e-17,-4.597167385473974198e-17,-4.369074546595186348e-14,1.000000000000000000e+00
3.654166666666666785e+00,-8.326420190236685781e-02,-2.622407571340540366e-02,7.699900000000000633e-01,1.952403971510663194e-17,-4.596949042053794961e-17,-4.369074546595186348e-14,1.000000000000000000e+00
3.656250000000000000e+00,-8.326420190236685781e-02,-2.622407571340540366e-02,7.699900000000000633e-01,1.952403971510663194e-17,-4.596892205470033363e-17,-4.369074546595186348e-14,1.000000000000000000e+00
3.658333333333333215e+00,-8.326420190236685781e-02,-2.622407571340540366e-02,7.699900000000000633e-01,1.952403971510663194e-17,-4.596877410440940963e-17,-4.369074546595186348e-14,1.000000000000000000e+00
3.660416666666666430e+00,-8.326420190236685781e-02,-2.622407571340540366e-02,7.699900000000000633e-01,1.952403971510663194e-17,-4.596873559173476867e-17,-4.369074546595186348e-14,1.000000000000000000e+00
3.662500000000000089e+00,-8.326420190236685781e-02,-2.622407571340540366e-02,7.699900000000000633e-01,1.952403971510663194e-17,-4.596872556656956526e-17,-4.369074546595186348e-14,1.000000000000000000e+00
3.664583333333333304e+00,-8.326420190236685781e-02,-2.622407571340540366e-02,7.699900000000000633e-01,1.952403971510663194e-17,-4.596872295693679556e-17,-4.369074546595186348e-14,1.000000000000000000e+00
3.666666666666666519e+00,-8.326420190236685781e-02,-2.622407571340540366e-02,7.699900000000000633e-01,1.952403971510663194e-17,-4.596872227762798713e-17,-4.369074546595186348e-14,1.000000000000000000e+00
3.668749999999999734e+00,-8.326420190236685781e-02,-2.622407571340540366e-02,7.699900000000000633e-01,1.952403971510663194e-17,-4.596872210079832561e-17,-4.369074546595186348e-14,1.000000000000000000e+00
3.670833333333333393e+00,-8.326420190236685781e-02,-2.622407571340540366e-02,7.699900000000000633e-01,1.952403971510663194e-17,-4.596872205476810690e-17,-4.369074546595186348e-14,1.000000000000000000e+00
3.672916666666666607e+00,-8.326420190236685781e-02,-2.622407571340540366e-02,7.699900000000000633e-01,1.952403971510663194e-17,-4.596872204278607396e-17,-4.369074546595186348e-14,1.000000000000000000e+00
3.674999999999999822e+00,-8.326420190236685781e-02,-2.622407571340540366e-02,7.699900000000000633e-01,1.952403971510663194e-17,-4.596872203966704120e-17,-4.369074546595186348e-14,1.000000000000000000e+00
3.677083333333333481e+00,-8.326420190236685781e-02,-2.622407571340540366e-02,7.699900000000000633e-01,1.952403971510663194e-17,-4.596872203885513693e-17,-4.369074546595186348e-14,1.000000000000000000e+00
3.679166666666666696e+00,-8.326420190236685781e-02,-2.622407571340540366e-02,7.699900000000000633e-01,1.952403971510663194e-17,-4.596872203864379000e-17,-4.369074546595186348e-14,1.000000000000000000e+00
3.681249999999999911e+00,-8.326420190236685781e-02,-2.622407571340540366e-02,7.699900000000000633e-01,1.952403971510663194e-17,-4.596872203858877928e-17,-4.369074546595186348e-14,1.000000000000000000e+00
3.683333333333333126e+00,-8.326420190236685781e-02,-2.622407571340540366e-02,7.699900000000000633e-01,1.952403971510663194e-17,-4.596872203857445652e-17,-4.369074546595186348e-14,1.000000000000000000e+00
3.685416666666666785e+00,-8.326420190236685781e-02,-2.622407571340540366e-02,7.699900000000000633e-01,1.952403971510663194e-17,-4.596872203857072176e-17,-4.369074546595186348e-14,1.000000000000000000e+00
3.687500000000000000e+00,-8.326420190236685781e-02,-2.622407571340540366e-02,7.699900000000000633e-01,1.952403971510663194e-17,-4.596872203856976034e-17,-4.369074546595186348e-14,1.000000000000000000e+00
3.689583333333333215e+00,-8.326420190236685781e-02,-2.622407571340540366e-02,7.699900000000000633e-01,1.952403971510663194e-17,-4.596872203856950149e-17,-4.369074546595186348e-14,1.000000000000000000e+00
3.691666666666666430e+00,-8.326420190236685781e-02,-2.622407571340540366e-02,7.699900000000000633e-01,1.952403971510663194e-17,-4.596872203856943986e-17,-4.369074546595186348e-14,1.000000000000000000e+00
3.693750000000000089e+00,-8.326420190236685781e-02,-2.622407571340540366e-02,7.699900000000000633e-01,1.952403971510663194e-17,-4.596872203856941521e-17,-4.369074546595186348e-14,1.000000000000000000e+00
3.695833333333333304e+00,-8.326420190236685781e-02,-2.622407571340540366e-02,7.699900000000000633e-01,1.952403971510663194e-17,-4.596872203856941521e-17,-4.369074546595186348e-14,1.000000000000000000e+00
3.697916666666666519e+00,-8.326420190236685781e-02,-2.622407571340540366e-02,7.699900000000000633e-01,1.952403971510663194e-17,-4.596872203856941521e-17,-4.369074546595186348e-14,1.000000000000000000e+00
3.699999999999999734e+00,-8.326420190236685781e-02,-2.622407571340540366e-02,7.699900000000000633e-01,1.952403971510663194e-17,-4.596872203856941521e-17,-4.369074546595186348e-14,1.000000000000000000e+00
3.702083333333333393e+00,-8.326420190236685781e-02,-2.622407571340540366e-02,7.699900000000000633e-01,1.952403971510663194e-17,-4.596872203856941521e-17,-4.369074546595186348e-14,1.000000000000000000e+00
3.704166666666666607e+00,-8.326420190236685781e-02,-2.622407571340540366e-02,7.699900000000000633e-01,1.952403971510663194e-17,-4.596872203856941521e-17,-4.369074546595186348e-14,1.000000000000000000e+00
3.706249999999999822e+00,-8.326420190236685781e-02,-2.622407571340540366e-02,7.699900000000000633e-01,1.952403971510663194e-17,-4.596872203856941521e-17,-4.369074546595186348e-14,1.000000000000000000e+00
3.708333333333333481e+00,-8.326420190236685781e-02,-2.622407571340540366e-02,7.699900000000000633e-01,1.952403971510663194e-17,-4.596872203856941521e-17,-4.369074546595186348e-14,1.000000000000000000e+00
3.710416666666666696e+00,-8.326420190236685781e-02,-2.622407571340540366e-02,7.699900000000000633e-01,1.952403971510663194e-17,-4.596872203856941521e-17,-4.369074546595186348e-14,1.000000000000000000e+00
3.712499999999999911e+00,-8.326420190236685781e-02,-2.622407571340540366e-02,7.699900000000000633e-01,1.952403971510663194e-17,-4.596872203856941521e-17,-4.369074546595186348e-14,1.000000000000000000e+00
3.714583333333333126e+00,-8.326420190236685781e-02,-2.622407571340540366e-02,7.699900000000000633e-01,1.952403971510663194e-17,-4.596872203856941521e-17,-4.369074546595186348e-14,1.000000000000000000e+00
3.716666666666666785e+00,-8.326420190236685781e-02,-2.622407571340540366e-02,7.699900000000000633e-01,1.952403971510663194e-17,-4.596872203856941521e-17,-4.369074546595186348e-14,1.000000000000000000e+00
3.718750000000000000e+00,-8.326420190236685781e-02,-2.622407571340540366e-02,7.699900000000000633e-01,1.952403971510663194e-17,-4.596872203856941521e-17,-4.369074546595186348e-14,1.000000000000000000e+00
3.720833333333333215e+00,-8.326420190236685781e-02,-2.622407571340540366e-02,7.699900000000000633e-01,1.952403971510663194e-17,-4.596872203856941521e-17,-4.369074546595186348e-14,1.000000000000000000e+00
3.722916666666666430e+00,-8.326420190236685781e-02,-2.622407571340540366e-02,7.699900000000000633e-01,1.952403971510663194e-17,-4.596872203856941521e-17,-4.369074546595186348e-14,1.000000000000000000e+00
3.725000000000000089e+00,-8.326420190236685781e-02,-2.622407571340540366e-02,7.699900000000000633e-01,1.982604390935391236e-17,-4.579050527163580535e-17,-4.369074546595186348e-14,1.000000000000000000e+00
3.727083333333333304e+00,-8.326420190236685781e-02,-2.622407571340540366e-02,7.699900000000000633e-01,1.990465807903510569e-17,-4.574411398494963325e-17,-4.369074546595186348e-14,1.000000000000000000e+00
3.729166666666666519e+00,-8.326420190236685781e-02,-2.622407571340540366e-02,7.699900000000000633e-01,1.992512199242567233e-17,-4.573203795238866957e-17,-4.369074546595186348e-14,1.000000000000000000e+00
3.731249999999999734e+00,-8.326420190236685781e-02,-2.622407571340540366e-02,7.699900000000000633e-01,1.993044891698589805e-17,-4.572889446203023006e-17,-4.369074546595186348e-14,1.000000000000000000e+00
3.733333333333333393e+00,-8.326420190236685781e-02,-2.622407571340540366e-02,7.699900000000000633e-01,1.993183555915588208e-17,-4.582806406082027546e-17,-4.369074546595186348e-14,1.000000000000000000e+00
3.735416666666666607e+00,-8.326420190236685781e-02,-2.622407571340540366e-02,7.699900000000000633e-01,1.993219651349001637e-17,-4.590489294306464381e-17,-4.369074546595186348e-14,1.000000000000000000e+00
3.737499999999999822e+00,-8.326420190236685781e-02,-2.622407571340540366e-02,7.699900000000000633e-01,1.993229047286478634e-17,-4.592489213148726691e-17,-4.369074546595186348e-14,1.000000000000000000e+00
3.739583333333333481e+00,-8.326420190236685781e-02,-2.622407571340540366e-02,7.699900000000000633e-01,1.993231493126097207e-17,-4.593009808432531701e-17,-4.369074546595186348e-14,1.000000000000000000e+00
3.741666666666666696e+00,-8.326420190236685781e-02,-2.622407571340540366e-02,7.699900000000000633e-01,1.993232129798217401e-17,-4.593145323656345032e-17,-4.369074546595186348e-14,1.000000000000000000e+00
3.743749999999999911e+00,-8.326420190236685781e-02,-2.622407571340540366e-02,7.699900000000000633e-01,1.993232295529194240e-17,-4.593180599380995429e-17,-4.369074546595186348e-14,1.000000000000000000e+00
3.745833333333333126e+00,-8.326420190236685781e-02,-2.622407571340540366e-02,7.699900000000000633e-01,1.993232338670327288e-17,-4.593189781941556625e-17,-4.369074546595186348e-14,1.000000000000000000e+00
3.747916666666666785e+00,-8.326420190236685781e-02,-2.622407571340540366e-02,7.699900000000000633e-01,1.993232349900318174e-17,-4.593192172237411993e-17,-4.369074546595186348e-14,1.000000000000000000e+00
3.750000000000000000e+00,-8.326420190236685781e-02,-2.622407571340540366e-02,7.699900000000000633e-01,1.993232352823576920e-17,-4.593192794451036218e-17,-4.369074546595186348e-14,1.000000000000000000e+00
3.752083333333333215e+00,-8.326420190236685781e-02,-2.622407571340540366e-02,7.699900000000000633e-01,1.993232353584525399e-17,-4.593192956418346893e-17,-4.369074546595186348e-14,1.000000000000000000e+00
3.754166666666666430e+00,-8.326420190236685781e-02,-2.622407571340540366e-02,7.699900000000000633e-01,1.993232353782605907e-17,-4.593192998579766774e-17,-4.369074546595186348e-14,1.000000000000000000e+00
3.756250000000000089e+00,-8.326420190236685781e-02,-2.622407571340540366e-02,7.699900000000000633e-01,1.993232353834168444e-17,-4.593193009554730023e-17,-4.369074546595186348e-14,1.000000000000000000e+00
3.758333333333333304e+00,-8.326420190236685781e-02,-2.622407571340540366e-02,7.699900000000000633e-01,1.993232353847590789e-17,-4.593193012411603966e-17,-4.369074546595186348e-14,1.000000000000000000e+00
3.760416666666666519e+00,-8.326420190236685781e-02,-2.622407571340540366e-02,7.699900000000000633e-01,1.993232353851084580e-17,-4.593193013155270537e-17,-4.369074546595186348e-14,1.000000000000000000e+00
3.762499999999999734e+00,-8.326420190236685781e-02,-2.622407571340540366e-02,7.699900000000000633e-01,1.993232353851993619e-17,-4.593193013348853305e-17,-4.369074546595186348e-14,1.000000000000000000e+00
3.764583333333333393e+00,-8.326420190236685781e-02,-2.622407571340540366e-02,7.699900000000000633e-01,1.993232353852230894e-17,-4.593193013399245493e-17,-4.369074546595186348e-14,1.000000000000000000e+00
3.766666666666666607e+00,-8.326420190236685781e-02,-2.622407571340540366e-02,7.699900000000000633e-01,1.993232353852292524e-17,-4.593193013412362771e-17,-4.369074546595186348e-14,1.000000000000000000e+00
3.768749999999999822e+00,-8.326420190236685781e-02,-2.622407571340540366e-02,7.699900000000000633e-01,1.993232353852308547e-17,-4.593193013415777059e-17,-4.369074546595186348e-14,1.000000000000000000e+00
3.770833333333333481e+00,-8.326420190236685781e-02,-2.622407571340540366e-02,7.699900000000000633e-01,1.993232353852312553e-17,-4.593193013416665761e-17,-4.369074546595186348e-14,1.000000000000000000e+00
3.772916666666666696e+00,-8.326420190236685781e-02,-2.622407571340540366e-02,7.699900000000000633e-01,1.993232353852313478e-17,-4.593193013416896872e-17,-4.369074546595186348e-14,1.000000000000000000e+00
3.774999999999999911e+00,-8.326420190236685781e-02,-2.622407571340540366e-02,7.699900000000000633e-01,1.993232353852314094e-17,-4.593193013416957269e-17,-4.369074546595186348e-14,1.000000000000000000e+00
3.777083333333333126e+00,-8.326420190236685781e-02,-2.622407571340540366e-02,7.699900000000000633e-01,1.993232353852314094e-17,-4.593193013416972677e-17,-4.369074546595186348e-14,1.000000000000000000e+00
3.779166666666666785e+00,-8.326420190236685781e-02,-2.622407571340540366e-02,7.699900000000000633e-01,1.993232353852314094e-17,-4.593193013416976991e-17,-4.369074546595186348e-14,1.000000000000000000e+00
3.781250000000000000e+00,-8.326420190236685781e-02,-2.622407571340540366e-02,7.699900000000000633e-01,1.993232353852314094e-17,-4.593193013416978223e-17,-4.369074546595186348e-14,1.000000000000000000e+00
3.783333333333333215e+00,-8.326420190236685781e-02,-2.622407571340540366e-02,7.699900000000000633e-01,1.993232353852314094e-17,-4.593193013416978223e-17,-4.369074546595186348e-14,1.000000000000000000e+00
3.785416666666666430e+00,-8.326420190236685781e-02,-2.622407571340540366e-02,7.699900000000000633e-01,1.993232353852314094e-17,-4.593193013416978223e-17,-4.369074546595186348e-14,1.000000000000000000e+00
3.787500000000000089e+00,-8.326420190236685781e-02,-2.622407571340540366e-02,7.699900000000000633e-01,1.993232353852314094e-17,-4.593193013416978223e-17,-4.369074546595186348e-14,1.000000000000000000e+00
3.789583333333333304e+00,-8.326420190236685781e-02,-2.622407571340540366e-02,7.699900000000000633e-01,1.993232353852314094e-17,-4.593193013416978223e-17,-4.369074546595186348e-14,1.000000000000000000e+00
3.791666666666666519e+00,-8.326420190236685781e-02,-2.622407571340540366e-02,7.699900000000000633e-01,1.993232353852314094e-17,-4.593193013416978223e-17,-4.369074546595186348e-14,1.000000000000000000e+00
3.793749999999999734e+00,-8.326420190236685781e-02,-2.622407571340540366e-02,7.699900000000000633e-01,1.993232353852314094e-17,-4.593193013416978223e-17,-4.369074546595186348e-14,1.000000000000000000e+00
3.795833333333333393e+00,-8.326420190236685781e-02,-2.622407571340540366e-02,7.699900000000000633e-01,1.993232353852314094e-17,-4.593193013416978223e-17,-4.369074546595186348e-14,1.000000000000000000e+00
3.797916666666666607e+00,-8.326420190236685781e-02,-2.622407571340540366e-02,7.699900000000000633e-01,1.993232353852314094e-17,-4.593193013416978223e-17,-4.369074546595186348e-14,1.000000000000000000e+00
3.799999999999999822e+00,-8.326420190236685781e-02,-2.622407571340540366e-02,7.699900000000000633e-01,1.993232353852314094e-17,-4.593193013416978223e-17,-4.369074546595186348e-14,1.000000000000000000e+00
3.802083333333333481e+00,-8.326420190236685781e-02,-2.622407571340540366e-02,7.699900000000000633e-01,1.993232353852314094e-17,-4.593193013416978223e-17,-4.369074546595186348e-14,1.000000000000000000e+00
3.804166666666666696e+00,-8.326420190236685781e-02,-2.622407571340540366e-02,7.699900000000000633e-01,1.993232353852314094e-17,-4.593193013416978223e-17,-4.369074546595186348e-14,1.000000000000000000e+00
3.806249999999999911e+00,-8.326420190236685781e-02,-2.622407571340540366e-02,7.699900000000000633e-01,1.993232353852314094e-17,-4.593193013416978223e-17,-4.369074546595186348e-14,1.000000000000000000e+00
3.808333333333333126e+00,-8.326420190236685781e-02,-2.622407571340540366e-02,7.699900000000000633e-01,1.993232353852314094e-17,-4.593193013416978223e-17,-4.369074546595186348e-14,1.000000000000000000e+00
3.810416666666666785e+00,-8.326420190236685781e-02,-2.622407571340540366e-02,7.699900000000000633e-01,1.993232353852314094e-17,-4.593193013416978223e-17,-4.369074546595186348e-14,1.000000000000000000e+00
3.812500000000000000e+00,-8.326420190236685781e-02,-2.622407571340540366e-02,7.699900000000000633e-01,1.993232353852314094e-17,-4.593193013416978223e-17,-4.369074546595186348e-14,1.000000000000000000e+00
3.814583333333333215e+00,-8.326420190236685781e-02,-2.622407571340540366e-02,7.699900000000000633e-01,1.993232353852314094e-17,-4.593193013416978223e-17,-4.369074546595186348e-14,1.000000000000000000e+00
3.816666666666666430e+00,-8.326420190236685781e-02,-2.622407571340540366e-02,7.699900000000000633e-01,1.993232353852314094e-17,-4.593193013416978223e-17,-4.369074546595186348e-14,1.000000000000000000e+00
3.818750000000000089e+00,-8.326420190236685781e-02,-2.622407571340540366e-02,7.699900000000000633e-01,1.993232353852314094e-17,-4.593193013416978223e-17,-4.369074546595186348e-14,1.000000000000000000e+00
3.820833333333333304e+00,-8.326420190236685781e-02,-2.622407571340540366e-02,7.699900000000000633e-01,1.993232353852314094e-17,-4.593193013416978223e-17,-4.369074546595186348e-14,1.000000000000000000e+00
3.822916666666666519e+00,-8.326420190236685781e-02,-2.622407571340540366e-02,7.699900000000000633e-01,1.993232353852314094e-17,-4.593193013416978223e-17,-4.369074546595186348e-14,1.000000000000000000e+00
3.824999999999999734e+00,-8.326420190236685781e-02,-2.622407571340540366e-02,7.699900000000000633e-01,1.993232353852314094e-17,-4.593193013416978223e-17,-4.369074546595186348e-14,1.000000000000000000e+00
3.827083333333333393e+00,-8.326420190236685781e-02,-2.622407571340540366e-02,7.699900000000000633e-01,1.993232353852314094e-17,-4.593193013416978223e-17,-4.369074546595186348e-14,1.000000000000000000e+00
3.829166666666666607e+00,-8.326420190236685781e-02,-2.622407571340540366e-02,7.699900000000000633e-01,1.993232353852314094e-17,-4.593193013416978223e-17,-4.369074546595186348e-14,1.000000000000000000e+00
3.831249999999999822e+00,-8.326420190236685781e-02,-2.622407571340540366e-02,7.699900000000000633e-01,1.993232353852314094e-17,-4.593193013416978223e-17,-4.369074546595186348e-14,1.000000000000000000e+00
3.833333333333333481e+00,-8.326420190236685781e-02,-2.622407571340540366e-02,7.699900000000000633e-01,1.993232353852314094e-17,-4.593193013416978223e-17,-4.369074546595186348e-14,1.000000000000000000e+00
3.835416666666666696e+00,-8.326420190236685781e-02,-2.622407571340540366e-02,7.699900000000000633e-01,1.993232353852314094e-17,-4.593193013416978223e-17,-4.369074546595186348e-14,1.000000000000000000e+00
3.837499999999999911e+00,-8.326420190236685781e-02,-2.622407571340540366e-02,7.699900000000000633e-01,1.993232353852314094e-17,-4.593193013416978223e-17,-4.369074546595186348e-14,1.000000000000000000e+00
3.839583333333333126e+00,-8.326420190236685781e-02,-2.622407571340540366e-02,7.699900000000000633e-01,1.993232353852314094e-17,-4.593193013416978223e-17,-4.369074546595186348e-14,1.000000000000000000e+00
3.841666666666666785e+00,-8.326420190236685781e-02,-2.622407571340540366e-02,7.699900000000000633e-01,1.993232353852314094e-17,-4.593193013416978223e-17,-4.369074546595186348e-14,1.000000000000000000e+00
3.843750000000000000e+00,-8.326420190236685781e-02,-2.622407571340540366e-02,7.699900000000000633e-01,1.993232353852314094e-17,-4.593193013416978223e-17,-4.369074546595186348e-14,1.000000000000000000e+00
3.845833333333333215e+00,-8.326420190236685781e-02,-2.622407571340540366e-02,7.699900000000000633e-01,1.993232353852314094e-17,-4.593193013416978223e-17,-4.369074546595186348e-14,1.000000000000000000e+00
3.847916666666666430e+00,-8.326420190236685781e-02,-2.622407571340540366e-02,7.699900000000000633e-01,1.993232353852314094e-17,-4.593193013416978223e-17,-4.369074546595186348e-14,1.000000000000000000e+00
3.850000000000000089e+00,-8.326420190236685781e-02,-2.622407571340540366e-02,7.699900000000000633e-01,1.993232353852314094e-17,-4.593193013416978223e-17,-4.369074546595186348e-14,1.000000000000000000e+00
3.852083333333333304e+00,-8.326420190236685781e-02,-2.622407571340540366e-02,7.699900000000000633e-01,1.993232353852314094e-17,-4.593193013416978223e-17,-4.369074546595186348e-14,1.000000000000000000e+00
3.854166666666666519e+00,-8.326420190236685781e-02,-2.622407571340540366e-02,7.699900000000000633e-01,1.993232353852314094e-17,-4.593193013416978223e-17,-4.369074546595186348e-14,1.000000000000000000e+00
3.856249999999999734e+00,-8.326420190236685781e-02,-2.622407571340540366e-02,7.699900000000000633e-01,1.993232353852314094e-17,-4.593193013416978223e-17,-4.369074546595186348e-14,1.000000000000000000e+00
3.858333333333333393e+00,-8.326420190236685781e-02,-2.622407571340540366e-02,7.699900000000000633e-01,1.993232353852314094e-17,-4.593193013416978223e-17,-4.369074546595186348e-14,1.000000000000000000e+00
3.860416666666666607e+00,-8.326420190236685781e-02,-2.622407571340540366e-02,7.699900000000000633e-01,1.993232353852314094e-17,-4.593193013416978223e-17,-4.369074546595186348e-14,1.000000000000000000e+00
3.862499999999999822e+00,-8.326420190236685781e-02,-2.622407571340540366e-02,7.699900000000000633e-01,1.993232353852314094e-17,-4.593193013416978223e-17,-4.369074546595186348e-14,1.000000000000000000e+00
3.864583333333333481e+00,-8.326420190236685781e-02,-2.622407571340540366e-02,7.699900000000000633e-01,1.993232353852314094e-17,-4.593193013416978223e-17,-4.369074546595186348e-14,1.000000000000000000e+00
3.866666666666666696e+00,-8.326420190236685781e-02,-2.622407571340540366e-02,7.699900000000000633e-01,1.993232353852314094e-17,-4.593193013416978223e-17,-4.369074546595186348e-14,1.000000000000000000e+00
3.868749999999999911e+00,-8.326420190236685781e-02,-2.622407571340540366e-02,7.699900000000000633e-01,1.993232353852314094e-17,-4.593193013416978223e-17,-4.369074546595186348e-14,1.000000000000000000e+00
3.870833333333333126e+00,-8.326420190236685781e-02,-2.622407571340540366e-02,7.699900000000000633e-01,1.993232353852314094e-17,-4.595914480397976112e-17,-4.369074546595186348e-14,1.000000000000000000e+00
3.872916666666666785e+00,-8.326420190236685781e-02,-2.622407571340540366e-02,7.699900000000000633e-01,1.993232353852314094e-17,-4.596622900582533503e-17,-4.369074546595186348e-14,1.000000000000000000e+00
3.875000000000000000e+00,-8.326420190236685781e-02,-2.622407571340540366e-02,7.699900000000000633e-01,1.993232353852314094e-17,-4.596807308169101846e-17,-4.369074546595186348e-14,1.000000000000000000e+00
3.877083333333333215e+00,-8.326420190236685781e-02,-2.622407571340540366e-02,7.699900000000000633e-01,1.993232353852314094e-17,-4.596855310976933895e-17,-4.369074546595186348e-14,1.000000000000000000e+00
3.879166666666666430e+00,-8.326420190236685781e-02,-2.622407571340540366e-02,7.699900000000000633e-01,1.993232353852314094e-17,-4.596867806501671344e-17,-4.369074546595186348e-14,1.000000000000000000e+00
3.881250000000000089e+00,-8.326420190236685781e-02,-2.622407571340540366e-02,7.699900000000000633e-01,1.993232353852314094e-17,-4.596871059189285967e-17,-4.369074546595186348e-14,1.000000000000000000e+00
3.883333333333333304e+00,-8.326420190236685781e-02,-2.622407571340540366e-02,7.699900000000000633e-01,1.993232353852314094e-17,-4.596871905890559291e-17,-4.369074546595186348e-14,1.000000000000000000e+00
3.885416666666666519e+00,-8.326420190236685781e-02,-2.622407571340540366e-02,7.699900000000000633e-01,1.993232353852314094e-17,-4.596872126293848390e-17,-4.369074546595186348e-14,1.000000000000000000e+00
3.887499999999999734e+00,-8.326420190236685781e-02,-2.622407571340540366e-02,7.699900000000000633e-01,1.993232353852314094e-17,-4.596872183666632751e-17,-4.369074546595186348e-14,1.000000000000000000e+00
3.889583333333333393e+00,-8.326420190236685781e-02,-2.622407571340540366e-02,7.699900000000000633e-01,1.993232353852314094e-17,-4.596872198601238324e-17,-4.369074546595186348e-14,1.000000000000000000e+00
3.891666666666666607e+00,-8.326420190236685781e-02,-2.622407571340540366e-02,7.699900000000000633e-01,1.993232353852314094e-17,-4.596872202488838542e-17,-4.369074546595186348e-14,1.000000000000000000e+00
3.893749999999999822e+00,-8.326420190236685781e-02,-2.622407571340540366e-02,7.699900000000000633e-01,1.993232353852314094e-17,-4.596872203500813347e-17,-4.369074546595186348e-14,1.000000000000000000e+00
3.895833333333333481e+00,-8.326420190236685781e-02,-2.622407571340540366e-02,7.699900000000000633e-01,1.993232353852314094e-17,-4.596872203764238655e-17,-4.369074546595186348e-14,1.000000000000000000e+00
3.897916666666666696e+00,-8.326420190236685781e-02,-2.622407571340540366e-02,7.699900000000000633e-01,1.993232353852314094e-17,-4.611972413545174718e-17,-4.369074546595186348e-14,1.000000000000000000e+00
3.899999999999999911e+00,-8.326420190236685781e-02,-2.622407571340540366e-02,7.699900000000000633e-01,1.993232353852314094e-17,-4.615903122047084982e-17,-4.369074546595186348e-14,1.000000000000000000e+00
3.902083333333333126e+00,-8.326420190236685781e-02,-2.622407571340540366e-02,7.699900000000000633e-01,1.993232353852314094e-17,-4.616926317721259890e-17,-4.369074546595186348e-14,1.000000000000000000e+00
3.904166666666666785e+00,-8.326420190236685781e-02,-2.622407571340540366e-02,7.699900000000000633e-01,1.993232353852314094e-17,-4.617192663950480352e-17,-4.369074546595186348e-14,1.000000000000000000e+00
3.906250000000000000e+00,-8.326420190236685781e-02,-2.622407571340540366e-02,7.699900000000000633e-01,1.993232353852314094e-17,-4.617261996059294327e-17,-4.369074546595186348e-14,1.000000000000000000e+00
3.908333333333333215e+00,-8.326420190236685781e-02,-2.622407571340540366e-02,7.699900000000000633e-01,1.993232353852314094e-17,-4.617280043776082701e-17,-4.369074546595186348e-14,1.000000000000000000e+00
3.910416666666666430e+00,-8.326420190236685781e-02,-2.622407571340540366e-02,7.699900000000000633e-01,1.993232353852314094e-17,-4.617284741744842308e-17,-4.369074546595186348e-14,1.000000000000000000e+00
3.912500000000000089e+00,-8.326420190236685781e-02,-2.622407571340540366e-02,7.699900000000000633e-01,1.993232353852314094e-17,-4.617285964664656679e-17,-4.369074546595186348e-14,1.000000000000000000e+00
3.914583333333333304e+00,-8.326420190236685781e-02,-2.622407571340540366e-02,7.699900000000000633e-01,1.993232353852314094e-17,-4.617286283000718625e-17,-4.369074546595186348e-14,1.000000000000000000e+00
3.916666666666666519e+00,-8.326420190236685781e-02,-2.622407571340540366e-02,7.699900000000000633e-01,1.993232353852314094e-17,-4.617286365866206890e-17,-4.369074546595186348e-14,1.000000000000000000e+00
3.918749999999999734e+00,-8.326420190236685781e-02,-2.622407571340540366e-02,7.699900000000000633e-01,1.993232353852314094e-17,-4.617286387436773876e-17,-4.369074546595186348e-14,1.000000000000000000e+00
3.920833333333333393e+00,-8.326420190236685781e-02,-2.622407571340540366e-02,7.699900000000000633e-01,1.993232353852314094e-17,-4.617286393051769936e-17,-4.369074546595186348e-14,1.000000000000000000e+00
3.922916666666666607e+00,-8.326420190236685781e-02,-2.622407571340540366e-02,7.699900000000000633e-01,1.993232353852314094e-17,-4.605485554540767415e-17,-4.369074546595186348e-14,1.000000000000000000e+00
3.924999999999999822e+00,-8.326420190236685781e-02,-2.622407571340540366e-02,7.699900000000000633e-01,1.993232353852314094e-17,-4.596392862730750227e-17,-4.369074546595186348e-14,1.000000000000000000e+00
3.927083333333333481e+00,-8.326420190236685781e-02,-2.622407571340540366e-02,7.699900000000000633e-01,1.993232353852314094e-17,-4.594025960447843868e-17,-4.369074546595186348e-14,1.000000000000000000e+00
3.929166666666666696e+00,-8.326420190236685781e-02,-2.622407571340540366e-02,7.699900000000000633e-01,1.993232353852314094e-17,-4.593409836363371794e-17,-4.369074546595186348e-14,1.000000000000000000e+00
3.931249999999999911e+00,-8.326420190236685781e-02,-2.622407571340540366e-02,7.699900000000000633e-01,1.993232353852314094e-17,-4.593249454208938238e-17,-4.369074546595186348e-14,1.000000000000000000e+00
3.933333333333333126e+00,-8.326420190236685781e-02,-2.622407571340540366e-02,7.699900000000000633e-01,1.993232353852314094e-17,-4.593207705418217137e-17,-4.369074546595186348e-14,1.000000000000000000e+00
3.935416666666666785e+00,-8.326420190236685781e-02,-2.622407571340540366e-02,7.699900000000000633e-01,1.993232353852314094e-17,-4.593196837865446912e-17,-4.369074546595186348e-14,1.000000000000000000e+00
3.937500000000000000e+00,-8.326420190236685781e-02,-2.622407571340540366e-02,7.699900000000000633e-01,1.993232353852314094e-17,-4.593194008952294026e-17,-4.369074546595186348e-14,1.000000000000000000e+00
3.939583333333333215e+00,-8.326420190236685781e-02,-2.622407571340540366e-02,7.699900000000000633e-01,1.993232353852314094e-17,-4.593193272562989605e-17,-4.369074546595186348e-14,1.000000000000000000e+00
3.941666666666666430e+00,-8.326420190236685781e-02,-2.622407571340540366e-02,7.699900000000000633e-01,1.993232353852314094e-17,-4.593193080874811229e-17,-4.369074546595186348e-14,1.000000000000000000e+00
3.943750000000000089e+00,-8.326420190236685781e-02,-2.622407571340540366e-02,7.699900000000000633e-01,1.993232353852314094e-17,-4.593193030976805037e-17,-4.369074546595186348e-14,1.000000000000000000e+00
3.945833333333333304e+00,-8.326420190236685781e-02,-2.622407571340540366e-02,7.699900000000000633e-01,1.993232353852314094e-17,-4.593193017987945224e-17,-4.369074546595186348e-14,1.000000000000000000e+00
3.947916666666666519e+00,-8.326420190236685781e-02,-2.622407571340540366e-02,7.699900000000000633e-01,1.993232353852314094e-17,-4.593193014606838697e-17,-4.369074546595186348e-14,1.000000000000000000e+00
3.949999999999999734e+00,-8.326420190236685781e-02,-2.622407571340540366e-02,7.699900000000000633e-01,1.993232353852314094e-17,-4.593193013726708434e-17,-4.369074546595186348e-14,1.000000000000000000e+00
3.952083333333333393e+00,-8.326420190236685781e-02,-2.622407571340540366e-02,7.699900000000000633e-01,1.993232353852314094e-17,-4.593193013497603506e-17,-4.369074546595186348e-14,1.000000000000000000e+00
3.954166666666666607e+00,-8.326420190236685781e-02,-2.622407571340540366e-02,7.699900000000000633e-01,1.993232353852314094e-17,-4.593193013437966238e-17,-4.369074546595186348e-14,1.000000000000000000e+00
3.956249999999999822e+00,-8.326420190236685781e-02,-2.622407571340540366e-02,7.699900000000000633e-01,1.993232353852314094e-17,-4.593193013422442318e-17,-4.369074546595186348e-14,1.000000000000000000e+00
3.958333333333333481e+00,-8.326420190236685781e-02,-2.622407571340540366e-02,7.699900000000000633e-01,1.993232353852314094e-17,-4.593193013418400638e-17,-4.369074546595186348e-14,1.000000000000000000e+00
3.960416666666666696e+00,-8.326420190236685781e-02,-2.622407571340540366e-02,7.699900000000000633e-01,1.993232353852314094e-17,-4.593193013417349235e-17,-4.369074546595186348e-14,1.000000000000000000e+00
3.962499999999999911e+00,-8.326420190236685781e-02,-2.622407571340540366e-02,7.699900000000000633e-01,1.993232353852314094e-17,-4.593193013417074982e-17,-4.369074546595186348e-14,1.000000000000000000e+00
3.964583333333333126e+00,-8.326420190236685781e-02,-2.622407571340540366e-02,7.699900000000000633e-01,1.993232353852314094e-17,-4.593193013417003492e-17,-4.369074546595186348e-14,1.000000000000000000e+00
3.966666666666666785e+00,-8.326420190236685781e-02,-2.622407571340540366e-02,7.699900000000000633e-01,1.993232353852314094e-17,-4.593193013416985003e-17,-4.369074546595186348e-14,1.000000000000000000e+00
3.968750000000000000e+00,-8.326420190236685781e-02,-2.622407571340540366e-02,7.699900000000000633e-01,1.993232353852314094e-17,-4.593193013416980072e-17,-4.369074546595186348e-14,1.000000000000000000e+00
3.970833333333333215e+00,-8.326420190236685781e-02,-2.622407571340540366e-02,7.699900000000000633e-01,1.993232353852314094e-17,-4.593193013416978840e-17,-4.369074546595186348e-14,1.000000000000000000e+00
3.972916666666666430e+00,-8.326420190236685781e-02,-2.622407571340540366e-02,7.699900000000000633e-01,1.993232353852314094e-17,-4.593193013416978840e-17,-4.369074546595186348e-14,1.000000000000000000e+00
3.975000000000000089e+00,-8.326420190236685781e-02,-2.622407571340540366e-02,7.699900000000000633e-01,1.993232353852314094e-17,-4.593193013416978840e-17,-4.369074546595186348e-14,1.000000000000000000e+00
3.977083333333333304e+00,-8.326420190236685781e-02,-2.622407571340540366e-02,7.699900000000000633e-01,1.993232353852314094e-17,-4.593193013416978840e-17,-4.369074546595186348e-14,1.000000000000000000e+00
3.979166666666666519e+00,-8.326420190236685781e-02,-2.622407571340540366e-02,7.699900000000000633e-01,1.993232353852314094e-17,-4.593193013416978840e-17,-4.369074546595186348e-14,1.000000000000000000e+00
3.981249999999999734e+00,-8.326420190236685781e-02,-2.622407571340540366e-02,7.699900000000000633e-01,1.993232353852314094e-17,-4.593193013416978840e-17,-4.369074546595186348e-14,1.000000000000000000e+00
3.983333333333333393e+00,-8.326420190236685781e-02,-2.622407571340540366e-02,7.699900000000000633e-01,1.993232353852314094e-17,-4.593193013416978840e-17,-4.369074546595186348e-14,1.000000000000000000e+00
3.985416666666666607e+00,-8.326420190236685781e-02,-2.622407571340540366e-02,7.699900000000000633e-01,1.993232353852314094e-17,-4.593193013416978840e-17,-4.369074546595186348e-14,1.000000000000000000e+00
3.987499999999999822e+00,-8.326420190236685781e-02,-2.622407571340540366e-02,7.699900000000000633e-01,1.993232353852314094e-17,-4.593193013416978840e-17,-4.369074546595186348e-14,1.000000000000000000e+00
3.989583333333333481e+00,-8.326420190236685781e-02,-2.622407571340540366e-02,7.699900000000000633e-01,1.993232353852314094e-17,-4.593193013416978840e-17,-4.369074546595186348e-14,1.000000000000000000e+00
3.991666666666666696e+00,-8.326420190236685781e-02,-2.622407571340540366e-02,7.699900000000000633e-01,1.993232353852314094e-17,-4.593193013416978840e-17,-4.369074546595186348e-14,1.000000000000000000e+00
3.993749999999999911e+00,-8.326420190236685781e-02,-2.622407571340540366e-02,7.699900000000000633e-01,1.993232353852314094e-17,-4.593193013416978840e-17,-4.369074546595186348e-14,1.000000000000000000e+00
3.995833333333333126e+00,-8.326420190236685781e-02,-2.622407571340540366e-02,7.699900000000000633e-01,1.993232353852314094e-17,-4.593193013416978840e-17,-4.369074546595186348e-14,1.000000000000000000e+00
3.997916666666666785e+00,-8.326420190236685781e-02,-2.622407571340540366e-02,7.699900000000000633e-01,1.993232353852314094e-17,-4.593193013416978840e-17,-4.369074546595186348e-14,1.000000000000000000e+00
4.000000000000000000e+00,-8.326420190236685781e-02,-2.622407571340540366e-02,7.699900000000000633e-01,1.993232353852314094e-17,-4.593193013416978840e-17,-4.369074546595186348e-14,1.000000000000000000e+00
