time,object_a_x,object_a_y,object_a_z,object_a_vx,object_a_vy,object_a_vz,object_b_x,object_b_y,object_b_z,object_b_vx,object_b_vy,object_b_vz,total_translational_ke,total_px,total_py
0.000000000000000000e+00,-3.599999999999999867e-01,0.000000000000000000e+00,7.750000000000000222e-01,1.050000000000000044e+00,0.000000000000000000e+00,0.000000000000000000e+00,3.599999999999999867e-01,0.000000000000000000e+00,7.750000000000000222e-01,-8.499999999999999778e-01,0.000000000000000000e+00,0.000000000000000000e+00,7.128749999999998976e-02,4.350000000000000394e-02,0.000000000000000000e+00
2.777777777777777884e-03,-3.570838482037428929e-01,-5.821276589981348589e-15,7.749848206523036742e-01,1.049748876635788308e+00,-4.191319144786570871e-12,2.691216880875708928e-03,3.576392695106046515e-01,-6.633539693320236827e-15,7.749848208405555328e-01,-8.498133134738009575e-01,-4.776148579190570478e-12,2.691352422236073516e-03,7.125479493314341994e-02,4.348860008879288502e-02,-6.637876377822254939e-13
5.555555555555555768e-03,-3.541683981849488849e-01,-1.951082549312013577e-14,7.749881148156365640e-01,1.049499517781700142e+00,-5.250464842167898327e-12,1.199735724865019088e-03,3.552790618708037695e-01,-2.222078291096095092e-14,7.749881150959377907e-01,-8.496283610358478233e-01,-5.977272813295912987e-12,1.199776069899098283e-03,7.122137421371473043e-02,4.347725493820214088e-02,-8.311782045928656933e-13
8.333333333333333218e-03,-3.512536421688609578e-01,-3.640085007913766757e-14,7.749910631885481571e-01,1.049249719911158119e+00,-6.344608462136349799e-12,1.021278790514942164e-03,3.529193693904574824e-01,-4.143667173800105897e-14,7.749910635641632517e-01,-8.494429391362913195e-01,-7.216863141906522997e-12,1.021311972583588759e-03,7.118830129627991277e-02,4.346589844382674900e-02,-1.004026550106662821e-12
1.111111111111111154e-02,-3.483395790443744588e-01,-5.402222643419359530e-14,7.749914855486988996e-01,1.049000320279949605e+00,-6.343395185380740511e-12,6.232195508307052101e-05,3.505601910427564860e-01,-6.147959022553040240e-14,7.749914856523725248e-01,-8.492578850839274107e-01,-7.214974597608200930e-12,6.234555893832975648e-05,7.115524419034163772e-02,4.345455572015981954e-02,-1.003804042540758815e-12
1.388888888888888985e-02,-3.454262094241673520e-01,-7.164027579757959073e-14,7.749915108032912059e-01,1.048750646440457457e+00,-6.342198700053298455e-12,3.835419597997616337e-06,3.482015275250059938e-01,-8.151719949172802218e-14,7.749915108866543001e-01,-8.490725264540630590e-01,-7.213060333646527979e-12,3.839249799998667445e-06,7.112223098489423023e-02,4.344320659239739313e-02,-1.003581503023588596e-12
1.666666666666666644e-02,-3.425135332188544712e-01,-8.925499944860218809e-14,7.749915123028577879e-01,1.048501036576796830e+00,-6.341000928598483122e-12,2.393132175915885229e-07,3.458433788320705582e-01,-1.015494813106218627e-13,7.749915123851659482e-01,-8.488872014342648820e-01,-7.211141549224006836e-12,2.400220099948308095e-07,7.108923348938903097e-02,4.343186120585582066e-02,-1.003358576527303843e-12
1.944444444444444475e-02,-3.396015501987597607e-01,-1.068663909420814312e-13,7.749915123904694836e-01,1.048251511254402191e+00,-6.339800733659724471e-12,1.516188154714048775e-08,3.434857448185589801e-01,-1.215764264918890023e-13,7.749915124733653959e-01,-8.487019306143608333e-01,-7.209219577492790776e-12,1.548406655151046696e-08,7.105625439897753082e-02,4.342052017603454522e-02,-1.003135240678942520e-12
2.222222222222222307e-02,-3.366902601259215699e-01,-1.244744433675480044e-13,7.749915123951272022e-01,1.048002071694816850e+00,-6.338598044848985733e-12,8.741201113632302011e-10,3.411286253307476146e-01,-1.415980263842569863e-13,7.749915124787639664e-01,-8.485167152359438525e-01,-7.207294497154618904e-12,1.152352040179049908e-09,7.102329388349212791e-02,4.340918353837688176e-02,-1.002911493865685802e-12
2.500000000000000139e-02,-3.337796627619982748e-01,-1.420791497848418868e-13,7.749915123950156248e-01,1.047752717933293276e+00,-6.337392857045383185e-12,-6.897012995443763117e-11,3.387720202144806070e-01,-1.616142723658221842e-13,7.749915124794083399e-01,-8.483315553534841458e-01,-7.205366313228430590e-12,2.044248381682933768e-10,7.099035194140099203e-02,4.339785129278735110e-02,-1.002687335927790290e-12
2.777777777777777971e-02,-3.308697578687391228e-01,-1.596805032499096694e-13,7.749915123946412576e-01,1.047503449931487696e+00,-6.336185169181550912e-12,-1.344266729180754183e-10,3.364159293156400166e-01,-1.816251558137350902e-13,7.749915124797914778e-01,-8.481464509477331104e-01,-7.203435024860403382e-12,1.383720811543032170e-10,7.095742856048364855e-02,4.338652343696990793e-02,-1.002462766717963712e-12
3.055555555555555802e-02,-3.279605452080120442e-01,-1.772784968164241809e-13,7.749915123942536788e-01,1.047254267646425374e+00,-6.334974980431124983e-12,-1.392949991463332537e-10,3.340603524801734614e-01,-2.016306681046271656e-13,7.749915124801616262e-01,-8.479614019947835368e-01,-7.201500632560331761e-12,1.335246600786543780e-10,7.092452372785304493e-02,4.337519996849126952e-02,-1.002237786192421235e-12
3.333333333333333287e-02,-3.250520245418050957e-01,-1.948731235358406296e-13,7.749915123938657668e-01,1.047005171034856019e+00,-6.333762290008831499e-12,-1.395960864264411683e-10,3.317052895540957280e-01,-2.216308006098411716e-13,7.749915124805314415e-01,-8.477764084704368930e-01,-7.199563132505924783e-12,1.331646008739806319e-10,7.089163743058875256e-02,4.336388088491082565e-02,-1.002012394051150346e-12
3.611111111111111466e-02,-3.221441956322264044e-01,-2.124643764573544970e-13,7.749915123934778549e-01,1.046756160053537332e+00,-6.332547097083418568e-12,-1.396077455029232084e-10,3.293507403834888825e-01,-2.416255446944074168e-13,7.749915124809011457e-01,-8.475914703504874304e-01,-7.197622523989613446e-12,1.331295750722771842e-10,7.085876965577823927e-02,4.335256618378911797e-02,-1.001786590176884462e-12
3.888888888888888951e-02,-3.192370582415042235e-01,-2.300522486279516714e-13,7.749915123930899430e-01,1.046507234659254992e+00,-6.331329400882520834e-12,-1.396496442790384762e-10,3.269967048145023258e-01,-2.616148917217112143e-13,7.749915124812710721e-01,-8.474065876107421680e-01,-7.195678805814637848e-12,1.331632182993702784e-10,7.082592039051971433e-02,4.334125586268841590e-02,-1.001560374428305146e-12
4.166666666666667129e-02,-3.163306121319867659e-01,-2.476367330923257249e-13,7.749915123927021421e-01,1.046258394808823766e+00,-6.330109200563858405e-12,-1.395698105699505476e-10,3.246431826933524611e-01,-2.815988330528995315e-13,7.749915124816409984e-01,-8.472217602270221137e-01,-7.193731977779174804e-12,1.331843784563302435e-10,7.079308962192235044e-02,4.332994991917280686e-02,-1.001333746717497599e-12
4.444444444444444614e-02,-3.134248570661420930e-01,-2.652178228929580872e-13,7.749915123923144522e-01,1.046009640459086842e+00,-6.328886495341952206e-12,-1.395969884826486762e-10,3.222901738663229154e-01,-3.015773600477196821e-13,7.749915124820109247e-01,-8.470369881751621532e-01,-7.191782038877196592e-12,1.332130482312177122e-10,7.076027733710615886e-02,4.331864835080807830e-02,-1.001106706913407615e-12
4.722222222222222099e-02,-3.105197928065581703e-01,-2.827955110701262239e-13,7.749915123919267623e-01,1.045760971566916941e+00,-6.327661284415378929e-12,-1.395359574413168602e-10,3.199376781797643732e-01,-3.215504640586511094e-13,7.749915124823809620e-01,-8.468522714310113830e-01,-7.189828986287309694e-12,1.332044197166482036e-10,7.072748352320208653e-02,4.330735115516184258e-02,-1.000879254774622653e-12
5.000000000000000278e-02,-3.076154191159426454e-01,-3.003697906618438602e-13,7.749915123915391835e-01,1.045512388089215650e+00,-6.326433566972112976e-12,-1.394932572229556911e-10,3.175856954800946319e-01,-3.415181364359475838e-13,7.749915124827511104e-01,-8.466676099704326663e-01,-7.187872819310752481e-12,1.332812679666339761e-10,7.069470816735198837e-02,4.329605832980345376e-02,-1.000651390186135325e-12
5.277777777777777762e-02,-3.047117357571228480e-01,-3.179406547038589109e-13,7.749915123911516046e-01,1.045263889982913197e+00,-6.325203342199180401e-12,-1.395551348093437838e-10,3.152342256137984911e-01,-3.614803685248327953e-13,7.749915124831213697e-01,-8.464830037693032994e-01,-7.185913536741559435e-12,1.332938707326869476e-10,7.066195125670858557e-02,4.328476987230398670e-02,-1.000423113002419802e-12
5.555555555555555941e-02,-3.018087424930456786e-01,-3.355080962297334518e-13,7.749915123907641368e-01,1.045015477204969345e+00,-6.323970609306845054e-12,-1.394740503646296759e-10,3.128832684274276410e-01,-3.814371516719196371e-13,7.749915124834916291e-01,-8.462984528035142340e-01,-7.183951138577124614e-12,1.333315263751799762e-10,7.062921277843549339e-02,4.327348578023638287e-02,-1.000194423152243435e-12
5.833333333333333426e-02,-2.989064390867775534e-01,-3.530721082708042895e-13,7.749915123903767800e-01,1.044767149712372278e+00,-6.322735367500013498e-12,-1.394213078320660770e-10,3.105328237676007741e-01,-4.013884772171418119e-13,7.749915124838619995e-01,-8.461139570489708550e-01,-7.181985622208883874e-12,1.333766274508318972e-10,7.059649271970717954e-02,4.326220605117525597e-02,-9.999653204075341907e-13
6.111111111111111605e-02,-2.960048253015042374e-01,-3.706326838561896254e-13,7.749915123899895342e-01,1.044518907462139268e+00,-6.321497615970654676e-12,-1.394413595007248929e-10,3.081828914810035847e-01,-4.213343364958186527e-13,7.749915124842322589e-01,-8.459295164815922030e-01,-7.180016986432845136e-12,1.333664307462401055e-10,7.056379106770895027e-02,4.325093068269699609e-02,-9.997358046233296775e-13
6.388888888888889783e-02,-2.931039009005309004e-01,-3.881898160127251394e-13,7.749915123896021774e-01,1.044270750411316451e+00,-6.320257353900711195e-12,-1.393893698381498680e-10,3.058334714143884914e-01,-4.412747208403305884e-13,7.749915124846027403e-01,-8.457451310773110853e-01,-7.178045229832211186e-12,1.333983184331755112e-10,7.053110780963697812e-02,4.323965967237980434e-02,-9.995058756409966060e-13
6.666666666666666574e-02,-2.902036656472819498e-01,-4.057434977650300772e-13,7.749915123892149316e-01,1.044022678516978830e+00,-6.319014580494465194e-12,-1.393780646452569272e-10,3.034845634145747484e-01,-4.612096215833625860e-13,7.749915124849732218e-01,-8.455608008120748531e-01,-7.176070353129639803e-12,1.334248683759753362e-10,7.049844293269823259e-02,4.322839301780359578e-02,-9.992755334322801749e-13
6.944444444444444753e-02,-2.873041193053009201e-01,-4.232937221354829155e-13,7.749915123888279078e-01,1.043774691736230054e+00,-6.317769294940325669e-12,-1.393391044907099641e-10,3.011361673284485008e-01,-4.811390300510283126e-13,7.749915124853438142e-01,-8.453765256618445134e-01,-7.174092352993954299e-12,1.334151313731046784e-10,7.046579642411052169e-02,4.321713071655002708e-02,-9.990447777242665197e-13
7.222222222222222932e-02,-2.844052616382505838e-01,-4.408404821442449399e-13,7.749915123884407731e-01,1.043526790026202633e+00,-6.316521496442474593e-12,-1.393235943281112554e-10,2.987882830029625070e-01,-5.010629375651107534e-13,7.749915124857145177e-01,-8.451923056025951730e-01,-7.172111228930268024e-12,1.334536786634643590e-10,7.043316827110249201e-02,4.320587276620253131e-02,-9.988136084156387383e-13
7.499999999999999722e-02,-2.815070924099125627e-01,-4.583837708092391408e-13,7.749915123880538603e-01,1.043278973344057947e+00,-6.315271184206809691e-12,-1.392855206172605165e-10,2.964409102851362499e-01,-5.209813354464187447e-13,7.749915124860852211e-01,-8.450081406103158166e-01,-7.170126979526816316e-12,1.334611240966232515e-10,7.040055846091351766e-02,4.319461916434626930e-02,-9.985820253502218592e-13
7.777777777777777901e-02,-2.786096113841874944e-01,-4.759235811462015589e-13,7.749915123876668366e-01,1.043031241646986240e+00,-6.314018357426102853e-12,-1.392969541796906796e-10,2.940940490220559922e-01,-5.408942150111685137e-13,7.749915124864560356e-01,-8.448240306610091954e-01,-7.168139604089690768e-12,1.334549588893896299e-10,7.036796698079383905e-02,4.318336990856820601e-02,-9.983500284137306625e-13
8.055555555555556080e-02,-2.757128183250948661e-01,-4.934599061685930342e-13,7.749915123872800349e-01,1.042783594892206178e+00,-6.312763015289634683e-12,-1.392508001268888407e-10,2.917476990608744991e-01,-5.608015675738980961e-13,7.749915124868268501e-01,-8.446399757306922718e-01,-7.166149101405061186e-12,1.335342374869652460e-10,7.033539381800441026e-02,4.317212499645701335e-02,-9.981176174603707280e-13
8.333333333333334259e-02,-2.728167129967729587e-01,-5.109927388875917331e-13,7.749915123868932332e-01,1.042536033036965293e+00,-6.311505156978620774e-12,-1.392851875503531289e-10,2.894018602488112046e-01,-5.807033844425765508e-13,7.749915124871976646e-01,-8.444559757953958856e-01,-7.164155468863928831e-12,1.335209061370523642e-10,7.030283895981698228e-02,4.316088442560311877e-02,-9.978847922599115995e-13
8.611111111111111049e-02,-2.699212951634787361e-01,-5.285220723122122482e-13,7.749915123865065425e-01,1.042288556038539538e+00,-6.310244781711330212e-12,-1.391987115850756851e-10,2.870565324331521007e-01,-6.005996569224209855e-13,7.749915124875687011e-01,-8.442720308311646438e-01,-7.162158706680853368e-12,1.335489965142988567e-10,7.027030239351403362e-02,4.314964819359867060e-02,-9.976515527548708889e-13
8.888888888888889228e-02,-2.670265645895877338e-01,-5.460478994492315838e-13,7.749915123861198518e-01,1.042041163854233954e+00,-6.308981888685182122e-12,-1.391943296735753677e-10,2.847117154612496259e-01,-6.204903763180726525e-13,7.749915124879397377e-01,-8.440881408140571418e-01,-7.160158813233215013e-12,1.335508752198233395e-10,7.023778410638883973e-02,4.313841629803762817e-02,-9.974178987756592029e-13
9.166666666666667407e-02,-2.641325210395941148e-01,-5.635702133031852180e-13,7.749915123857332722e-01,1.041793856441381783e+00,-6.307716477090338410e-12,-1.391137500333927690e-10,2.823674091805227770e-01,-6.403755339266202368e-13,7.749915124883107742e-01,-8.439043057201457421e-01,-7.158155786615590300e-12,1.336039456151238980e-10,7.020528408574532031e-02,4.312718873651562312e-02,-9.971838301350659395e-13
9.444444444444444198e-02,-2.612391642781103918e-01,-5.810890068763772003e-13,7.749915123853466925e-01,1.041546633757345353e+00,-6.306448546120502352e-12,-1.392026962449000038e-10,2.800236134384568865e-01,-6.602551210450580127e-13,7.749915124886820328e-01,-8.437205255255167957e-01,-7.156149626540355443e-12,1.336137069041232195e-10,7.017280231889821973e-02,4.311596550663007732e-02,-9.969493467432664736e-13
9.722222222222222376e-02,-2.583464940698675938e-01,-5.986042731688792424e-13,7.749915123849602239e-01,1.041299495759515192e+00,-6.305178094980884241e-12,-1.390823237829019732e-10,2.776803280826037890e-01,-6.801291289661805358e-13,7.749915124890531803e-01,-8.435368002062706427e-01,-7.154140331897043897e-12,1.336801867118930787e-10,7.014033879317294051e-02,4.310474660598011959e-02,-9.967144484621022559e-13
1.000000000000000056e-01,-2.554545101797148776e-01,-6.161160051785680793e-13,7.749915123845738663e-01,1.041052442405310252e+00,-6.303905122872270087e-12,-1.391165706937647073e-10,2.753375529605815997e-01,-6.999975489818115957e-13,7.749915124894245499e-01,-8.433531297385212788e-01,-7.152127902185197657e-12,1.337070853341115750e-10,7.010789349590555719e-02,4.309353203216664818e-02,-9.964791351896162076e-13
1.027777777777777873e-01,-2.525632123726198053e-01,-6.336241959010709426e-13,7.749915123841875086e-01,1.040805473652178348e+00,-6.302629628994431308e-12,-1.390369312737060881e-10,2.729952879200747695e-01,-7.198603723758169026e-13,7.749915124897959195e-01,-8.431695140983966885e-01,-7.150112333584244767e-12,1.337109867272090469e-10,7.007546641444287183e-02,4.308232178279224750e-02,-9.962434066245534310e-13
1.055555555555555552e-01,-2.496726004136679555e-01,-6.511288383297971657e-13,7.749915123838011510e-01,1.040558589457595717e+00,-6.301351612542495319e-12,-1.390555066926868477e-10,2.706535328088341408e-01,-7.397175904313732199e-13,7.749915124901672892e-01,-8.429859532620385121e-01,-7.148093627302696101e-12,1.337525871308864467e-10,7.004305753614238628e-02,4.307111585546129912e-02,-9.960072627669864255e-13
1.083333333333333370e-01,-2.467826740680630071e-01,-6.686299254558861821e-13,7.749915123834150155e-01,1.040311789779067020e+00,-6.300071072693150032e-12,-1.390299958492491328e-10,2.683122874746766140e-01,-7.595691944253857028e-13,7.749915124905387698e-01,-8.428024472056024896e-01,-7.146071779731125629e-12,1.337613960566974569e-10,7.001066684837221887e-02,4.305991424777987769e-02,-9.957707033262510729e-13
1.111111111111111188e-01,-2.438934331011266554e-01,-6.861274502682464006e-13,7.749915123830288799e-01,1.040065074574125559e+00,-6.298788008652819853e-12,-1.389493173298284034e-10,2.659715517654854255e-01,-7.794151756371555229e-13,7.749915124909103614e-01,-8.426189959052579059e-01,-7.144046793083151875e-12,1.337415785757078979e-10,6.997829433851121550e-02,4.304871695735582038e-02,-9.955337283637429154e-13
1.138888888888888867e-01,-2.410048772782984461e-01,-7.036214057535659082e-13,7.749915123826427443e-01,1.039818443800332615e+00,-6.297502419621760879e-12,-1.389828703513007468e-10,2.636313255292099256e-01,-7.992555253363360707e-13,7.749915124912819531e-01,-8.424355993371881457e-01,-7.142018663037651980e-12,1.337687443453416947e-10,6.994593999394876915e-02,4.303752398179863659e-02,-9.952963375482175172e-13
1.166666666666666685e-01,-2.381170063651357471e-01,-7.211117848963456909e-13,7.749915123822567198e-01,1.039571897415278334e+00,-6.296214304812506861e-12,-1.389705347326630758e-10,2.612916086138656335e-01,-8.190902347932974512e-13,7.749915124916536557e-01,-8.422522574775900273e-01,-7.139987389592403704e-12,1.338404161804751524e-10,6.991360380208498648e-02,4.302633531871964678e-02,-9.950585308086698236e-13
1.194444444444444503e-01,-2.352298201273137213e-01,-7.385985806788265284e-13,7.749915123818708063e-01,1.039325435376581064e+00,-6.294923663402938819e-12,-1.390164545977956578e-10,2.589524008675341271e-01,-8.389192952747979225e-13,7.749915124920254694e-01,-8.420689703026744688e-01,-7.137952972559520727e-12,1.338035411635463134e-10,6.988128575033057677e-02,4.301515096573182290e-02,-9.948203080598356081e-13
1.222222222222222321e-01,-2.323433183306251593e-01,-7.560817860810033321e-13,7.749915123814848927e-01,1.039079057641887349e+00,-6.293630494593413825e-12,-1.389059266915237956e-10,2.566137021383629868e-01,-8.587426980415768730e-13,7.749915124923972831e-01,-8.418857377886660442e-01,-7.135915408312268426e-12,1.338961788666104269e-10,6.984898582610685192e-02,4.300397092044989239e-02,-9.945816690121432932e-13
1.250000000000000000e-01,-2.294575007409804523e-01,-7.735613940806611932e-13,7.749915123810990902e-01,1.038832764168872602e+00,-6.292334797585091895e-12,-1.388921581912949677e-10,2.542755122745659624e-01,-8.785604343521618511e-13,7.749915124927692078e-01,-8.417025599118030943e-01,-7.133874697365709712e-12,1.338721130478282006e-10,6.981670401684579585e-02,4.299279518049033827e-02,-9.943426136246007886e-13
1.277777777777777957e-01,-2.265723671244075088e-01,-7.910373976533411527e-13,7.749915123807133988e-01,1.038586554915239990e+00,-6.291036571573227267e-12,-1.388304905064474681e-10,2.519378311244226398e-01,-8.983724954640042225e-13,7.749915124931411325e-01,-8.415194366483378374e-01,-7.131830838522342321e-12,1.338960296803914929e-10,6.978444030998987024e-02,4.298162374347132969e-02,-9.941031417529309125e-13
1.305555555555555636e-01,-2.236879172470516708e-01,-8.085097897724038142e-13,7.749915123803277073e-01,1.038340429838721324e+00,-6.289735815770094390e-12,-1.388378526728795137e-10,2.496006585362785801e-01,-9.181788726286603781e-13,7.749915124935131683e-01,-8.413363679745360368e-01,-7.129783830363748604e-12,1.339462846194905410e-10,6.975219469299223651e-02,4.297045660701276359e-02,-9.938632532411333790e-13
1.333333333333333315e-01,-2.208041508751756032e-01,-8.259785634089276642e-13,7.749915123799421268e-01,1.038094388897076392e+00,-6.288432529359412210e-12,-1.388374935851199865e-10,2.472639943585452083e-01,-9.379795570937928409e-13,7.749915124938852040e-01,-8.411533538666773335e-01,-7.127733670283554344e-12,1.339072481371106349e-10,6.971996715331654770e-02,4.295929376873623001e-02,-9.936229478593604242e-13
1.361111111111111271e-01,-2.179210677751592939e-01,-8.434437115317960095e-13,7.749915123795565464e-01,1.037848432048093406e+00,-6.287126711543388452e-12,-1.388095662718802359e-10,2.449278384396998964e-01,-9.577745401047084062e-13,7.749915124942573508e-01,-8.409703943010550242e-01,-7.125680358995744042e-12,1.340072410677128900e-10,6.968775767843703173e-02,4.294813522626509533e-02,-9.933822255786496194e-13
1.388888888888888951e-01,-2.150386677134999147e-01,-8.609052271076734514e-13,7.749915123791710769e-01,1.037602559249588996e+00,-6.285818361522460966e-12,-1.387791947332628339e-10,2.425921906282857976e-01,-9.775638129014107042e-13,7.749915124946296086e-01,-8.407874892539761724e-01,-7.123623893380188388e-12,1.340448602810129231e-10,6.965556625583850525e-02,4.293698097722443291e-02,-9.931410861398327176e-13
1.416666666666666630e-01,-2.121569504568117104e-01,-8.783631031009853872e-13,7.749915123787857185e-01,1.037356770459407551e+00,-6.284507478499289034e-12,-1.386936364367041818e-10,2.402570507729118454e-01,-9.973473667232411766e-13,7.749915124950018663e-01,-8.406046387017616084e-01,-7.121564273955826086e-12,1.340036744762462817e-10,6.962339287301631818e-02,4.292583101924097450e-02,-9.928995295022855782e-13
1.444444444444444586e-01,-2.092759157718260266e-01,-8.958173324739598138e-13,7.749915123784003601e-01,1.037111065635421880e+00,-6.283194061674207107e-12,-1.387027541432939159e-10,2.379224187222527265e-01,-1.017125192806327054e-12,7.749915124953742351e-01,-8.404218426207457071e-01,-7.119501498804500421e-12,1.340711951181017270e-10,6.959123751747629816e-02,4.291468534994323514e-02,-9.926575554789486568e-13
1.472222222222222265e-01,-2.063955634253911431e-01,-9.132679081865354412e-13,7.749915123780151127e-01,1.036865444735532771e+00,-6.281878110226272355e-12,-1.387108379546919679e-10,2.355882943250487971e-01,-1.036897282380507905e-12,7.749915124957466039e-01,-8.402391009872767214e-01,-7.117435566525945673e-12,1.340856193438044741e-10,6.955910017673484769e-02,4.290354396696134665e-02,-9.924151639119213331e-13
1.499999999999999944e-01,-2.035158931844721908e-01,-9.307148231963942059e-13,7.749915123776298653e-01,1.036619907717669431e+00,-6.280559623339530072e-12,-1.387068550295911251e-10,2.332546774301061665e-01,-1.056663626675253125e-12,7.749915124961190838e-01,-8.400564137777163376e-01,-7.115366476129936984e-12,1.340879508121561869e-10,6.952698083831886089e-02,4.289240686792727270e-02,-9.921723546683538771e-13
1.527777777777777901e-01,-2.006369048161511515e-01,-9.481580704590732518e-13,7.749915123772447290e-01,1.036374454539789047e+00,-6.279238600257122116e-12,-1.386356029975388537e-10,2.309215678862965027e-01,-1.076424216916815679e-12,7.749915124964916746e-01,-8.398737809684401201e-01,-7.113294227207090228e-12,1.341617737043998559e-10,6.949487948976573737e-02,4.288127405047461455e-02,-9.919291276555663153e-13
1.555555555555555580e-01,-1.977585980876267191e-01,-9.655976429278669847e-13,7.749915123768595926e-01,1.036129085159877006e+00,-6.277915040150734538e-12,-1.385773024109582252e-10,2.285889655425571154e-01,-1.096179044326425670e-12,7.749915124968643765e-01,-8.396912025358372889e-01,-7.111218817553994971e-12,1.341792111447803748e-10,6.946279611862338221e-02,4.287014551223869430e-02,-9.916854826668057017e-13
1.583333333333333259e-01,-1.948809727662142444e-01,-9.830335335538289912e-13,7.749915123764745672e-01,1.035883799535946448e+00,-6.276588942228704602e-12,-1.385739283737974503e-10,2.262568702478908178e-01,-1.115928100121712666e-12,7.749915124972370783e-01,-8.395086784563106086e-01,-7.109140245771137549e-12,1.341746418831446519e-10,6.943073071245013661e-02,4.285902125085653408e-02,-9.914414195468516752e-13
1.611111111111111216e-01,-1.920040286193456236e-01,-1.000465735285798292e-12,7.749915123760896529e-01,1.035638597626038493e+00,-6.275260305687752692e-12,-1.386025651889388755e-10,2.239252818513660370e-01,-1.135671375519065056e-12,7.749915124976096692e-01,-8.393262087062764998e-01,-7.107058511663626455e-12,1.341655762182591971e-10,6.939868325881479172e-02,4.284790126396687687e-02,-9.911969382117153134e-13
1.638888888888888895e-01,-1.891277654145692988e-01,-1.017894241070429633e-12,7.749915123757047386e-01,1.035393479388222682e+00,-6.273929129736006851e-12,-1.385011463156393674e-10,2.215942002021165647e-01,-1.155408861729855844e-12,7.749915124979824821e-01,-8.391437932621652607e-01,-7.104973613525800725e-12,1.341573761803882547e-10,6.936665374529671357e-02,4.283678554921012405e-02,-9.909520384877886520e-13
1.666666666666666852e-01,-1.862521829195500633e-01,-1.035319043852080801e-12,7.749915123753199353e-01,1.035148444780596311e+00,-6.272595413557605270e-12,-1.385145140947452447e-10,2.192636251493417232e-01,-1.175140549959867496e-12,7.749915124983554060e-01,-8.389614321004204012e-01,-7.102885549243839079e-12,1.342302970164244158e-10,6.933464215948556553e-02,4.282567410422843945e-02,-9.907067201748148190e-13
1.694444444444444531e-01,-1.833772809020690897e-01,-1.052740136572894207e-12,7.749915123749352430e-01,1.034903493761284654e+00,-6.271259156350088244e-12,-1.384803712672910692e-10,2.169335565423061996e-01,-1.194866431415611713e-12,7.749915124987283299e-01,-8.387791251974991980e-01,-7.100794318327011770e-12,1.342438243900900829e-10,6.930264848898155805e-02,4.281456692666566616e-02,-9.904609831711287531e-13
1.722222222222222210e-01,-1.805030591300237908e-01,-1.070157512172756903e-12,7.749915123745504397e-01,1.034658626288440741e+00,-6.269920357297862958e-12,-1.384950158028752654e-10,2.146039942303400727e-01,-1.214586497296216357e-12,7.749915124991013649e-01,-8.385968725298725834e-01,-7.098699919374650799e-12,1.343129080177973833e-10,6.927067272139524057e-02,4.280346401416731256e-02,-9.902148273192866415e-13
1.750000000000000167e-01,-1.776295173714277920e-01,-1.087571163589412663e-12,7.749915123741658585e-01,1.034413842320245802e+00,-6.268579015644419428e-12,-1.384303938839481773e-10,2.122749380628387028e-01,-1.234300738799976657e-12,7.749915124994745108e-01,-8.384146740740251458e-01,-7.096602351182359383e-12,1.343622522270715436e-10,6.923871484434765411e-02,4.279236536438060790e-02,-9.899682524789391984e-13
1.777777777777777846e-01,-1.747566553944107925e-01,-1.104981083758336776e-12,7.749915123737812772e-01,1.034169141814909043e+00,-6.267235130552316448e-12,-1.384113709063106157e-10,2.099463878892628144e-01,-1.254009147122839384e-12,7.749915124998476568e-01,-8.382325298064550179e-01,-7.094501613554949554e-12,1.343650034985044428e-10,6.920677484547022029e-02,4.278127097495450920e-02,-9.897212585630054697e-13
1.805555555555555525e-01,-1.718844729672185379e-01,-1.122387265612793596e-12,7.749915123733968070e-01,1.033924524730667205e+00,-6.265888701240504073e-12,-1.384273633220356459e-10,2.076183435591383575e-01,-1.273711713453789341e-12,7.749915125002208027e-01,-8.380504397036737663e-01,-7.092397703591090969e-12,1.343732174141631930e-10,6.917485271240475520e-02,4.277018084353962496e-02,-9.894738453271109377e-13
1.833333333333333481e-01,-1.690129698582127082e-01,-1.139789702083850688e-12,7.749915123730124478e-01,1.033679991025785005e+00,-6.264539726906698694e-12,-1.383961625855967270e-10,2.052908049220564801e-01,-1.293408428981247489e-12,7.749915125005941707e-01,-8.378684037422066133e-01,-7.090290620875133447e-12,1.344234341893457696e-10,6.914294843280341385e-02,4.275909496778824287e-02,-9.892260126741109539e-13
1.861111111111111160e-01,-1.661421458358708636e-01,-1.157188386100297835e-12,7.749915123726280886e-01,1.033435540658554919e+00,-6.263188206747853341e-12,-1.383903911605921522e-10,2.029637718276735281e-01,-1.313099284889912075e-12,7.749915125009674277e-01,-8.376864218985923261e-01,-7.088180364635379678e-12,1.343924051905309724e-10,6.911106199432878738e-02,4.274801334535440617e-02,-9.889777604854295006e-13
1.888888888888888840e-01,-1.632720006687863878e-01,-1.174583310588725002e-12,7.749915123722437293e-01,1.033191173587297618e+00,-6.261834139949246808e-12,-1.383458174408769281e-10,2.006372441257109895e-01,-1.332784272357909338e-12,7.749915125013409067e-01,-8.375044941493832162e-01,-7.086066931836428203e-12,1.344356050092532229e-10,6.907919338465381975e-02,4.273693597389379567e-02,-9.887290885056178161e-13
1.916666666666666796e-01,-1.604025341256683224e-01,-1.191974468473493447e-12,7.749915123718594812e-01,1.032946889770361087e+00,-6.260477525719817358e-12,-1.383378776115273823e-10,1.983112216659554394e-01,-1.352463382564103234e-12,7.749915125017143858e-01,-8.373226204711452514e-01,-7.083950323409934000e-12,1.344164224370558713e-10,6.904734259146177999e-02,4.272586285106378529e-02,-9.884799967193795214e-13
1.944444444444444475e-01,-1.575337459753414215e-01,-1.209361852676767838e-12,7.749915123714753440e-01,1.032702689166121068e+00,-6.259118363280696086e-12,-1.382763365614936291e-10,1.959857042982585396e-01,-1.372136606682059605e-12,7.749915125020878648e-01,-8.371408008404577217e-01,-7.081830537241363315e-12,1.344684780191229834e-10,6.901550960244628996e-02,4.271479397452343507e-02,-9.882304849297444547e-13
1.972222222222222432e-01,-1.546656359867459585e-01,-1.226745456118451828e-12,7.749915123710913178e-01,1.032458571732981278e+00,-6.257756651794726939e-12,-1.382487180290326023e-10,1.936606918725369553e-01,-1.391803935882016585e-12,7.749915125024614548e-01,-8.369590352339134620e-01,-7.079707571629767043e-12,1.344754533422198861e-10,6.898369440531133823e-02,4.270372934193351205e-02,-9.879805529593114551e-13
2.000000000000000111e-01,-1.517982039289376972e-01,-1.244125271716202797e-12,7.749915123707071807e-01,1.032214537429372969e+00,-6.256392390470971769e-12,-1.382495506963010712e-10,1.913361842387723555e-01,-1.411465361331982798e-12,7.749915125028351559e-01,-8.367773236281188520e-01,-7.077581426881110731e-12,1.345377004247083619e-10,6.895189698777116905e-02,4.269266895095642778e-02,-9.877302007552540546e-13
2.027777777777777790e-01,-1.489314495710878095e-01,-1.261501292385513443e-12,7.749915123703232656e-01,1.031970586213755148e+00,-6.255025578529037367e-12,-1.382118169912516237e-10,1.890121812470114127e-01,-1.431120874194400163e-12,7.749915125032089680e-01,-8.365956659996939271e-01,-7.075452099885126613e-12,1.345833618160430234e-10,6.892011733755040725e-02,4.268161279925632851e-02,-9.874794280607209598e-13
2.055555555555555747e-01,-1.460653726824828191e-01,-1.278873511039681483e-12,7.749915123699393504e-01,1.031726718044614577e+00,-6.253656215168679806e-12,-1.382000312799558372e-10,1.866886827473656363e-01,-1.450770465630353302e-12,7.749915125035826691e-01,-8.364140623252719342e-01,-7.073319590653409758e-12,1.345641809785691478e-10,6.888835544238393338e-02,4.267056088449899809e-02,-9.872282348043858164e-13
2.083333333333333426e-01,-1.431999730325245190e-01,-1.296241920589696570e-12,7.749915123695555463e-01,1.031482932880465775e+00,-6.252284299563931778e-12,-1.381448427872911111e-10,1.843656885900114284e-01,-1.470414126796610391e-12,7.749915125039565922e-01,-8.362325125814997762e-01,-7.071183897485903673e-12,1.345847652073350886e-10,6.885661129001696690e-02,4.265951320435192734e-02,-9.869766208099080966e-13
2.111111111111111105e-01,-1.403352503907298598e-01,-1.313606513944366906e-12,7.749915123691717422e-01,1.031239230679850349e+00,-6.250909830935043885e-12,-1.381178071219180126e-10,1.820431986251901113e-01,-1.490051848845629424e-12,7.749915125043305153e-01,-8.360510167450376784e-01,-7.069045018977777799e-12,1.346208734764875459e-10,6.882488486820496909e-02,4.264846975648427241e-02,-9.867245859228205046e-13
2.138888888888889062e-01,-1.374712045267308946e-01,-1.330967284010289565e-12,7.749915123687880492e-01,1.030995611401337886e+00,-6.249532808481093654e-12,-1.381291730301326126e-10,1.797212127032077056e-01,-1.509683622927363829e-12,7.749915125047045494e-01,-8.358695747925594111e-01,-7.066902954227264712e-12,1.346605413982127075e-10,6.879317616471365693e-02,4.263743053856684784e-02,-9.864721300169343762e-13
2.166666666666666741e-01,-1.346078352102746956e-01,-1.348324223691820394e-12,7.749915123684043561e-01,1.030752075003525503e+00,-6.248153231388956887e-12,-1.380902857339716405e-10,1.773997306744350688e-01,-1.529309440189431301e-12,7.749915125050785836e-01,-8.356881867007521780e-01,-7.064757702246331096e-12,1.347076217933507181e-10,6.876148516731904470e-02,4.262639554827216820e-02,-9.862192529597859048e-13
2.194444444444444420e-01,-1.317451422112233261e-01,-1.365677325891084115e-12,7.749915123680208850e-01,1.030508621445037853e+00,-6.246771098860449530e-12,-1.380737468803516776e-10,1.750787523893078124e-01,-1.548929291774148387e-12,7.749915125054527287e-01,-8.355068524463167279e-01,-7.062609260917948731e-12,1.347033890680693347e-10,6.872981186380738849e-02,4.261536478327439953e-02,-9.859659545525173169e-13
2.222222222222222376e-01,-1.288831252995536747e-01,-1.383026583507979374e-12,7.749915123676373030e-01,1.030265250684527123e+00,-6.245386410107589960e-12,-1.380284237600948316e-10,1.727582776983261348e-01,-1.568543168821209538e-12,7.749915125058268739e-01,-8.353255720059669098e-01,-7.060457629758787260e-12,1.347308029031601961e-10,6.869815624197518622e-02,4.260433824124942870e-02,-9.857122346952102027e-13
2.250000000000000056e-01,-1.260217842453574821e-01,-1.400371989440235285e-12,7.749915123672539430e-01,1.030021962680672809e+00,-6.243999164327559004e-12,-1.379737869094954661e-10,1.704383064520549884e-01,-1.588151062469083580e-12,7.749915125062012411e-01,-8.351443453564304509e-01,-7.058302808578793859e-12,1.347380332306080675e-10,6.866651828962916371e-02,4.259331591987472465e-02,-9.854580933042078449e-13
2.277777777777777735e-01,-1.231611188188411476e-01,-1.417713536583364173e-12,7.749915123668704720e-01,1.029778757392181943e+00,-6.242609360737807451e-12,-1.380227251934762478e-10,1.681188385011238851e-01,-1.607752963850940415e-12,7.749915125065754973e-01,-8.349631724744480676e-01,-7.056144794255644444e-12,1.348025857605961164e-10,6.863489799458623308e-02,4.258229781682948412e-02,-9.852035301217412968e-13
2.305555555555555691e-01,-1.203011287903257426e-01,-1.435051217830609071e-12,7.749915123664872230e-01,1.029535634777789532e+00,-6.241216998512057802e-12,-1.379947042051687944e-10,1.657998736962269237e-01,-1.627348864092566913e-12,7.749915125069499755e-01,-8.347820533367740214e-01,-7.053983585096831354e-12,1.347634087656146562e-10,6.860329534467358992e-02,4.257128392979461773e-02,-9.849485449718951319e-13
2.333333333333333370e-01,-1.174418139302469272e-01,-1.452385026073020457e-12,7.749915123661039740e-01,1.029292594796257232e+00,-6.239822076867047565e-12,-1.379682427332662442e-10,1.634814118881227907e-01,-1.646938754322591157e-12,7.749915125073244537e-01,-8.346009879201760073e-01,-7.051819182623883856e-12,1.348654191796194723e-10,6.857171032772854669e-02,4.256027425645258350e-02,-9.846931378754674091e-13
2.361111111111111327e-01,-1.145831740091548395e-01,-1.469714954199368611e-12,7.749915123657207250e-01,1.029049637406374673e+00,-6.238424594973584722e-12,-1.379409936969056005e-10,1.611634529276346484e-01,-1.666522625665034181e-12,7.749915125076990430e-01,-8.344199762014351540e-01,-7.049651583714437475e-12,1.348925502547837496e-10,6.854014293159871318e-02,4.254926879448761579e-02,-9.844373085704888573e-13
2.388888888888889006e-01,-1.117252087977140124e-01,-1.487040995096204399e-12,7.749915123653375870e-01,1.028806762566958577e+00,-6.237024552040458899e-12,-1.379316973137978408e-10,1.588459966656501077e-01,-1.686100469237927027e-12,7.749915125080735212e-01,-8.342390181573459129e-01,-7.047480787177185724e-12,1.348831879521839028e-10,6.850859314414176060e-02,4.253826754158551021e-02,-9.841810569142724363e-13
2.416666666666666685e-01,-1.088679180667033730e-01,-1.504363141647957622e-12,7.749915123649545601e-01,1.028563970236852976e+00,-6.235621947307946709e-12,-1.379514731614239764e-10,1.565290429531212835e-01,-1.705672276156262425e-12,7.749915125084482215e-01,-8.340581137647159471e-01,-7.045306791810544558e-12,1.348558487102025083e-10,6.847706095322556030e-02,4.252727049543381099e-02,-9.839243827663478935e-13
2.444444444444444642e-01,-1.060113015870160491e-01,-1.521681386736786165e-12,7.749915123645716442e-01,1.028321260374929658e+00,-6.234216779952052671e-12,-1.378367784493628179e-10,1.542125916410646003e-01,-1.725238037534222483e-12,7.749915125088230328e-01,-8.338772630003663533e-01,-7.043129597428512238e-12,1.349013747931060436e-10,6.844554634672823934e-02,4.251627765372168605e-02,-9.836672860413954666e-13
2.472222222222222321e-01,-1.031553591296594102e-01,-1.538995723242658183e-12,7.749915123641887282e-01,1.028078632940087278e+00,-6.232809049179145453e-12,-1.378371410065692970e-10,1.518966425805608478e-01,-1.744797744480298201e-12,7.749915125091978441e-01,-8.336964658411315510e-01,-7.040949201627877860e-12,1.349833196606642360e-10,6.841404931253793065e-02,4.250528901413996169e-02,-9.834097665237956654e-13
2.500000000000000000e-01,-1.003000904657549153e-01,-1.556306144043233765e-12,7.749915123638058123e-01,1.027836087891252026e+00,-6.231398754163227861e-12,-1.378573939031513262e-10,1.495811956227552086e-01,-1.764351388101050964e-12,7.749915125095726554e-01,-8.335157222638595043e-01,-7.038765603712955064e-12,1.349277963663686464e-10,6.838256983855300897e-02,4.249430457438111569e-02,-9.831518240974677467e-13
2.527777777777777679e-01,-9.744549536653805688e-02,-1.573612642014045069e-12,7.749915123634230074e-01,1.027593625187377180e+00,-6.229985894150119587e-12,-1.377856578832492573e-10,1.472662506188570919e-01,-1.783898959497452626e-12,7.749915125099475777e-01,-8.333350322454111669e-01,-7.036578802273662632e-12,1.350187999599183897e-10,6.835110791268192432e-02,4.248332433213927034e-02,-9.828934586099303753e-13
2.555555555555555913e-01,-9.459157360335830600e-02,-1.590915210028392724e-12,7.749915123630403135e-01,1.027351244787443552e+00,-6.228570468316359099e-12,-1.377711209005205717e-10,1.449518074201401885e-01,-1.803440449769534370e-12,7.749915125103226110e-01,-8.331543957626610375e-01,-7.034388796122651456e-12,1.350139930411664579e-10,6.831966352284327137e-02,4.247234828511025490e-02,-9.826346699158313982e-13
2.583333333333333592e-01,-9.173832494767900081e-02,-1.608213840957311901e-12,7.749915123626576197e-01,1.027108946650459043e+00,-6.227152475861115204e-12,-1.377833368232384004e-10,1.426378658779423325e-01,-1.822975850013326979e-12,7.749915125106976443e-01,-8.329738127924968261e-01,-7.032195584567307214e-12,1.350285317586186196e-10,6.828823665696577561e-02,4.246137643099150150e-02,-9.823754579015386962e-13
2.611111111111111271e-01,-8.888574917107729123e-02,-1.625508527669666624e-12,7.749915123622750368e-01,1.026866730735458422e+00,-6.225731915991536093e-12,-1.376925882340396257e-10,1.403244258436656122e-01,-1.842505151320250555e-12,7.749915125110727887e-01,-8.327932833118195655e-01,-7.029999165197046273e-12,1.350216084772259961e-10,6.825682730298819612e-02,4.245040876748208680e-02,-9.821158223510609924e-13
2.638888888888888951e-01,-8.603384604524408341e-02,-1.642799263032050412e-12,7.749915123618925650e-01,1.026624597001504213e+00,-6.224308787895126031e-12,-1.377566932053708726e-10,1.380114871687762035e-01,-1.862028344779525981e-12,7.749915125114480441e-01,-8.326128072975435002e-01,-7.027799537825446032e-12,1.350635055186177880e-10,6.822543544885942279e-02,4.243944529228276669e-02,-9.818557631800880643e-13
2.666666666666666630e-01,-8.318261534198391483e-02,-1.660086039908853323e-12,7.749915123615100931e-01,1.026382545407685809e+00,-6.222883090787876127e-12,-1.376651709295018122e-10,1.356990497048043975e-01,-1.881545421477347943e-12,7.749915125118232995e-01,-8.324323847265961973e-01,-7.025596701255757091e-12,1.350817947082250114e-10,6.819406108253844856e-02,4.242848600309594848e-02,-9.815952802462543738e-13
2.694444444444444309e-01,-8.033205683321492652e-02,-1.677368851162302754e-12,7.749915123611276213e-01,1.026140575913119690e+00,-6.221454823876442623e-12,-1.376950237857998971e-10,1.333871133033445455e-01,-1.901056372495019534e-12,7.749915125121986659e-01,-8.322520155759185467e-01,-7.023390654087418885e-12,1.351402739713236656e-10,6.816270419199427222e-02,4.241753089762564932e-02,-9.813343733941248884e-13
2.722222222222222543e-01,-7.748217029096876596e-02,-1.694647689652363669e-12,7.749915123607453715e-01,1.025898688476949427e+00,-6.220023986350154593e-12,-1.376419308390941509e-10,1.310756778160550307e-01,-1.920561188910534721e-12,7.749915125125740323e-01,-8.320716998224644279e-01,-7.021181393915169524e-12,1.351706645918993033e-10,6.813136476520596785e-02,4.240657997357758641e-02,-9.810730424064241414e-13
2.750000000000000222e-01,-7.463295548739050378e-02,-1.711922548236734972e-12,7.749915123603630107e-01,1.025656883058346125e+00,-6.218590577400225692e-12,-1.376099581507084224e-10,1.287647430946582128e-01,-1.940059861799260928e-12,7.749915125129495097e-01,-8.318914374432013759e-01,-7.018968920754420093e-12,1.351676721939032433e-10,6.810004279016275419e-02,4.239563322865907286e-02,-9.808112872112853644e-13
2.777777777777777901e-01,-7.178441219473857826e-02,-1.729193419770977742e-12,7.749915123599808719e-01,1.025415159616507310e+00,-6.217154596253226698e-12,-1.376236208328052157e-10,1.264543089909404283e-01,-1.959552382231976910e-12,7.749915125133249871e-01,-8.317112284151098045e-01,-7.016753233202025897e-12,1.352098918938615668e-10,6.806873825486374485e-02,4.238469066057906631e-02,-9.805491076549119324e-13
2.805555555555555580e-01,-6.893654018538469819e-02,-1.746460297108437479e-12,7.749915123595987332e-01,1.025173518110658044e+00,-6.215716042113162677e-12,-1.375547852705549801e-10,1.241443753567518932e-01,-1.979038741278242055e-12,7.749915125137006866e-01,-8.315310727151835613e-01,-7.014534329861752912e-12,1.352193860354455879e-10,6.803745114731818422e-02,4.237375226704820363e-02,-9.802865035818896137e-13
2.833333333333333259e-01,-6.608933923181381509e-02,-1.763723173100192412e-12,7.749915123592165944e-01,1.024931958500050255e+00,-6.214274914152940259e-12,-1.376138838299345579e-10,1.218349420440067304e-01,-1.998518930000938130e-12,7.749915125140762751e-01,-8.313509703204295942e-01,-7.012312209038982714e-12,1.352863689130234803e-10,6.800618145554528093e-02,4.236281804577874538e-02,-9.800234748161034570e-13
2.861111111111111494e-01,-6.324280910662395672e-02,-1.780982040595105799e-12,7.749915123588346777e-01,1.024690480743962739e+00,-6.212831211594983011e-12,-1.374996522890414852e-10,1.195260089046828733e-01,-2.017992939462693653e-12,7.749915125144520855e-01,-8.311709212078681741e-01,-7.010086870537309991e-12,1.353127592612635155e-10,6.797492916757429116e-02,4.235188799448455499e-02,-9.797600212757869816e-13
2.888888888888889173e-01,-6.039694958252625479e-02,-1.798236892439904079e-12,7.749915123584527610e-01,1.024449084801701604e+00,-6.211384933653117960e-12,-1.375160662425711777e-10,1.172175757908220928e-01,-2.037460760721844532e-12,7.749915125148278960e-01,-8.309909253545326724e-01,-7.007858312661613870e-12,1.352920917657707278e-10,6.794369427144444917e-02,4.234096211088118206e-02,-9.794961427884774729e-13
2.916666666666666852e-01,-5.755176043234480621e-02,-1.815487721479026833e-12,7.749915123580708443e-01,1.024207770632599379e+00,-6.209936079509702921e-12,-1.374665537651198477e-10,1.149096425545299144e-01,-2.056922384833129567e-12,7.749915125152037065e-01,-8.308109827374695611e-01,-7.005626534020721155e-12,1.352784446961852183e-10,6.791247675520496740e-02,4.233004039268577212e-02,-9.792318391971164352e-13
2.944444444444444531e-01,-5.470724142901661757e-02,-1.832734520554676250e-12,7.749915123576890386e-01,1.023966538196015907e+00,-6.208484648358908880e-12,-1.374329712533484127e-10,1.126022090479755905e-01,-2.076377802846973537e-12,7.749915125155796281e-01,-8.306310933337386349e-01,-7.003391533201628838e-12,1.353310657981054987e-10,6.788127660691503640e-02,4.231912283761711524e-02,-9.789671103443996022e-13
2.972222222222222210e-01,-5.186339234559152883e-02,-1.849977282506881155e-12,7.749915123573073439e-01,1.023725387451338120e+00,-6.207030639424484185e-12,-1.374330736020334953e-10,1.102952751233920864e-01,-2.095827005812586706e-12,7.749915125159556606e-01,-8.304512571204129001e-01,-7.001153310434780229e-12,1.353549720223279351e-10,6.785009381464388034e-02,4.230820944339564599e-02,-9.787019561742903339e-13
2.999999999999999889e-01,-4.902021295523213695e-02,-1.867216000173446514e-12,7.749915123569256492e-01,1.023484318357979150e+00,-6.205574051897816168e-12,-1.374217892258222662e-10,1.079888406330760109e-01,-2.115269984771514584e-12,7.749915125163318042e-01,-8.302714740745784638e-01,-6.998911861691951955e-12,1.353901140505042733e-10,6.781892836647057665e-02,4.229730020774341570e-02,-9.784363763723204512e-13
3.027777777777778123e-01,-4.617770303121373349e-02,-1.884450666389973635e-12,7.749915123565439545e-01,1.023243330875379886e+00,-6.204114884984296068e-12,-1.374086625732795497e-10,1.056829054293876163e-01,-2.134706730765760301e-12,7.749915125167079477e-01,-8.300917441733344226e-01,-6.996667187699874690e-12,1.354553066934549577e-10,6.778778025048423639e-02,4.228639512838412023e-02,-9.781703709105790710e-13
3.055555555555555802e-01,-4.333586234692421435e-02,-1.901681273989833909e-12,7.749915123561624819e-01,1.023002424963007417e+00,-6.202653137891045418e-12,-1.373661080716903626e-10,1.033774693647507015e-01,-2.154137234834717406e-12,7.749915125170840913e-01,-8.299120673937931958e-01,-6.994419288267071472e-12,1.354228222616438160e-10,6.775664945478390710e-02,4.227549420304307221e-02,-9.779039397062182790e-13
3.083333333333333481e-01,-4.049469067586400350e-02,-1.918907815804222130e-12,7.749915123557808982e-01,1.022761600580355701e+00,-6.201188809825050850e-12,-1.372948837952137069e-10,1.010725322916526669e-01,-2.173561488010519001e-12,7.749915125174603459e-01,-8.297324437130803032e-01,-6.992168159573860530e-12,1.354497868033543995e-10,6.772553596747848959e-02,4.226459742944718712e-02,-9.776370824586861599e-13
3.111111111111111160e-01,-3.765418779164599050e-02,-1.936130284662059555e-12,7.749915123553995366e-01,1.022520857686946005e+00,-6.199721899971140412e-12,-1.373275382299254943e-10,9.876809406264437652e-02,-2.192979481325629385e-12,7.749915125178367115e-01,-8.295528731083342544e-01,-6.989913802550159279e-12,1.355155588439460601e-10,6.769443977668690438e-02,4.225370480532508050e-02,-9.773697991504121938e-13
3.138888888888888840e-01,-3.481435346799545416e-02,-1.953348673390052471e-12,7.749915123550181750e-01,1.022280196242326022e+00,-6.198252407528720399e-12,-1.372616291461792315e-10,9.646415453034018483e-02,-2.212391205808237203e-12,7.749915125182131881e-01,-8.293733555567068816e-01,-6.987656215095562273e-12,1.355510668987758294e-10,6.766336087053793913e-02,4.224281632840693607e-02,-9.771020895833185319e-13
3.166666666666666519e-01,-3.197518747874996542e-02,-1.970562974812747935e-12,7.749915123546369244e-01,1.022039616206070090e+00,-6.196780331735413823e-12,-1.372707589958332974e-10,9.416071354741790966e-02,-2.231796652481633044e-12,7.749915125185896647e-01,-8.291938910353631176e-01,-6.985395395300093320e-12,1.355358273530393731e-10,6.763229923717026248e-02,4.223193199642451962e-02,-9.768339535741927463e-13
3.194444444444444753e-01,-2.913668959785936652e-02,-1.987773181752451778e-12,7.749915123542556739e-01,1.021799117537779411e+00,-6.195305671770048440e-12,-1.372716662562112333e-10,9.185777096661874863e-02,-2.251195812363435577e-12,7.749915125189661413e-01,-8.290144795214806628e-01,-6.983131341975143158e-12,1.355652933660023152e-10,6.760125486473245182e-02,4.222105180711131084e-02,-9.765653909778129410e-13
3.222222222222222432e-01,-2.629885959938563569e-02,-2.004979287029253248e-12,7.749915123538744233e-01,1.021558700197081837e+00,-6.193828426828110324e-12,-1.372336740773638653e-10,8.955532664074727922e-02,-2.270588676471703715e-12,7.749915125193427290e-01,-8.288351209922507623e-01,-6.980864054929144348e-12,1.355790046203564359e-10,6.757022774138297938e-02,4.221017575820232293e-02,-9.762964017102784447e-13
3.250000000000000111e-01,-2.346169725750285248e-02,-2.022181283460999559e-12,7.749915123534933947e-01,1.021318364143632085e+00,-6.192348596117717019e-12,-1.371675741740352450e-10,8.725338042267140326e-02,-2.289975235820925118e-12,7.749915125197194277e-01,-8.286558154248772068e-01,-6.978593532976777770e-12,1.355840977684819038e-10,6.753921785529015676e-02,4.219930384743424828e-02,-9.760269856292011010e-13
3.277777777777777790e-01,-2.062520234649711098e-02,-2.039379163863407777e-12,7.749915123531123662e-01,1.021078109337111073e+00,-6.190866178868584852e-12,-1.371855875426097882e-10,8.495193216532231917e-02,-2.309355481422549334e-12,7.749915125200962374e-01,-8.284765627965774426e-01,-6.976319774422542080e-12,1.356169690436281883e-10,6.750822519463216265e-02,4.218843607254535444e-02,-9.757571425635251696e-13
3.305555555555555469e-01,-1.778937464076644007e-02,-2.056572921049937989e-12,7.749915123527313376e-01,1.020837935737227031e+00,-6.189381174265574182e-12,-1.371435118246999707e-10,8.265098172169448032e-02,-2.328729404280781617e-12,7.749915125204730471e-01,-8.282973630845814617e-01,-6.974042777153751754e-12,1.357304078158927396e-10,6.747724974759705674e-02,4.217757243127553957e-02,-9.754868723131268624e-13
3.333333333333333703e-01,-1.670638354957655961e-02,-4.413933844614491693e-10,7.749914703985233411e-01,-2.409642937204758972e-01,-3.163163156713859909e-07,-3.020689263876288888e-05,8.297878986145178215e-02,6.564081671850719361e-10,7.749921051882810996e-01,1.064229643690341343e+00,4.742975384473988006e-07,4.267206861680132579e-04,3.659041812723558273e-02,4.216699218657765647e-02,-1.061610358080956249e-11
3.361111111111111382e-01,-1.737563684095231806e-02,-1.319969758598752432e-09,7.749915151006726566e-01,-2.409201614593819152e-01,-3.162730381084490905e-07,9.418496094374534389e-07,8.593445281250572387e-02,1.973490568302097054e-09,7.749915701962840631e-01,1.063974819081829448e+00,4.741312762878481008e-07,7.656182578312520359e-05,3.657318623400156871e-02,4.215567461356539009e-02,-1.669685248953197130e-11
3.388888888888889062e-01,-1.804476761159224882e-02,-2.198385396801841485e-09,7.749915119665911067e-01,-2.408760491875166498e-01,-3.162151599962026199e-07,2.778326669995029308e-07,8.888940752020359215e-02,3.290232250690400109e-09,7.749915171490738830e-01,1.063719969639433494e+00,4.739986106585235112e-07,1.004048511681759903e-05,3.655596241557898529e-02,4.214435375148951890e-02,-1.944776014682737058e-11
3.416666666666666741e-01,-1.871377586138510407e-02,-3.076640279831851804e-09,7.749915117104593243e-01,-2.408319440075427087e-01,-3.161572911816293941e-07,4.025613470522160231e-08,9.184365440410369175e-02,4.606658537087942089e-09,7.749915123029567088e-01,1.063465185698007964e+00,4.738850826531904277e-07,1.175021416503080340e-06,3.653874717225402691e-02,4.213303618120163574e-02,-2.105124715521795745e-11
3.444444444444444420e-01,-1.938266161155864989e-02,-3.954734435518496307e-09,7.749915116881410659e-01,-2.407878460074697469e-01,-3.160994317802937710e-07,5.003067155007201450e-09,9.479719372765152419e-02,5.922769544934311675e-09,7.749915118367153299e-01,1.063210487146299954e+00,4.737715927019870695e-07,1.310986270496722339e-07,3.652154160466918736e-02,4.212172308810572391e-02,-2.265329810721547844e-11
3.472222222222222099e-01,-2.005142488236380874e-02,-4.832667890411555784e-09,7.749915116863055342e-01,-2.407437552542356640e-01,-3.160415818798945242e-07,6.603198387383768519e-10,9.775002573822180740e-02,7.238565384468022956e-09,7.749915117899099926e-01,1.062955876697043278e+00,4.736581420126127483e-07,1.419438639717329753e-08,3.650434588038063005e-02,4.211041462894139081e-02,-2.425384843374320981e-11
3.500000000000000333e-01,-2.072006569396907250e-02,-5.710440670952798604e-09,7.749915116863811404e-01,-2.406996717570392685e-01,-3.159837414924771507e-07,1.635683116729680364e-10,1.007021506816306589e-01,8.554046165233658282e-09,7.749915117848501511e-01,1.062701354634265183e+00,4.735447307114999957e-07,1.429379814163467266e-09,3.648716001353387306e-02,4.209911081992237514e-02,-2.585289163294316121e-11
3.527777777777778012e-01,-2.138858406653167468e-02,-6.588052803569223417e-09,7.749915116866437081e-01,-2.406555955156158000e-01,-3.159259106176883317e-07,1.087086306389428714e-10,1.036535688034328356e-01,9.869211996659371848e-09,7.749915117840504575e-01,1.062446920949961182e+00,4.734313587950676622e-07,5.424535126641316651e-11,3.646998399947670721e-02,4.208781166059225032e-02,-2.745042788789025455e-11
3.555555555555555691e-01,-2.205698002020371057e-02,-7.465504314681079075e-09,7.749915116869251497e-01,-2.406115265284964055e-01,-3.158680892535971498e-07,1.028249291268323873e-10,1.066042803490443447e-01,1.118406298811152001e-08,7.749915117836922995e-01,1.062192575603120082e+00,4.733180262450402709e-07,-9.281540293282208864e-11,3.645281783142971521e-02,4.207651714862252479e-02,-2.904645812132762417e-11
3.583333333333333370e-01,-2.272525357513269922e-02,-8.342795230702600002e-09,7.749915116872085896e-01,-2.405674647940730382e-01,-3.158102773980905224e-07,1.021740001633242301e-10,1.095542855637547247e-01,1.249859924890009009e-08,7.749915117833803269e-01,1.061938318549135341e+00,4.732047330415416113e-07,-1.084629261405289924e-10,3.643566150238528034e-02,4.206522728148154311e-02,-3.064098333564927998e-11
3.611111111111111049e-01,-2.339340475146163903e-02,-9.219925578042082292e-09,7.749915116874922516e-01,-2.405234103107225796e-01,-3.157524750490362559e-07,1.021572756942923377e-10,1.125035846927282812e-01,1.381282088827927605e-08,7.749915117830733502e-01,1.061684149743040040e+00,4.730914791645348015e-07,-1.101686242233057555e-10,3.641851500531676639e-02,4.205394205661736745e-02,-3.223400454117693088e-11
3.638888888888889284e-01,-2.406143356932901808e-02,-1.009689538310188867e-08,7.749915116877759136e-01,-2.404793630768206902e-01,-3.156946822042986626e-07,1.021119768601641553e-10,1.154521779810043225e-01,1.512672801544758111e-08,7.749915117827669286e-01,1.061430069139854826e+00,4.729782645939778242e-07,-1.102662076229998789e-10,3.640137833320079841e-02,4.204266147147742161e-02,-3.382552274821243343e-11
3.666666666666666963e-01,-2.472934004886880727e-02,-1.097370467227844933e-08,7.749915116880596866e-01,-2.404353230907432803e-01,-3.156368988617425842e-07,1.021431567799213624e-10,1.184000656734972845e-01,1.644032073954785743e-08,7.749915117824605071e-01,1.061176076694626547e+00,4.728650893098403091e-07,-1.102960223153814923e-10,3.638425147901994117e-02,4.203138552351069757e-02,-3.541553896641575203e-11
3.694444444444444642e-01,-2.539712421021047065e-02,-1.185035347196227019e-08,7.749915116883434596e-01,-2.403912903508667875e-01,-3.155791250192345034e-07,1.021876333551219318e-10,1.213472480149967864e-01,1.775359916966733920e-08,7.749915117821541966e-01,1.060922172362432914e+00,4.727519532921053323e-07,-1.102891996479504755e-10,3.636713443576286564e-02,4.202011421016796366e-02,-3.700405420478510659e-11
3.722222222222222321e-01,-2.606478607347896201e-02,-1.272684180853792794e-08,7.749915116886273436e-01,-2.403472648555680657e-01,-3.155213606746417503e-07,1.022062608158069708e-10,1.242937252501677275e-01,1.906656341483769557e-08,7.749915117818479970e-01,1.060668356098381393e+00,4.726388565207695756e-07,-1.103168754262862095e-10,3.635002719642433516e-02,4.200884752890175766e-02,-3.859106947158418065e-11
3.750000000000000000e-01,-2.673232565879472833e-02,-1.360316970838407996e-08,7.749915116889111166e-01,-2.403032466032245795e-01,-3.154636058258320780e-07,1.022178175436039282e-10,1.272394976235503850e-01,2.037921358403505217e-08,7.749915117815417975e-01,1.060414627857610093e+00,4.725257989758430613e-07,-1.102563266380807150e-10,3.633292975400524705e-02,4.199758547716639367e-02,-4.017658577430572541e-11
3.777777777777777679e-01,-2.739974298627370977e-02,-1.447933719787345772e-08,7.749915116891950007e-01,-2.402592355922140710e-01,-3.154058604706728166e-07,1.022211898460412272e-10,1.301845653795604130e-01,2.169154978618003745e-08,7.749915117812355980e-01,1.060160987595287763e+00,4.724127806373496292e-07,-1.102273272657328107e-10,3.631584210151262565e-02,4.198632805241800381e-02,-4.176060411957891550e-11
3.805555555555555913e-01,-2.806703807602734316e-02,-1.535534430337287172e-08,7.749915116894788847e-01,-2.402152318209148651e-01,-3.153481246070327781e-07,1.022294141700408332e-10,1.331289287624891071e-01,2.300357213013781902e-08,7.749915117809295095e-01,1.059907435266613573e+00,4.722998014853266185e-07,-1.102343737124922285e-10,3.629876423195960156e-02,4.197507525211446877e-02,-4.334312551335132874e-11
3.833333333333333592e-01,-2.873421094816255850e-02,-1.623119105124321978e-08,7.749915116897627687e-01,-2.401712352877058421e-01,-3.152903982327818335e-07,1.022349826323987187e-10,1.360725880165032931e-01,2.431528072471814011e-08,7.749915117806234210e-01,1.059653970826816893e+00,4.721868614998248681e-07,-1.101543665310567022e-10,3.628169613836539076e-02,4.196382707371548726e-02,-4.492415096087240252e-11
3.861111111111111271e-01,-2.940126162278178593e-02,-1.710687746783947049e-08,7.749915116900467638e-01,-2.401272459909662149e-01,-3.152326813457891656e-07,1.022022050323201370e-10,1.390155433856455347e-01,2.562667567867535922e-08,7.749915117803174436e-01,1.059400594231157511e+00,4.720739606609087163e-07,-1.101748293291793246e-10,3.626463781375532242e-02,4.195258351468249269e-02,-4.650368146650152787e-11
3.888888888888888951e-01,-3.006819011998295571e-02,-1.798240357951068802e-08,7.749915116903306478e-01,-2.400832639290758075e-01,-3.151749739439276628e-07,1.021952644036927538e-10,1.419577951138341898e-01,2.693775710070848655e-08,7.749915117800113551e-01,1.059147305434925412e+00,4.719610989486561601e-07,-1.101954083537748375e-10,3.624758925116076252e-02,4.194134457247870179e-02,-4.808171803412163979e-11
3.916666666666666630e-01,-3.073499645985949477e-02,-1.885776941260002385e-08,7.749915116906147539e-01,-2.400392891004148044e-01,-3.151172760250671433e-07,1.022036986292329530e-10,1.448993434448634654e-01,2.824852509946121709e-08,7.749915117797054886e-01,1.058894104393441005e+00,4.718482763431585369e-07,-1.101697916922050879e-10,3.623055044361923188e-02,4.193011024456912150e-02,-4.965826166653041233e-11
3.944444444444444864e-01,-3.140168066250033363e-02,-1.973297499344471016e-08,7.749915116908987489e-01,-2.399953215033639453e-01,-3.150595875870784307e-07,1.022445895310086783e-10,1.478401886224035011e-01,2.955897978352197361e-08,7.749915117793996222e-01,1.058640991062055337e+00,4.717354928245208430e-07,-1.101669311331932022e-10,3.621352138417429506e-02,4.191888052842056983e-02,-5.123331336580752676e-11
3.972222222222222543e-01,-3.206824274798990987e-02,-2.060802034837607638e-08,7.749915116911828550e-01,-2.399513611363044419e-01,-3.150019086278357373e-07,1.023015300943841410e-10,1.507803308900005079e-01,3.086912126142395299e-08,7.749915117790937558e-01,1.058387965396149655e+00,4.716227483728614679e-07,-1.100613766791269654e-10,3.619650206587560898e-02,4.190765542150157175e-02,-5.280687413352973855e-11
4.000000000000000222e-01,-3.273468273640815079e-02,-2.148290550371953262e-08,7.749915116914669611e-01,-2.399074079976180052e-01,-3.149442391452105749e-07,1.023017209139664985e-10,1.537197704910768237e-01,3.217894964164513947e-08,7.749915117787878893e-01,1.058135027351134738e+00,4.715100429683122480e-07,-1.101167663997149049e-10,3.617949248177883270e-02,4.189643492128246327e-02,-5.437894497021832068e-11
4.027777777777777901e-01,-3.340100064783051159e-02,-2.235763048579459285e-08,7.749915116917510671e-01,-2.398634620856867350e-01,-3.148865791370783204e-07,1.023243711983923276e-10,1.566585076689309686e-01,3.348846503260835426e-08,7.749915117784821339e-01,1.057882176882452230e+00,4.713973765910185722e-07,-1.101185791857473006e-10,3.616249262494573152e-02,4.188521902523532903e-02,-5.594952687593463373e-11
4.055555555555555580e-01,-3.406719650232793023e-02,-2.323219532091486497e-08,7.749915116920352842e-01,-2.398195233988932862e-01,-3.148289286013127092e-07,1.022851282839187803e-10,1.595965426667377562e-01,3.479766754268131179e-08,7.749915117781764895e-01,1.057629413945574193e+00,4.712847492211392762e-07,-1.100658210406724180e-10,3.614550248844412839e-02,4.187400773083405081e-02,-5.751862084978712622e-11
4.083333333333333259e-01,-3.473327031996687603e-02,-2.410660003538804751e-08,7.749915116923193903e-01,-2.397755919356207299e-01,-3.147712875357882710e-07,1.023347379058847650e-10,1.625338757275484047e-01,3.610655728017662968e-08,7.749915117778708451e-01,1.057376738496002222e+00,4.711721608388466420e-07,-1.100134081055692548e-10,3.612852206534789001e-02,4.186280103555427290e-02,-5.908622789014640154e-11
4.111111111111111494e-01,-3.539922212080930802e-02,-2.498084465551593953e-08,7.749915116926036074e-01,-2.397316676942526925e-01,-3.147136559383811236e-07,1.023517035014798182e-10,1.654705070942905087e-01,3.741513435335187498e-08,7.749915117775652007e-01,1.057124150489268333e+00,4.710596114243263455e-07,-1.099926486697322403e-10,3.611155134873687139e-02,4.185159893687336041e-02,-6.065234899471800990e-11
4.138888888888889173e-01,-3.606505192491270967e-02,-2.585492920759444728e-08,7.749915116928879355e-01,-2.396877506731732166e-01,-3.146560338069668554e-07,1.023820021817112291e-10,1.684064370097683172e-01,3.872339887040961056e-08,7.749915117772596673e-01,1.056871649880934960e+00,4.709471009577774036e-07,-1.099837894369404268e-10,3.609459033169703374e-02,4.184040143227051034e-02,-6.221698516037370342e-11
4.166666666666666852e-01,-3.673075975233007495e-02,-2.672885371791357092e-08,7.749915116931721526e-01,-2.396438408707668999e-01,-3.145984211394231196e-07,1.023332790034414685e-10,1.713416657166625945e-01,4.003135093949741494e-08,7.749915117769541339e-01,1.056619236626594072e+00,4.708346294194124911e-07,-1.100159390671207049e-10,3.607763900732029877e-02,4.182920851922662664e-02,-6.378013738333341593e-11
4.194444444444444531e-01,-3.739634562310990840e-02,-2.760261821275741448e-08,7.749915116934564807e-01,-2.395999382854186732e-01,-3.145408179336278338e-07,1.024085278383823905e-10,1.742761934575308702e-01,4.133899066870793524e-08,7.749915117766486006e-01,1.056366910681867832e+00,4.707221967894574123e-07,-1.099766736012419699e-10,3.606069736870463893e-02,4.181802019522438962e-02,-6.534180665905938377e-11
4.222222222222222210e-01,-3.806180955729622506e-02,-2.847622271840419245e-08,7.749915116937408088e-01,-2.395560429155141891e-01,-3.144832241874575924e-07,1.023401363653420049e-10,1.772100204748074948e-01,4.264631816607892023e-08,7.749915117763431782e-01,1.056114672002408827e+00,4.706098030481515236e-07,-1.099742189675234627e-10,3.604376540895404268e-02,4.180683645774824209e-02,-6.690199398209070978e-11
4.249999999999999889e-01,-3.872715157492857135e-02,-2.934966726112622650e-08,7.749915116940252480e-01,-2.395121547594392386e-01,-3.144256398987926954e-07,1.023734725463798512e-10,1.801431470108036115e-01,4.395333353959325347e-08,7.749915117760377559e-01,1.055862520543899397e+00,4.704974481757475226e-07,-1.099652695291108984e-10,3.602684312117851451e-02,4.179565730428443093e-02,-6.846070034649004071e-11
4.277777777777778123e-01,-3.939237169604199729e-02,-3.022295186718994215e-08,7.749915116943095761e-01,-2.394682738155803348e-01,-3.143680650655119606e-07,1.023510217551537593e-10,1.830755733077073788e-01,4.526003689717898636e-08,7.749915117757324445e-01,1.055610456262051855e+00,4.703851321525113944e-07,-1.098878713717832412e-10,3.600993049849401245e-02,4.178448273232088228e-02,-7.001792674539358107e-11
4.305555555555555802e-01,-4.005746994066707034e-02,-3.109607656285587538e-08,7.749915116945940152e-01,-2.394244000823244067e-01,-3.143104996854955821e-07,1.024082919159896576e-10,1.860072996075839979e-01,4.656642834670939109e-08,7.749915117754271332e-01,1.055358479112608494e+00,4.702728549587225709e-07,-1.098805369609268112e-10,3.599302753402256611e-02,4.177331273934730554e-02,-7.157367417124932106e-11
4.333333333333333481e-01,-4.072244632882988935e-02,-3.196904137437868591e-08,7.749915116948785654e-01,-2.393805335580589111e-01,-3.142529437566240717e-07,1.023660513993496224e-10,1.889383261523757407e-01,4.787250799600298049e-08,7.749915117751219329e-01,1.055106589051341581e+00,4.701606165746737718e-07,-1.098388498210756126e-10,3.597613422089212393e-02,4.176214732285519343e-02,-7.312794361574093602e-11
4.361111111111111160e-01,-4.138730088055206369e-02,-3.284184632800713730e-08,7.749915116951630045e-01,-2.393366742411716097e-01,-3.141953972767786294e-07,1.024185024983692571e-10,1.918686531839021436e-01,4.917827595282356099e-08,7.749915117748167326e-01,1.054854786034053138e+00,4.700484169806710575e-07,-1.099228329887180777e-10,3.595925055223662264e-02,4.175098648033774562e-02,-7.468073606981094745e-11
4.388888888888888840e-01,-4.205203361585073407e-02,-3.371449144998411019e-08,7.749915116954475547e-01,-2.392928221300509861e-01,-3.141378602438414083e-07,1.023758300355837036e-10,1.947982809438600360e-01,5.048373232488025245e-08,7.749915117745115323e-01,1.054603070016575606e+00,4.699362561570338293e-07,-1.099120620906557377e-10,3.594237652119604970e-02,4.173983020928995202e-02,-7.623205252369711898e-11
4.416666666666667074e-01,-4.271664455473855870e-02,-3.458697676654660232e-08,7.749915116957321048e-01,-2.392489772230857459e-01,-3.140803326556939259e-07,1.024056273807305573e-10,1.977272096738235674e-01,5.178887721982754108e-08,7.749915117742064430e-01,1.054351440954770514e+00,4.698241340840947233e-07,-1.098324278747675464e-10,3.592551212091624896e-02,4.172867850720851646e-02,-7.778189396677032894e-11
4.444444444444444753e-01,-4.338113371722372713e-02,-3.545930230392573516e-08,7.749915116960166550e-01,-2.392051395186652885e-01,-3.140228145102203468e-07,1.024135481281218674e-10,2.006554396152444020e-01,5.309371074526531258e-08,7.749915117739013537e-01,1.054099898804529811e+00,4.697120507421998222e-07,-1.098211833971962648e-10,3.590865734454914276e-02,4.171753137159191910e-02,-7.933026138784228159e-11
4.472222222222222432e-01,-4.404550112330995332e-02,-3.633146808834674723e-08,7.749915116963013162e-01,-2.391613090151793186e-01,-3.139653058053046770e-07,1.024600421867249977e-10,2.035829710094516909e-01,5.439823300873887858e-08,7.749915117735963754e-01,1.053848443521774980e+00,4.696000061117083378e-07,-1.097703716118614281e-10,3.589181218525251682e-02,4.170638879994036097e-02,-8.087715577492066161e-11
4.500000000000000111e-01,-4.470974679299648258e-02,-3.720347414602900742e-08,7.749915116965859774e-01,-2.391174857110181518e-01,-3.139078065388306046e-07,1.024545153577305356e-10,2.065098040976522387e-01,5.570244411773901633e-08,7.749915117732913972e-01,1.053597075062457478e+00,4.694880001729928757e-07,-1.097501187152793989e-10,3.587497663619016591e-02,4.169525078975581944e-02,-8.242257811518266435e-11
4.527777777777777790e-01,-4.537387074627808464e-02,-3.807532050318599506e-08,7.749915116968706386e-01,-2.390736696045724363e-01,-3.138503167086827177e-07,1.024671528182530267e-10,2.094359391209305588e-01,5.700634417970201505e-08,7.749915117729864189e-01,1.053345793382558515e+00,4.693760329064392232e-07,-1.097997231330749557e-10,3.585815069053181758e-02,4.168411733854199275e-02,-8.396652939509080113e-11
4.555555555555555469e-01,-4.603787300314506059e-02,-3.894700718602532644e-08,7.749915116971552997e-01,-2.390298606942334037e-01,-3.137928363127470338e-07,1.025037693613839451e-10,2.123613763202489291e-01,5.830993330200971563e-08,7.749915117726815517e-01,1.053094598438088836e+00,4.692641042924464027e-07,-1.097743545369622709e-10,3.584133434145313213e-02,4.167298844380432077e-02,-8.550901060044583876e-11
4.583333333333333703e-01,-4.670175358358324980e-02,-3.981853422074874155e-08,7.749915116974400719e-01,-2.389860589783927847e-01,-3.137353653489108940e-07,1.024773026853109670e-10,2.152861159364475307e-01,5.961321159198953047e-08,7.749915117723766844e-01,1.052843490185089159e+00,4.691522143114266713e-07,-1.097134518651676771e-10,3.582452758213570260e-02,4.166186410304999199e-02,-8.705002271638018212e-11
4.611111111111111382e-01,-4.736551250757400910e-02,-4.068990163355211734e-08,7.749915116977248442e-01,-2.389422644554426989e-01,-3.136779038150592570e-07,1.024806333543848424e-10,2.182101582102444759e-01,6.091617915691448317e-08,7.749915117720719282e-01,1.052592468579629514e+00,4.690403629438056801e-07,-1.097058104082559993e-10,3.580773040576703398e-02,4.165074431378791575e-02,-8.858956672699391468e-11
4.638888888888889062e-01,-4.802914979509425447e-02,-4.156110945062545446e-08,7.749915116980096164e-01,-2.388984771237757099e-01,-3.136204517090814226e-07,1.025843177765439762e-10,2.211335033822358909e-01,6.221883610400328137e-08,7.749915117717671720e-01,1.052341533577809907e+00,4.689285501700220501e-07,-1.096767815456090034e-10,3.579094280554058483e-02,4.163962907352877774e-02,-9.012764361600330813e-11
4.666666666666666741e-01,-4.869266546611641239e-02,-4.243215769815289050e-08,7.749915116982944996e-01,-2.388546969817850196e-01,-3.135630090288644671e-07,1.025451147607103763e-10,2.240561516928960550e-01,6.352118254042028364e-08,7.749915117714624158e-01,1.052090685135760095e+00,4.688167759705278492e-07,-1.097222798729369231e-10,3.577416477465572564e-02,4.162851837978495673e-02,-9.166425436613201739e-11
4.694444444444444420e-01,-4.935605954060846845e-02,-4.330304640231268675e-08,7.749915116985793828e-01,-2.388109240278641354e-01,-3.135055757722966844e-07,1.025290945894097305e-10,2.269781033825774286e-01,6.482321857327558546e-08,7.749915117711577706e-01,1.051839923209639149e+00,4.687050403257882210e-07,-1.096384528304072958e-10,3.575739630631770416e-02,4.161741223007057316e-02,-9.319939995940886570e-11
4.722222222222222654e-01,-5.001933203853393267e-02,-4.417377558927725471e-08,7.749915116988642660e-01,-2.387671582604070919e-01,-3.134481519372683272e-07,1.026013041888207411e-10,2.298993586915107634e-01,6.612494430962507225e-08,7.749915117708531254e-01,1.051589247755635892e+00,4.685933432162814915e-07,-1.096392646809940530e-10,3.574063739373769394e-02,4.160631062190151691e-02,-9.473308137726048878e-11
4.750000000000000333e-01,-5.068248297985186723e-02,-4.504434528521314940e-08,7.749915116991491493e-01,-2.387233996778084510e-01,-3.133907375216692246e-07,1.026273458576421049e-10,2.328199178598051589e-01,6.742635985647040605e-08,7.749915117705485912e-01,1.051338658729968456e+00,4.684816846224991153e-07,-1.096433135255869828e-10,3.572388803013275271e-02,4.159521355279535704e-02,-9.626529960028303304e-11
4.777777777777778012e-01,-5.134551238451685873e-02,-4.591475551628104959e-08,7.749915116994340325e-01,-2.386796482784632467e-01,-3.133333325233899471e-07,1.025966325784999356e-10,2.357397811274481725e-01,6.872746532075909176e-08,7.749915117702440570e-01,1.051088156088884951e+00,4.683700645249458352e-07,-1.096323101745788620e-10,3.570714820872585710e-02,4.158412102027139734e-02,-9.779605560834472595e-11
4.805555555555555691e-01,-5.200842027247905286e-02,-4.678500630863578420e-08,7.749915116997191378e-01,-2.386359040607668458e-01,-3.132759369403212766e-07,1.026057364073018618e-10,2.386589487343059035e-01,7.002826080938451680e-08,7.749915117699396339e-01,1.050837739788662573e+00,4.682584829041394169e-07,-1.096143592560494540e-10,3.569041792274581237e-02,4.157303302185073879e-02,-9.932535038054948007e-11
4.833333333333333370e-01,-5.267120666368412668e-02,-4.765509768842631910e-08,7.749915117000041320e-01,-2.385921670231152258e-01,-3.132185507703554776e-07,1.026078128713026061e-10,2.415774209201230482e-01,7.132874642918596435e-08,7.749915117696352107e-01,1.050587409785608273e+00,4.681469397406108081e-07,-1.096183421811502967e-10,3.567369716542737740e-02,4.156194955505612687e-02,-1.008531848953427722e-10
4.861111111111111049e-01,-5.333387157807330248e-02,-4.852502968179577696e-08,7.749915117002891263e-01,-2.385484371639048085e-01,-3.131611740113851850e-07,1.026352388494577994e-10,2.444951979245229556e-01,7.262892228694866631e-08,7.749915117693307876e-01,1.050337166036058312e+00,4.680354350149040856e-07,-1.095841577203326977e-10,3.565698593001109806e-02,4.155087061741206955e-02,-1.023795601304223079e-10
4.888888888888889284e-01,-5.399641503558336858e-02,-4.939480231488142402e-08,7.749915117005741205e-01,-2.385047144815325149e-01,-3.131038066613029808e-07,1.025947365257406929e-10,2.474122799870077938e-01,7.392878848940385625e-08,7.749915117690264754e-01,1.050087008496378704e+00,4.679239687075765079e-07,-1.095264538786278052e-10,3.564028420974346689e-02,4.153979620644479565e-02,-1.039044770626784645e-10
4.916666666666666963e-01,-5.465883705614663773e-02,-5.026441561381467006e-08,7.749915117008592258e-01,-2.384609989743956271e-01,-3.130464487180020295e-07,1.025874055843312149e-10,2.503286673469586332e-01,7.522834514322876937e-08,7.749915117687221633e-01,1.049836937122964331e+00,4.678125407991984098e-07,-1.095123106781281663e-10,3.562359199787678427e-02,4.152872631968224787e-02,-1.054279366682770089e-10
4.944444444444444642e-01,-5.532113765969098873e-02,-5.113386960472108167e-08,7.749915117011444421e-01,-2.384172906408919823e-01,-3.129891001793786188e-07,1.026140283855170310e-10,2.532443602436353358e-01,7.652759235504668221e-08,7.749915117684178512e-01,1.049586951872240048e+00,4.677011512703532022e-07,-1.095531738243282760e-10,3.560690928766922780e-02,4.151766095465413142e-02,-1.069499399228840911e-10
4.972222222222222321e-01,-5.598331686613983865e-02,-5.200316431372037562e-08,7.749915117014296584e-01,-2.383735894794198895e-01,-3.129317610433258602e-07,1.026786190794215514e-10,2.561593589161769158e-01,7.782653023142700533e-08,7.749915117681136500e-01,1.049337052700659578e+00,4.675898001016372660e-07,-1.095768233094762678e-10,3.559023607238480380e-02,4.150660010889178214e-02,-1.084704878010938350e-10
5.000000000000000000e-01,-5.664537469541216369e-02,-5.287229976692640562e-08,7.749915117017147637e-01,-2.383298954883781851e-01,-3.128744313077395119e-07,1.026667483666754421e-10,2.590736636036014007e-01,7.912515887888524358e-08,7.749915117678095600e-01,1.049087239564706397e+00,4.674784872736602701e-07,-1.095286587121657718e-10,3.557357234529338191e-02,4.149554377992835386e-02,-1.099895812769378817e-10
5.027777777777777679e-01,-5.730731116742249220e-02,-5.374127599044720865e-08,7.749915117019999800e-01,-2.382862086661660384e-01,-3.128171109705170266e-07,1.026751704491513095e-10,2.619872745448060813e-01,8.042347840388307551e-08,7.749915117675054699e-01,1.048837512420892848e+00,4.673672127670448006e-07,-1.095358907743371191e-10,3.555691809967065353e-02,4.148449196529863103e-02,-1.115072213238456847e-10
5.055555555555555358e-01,-5.796912630208090472e-02,-5.461009301038497185e-08,7.749915117022853073e-01,-2.382425290111832017e-01,-3.127598000295525744e-07,1.027038020601223067e-10,2.649001919785675119e-01,8.172148891282837985e-08,7.749915117672013798e-01,1.048587871225761026e+00,4.672559765624266783e-07,-1.095013454910365169e-10,3.554027332879814566e-02,4.147344466253916062e-02,-1.130234089141316581e-10
5.083333333333333037e-01,-5.863082011929303394e-02,-5.547875085283602595e-08,7.749915117025705236e-01,-2.381988565218298437e-01,-3.127024984827457254e-07,1.027376950873959416e-10,2.678124161435415096e-01,8.301919051207528843e-08,7.749915117668974007e-01,1.048338315935881893e+00,4.671447786404544829e-07,-1.094523673084157878e-10,3.552363802596320008e-02,4.146240186918823123e-02,-1.145381450198455183e-10
5.111111111111111827e-01,-5.929239263896007861e-02,-5.634724954389087170e-08,7.749915117028558509e-01,-2.381551911965066326e-01,-3.126452063279938791e-07,1.027270837838933915e-10,2.707239472782633216e-01,8.431658330792418620e-08,7.749915117665934217e-01,1.048088846507856164e+00,4.670336189817900284e-07,-1.094456070910299061e-10,3.550701218445900809e-02,4.145136358278577599e-02,-1.160514306120476735e-10
5.138888888888889506e-01,-5.995384388097878964e-02,-5.721558910963417325e-08,7.749915117031411782e-01,-2.381115330336146807e-01,-3.125879235631959172e-07,1.027445125506565304e-10,2.736347856211477358e-01,8.561366740662177739e-08,7.749915117662894426e-01,1.047839462898312979e+00,4.669224975671080466e-07,-1.094082758418268853e-10,3.549039579758450635e-02,4.144032980087345580e-02,-1.175632666611467138e-10
5.166666666666667185e-01,-6.061517386524147705e-02,-5.808376957614476479e-08,7.749915117034266165e-01,-2.380678820315556277e-01,-3.125306501862504042e-07,1.026984695201571540e-10,2.765449314104891920e-01,8.691044291436111201e-08,7.749915117659855746e-01,1.047590165063911449e+00,4.668114143770963979e-07,-1.094249101052380269e-10,3.547378885864450188e-02,4.142930052099468019e-02,-1.190736541367538269e-10
5.194444444444444864e-01,-6.127638261163601691e-02,-5.895179096949563071e-08,7.749915117037120549e-01,-2.380242381887314740e-01,-3.124733861950579687e-07,1.027623749982886636e-10,2.794543848844616707e-01,8.820690993728161227e-08,7.749915117656817065e-01,1.047340952961339555e+00,4.667003693924557013e-07,-1.094213990249226498e-10,3.545719136094960949e-02,4.141827574069453788e-02,-1.205825940078747046e-10
5.222222222222222543e-01,-6.193747014004585133e-02,-5.981965331575393862e-08,7.749915117039974932e-01,-2.379806015035448030e-01,-3.124161315875191337e-07,1.027653778046255795e-10,2.823631462811189707e-01,8.950306858146915202e-08,7.749915117653779495e-01,1.047091826547314364e+00,4.665893625938998637e-07,-1.093736247403942485e-10,3.544060329781615476e-02,4.140725545751983150e-02,-1.220900872427275626e-10
5.250000000000000222e-01,-6.259843647034997460e-02,-6.068735664098101297e-08,7.749915117042829316e-01,-2.379369719743986145e-01,-3.123588863615353222e-07,1.027876672665684055e-10,2.852712158383947649e-01,9.079891895295601705e-08,7.749915117650741925e-01,1.046842785778582252e+00,4.664783939621556033e-07,-1.093419538938933400e-10,3.542402466256636129e-02,4.139623966901905677e-02,-1.235961348088457110e-10
5.277777777777777901e-01,-6.325928162242294706e-02,-6.155490097123237469e-08,7.749915117045683699e-01,-2.378933495996964353e-01,-3.123016505150062101e-07,1.027345084003705722e-10,2.881785937941025444e-01,9.209446115772099772e-08,7.749915117647705465e-01,1.046593830611918241e+00,4.663674634779625555e-07,-1.093016371855881630e-10,3.540745544852812177e-02,4.138522837274241639e-02,-1.251007376728062393e-10
5.305555555555555580e-01,-6.392000561613490894e-02,-6.242228633255768828e-08,7.749915117048539193e-01,-2.378497343778420980e-01,-3.122444240458357084e-07,1.027992847096870221e-10,2.910852803859358962e-01,9.338969530168941545e-08,7.749915117644669005e-01,1.046344961004126661e+00,4.662565711220734847e-07,-1.093020361719876377e-10,3.539089564903518531e-02,4.137422156624182001e-02,-1.266038968008024249e-10
5.333333333333333259e-01,-6.458060847135153881e-02,-6.328951275100078164e-08,7.749915117051394686e-01,-2.378061263072401565e-01,-3.121872069519261931e-07,1.028029640581795690e-10,2.939912758514683366e-01,9.468462149073314914e-08,7.749915117641632545e-01,1.046096176912041376e+00,4.661457168752539139e-07,-1.092788082246443082e-10,3.537434525742705338e-02,4.136321924707087039e-02,-1.281056131581209556e-10
5.361111111111110938e-01,-6.524109020793411595e-02,-6.415658025259969903e-08,7.749915117054251290e-01,-2.377625253862954424e-01,-3.121299992311813105e-07,1.028409891967729806e-10,2.968965804281536447e-01,9.597923983067067495e-08,7.749915117638596085e-01,1.045847478292524668e+00,4.660349007182823362e-07,-1.092417840214965352e-10,3.535780426704897977e-02,4.135222141278488417e-02,-1.296058877093768482e-10
5.388888888888888618e-01,-6.590145084573947876e-02,-6.502348886338663489e-08,7.749915117057106784e-01,-2.377189316134133146e-01,-3.120728008815058717e-07,1.027970607941908199e-10,2.998011943533258616e-01,9.727355042726711917e-08,7.749915117635561845e-01,1.045598865102467911e+00,4.659241226319503207e-07,-1.092932896962217626e-10,3.534127267125198452e-02,4.134122806094087110e-02,-1.311047214185068317e-10
5.416666666666667407e-01,-6.656169040462002473e-02,-6.589023860938798679e-08,7.749915117059963388e-01,-2.376753449869996038e-01,-3.120156119008055348e-07,1.028257236301843847e-10,3.027051178641991802e-01,9.856755338623425827e-08,7.749915117632526496e-01,1.045350337298791565e+00,4.658133825970620891e-07,-1.092594278939706953e-10,3.532475046339282609e-02,4.133023918909752015e-02,-1.326021152487726555e-10
5.444444444444445086e-01,-6.722180890442375212e-02,-6.675682951662430246e-08,7.749915117062819991e-01,-2.376317655054605571e-01,-3.119584322869838933e-07,1.028846435130459369e-10,3.056083511978683886e-01,9.986124881323057181e-08,7.749915117629492256e-01,1.045101894838444956e+00,4.657026805944349922e-07,-1.092706602284776451e-10,3.530823763683402922e-02,4.131925479481524111e-02,-1.340980701624533786e-10
5.472222222222222765e-01,-6.788180636499420439e-02,-6.762326161111033275e-08,7.749915117065677705e-01,-2.375881931672030323e-01,-3.119012620379464993e-07,1.028818610165904701e-10,3.085108945913086487e-01,1.011546368138613086e-07,7.749915117626458017e-01,1.044853537678406497e+00,4.655920166048991390e-07,-1.092392079571347097e-10,3.529173418494384318e-02,4.130827487565610912e-02,-1.355925871212357986e-10
5.500000000000000444e-01,-6.854168280617051190e-02,-6.848953491885501841e-08,7.749915117068534309e-01,-2.375446279706342756e-01,-3.118441011516019756e-07,1.028258381219337991e-10,3.114127482813756620e-01,1.024477174936784603e-07,7.749915117623424887e-01,1.044605265775683245e+00,4.654813906092975561e-07,-1.091528152585841127e-10,3.527524010109626962e-02,4.129729942918390628e-02,-1.370856670863236395e-10
5.527777777777778123e-01,-6.920143824778739183e-02,-6.935564946586146359e-08,7.749915117071392023e-01,-2.375010699141618387e-01,-3.117869496258558743e-07,1.029057984658354741e-10,3.143139125048057814e-01,1.037404909581808540e-07,7.749915117620392868e-01,1.044357079087311346e+00,4.653708025884861341e-07,-1.092171943162245640e-10,3.525875537867101395e-02,4.128632845296412168e-02,-1.385773110178585256e-10
5.555555555555555802e-01,-6.986107270967510663e-02,-7.022160527812697555e-08,7.749915117074250848e-01,-2.374575189961940225e-01,-3.117298074586167125e-07,1.029308825672980987e-10,3.172143874982161216e-01,1.050329573128141654e-07,7.749915117617359739e-01,1.044108977570355590e+00,4.652602525233336810e-07,-1.091786071272249359e-10,3.524228001105351310e-02,4.127536194456386809e-02,-1.400675198754857728e-10
5.583333333333333481e-01,-7.052058621165954722e-02,-7.108740238164305145e-08,7.749915117077109672e-01,-2.374139752151394334e-01,-3.116726746477930067e-07,1.029214491410357368e-10,3.201141734981045595e-01,1.063251166629709323e-07,7.749915117614327720e-01,1.043860961181909852e+00,4.651497403947217103e-07,-1.091646599504780824e-10,3.522581399163494942e-02,4.126439990155204851e-02,-1.415562946180665296e-10
5.611111111111111160e-01,-7.117997877356155301e-02,-7.195304080241046611e-08,7.749915117094573480e-01,-2.373704385691970953e-01,-3.116155511996350133e-07,6.282096128018554992e-10,3.230132707408497894e-01,1.076169691139906468e-07,7.749915117611296811e-01,1.043613029879096876e+00,4.650392661835446527e-07,-1.091282012671834778e-10,3.520935731380770567e-02,4.125344232151807039e-02,-1.430436369544732235e-10
5.638888888888888840e-01,-7.183925041519868826e-02,-7.281852056644303070e-08,7.749915117113146401e-01,-2.373269090571812900e-01,-3.115584371160361684e-07,6.669200556391752244e-10,3.259116794627115454e-01,1.089085147711597294e-07,7.749915117608265902e-01,1.043365183619067604e+00,4.649288298707097503e-07,-1.091358791532881511e-10,3.519290997098296903e-02,4.124248920199774515e-02,-1.445295482006707999e-10
5.666666666666666519e-01,-7.249840115638361837e-02,-7.368384169974841540e-08,7.749915117131767062e-01,-2.372833866773216560e-01,-3.115013323946747548e-07,6.700923357860766316e-10,3.288093998998306011e-01,1.101997537397115946e-07,7.749915117605234993e-01,1.043117422359002067e+00,4.648184314371371095e-07,-1.091130848868138159e-10,3.517647195656518205e-02,4.123154054058117413e-02,-1.460140292925016251e-10
5.694444444444444198e-01,-7.315743101692454009e-02,-7.454900422832845384e-08,7.749915117150389943e-01,-2.372398714280155863e-01,-3.114442370334467955e-07,6.704538937918336217e-10,3.317064322882288252e-01,1.114906861248267042e-07,7.749915117602205195e-01,1.042869746056109381e+00,4.647080708637595951e-07,-1.090588314101026413e-10,3.516004326396802993e-02,4.122059633484516372e-02,-1.474970811846346965e-10
5.722222222222222987e-01,-7.381634001662523703e-02,-7.541400817817914301e-08,7.749915117169016154e-01,-2.371963633076730749e-01,-3.113871510302644602e-07,6.705607787788059326e-10,3.346027768638091815e-01,1.127813120316325540e-07,7.749915117599175396e-01,1.042622154667627088e+00,4.645977481315228304e-07,-1.090503538164755426e-10,3.514362388661114445e-02,4.120965658236704771e-02,-1.489787048324305344e-10
5.750000000000000666e-01,-7.447512817528506579e-02,-7.627885357529072276e-08,7.749915117187643476e-01,-2.371528623147054760e-01,-3.113300743830445773e-07,6.706063187394972758e-10,3.374984338623560620e-01,1.140716315652037664e-07,7.749915117596145597e-01,1.042374648150821148e+00,4.644874632213851972e-07,-1.090092738298409358e-10,3.512721381791986813e-02,4.119872128072576967e-02,-1.504589011908989345e-10
5.777777777777778345e-01,-7.513379551269896983e-02,-7.714354044564762282e-08,7.749915117206274129e-01,-2.371093684475246155e-01,-3.112730070897028634e-07,6.707249373960610939e-10,3.403934035195351759e-01,1.153616448305620640e-07,7.749915117593116909e-01,1.042127226462986389e+00,4.643772161143179943e-07,-1.090167314060641601e-10,3.511081305132519870e-02,4.118779042750196628e-02,-1.519376712141761897e-10
5.805555555555556024e-01,-7.579234204865752111e-02,-7.800806881522851572e-08,7.749915117224907002e-01,-2.370658817045430133e-01,-3.112159491481545585e-07,6.707858296595148317e-10,3.432876860708935496e-01,1.166513519326763753e-07,7.749915117590089331e-01,1.041879889561446504e+00,4.642670067913051204e-07,-1.089905821843872857e-10,3.509442158026384456e-02,4.117686402027791182e-02,-1.534150158556044996e-10
5.833333333333333703e-01,-7.645076780294683683e-02,-7.887243871000625067e-08,7.749915117243540985e-01,-2.370224020841734114e-01,-3.111589005563178676e-07,6.708081781020558410e-10,3.461812817518599150e-01,1.179407529764627951e-07,7.749915117587060642e-01,1.041632637403553385e+00,4.641568352333432854e-07,-1.090067064390964902e-10,3.507803939817811384e-02,4.116594205663759443e-02,-1.548909360680132118e-10
5.861111111111111382e-01,-7.710907279534864878e-02,-7.973665015594791968e-08,7.749915117262178299e-01,-2.369789295848291066e-01,-3.111018613121103601e-07,6.709916823555150955e-10,3.490741907977444325e-01,1.192298480667846774e-07,7.749915117584033064e-01,1.041385469946688014e+00,4.640467014214420106e-07,-1.090001925524441972e-10,3.506166649851605310e-02,4.115502453416665374e-02,-1.563654328034111108e-10
5.888888888888889062e-01,-7.776725704564027564e-02,-8.060070317901481788e-08,7.749915117280817833e-01,-2.369354642049239512e-01,-3.110448314134498173e-07,6.710507774454477214e-10,3.519664134437389680e-01,1.205186373084526615e-07,7.749915117581006596e-01,1.041138387148259348e+00,4.639366053366234170e-07,-1.089543715665497459e-10,3.504530287473129474e-02,4.114411145045240165e-02,-1.578385070130790620e-10
5.916666666666666741e-01,-7.842532057359463682e-02,-8.146459780516245677e-08,7.749915117299459588e-01,-2.368920059428721303e-01,-3.109878108582559262e-07,6.711592722558057389e-10,3.548579499249172597e-01,1.218071208062247117e-07,7.749915117577980128e-01,1.040891388965704989e+00,4.638265469599223840e-07,-1.089539725801502712e-10,3.502894852028314021e-02,4.113320280308380150e-02,-1.593101596476891260e-10
5.944444444444444420e-01,-7.908326339898023860e-02,-8.232833406034059066e-08,7.749915117318103563e-01,-2.368485547970884120e-01,-3.109307996444480033e-07,6.712334525010854591e-10,3.577488004762347518e-01,1.230952986648060646e-07,7.749915117574953660e-01,1.040644475356491627e+00,4.637165262723864434e-07,-1.089210804883222750e-10,3.501260342863655312e-02,4.112229858965153750e-02,-1.607803916571358135e-10
5.972222222222222099e-01,-7.974108554156118800e-02,-8.319191197049316374e-08,7.749915117336750869e-01,-2.368051107659878696e-01,-3.108737977699452593e-07,6.713600907842787180e-10,3.606389653325288158e-01,1.243831709888494145e-07,7.749915117571928302e-01,1.040397646278113930e+00,4.636065432550759915e-07,-1.089383201702265325e-10,3.499626759326211062e-02,4.111139880774792449e-02,-1.622492039905162334e-10
5.999999999999999778e-01,-8.039878702109722053e-02,-8.405533156155837626e-08,7.749915117355399286e-01,-2.367616738479862981e-01,-3.108168052326695518e-07,6.713539307812155243e-10,3.635284447285188070e-01,1.256707378829548334e-07,7.749915117568902945e-01,1.040150901688094986e+00,4.634965978890639712e-07,-1.089205912963020495e-10,3.497994100763602426e-02,4.110050345496692875e-02,-1.637165975964212596e-10
6.027777777777777457e-01,-8.105636785734361693e-02,-8.491859285946863159e-08,7.749915117374049922e-01,-2.367182440414996314e-01,-3.107598220305409385e-07,6.714941137853092101e-10,3.664172388988062301e-01,1.269579994516698775e-07,7.749915117565878697e-01,1.039904241543986751e+00,4.633866901554360839e-07,-1.088730425258255252e-10,3.496362366524010529e-02,4.108961252890423743e-02,-1.651825734225219415e-10
6.055555555555556246e-01,-8.171382807005128646e-02,-8.578169589015056270e-08,7.749915117392703889e-01,-2.366748213449445803e-01,-3.107028481614832885e-07,6.715188682893113992e-10,3.693053480778746844e-01,1.282449557994895340e-07,7.749915117562854450e-01,1.039657665803369158e+00,4.632768200352905776e-07,-1.088640132901330659e-10,3.494731555956184788e-02,4.107872602715713362e-02,-1.666471324160625033e-10
6.083333333333333925e-01,-8.237116767896675296e-02,-8.664464067952504537e-08,7.749915117411360077e-01,-2.366314057567380780e-01,-3.106458836234191479e-07,6.716134037798582312e-10,3.721927725000899190e-01,1.295316070308563534e-07,7.749915117559831312e-01,1.039411174423850559e+00,4.631669875097384058e-07,-1.088293708623178091e-10,3.493101668409427651e-02,4.106784394732460042e-02,-1.681102755234202837e-10
6.111111111111111605e-01,-8.302838670383212716e-02,-8.750742725350717173e-08,7.749915117430017375e-01,-2.365879972752976679e-01,-3.105889284142702682e-07,6.717397350169962422e-10,3.750795123997001101e-01,1.308179532501604496e-07,7.749915117556807065e-01,1.039164767363067954e+00,4.630571925599032275e-07,-1.088355811723618061e-10,3.491472703233607783e-02,4.105696628700728629e-02,-1.695720036901322060e-10
6.138888888888889284e-01,-8.368548516438513440e-02,-8.837005563800626350e-08,7.749915117448679114e-01,-2.365445958990413933e-01,-3.105319825319603600e-07,6.718326537452634639e-10,3.779655680108357507e-01,1.321039945617394733e-07,7.749915117553785038e-01,1.038918444578686540e+00,4.629474351669212485e-07,-1.088170716728731335e-10,3.489844659779152425e-02,4.104609304380746337e-02,-1.710323178611561671e-10
6.166666666666666963e-01,-8.434246308035910078e-02,-8.923252585892589848e-08,7.749915117467340853e-01,-2.365012016263876027e-01,-3.104750459744155689e-07,6.718785302423091466e-10,3.808509395675098164e-01,1.333897310698787712e-07,7.749915117550761900e-01,1.038672206028399936e+00,4.628377153119413268e-07,-1.088396213433373561e-10,3.488217537397048790e-02,4.103522421532911080e-02,-1.724912189809206684e-10
6.194444444444444642e-01,-8.499932047148295311e-02,-9.009483794216387078e-08,7.749915117486005922e-01,-2.364578144557551997e-01,-3.104181187395596585e-07,6.719598627524803192e-10,3.837356273036178211e-01,1.346751628788113324e-07,7.749915117547739873e-01,1.038426051669929739e+00,4.627280329761248676e-07,-1.087542157024445899e-10,3.486591335438839895e-02,4.102435979917781750e-02,-1.739487079928781380e-10
6.222222222222222321e-01,-8.565605735748124672e-02,-9.095699191361221736e-08,7.749915117504673212e-01,-2.364144343855635599e-01,-3.103612008253184568e-07,6.720616320399219745e-10,3.866196314529378730e-01,1.359602900927178156e-07,7.749915117544718957e-01,1.038179981461026413e+00,4.626183881406460340e-07,-1.087720694764593432e-10,3.484966053256633584e-02,4.101349979296086551e-02,-1.754047858398986690e-10
6.250000000000000000e-01,-8.631267375807412379e-02,-9.181898779915721802e-08,7.749915117523343833e-01,-2.363710614142325306e-01,-3.103042922296177918e-07,6.720823116784790940e-10,3.895029522491308405e-01,1.372451128157266278e-07,7.749915117541698040e-01,1.037933995359467954e+00,4.625087807866914833e-07,-1.087134722521643226e-10,3.483341690203087954e-02,4.100264419428714668e-02,-1.768594534641112004e-10
6.277777777777777679e-01,-8.696916969297735500e-02,-9.268082562467938211e-08,7.749915117542015564e-01,-2.363276955401823198e-01,-3.102473929503856621e-07,6.722066011460858803e-10,3.923855899257403523e-01,1.385296311519139514e-07,7.749915117538678233e-01,1.037688093323061223e+00,4.623992108954604192e-07,-1.087461943410916732e-10,3.481718245631424541e-02,4.099179300076726679e-02,-1.783127118070821888e-10
6.305555555555555358e-01,-8.762554518190232566e-02,-9.354250541605347507e-08,7.749915117560690625e-01,-2.362843367618337187e-01,-3.101905029855489017e-07,6.723505398265050559e-10,3.952675447161927980e-01,1.398138452053037439e-07,7.749915117535657316e-01,1.037442275309641060e+00,4.622896784481646450e-07,-1.086989144527539253e-10,3.480095718895417217e-02,4.098094621001342752e-02,-1.797645618095211314e-10
6.333333333333333037e-01,-8.828180024455602182e-02,-9.440402719914849190e-08,7.749915117579367907e-01,-2.362409850776080178e-01,-3.101336223330357209e-07,6.723830988514256646e-10,3.981488168537975492e-01,1.410977550798678436e-07,7.749915117532638620e-01,1.037196541277070283e+00,4.621801834260285108e-07,-1.086712265313538595e-10,3.478474109349399823e-02,4.097010381963948900e-02,-1.812150044115055594e-10
6.361111111111111827e-01,-8.893793490064105800e-02,-9.526539099982769691e-08,7.749915117598046299e-01,-2.361976404859267853e-01,-3.100767509907744360e-07,6.724492612047994200e-10,4.010294065717470713e-01,1.423813608795259436e-07,7.749915117529618813e-01,1.036950891183240131e+00,4.620707258102889133e-07,-1.087162703611310732e-10,3.476853416348257148e-02,4.095926582726099052e-02,-1.826640405523652328e-10
6.388888888888889506e-01,-8.959394916985566337e-02,-9.612659684394857077e-08,7.749915117616728022e-01,-2.361543029852122000e-01,-3.100198889566944219e-07,6.725891180808796221e-10,4.039093141031169232e-01,1.436646627081455913e-07,7.749915117526600117e-01,1.036705324986069598e+00,4.619613055821953489e-07,-1.086422601187519987e-10,3.475233639247430478e-02,4.094843223049507430e-02,-1.841116711707780935e-10
6.416666666666667185e-01,-9.024984307189366783e-02,-9.698764475736287666e-08,7.749915117635411965e-01,-2.361109725738869125e-01,-3.099630362287266419e-07,6.726712641763610279e-10,4.067885396808657017e-01,1.449476606695423741e-07,7.749915117523581420e-01,1.036459842643506324e+00,4.618519227230097547e-07,-1.086863689325756610e-10,3.473614777402918991e-02,4.093760302696054787e-02,-1.855578972048132779e-10
6.444444444444444864e-01,-9.090561662644454366e-02,-9.784853476591660735e-08,7.749915117654098129e-01,-2.360676492503739621e-01,-3.099061928048002063e-07,6.727604012074506201e-10,4.096670835378353193e-01,1.462303548674797603e-07,7.749915117520563834e-01,1.036214444113525701e+00,4.617425772140065617e-07,-1.086011679890530601e-10,3.471996830171270032e-02,4.092677821427788409e-02,-1.870027195916234070e-10
6.472222222222222543e-01,-9.156126985319337774e-02,-9.870926689545001169e-08,7.749915117672786513e-01,-2.360243330130968598e-01,-3.098493586828469782e-07,6.728516285803287644e-10,4.125449459067509483e-01,1.475127454056692845e-07,7.749915117517547358e-01,1.035969129354131324e+00,4.616332690364728531e-07,-1.085853594540164835e-10,3.470379796909589531e-02,4.091595779006915873e-02,-1.884461392678581753e-10
6.500000000000000222e-01,-9.221680277182085772e-02,-9.956984117179759455e-08,7.749915117691478228e-01,-2.359810238604796440e-01,-3.097925338607978680e-07,6.728741036576835199e-10,4.154221270202212990e-01,1.487948323877704948e-07,7.749915117514529772e-01,1.035723898323354764e+00,4.615239981717080475e-07,-1.086285714158030657e-10,3.468763676975532978e-02,4.090514175195811286e-02,-1.898881571693268623e-10
6.527777777777777901e-01,-9.287221540200332748e-02,-1.004302576207881169e-07,7.749915117710171053e-01,-2.359377217909466862e-01,-3.097357183365857447e-07,6.729937267191399286e-10,4.182986271107384524e-01,1.500766159173910582e-07,7.749915117511513296e-01,1.035478750979255569e+00,4.614147646010241626e-07,-1.086241339931515171e-10,3.467148469727308197e-02,4.089433009757012516e-02,-1.913287742312696470e-10
6.555555555555555580e-01,-9.352750776341273165e-02,-1.012905162682445957e-07,7.749915117728866099e-01,-2.358944268029229963e-01,-3.096789121081427891e-07,6.730061959114852499e-10,4.211744464106780828e-01,1.513580960980867349e-07,7.749915117508497930e-01,1.035233687279921266e+00,4.613055683057455515e-07,-1.085627907015940252e-10,3.465534174523672573e-02,4.088352282453221187e-02,-1.927679913881160714e-10
6.583333333333333259e-01,-9.418267987571664335e-02,-1.021506171399843041e-07,7.749915117747564475e-01,-2.358511388948338616e-01,-3.096221151734029819e-07,6.731361995582219038e-10,4.240495851522995130e-01,1.526392730333614039e-07,7.749915117505482565e-01,1.034988707183467360e+00,4.611964092672092725e-07,-1.085914344556293543e-10,3.463920790723940685e-02,4.087271993047299212e-02,-1.942058095737100338e-10
6.611111111111110938e-01,-9.483773175857827809e-02,-1.030105602618187844e-07,7.749915117766265071e-01,-2.358078580651051803e-01,-3.095653275303007804e-07,6.731994163511334506e-10,4.269240435677457701e-01,1.539201468266671962e-07,7.749915117502467199e-01,1.034743810648037554e+00,4.610872874667645600e-07,-1.085431501623990158e-10,3.462308317687971815e-02,4.086192141302277814e-02,-1.956422297211972919e-10
6.638888888888888618e-01,-9.549266343165646598e-02,-1.038703456595538350e-07,7.749915117784967888e-01,-2.357645843121632390e-01,-3.095085491767717535e-07,6.733486719590064951e-10,4.297978218890435853e-01,1.552007175814043881e-07,7.749915117499452943e-01,1.034498997631803086e+00,4.609782028857733012e-07,-1.084910009052642010e-10,3.460696754776176887e-02,4.085112726981349196e-02,-1.970772527630618590e-10
6.666666666666667407e-01,-9.614747491460566564e-02,-1.047299733589895369e-07,7.749915117803672926e-01,-2.357213176344348238e-01,-3.094517801107501467e-07,6.734450861550778100e-10,4.326709203481036714e-01,1.564809854009215607e-07,7.749915117496438688e-01,1.034254268092963391e+00,4.608691555056096650e-07,-1.084772705689518446e-10,3.459086101349515691e-02,4.084033749847866546e-02,-1.985108796309340978e-10
6.694444444444445086e-01,-9.680216622707597807e-02,-1.055894433859202006e-07,7.749915117822380184e-01,-2.356780580303471651e-01,-3.093950203301722701e-07,6.735136389574014615e-10,4.355433391767206674e-01,1.577609503885155730e-07,7.749915117493424432e-01,1.034009621989745664e+00,4.607601453076603670e-07,-1.084509704263325602e-10,3.457476356769498271e-02,4.082955209665349583e-02,-1.999431112558818884e-10
6.722222222222222765e-01,-9.745673738871313274e-02,-1.064487557661344456e-07,7.749915117841089662e-01,-2.356348054983279094e-01,-3.093382698329752278e-07,6.736072116764191264e-10,4.384150786065732497e-01,1.590406126474315886e-07,7.749915117490411287e-01,1.033765059280404852e+00,4.606511722733244579e-07,-1.084586431082668057e-10,3.455867520398180764e-02,4.081877106197477623e-02,-2.013739485683047490e-10
6.750000000000000444e-01,-9.811118841915848765e-02,-1.073079105254151210e-07,7.749915117859801361e-01,-2.355915600368052032e-01,-3.092815286170944301e-07,6.737256533911883949e-10,4.412861388692241316e-01,1.603199722808631286e-07,7.749915117487399252e-01,1.033520579923223881e+00,4.605422363840133762e-07,-1.084046082067136041e-10,3.454259591598167478e-02,4.080799439208096513e-02,-2.028033924976956078e-10
6.777777777777778123e-01,-9.876551933804904315e-02,-1.081669076895393850e-07,7.749915117878515280e-01,-2.355483216442077754e-01,-3.092247966804698928e-07,6.737190284822336395e-10,4.441565201961201748e-01,1.615990293919521243e-07,7.749915117484386107e-01,1.033276183876513432e+00,4.604333376211510540e-07,-1.084406418827565943e-10,3.452652569732612281e-02,4.079722208461210309e-02,-2.042314439732297554e-10
6.805555555555555802e-01,-9.941973016501741423e-02,-1.090257472842786518e-07,7.749915117897232530e-01,-2.355050903189645217e-01,-3.091680740210394082e-07,6.738521511617800996e-10,4.470262228185926667e-01,1.628777840837889442e-07,7.749915117481375182e-01,1.033031871098611942e+00,4.603244759661735996e-07,-1.084077255047999344e-10,3.451046454165208888e-02,4.078645413720990986e-02,-2.056581039231295707e-10
6.833333333333333481e-01,-1.000738209196918860e-01,-1.098844293353986047e-07,7.749915117915950891e-01,-2.354618660595051149e-01,-3.091113606367411924e-07,6.738856694887829235e-10,4.498952469678569877e-01,1.641562364594123933e-07,7.749915117478363147e-01,1.032787641547885826e+00,4.602156514005297739e-07,-1.084547261026580500e-10,3.449441244260207512e-02,4.077569054751768729e-02,-2.070833732749226007e-10
6.861111111111111160e-01,-1.007277916216963443e-01,-1.107429538686592098e-07,7.749915117934672582e-01,-2.354186488642594222e-01,-3.090546565255147847e-07,6.740195120785719141e-10,4.527635928750131655e-01,1.654343866218097402e-07,7.749915117475352222e-01,1.032543495182728810e+00,4.601068639056805139e-07,-1.083571322946230708e-10,3.447836939382393356e-02,4.076493131318037477e-02,-2.085072529554978089e-10
6.888888888888888840e-01,-1.013816422906503451e-01,-1.116013209098147156e-07,7.749915117953396493e-01,-2.353754387316579766e-01,-3.089979616853004658e-07,6.740912307512392232e-10,4.556312607710455431e-01,1.667122346739168491e-07,7.749915117472342407e-01,1.032299431961562597e+00,4.599981134630991442e-07,-1.084211435908866150e-10,3.446233538897100490e-02,4.075417643184453542e-02,-2.099297438910956494e-10
6.916666666666666519e-01,-1.020353729461690867e-01,-1.124595304846136400e-07,7.749915117972122625e-01,-2.353322356601316723e-01,-3.089412761140393102e-07,6.741665004028618569e-10,4.584982508868231110e-01,1.679897807186180740e-07,7.749915117469332593e-01,1.032055451842836868e+00,4.598894000542712717e-07,-1.083297271331495892e-10,3.444631042170211849e-02,4.074342590115836299e-02,-2.113508470072617444e-10
6.944444444444444198e-01,-1.026889836078633961e-01,-1.133175826187987699e-07,7.749915117990850977e-01,-2.352890396481118473e-01,-3.088845998096734514e-07,6.742565776540754285e-10,4.613645634530993966e-01,1.692670248587464441e-07,7.749915117466322778e-01,1.031811554785028395e+00,4.597807236606948910e-07,-1.083022144188205971e-10,3.443029448568143969e-02,4.073267971877164023e-02,-2.127705632289163677e-10
6.972222222222222987e-01,-1.033424742953397285e-01,-1.141754773381072016e-07,7.749915118009581549e-01,-2.352458506940303673e-01,-3.088279327701442817e-07,6.743472898140812077e-10,4.642301987005127972e-01,1.705439671970835840e-07,7.749915117463314074e-01,1.031567740746641926e+00,4.596720842638803318e-07,-1.083488420511313777e-10,3.441428757457867804e-02,4.072193788233578748e-02,-2.141888934801658473e-10
7.000000000000000666e-01,-1.039958450282002095e-01,-1.150332146682703136e-07,7.749915118028314343e-01,-2.352026687963194584e-01,-3.087712749933934053e-07,6.744530871294340812e-10,4.670951568595863579e-01,1.718206078363597408e-07,7.749915117460305369e-01,1.031324009686209964e+00,4.595634818453502054e-07,-1.083206215696241870e-10,3.439828968206887216e-02,4.071120038950384878e-02,-2.156058386843952096e-10
7.027777777777778345e-01,-1.046490958260426068e-01,-1.158907946350137672e-07,7.749915118047050466e-01,-2.351594939534120132e-01,-3.087146264773658672e-07,6.744790108370590787e-10,4.699594381607281046e-01,1.730969468792539159e-07,7.749915117457296665e-01,1.031080361562292325e+00,4.594549163866394584e-07,-1.082751787534474985e-10,3.438230080183256321e-02,4.070046723793045718e-02,-2.170213997645593473e-10
7.055555555555556024e-01,-1.053022267084603308e-01,-1.167482172640574927e-07,7.749915118065787700e-01,-2.351163261637410906e-01,-3.086579872200044361e-07,6.746061018830795675e-10,4.728230428342309333e-01,1.743729844283938389e-07,7.749915117454289071e-01,1.030836796333476357e+00,4.593463878692952663e-07,-1.082838384930395748e-10,3.436632092755562834e-02,4.068973842527187634e-02,-2.184355776426834021e-10
7.083333333333333703e-01,-1.059552376950424341e-01,-1.176054825811157428e-07,7.749915118084528265e-01,-2.350731654257404435e-01,-3.086013572192532042e-07,6.746549083280761749e-10,4.756859711102728872e-01,1.756487205863559936e-07,7.749915117451282587e-01,1.030593313958377166e+00,4.592378962748771394e-07,-1.082555121934003495e-10,3.435035005292941257e-02,4.067901394918599367e-02,-2.198483732401605493e-10
7.111111111111111382e-01,-1.066081288053736531e-01,-1.184625906118970263e-07,7.749915118103269940e-01,-2.350300117378441023e-01,-3.085447364730576933e-07,6.747717540972475447e-10,4.785482232189169349e-01,1.769241554556656717e-07,7.749915117448274993e-01,1.030349914395637390e+00,4.591294415849568171e-07,-1.082738690372231360e-10,3.433438817165062468e-02,4.066829380733226473e-02,-2.212597874777817773e-10
7.138888888888889062e-01,-1.072609000590343253e-01,-1.193195413821041742e-07,7.749915118122014945e-01,-2.349868650984867913e-01,-3.084881249793630542e-07,6.748345961898882805e-10,4.814097993901112482e-01,1.781992891387969984e-07,7.749915117445268509e-01,1.030106597603927199e+00,4.590210237811183210e-07,-1.082050803125067517e-10,3.431843527742142741e-02,4.065757799737182432e-02,-2.226698212755737592e-10
7.166666666666666741e-01,-1.079135514756004721e-01,-1.201763349174342735e-07,7.749915118140762171e-01,-2.349437255061034846e-01,-3.084315227361165555e-07,6.748984305443572751e-10,4.842706998536893126e-01,1.794741217381729595e-07,7.749915117442263135e-01,1.029863363541943855e+00,4.589126428449578485e-07,-1.081969826233208920e-10,3.430249136394929871e-02,4.064686651696731989e-02,-2.240784755530172290e-10
7.194444444444444420e-01,-1.085660830746437572e-01,-1.210329712435787731e-07,7.749915118159511618e-01,-2.349005929591296560e-01,-3.083749297412646188e-07,6.750009284156588407e-10,4.871309248393700386e-01,1.807486533561654542e-07,7.749915117439257761e-01,1.029620212168412596e+00,4.588042987580839321e-07,-1.082360121668068942e-10,3.428655642494718436e-02,4.063615936378308507e-02,-2.254857512287789751e-10
7.222222222222222099e-01,-1.092184948757315144e-01,-1.218894503862233384e-07,7.749915118178263285e-01,-2.348574674560012787e-01,-3.083183459927534540e-07,6.750803527300064388e-10,4.899904745767575953e-01,1.820228840950953211e-07,7.749915117436252388e-01,1.029377143442085973e+00,4.586959915021172803e-07,-1.082003289049060513e-10,3.427063045413335229e-02,4.062545653548504249e-02,-2.268916492207747057e-10
7.249999999999999778e-01,-1.098707868984267061e-01,-1.227457723710479966e-07,7.749915118197018282e-01,-2.348143489951547980e-01,-3.082617714885327119e-07,6.751183674602589946e-10,4.928493492953416322e-01,1.832968140572323656e-07,7.749915117433248124e-01,1.029134157321743848e+00,4.585877210586908306e-07,-1.082178773675890326e-10,3.425471344523148276e-02,4.061475802974069682e-02,-2.282961704464933040e-10
7.277777777777778567e-01,-1.105229591622879926e-01,-1.236019372237270841e-07,7.749915118215774390e-01,-2.347712375750270197e-01,-3.082052062265504551e-07,6.752433560214265995e-10,4.957075492244973902e-01,1.845704433447954119e-07,7.749915117430244971e-01,1.028891253766193392e+00,4.584794874094497497e-07,-1.081791583396052303e-10,3.423880539197060591e-02,4.060406384421916259e-02,-2.296993158225567677e-10
7.305555555555556246e-01,-1.111750116868696625e-01,-1.244579449699291930e-07,7.749915118234533828e-01,-2.347281331940553328e-01,-3.081486502047561757e-07,6.753461383873782253e-10,4.985650745934857575e-01,1.858437720599523036e-07,7.749915117427240707e-01,1.028648432734269313e+00,4.583712905360513803e-07,-1.081400385904984773e-10,3.422290628808510871e-02,4.059337397659117802e-02,-2.311010862649749811e-10
7.333333333333333925e-01,-1.118269444917216748e-01,-1.253137956353172512e-07,7.749915118253294377e-01,-2.346850358506775425e-01,-3.080921034210994717e-07,6.754164345867952335e-10,5.014219256314533801e-01,1.871168003048199829e-07,7.749915117424237554e-01,1.028405694184833630e+00,4.582631304201652942e-07,-1.081389370410912321e-10,3.420701612731477659e-02,4.058268842452904257e-02,-2.325014826890365269e-10
7.361111111111111605e-01,-1.124787575963896447e-01,-1.261694892455484425e-07,7.749915118272058256e-01,-2.346419455433318424e-01,-3.080355658735296763e-07,6.755584720102847385e-10,5.042781025674324402e-01,1.883895281814644640e-07,7.749915117421235511e-01,1.028163038076775671e+00,4.581550070434730273e-07,-1.080985908424869635e-10,3.419113490340471712e-02,4.057200718570667247e-02,-2.339005060092888338e-10
7.388888888888889284e-01,-1.131304510204148434e-01,-1.270250258262743127e-07,7.749915118290824356e-01,-2.345988622704569537e-01,-3.079790375599994579e-07,6.756261470425295457e-10,5.071336056303413775e-01,1.896619557919009658e-07,7.749915117418233468e-01,1.027920464369012077e+00,4.580469203876686096e-07,-1.080627757416019463e-10,3.417526261010540856e-02,4.056133025779959378e-02,-2.352981571398326533e-10
7.416666666666666963e-01,-1.137820247833342263e-01,-1.278804054031407166e-07,7.749915118309592676e-01,-2.345557860304920694e-01,-3.079225184784603203e-07,6.757112005345566885e-10,5.099884350489842788e-01,1.909340832380937792e-07,7.749915117415231425e-01,1.027677973020486579e+00,4.579388704344580352e-07,-1.080787456059217888e-10,3.415939924117261661e-02,4.055065763848490767e-02,-2.366944369939448646e-10
7.444444444444444642e-01,-1.144334789046803913e-01,-1.287356280017878179e-07,7.749915118328363217e-01,-2.345127168218767988e-01,-3.078660086268632908e-07,6.757864649820088943e-10,5.128425910520513220e-01,1.922059106219565055e-07,7.749915117412230492e-01,1.027435563990170664e+00,4.578308571655593685e-07,-1.080997687197271517e-10,3.414354479036756096e-02,4.053998932544132516e-02,-2.380893464841347238e-10
7.472222222222222321e-01,-1.150848134039816201e-01,-1.295906936478500629e-07,7.749915118347135978e-01,-2.344696546430511952e-01,-3.078095080031624142e-07,6.758856790217704358e-10,5.156960738681187761e-01,1.934774380453519505e-07,7.749915117409229559e-01,1.027193237237062462e+00,4.577228805627029558e-07,-1.080698603522778356e-10,3.412769925145665850e-02,4.052932531634913238e-02,-2.394828865224383392e-10
7.500000000000000000e-01,-1.157360283007618645e-01,-1.304456023669562335e-07,7.749915118365912070e-01,-2.344265994924558394e-01,-3.077530166053095648e-07,6.759125013161559892e-10,5.185488837256491124e-01,1.947486656100921775e-07,7.749915117406229736e-01,1.026950992720187861e+00,4.576149406076313196e-07,-1.080248807072692330e-10,3.411186261821175930e-02,4.051866560889024610e-02,-2.408750580199819207e-10
7.527777777777777679e-01,-1.163871236145407329e-01,-1.313003541847294467e-07,7.749915118384689272e-01,-2.343835513685316174e-01,-3.076965344312609052e-07,6.760359511776004027e-10,5.214010208529910040e-01,1.960195934179385866e-07,7.749915117403229914e-01,1.026708830398599392e+00,4.575070372820989997e-07,-1.080000863046270965e-10,3.409603488440996616e-02,4.050801020074810965e-02,-2.422658618875409536e-10
7.555555555555555358e-01,-1.170380993648335172e-01,-1.321549491267870760e-07,7.749915118403469805e-01,-2.343405102697200260e-01,-3.076400614789692095e-07,6.761597115545470160e-10,5.242524854783793264e-01,1.972902215706018881e-07,7.749915117400230091e-01,1.026466750231377345e+00,4.573991705678725530e-07,-1.080087737997947883e-10,3.408021604383375258e-02,4.049735908960783864e-02,-2.436552990348751453e-10
7.583333333333334147e-01,-1.176889555711511659e-01,-1.330093872187408565e-07,7.749915118422251448e-01,-2.342974761944630058e-01,-3.075835977463913815e-07,6.762176929520080648e-10,5.271032778299354904e-01,1.985605501697422089e-07,7.749915117397231379e-01,1.026224752177628652e+00,4.572913404467307657e-07,-1.079063192965801221e-10,3.406440609027086563e-02,4.048671227315604748e-02,-2.450433703713769352e-10
7.611111111111111827e-01,-1.183396922530003115e-01,-1.338636684861968854e-07,7.749915118441036421e-01,-2.342544491412028862e-01,-3.075271432314818894e-07,6.762399650667161310e-10,5.299533981356674417e-01,1.998305793169690654e-07,7.749915117394232666e-01,1.025982836196487336e+00,4.571835469004644940e-07,-1.080083592008840299e-10,3.404860501751433982e-02,4.047606974908098121e-02,-2.464300768055023939e-10
7.638888888888889506e-01,-1.189903094298832564e-01,-1.347177929547555160e-07,7.749915118459823615e-01,-2.342114291083824407e-01,-3.074706979321979016e-07,6.763572150264574034e-10,5.328028466234694394e-01,2.011003091138414432e-07,7.749915117391235064e-01,1.025741002247115174e+00,4.570757899108766114e-07,-1.079383249447118942e-10,3.403281281936260116e-02,4.046543151507249469e-02,-2.478154192452145928e-10
7.666666666666667185e-01,-1.196408071212979735e-01,-1.355717606500114633e-07,7.749915118478613030e-01,-2.341684160944449977e-01,-3.074142618464954217e-07,6.764455887792175659e-10,5.356516235211226107e-01,2.023697396618677444e-07,7.749915117388237462e-01,1.025499250288700148e+00,4.569680694597821677e-07,-1.079341772208808337e-10,3.401702948961924516e-02,4.045479756882196243e-02,-2.491993985976593484e-10
7.694444444444444864e-01,-1.202911853467381192e-01,-1.364255715975537251e-07,7.749915118497404665e-01,-2.341254100978342190e-01,-3.073578349723322003e-07,6.765178538897798077e-10,5.384997290562946182e-01,2.036388710625059458e-07,7.749915117385239860e-01,1.025257580280457992e+00,4.568603855290081767e-07,-1.078958502404026021e-10,3.400125502209326578e-02,4.044416790802239647e-02,-2.505820157694067600e-10
7.722222222222222543e-01,-1.209414441256930345e-01,-1.372792258229656875e-07,7.749915118516199630e-01,-2.340824111169943211e-01,-3.073014173076678409e-07,6.766263018626039738e-10,5.413471634565398816e-01,2.049077034171635467e-07,7.749915117382243368e-01,1.025015992181631086e+00,4.567527381003936698e-07,-1.079024369854408860e-10,3.398548941059886114e-02,4.043354253036837709e-02,-2.519632716664842959e-10
7.750000000000000222e-01,-1.215915834776477161e-01,-1.381327233518250190e-07,7.749915118534995706e-01,-2.340394191503698818e-01,-3.072450088504600941e-07,6.767467940205218468e-10,5.441939269492996889e-01,2.061762368271975948e-07,7.749915117379247986e-01,1.024774485951489122e+00,4.566451271557897486e-07,-1.078632443779481420e-10,3.396973264895557926e-02,4.042292143355605272e-02,-2.533431671940227610e-10
7.777777777777777901e-01,-1.222416034220828590e-01,-1.389860642097037503e-07,7.749915118553795113e-01,-2.339964341964060890e-01,-3.071886095986686693e-07,6.768042654092809585e-10,5.470400197619020854e-01,2.074444713939147922e-07,7.749915117376251494e-01,1.024533061549328661e+00,4.565375526770595316e-07,-1.078222251066351944e-10,3.395398473098820702e-02,4.041230461528316775e-02,-2.547217032566070208e-10
7.805555555555555580e-01,-1.228915039784748559e-01,-1.398392484221682473e-07,7.749915118572595629e-01,-2.339534562535484363e-01,-3.071322195502537525e-07,6.768422992214917500e-10,5.498854421215624289e-01,2.087124072185714692e-07,7.749915117373256113e-01,1.024291718934472906e+00,4.564300146460783139e-07,-1.078152081501748683e-10,3.393824565052674935e-02,4.040169207324902090e-02,-2.560988807581403440e-10
7.833333333333333259e-01,-1.235412851662957556e-01,-1.406922760147791587e-07,7.749915118591399477e-01,-2.339104853202428613e-01,-3.070758387031745235e-07,6.769791949245984597e-10,5.527301942552582670e-01,2.099800443584929628e-07,7.749915120488888309e-01,1.024050457976455997e+00,4.563224814506449794e-07,2.244332658381947843e-07,3.392251539588950204e-02,4.039108379976549812e-02,-2.574765962470087440e-10
7.861111111111110938e-01,-1.241909470050132913e-01,-1.415451470130914948e-07,7.749915118610205544e-01,-2.338675213949358567e-01,-3.070194670553944504e-07,6.770786171311771184e-10,5.555742763900675119e-01,2.112473825797683982e-07,7.749915124512406495e-01,1.023809278852156446e+00,4.562148427129845522e-07,1.297841952831169099e-07,3.390679397427764918e-02,4.038047980558515104e-02,-2.588614722064300514e-10
7.888888888888889728e-01,-1.248404895140908938e-01,-1.423978614426546811e-07,7.749915118629013833e-01,-2.338245644760743591e-01,-3.069631046048744074e-07,6.771194854815476560e-10,5.584176887544791690e-01,2.125144162476068349e-07,7.749915089127074053e-01,1.023568181020146906e+00,4.561051659726754188e-07,9.677864950610737260e-07,3.389108134880450957e-02,4.036988005836211757e-02,-2.603694560781725980e-10
7.916666666666667407e-01,-1.254899127129876779e-01,-1.432504193290123461e-07,7.749915118647824341e-01,-2.337816145621056385e-01,-3.069067513495757449e-07,6.772348914302339651e-10,5.612604315723047632e-01,2.137811502177434131e-07,7.749915088148532361e-01,1.023327165530799610e+00,4.559972372496481808e-07,1.154670611382135892e-08,3.387537758023641959e-02,4.035928462125846355e-02,-2.617733864829256654e-10
7.944444444444445086e-01,-1.261392166211584287e-01,-1.441028206977025860e-07,7.749915118666637071e-01,-2.337386716514776308e-01,-3.068504072874621957e-07,6.773119114178438593e-10,5.641025050720144263e-01,2.150475845384115240e-07,7.749915076103952583e-01,1.023086231450493822e+00,4.558895127562340506e-07,-5.065524220065203975e-07,3.385968260766824417e-02,4.034869343839664335e-02,-2.631658904975529900e-10
7.972222222222222765e-01,-1.267884012580536846e-01,-1.449550655742577533e-07,7.749915118685453130e-01,-2.336957357426384940e-01,-3.067940724164983397e-07,6.773616719607522541e-10,5.669439094796878686e-01,2.163137261808916408e-07,7.749915064465526804e-01,1.022845378623634449e+00,4.557853444407237148e-07,-2.987803308929226631e-07,3.384399641785812429e-02,4.033810650058060332e-02,-2.643458510414304649e-10
8.000000000000000444e-01,-1.274374666431195846e-01,-1.458071539842045621e-07,7.749915118704270300e-01,-2.336528068340369413e-01,-3.067377467346464803e-07,6.774700453404669531e-10,5.697846450208077229e-01,2.175796079952787716e-07,7.749915076825437676e-01,1.022604606982055575e+00,4.556974516005201039e-07,7.041494990284169475e-07,3.382831900301713768e-02,4.032752380386001034e-02,-2.645501100869777885e-10
8.027777777777778123e-01,-1.280864127957980214e-01,-1.466590859530640887e-07,7.749915118723090801e-01,-2.336098849241222686e-01,-3.066814302398730502e-07,6.775162219446739797e-10,5.726247119203651259e-01,2.188453290850189212e-07,7.749915146255786924e-01,1.022363917954412393e+00,4.556421223810549672e-07,-1.170214735075197909e-06,3.381265044714620860e-02,4.031694543409373999e-02,-2.628013787252785983e-10
8.055555555555555802e-01,-1.287352397355265299e-01,-1.475108615063517979e-07,7.749915118741913522e-01,-2.335669700113439662e-01,-3.066251229301422586e-07,6.776590972396023815e-10,5.754641104153366271e-01,2.201107972069832040e-07,7.749915003373991640e-01,1.022123310207323055e+00,4.555494471070183565e-07,-2.690788578969122158e-06,3.379699066491554521e-02,4.030637131141842633e-02,-2.632942372916991032e-10
8.083333333333333481e-01,-1.293839474817383983e-01,-1.483624806695774101e-07,7.749915118760737354e-01,-2.335240620941521905e-01,-3.065688248034207500e-07,6.777377704186848817e-10,5.783028407226473711e-01,2.213761188823541296e-07,7.749914877268807567e-01,1.021882783997863919e+00,4.555075347207893918e-07,-4.600299742899341404e-06,3.378133966854499071e-02,4.029580145139813330e-02,-2.607421490605026677e-10
8.111111111111111160e-01,-1.300325360538625852e-01,-1.492139434682450612e-07,7.749915118779564516e-01,-2.334811611709974588e-01,-3.065125358576741631e-07,6.778062243417704025e-10,5.811409030543813747e-01,2.226411397785191947e-07,7.749915115282263178e-01,1.021642336196544987e+00,4.553622374448225659e-07,8.249824115357656806e-07,3.376569726128397092e-02,4.028523566640292153e-02,-2.643939805013228409e-10
8.138888888888888840e-01,-1.306810054713237468e-01,-1.500652499278532749e-07,7.749915118798395008e-01,-2.334382672403307601e-01,-3.064562560908715245e-07,6.779010304491794869e-10,5.839782976648273394e-01,2.239058061554023334e-07,7.749915006829288799e-01,1.021401973075882097e+00,4.552524205408304250e-07,-2.199089989444319437e-06,3.375006382580222897e-02,4.027467433292315768e-02,-2.659178157286118416e-10
8.166666666666666519e-01,-1.313293557535422373e-01,-1.509164000738948314e-07,7.749915118817226611e-01,-2.333953803006034999e-01,-3.063999855009785259e-07,6.779918553662112046e-10,5.868150247666834574e-01,2.251702673291848889e-07,7.749914878251528139e-01,1.021161691179841791e+00,4.551995785173770987e-07,-5.132420801731707449e-06,3.373443914635378821e-02,4.026411724373619300e-02,-2.640239840454389010e-10
8.194444444444445308e-01,-1.319775869199340812e-01,-1.517673939318569256e-07,7.749915118836060435e-01,-2.333525003502676110e-01,-3.063437240859643529e-07,6.780398863898140505e-10,5.896510845752006569e-01,2.264344807412509948e-07,7.749914989308550606e-01,1.020921489165453444e+00,4.550892234694531561e-07,-4.717474886889796992e-06,3.371882313575976647e-02,4.025356431840311500e-02,-2.655817595696016004e-10
8.222222222222222987e-01,-1.326256989899110561e-01,-1.526182315272210878e-07,7.749915118854897589e-01,-2.333096273877753868e-01,-3.062874718437980850e-07,6.781570374703171922e-10,5.924864773356797176e-01,2.276984346270810608e-07,7.749914845710069722e-01,1.020681369375878056e+00,4.550109692596117508e-07,-6.914496923887680779e-06,3.370321593560727386e-02,4.024301569765290076e-02,-2.652143103651222022e-10
8.250000000000000666e-01,-1.332736919828806099e-01,-1.534689128854632368e-07,7.749915118873735853e-01,-2.332667614115795929e-01,-3.062312287724488020e-07,6.782929721366182108e-10,5.953212032380090779e-01,2.289619952090739009e-07,7.749915335670372052e-01,1.020441317424932937e+00,4.548080720974064348e-07,2.414292226748764036e-05,3.368761667580993241e-02,4.023247051845381395e-02,-2.723262636760050315e-10
8.277777777777778345e-01,-1.339215659182458884e-01,-1.543194380320536269e-07,7.749915118892577448e-01,-2.332239024201335775e-01,-3.061749948698871188e-07,6.783071708482690809e-10,5.981552625537793766e-01,2.302249850446037595e-07,7.749915302111394233e-01,1.020201371099797027e+00,4.546485302406101106e-07,-6.113105085416362106e-06,3.367202761865211585e-02,4.022193104817579912e-02,-2.768377238532345865e-10
8.305555555555556024e-01,-1.345693208154057352e-01,-1.551698069924568743e-07,7.749915118911421263e-01,-2.331810504118909666e-01,-3.061187701340837563e-07,6.784021712447074748e-10,6.009886555852169687e-01,2.314959345087700446e-07,7.749915102230645614e-01,1.019961561917302362e+00,4.605129655129072961e-07,-1.219773169247248545e-05,3.365645074034128575e-02,4.021139917796795471e-02,8.008861870689784514e-11
8.333333333333333703e-01,-1.352169566937547474e-01,-1.560200197921320100e-07,7.749915118930267299e-01,-2.331382053853059133e-01,-3.060625545630090647e-07,6.784628085038102441e-10,6.038213831594725356e-01,2.327919296993044371e-07,7.749913059571004181e-01,1.019722132697326256e+00,4.667366977043986788e-07,-1.314566196200430553e-04,3.364090138228218591e-02,4.020088947716204952e-02,4.585719515931029180e-10
8.361111111111111382e-01,-1.358644735726831920e-01,-1.568700764565323477e-07,7.749915118949115556e-01,-2.330953673388330150e-01,-3.060063481546362000e-07,6.785530123898375621e-10,6.066534520026434230e-01,2.340978206283709602e-07,7.749891425192321215e-01,1.019486213540104158e+00,4.714160809094277134e-07,-1.100953609265417632e-03,3.362560581329369219e-02,4.019058975191127508e-02,7.443935206484046684e-10
8.388888888888889062e-01,-1.365118714715770620e-01,-1.577199770111056158e-07,7.749915118967966032e-01,-2.330525362709273407e-01,-3.059501509069371536e-07,6.786709111361588498e-10,6.094848864368654917e-01,2.354370642022075033e-07,7.749812509588291931e-01,1.019261058178552171e+00,4.842001481272784154e-07,-3.586569074526178152e-03,3.361128585572493305e-02,4.018093522632966430e-02,1.516495306012361493e-09
8.416666666666666741e-01,-1.371591504098180481e-01,-1.585697214812939577e-07,7.749915118986818729e-01,-2.330097121800443205e-01,-3.058939628178849228e-07,6.787641559924395551e-10,6.123157350711383451e-01,2.367974303582975812e-07,7.749622065949914873e-01,1.019055670837163419e+00,4.911947712104380717e-07,-8.133076632482590107e-03,3.359942688469840649e-02,4.017246615402580989e-02,1.941229619016641782e-09
8.444444444444444420e-01,-1.378063104067835110e-01,-1.594193098925337992e-07,7.749915119005674757e-01,-2.329668950646400227e-01,-3.058377838854536163e-07,6.788160103465834538e-10,6.151460697925357213e-01,2.381704442518364383e-07,7.749256992881232708e-01,1.018878019306480143e+00,4.950990474027934588e-07,-1.501330158837601951e-02,3.359244536234860107e-02,4.016566060257120707e-02,2.180542294476782193e-09
8.472222222222222099e-01,-1.384533514818465927e-01,-1.602687422702559546e-07,7.749915119024533006e-01,-2.329240849231707933e-01,-3.057816141076167610e-07,6.788734123464035264e-10,6.179759788001508714e-01,2.395499286495047063e-07,7.748650449503762250e-01,1.018733168300991254e+00,4.969913669063548839e-07,-2.431012622131111661e-02,3.359366083319411528e-02,4.016082245497409886e-02,2.299136744695786400e-09
8.499999999999999778e-01,-1.391002736543761331e-01,-1.611180186398856795e-07,7.749915119043392364e-01,-2.328812817540934499e-01,-3.057254534823493126e-07,6.789950685037737799e-10,6.208055568234236432e-01,2.409322058909676783e-07,7.747736421214223013e-01,1.018622533783015705e+00,4.977733120724277624e-07,-3.596247437429605370e-02,3.360707108943555149e-02,4.015803666911252345e-02,2.351107910934224563e-09
8.527777777777778567e-01,-1.397470769437366700e-01,-1.619671390268425122e-07,7.749915119062255053e-01,-2.328384855558653377e-01,-3.056693020076269685e-07,6.790651773530553825e-10,6.236348962434985488e-01,2.423231238236870400e-07,7.746453408650617600e-01,1.018544597777515603e+00,5.013879122725677524e-07,-4.977441761598497272e-02,3.363693692535258545e-02,4.015721216662306026e-02,2.573037555667636916e-09
8.555555555555556246e-01,-1.403937613692884667e-01,-1.628161034565404585e-07,7.749915119081119963e-01,-2.327956963269441903e-01,-3.056131596814247375e-07,6.791472245692986576e-10,6.264640790311024610e-01,2.437192793012707660e-07,7.744745332096552026e-01,1.018495024015195094e+00,5.028866747766300342e-07,-6.554945799921883809e-02,3.368758799191852449e-02,4.015808877148673017e-02,2.668016115269576732e-09
8.583333333333333925e-01,-1.410403269503874846e-01,-1.636649119543878335e-07,7.749915119099987093e-01,-2.327529140657882134e-01,-3.055570265017208578e-07,6.792386410270356834e-10,6.292931730695598969e-01,2.451172463929372900e-07,7.742562942058628384e-01,1.018468471539471620e+00,5.033422520253376895e-07,-8.303760317250899470e-02,3.376302448710450516e-02,4.016034602644735774e-02,2.700402736365382974e-09
8.611111111111111605e-01,-1.416867737063853827e-01,-1.645135645457873670e-07,7.749915119118857554e-01,-2.327101387708560842e-01,-3.055009024664915560e-07,6.793377266972600026e-10,6.321222300707055597e-01,2.465155786719004281e-07,7.739863611271335930e-01,1.018459052048211522e+00,5.034007674886581223e-07,-1.020023103438254253e-01,3.386682975134818613e-02,4.016363063351564150e-02,2.708964827335245442e-09
8.638888888888889284e-01,-1.423331016566296292e-01,-1.653620612561361772e-07,7.749915119137729125e-01,-2.326673704406068965e-01,-3.054447875737147527e-07,6.793800348681156009e-10,6.349512855712222681e-01,2.479137794991433319e-07,7.736610894867591570e-01,1.018461009112917592e+00,5.033309393963191054e-07,-1.222260941177391175e-01,3.400209609205782219e-02,4.016759720712043125e-02,2.709825482144818185e-09
8.666666666666666963e-01,-1.429793108204633345e-01,-1.662104021108257443e-07,7.749915119156602916e-01,-2.326246090735001326e-01,-3.053886818213690037e-07,6.794958016392849132e-10,6.377803601024655267e-01,2.493117056742726281e-07,7.732773876721621420e-01,1.018469073787490631e+00,5.032265013632530440e-07,-1.435164998786026547e-01,3.417142659357735174e-02,4.017192961063442702e-02,2.708608717871968999e-09
8.694444444444444642e-01,-1.436254012172253347e-01,-1.670585871352419370e-07,7.749915119175480038e-01,-2.325818546679958854e-01,-3.053325852074332885e-07,6.795469412873567094e-10,6.406094611790367210e-01,2.507094900312846880e-07,7.728326491915856744e-01,1.018478768531631884e+00,5.031810693758970720e-07,-1.657046346525738179e-01,3.437695519729957322e-02,4.017635919177828252e-02,2.710931493884825710e-09
8.722222222222222321e-01,-1.442713728662502193e-01,-1.679066163547650387e-07,7.749915119194359381e-01,-2.325391072225545808e-01,-3.052764977298880686e-07,6.796792503815929365e-10,6.434385850329372714e-01,2.521069754669005855e-07,7.723246759633050074e-01,1.018486199361119837e+00,5.030615172450943335e-07,-1.886500226151459902e-01,3.462043871711822235e-02,4.018065231163727574e-02,2.708806239015732906e-09
8.750000000000000000e-01,-1.449172257868683034e-01,-1.687544897947696948e-07,7.749915119213240944e-01,-2.324963667356371166e-01,-3.052204193867120060e-07,6.797680873055211848e-10,6.462677188154535290e-01,2.535040085001575704e-07,7.717516190615906213e-01,1.018488242234099728e+00,5.028823059288627463e-07,-2.122328101149470181e-01,3.490328718230081145e-02,4.018462152783864455e-02,2.703100610927684639e-09
8.777777777777777679e-01,-1.455629599984056000e-01,-1.696022074806249127e-07,7.749915119232124727e-01,-2.324536332057048627e-01,-3.051643501758873621e-07,6.798337188335112913e-10,6.490968425105855255e-01,2.549006656690718177e-07,7.711119231634918636e-01,1.018482538532461179e+00,5.027663873220405679e-07,-2.363509395113629341e-01,3.522661455868863339e-02,4.018812532343422894e-02,2.701191723492573336e-09
8.805555555555555358e-01,-1.462085755201838755e-01,-1.704497694376941675e-07,7.749915119251010731e-01,-2.324109066312195493e-01,-3.051082900953940694e-07,6.799343501423527059e-10,6.519259302729517591e-01,2.562969955704205645e-07,7.704042750066028011e-01,1.018467065007785166e+00,5.026489524911552056e-07,-2.609221070198539105e-01,3.559133258158087704e-02,4.019104230365734554e-02,2.699191040883843046e-09
8.833333333333334147e-01,-1.468540723715205942e-01,-1.712971756913352963e-07,7.749915119269898955e-01,-2.323681870106434899e-01,-3.050522391432135953e-07,6.799308789606772763e-10,6.547554898897858244e-01,2.576929660742885341e-07,7.696336223133759535e-01,1.018827725919940752e+00,5.025110271815577380e-07,-2.815147576357013293e-01,3.594758866116593010e-02,4.021652672423853270e-02,2.695960108004241626e-09
8.861111111111111827e-01,-1.474994505717289739e-01,-1.721444262669004717e-07,7.749915119288789400e-01,-2.323254743424393032e-01,-3.049961973173288898e-07,6.800456014283140505e-10,6.575850815190373844e-01,2.590885906337160042e-07,7.687950217128373120e-01,1.018594676814776445e+00,5.023960816002386983e-07,-3.086894984951200072e-01,3.641361033478856396e-02,4.020638791806704915e-02,2.694107137454721822e-09
8.888888888888889506e-01,-1.481447101401179578e-01,-1.729915211897363606e-07,7.749915119307683176e-01,-2.322827686250701906e-01,-3.049401646157238555e-07,6.801879181422831877e-10,6.604140241457914229e-01,2.604838950890637224e-07,7.678809492074170073e-01,1.018360832666535876e+00,5.022807438840153226e-07,-3.358577604488526269e-01,3.692376442990747548e-02,4.019620078373583455e-02,2.692229817625768657e-09
8.916666666666667185e-01,-1.487898510959922149e-01,-1.738384604851839652e-07,7.749915119326579171e-01,-2.322400698569997701e-01,-3.048841410363819188e-07,6.802263457367230259e-10,6.632423154134532428e-01,2.618788782780008913e-07,7.668914229345120681e-01,1.018126122509377396e+00,5.021649790307795365e-07,-3.630194756550835233e-01,3.747801348336118887e-02,4.018596106343266805e-02,2.690326048572403863e-09
8.944444444444444864e-01,-1.494348734586521676e-01,-1.746852441785787028e-07,7.749915119345477388e-01,-2.321973780366919649e-01,-3.048281265772884119e-07,6.803188498660794892e-10,6.660699527719202706e-01,2.632735389427538350e-07,7.658264612305952790e-01,1.017890477120825476e+00,5.020487528982949030e-07,-3.901745711884955781e-01,3.807631958899353186e-02,4.017566460394725314e-02,2.688393781941737774e-09
8.972222222222222543e-01,-1.500797772473939640e-01,-1.755318722952504054e-07,7.749915119364376714e-01,-2.321546931626113641e-01,-3.047721212364271316e-07,6.803725603743426831e-10,6.688969334825646262e-01,2.646678757325635594e-07,7.646860826449013437e-01,1.017653829087908468e+00,5.019320322368168144e-07,-4.173229692495102339e-01,3.871864436571120088e-02,4.016530736063948781e-02,2.686431022930568346e-09
9.000000000000000222e-01,-1.507245624815094498e-01,-1.763783448605232936e-07,7.749915119383280482e-01,-2.321120152332228903e-01,-3.047161250117827218e-07,6.804564810919400131e-10,6.717232546233736779e-01,2.660618872062211866e-07,7.634703059525229651e-01,1.017416112860975330e+00,5.018147847156364927e-07,-4.444645873773357958e-01,3.940494892696425056e-02,4.015488540066845802e-02,2.684435831877743543e-09
9.027777777777777901e-01,-1.513692291802862522e-01,-1.772246618997160026e-07,7.749915119402185359e-01,-2.320693442469918821e-01,-3.046601379013418381e-07,6.805598029568926677e-10,6.745489130942154965e-01,2.674555718346650107e-07,7.621791501669108460e-01,1.017177264795600333e+00,5.016969789437495469e-07,-4.715993386650321195e-01,4.013519385166765263e-02,4.014439490550675282e-02,2.682406325504207644e-09
9.055555555555555580e-01,-1.520137773630077238e-01,-1.780708234381415827e-07,7.749915119421092458e-01,-2.320266802023842057e-01,-3.046041599030915598e-07,6.806659003794068852e-10,6.773739056221965704e-01,2.688489280036230819e-07,7.608126345517752798e-01,1.016937223183117966e+00,5.015785844849161126e-07,-4.987271319749380649e-01,4.090933915657013475e-02,4.013383217277249893e-02,2.680340677816722534e-09
9.083333333333333259e-01,-1.526582070489529708e-01,-1.789168295011074726e-07,7.749915119440002886e-01,-2.319840230978661155e-01,-3.045481910150186483e-07,6.807808639736068201e-10,6.801982287670821359e-01,2.702419540162863896e-07,7.593707786323911080e-01,1.016695928270434646e+00,5.014595718674330713e-07,-5.258478721529601385e-01,4.172734427006621893e-02,4.012319361741812501e-02,2.678237120694308977e-09
9.111111111111110938e-01,-1.533025182573967971e-01,-1.797626801139154993e-07,7.749915119458914425e-01,-2.319413729319043660e-01,-3.044922312351111356e-07,6.808378340272813745e-10,6.830218789267499258e-01,2.716346480959992504e-07,7.578536022063130373e-01,1.016453322269850856e+00,5.013399125889778083e-07,-5.529614602403846169e-01,4.258916800743873382e-02,4.011247577231965428e-02,2.676093944178666423e-09
9.138888888888889728e-01,-1.539467110076098155e-01,-1.806083753018619576e-07,7.749915119477829295e-01,-2.318987297029660444e-01,-3.044362805613581127e-07,6.809756872977468234e-10,6.858448523426532439e-01,2.730270083889535088e-07,7.562611253535094225e-01,1.016209349359676661e+00,5.012195791169127208e-07,-5.800677936820433089e-01,4.349476854751004734e-02,4.010167528831365402e-02,2.673909496492536415e-09
9.166666666666667407e-01,-1.545907853188583092e-01,-1.814539150902375044e-07,7.749915119496746385e-01,-2.318560934095188486e-01,-3.043803389917463939e-07,6.810510350119258760e-10,6.886671451052664983e-01,2.744190329668744251e-07,7.545933684459277258e-01,1.015963955676470576e+00,5.010985448844565234e-07,-6.071667665298289274e-01,4.444410341067434045e-02,4.009078893373153873e-02,2.671682183810216220e-09
9.194444444444445086e-01,-1.552347412104043700e-01,-1.822992995043272907e-07,7.749915119515665696e-01,-2.318134640500308097e-01,-3.043244065242688817e-07,6.811305842263637444e-10,6.914887531594945402e-01,2.758107198296889355e-07,7.528503521565054202e-01,1.015717089299735365e+00,5.009767842831362315e-07,-6.342582696407210729e-01,4.543712943827610956e-02,4.007981359348134626e-02,2.669410469803975992e-09
9.222222222222222765e-01,-1.558785787015057600e-01,-1.831445285694107767e-07,7.749915119534587227e-01,-2.317708416229704582e-01,-3.042684831569130259e-07,6.812209806666968959e-10,6.943096723100251610e-01,2.772020669081651125e-07,7.510320974676443218e-01,1.015468700229912979e+00,5.008542726519333869e-07,-6.613421908686374362e-01,4.647380277329633824e-02,4.006874626772743975e-02,2.667092874993828639e-09
9.250000000000000444e-01,-1.565222978114160779e-01,-1.839896023107619166e-07,7.749915119553510978e-01,-2.317282261268066579e-01,-3.042125688876701936e-07,6.813278066730710236e-10,6.971298982266074251e-01,2.785930720665162616e-07,7.491386256791652265e-01,1.015218740360497973e+00,5.007309862635301490e-07,-6.884184152495717024e-01,4.755407884230276189e-02,4.005758407021727668e-02,2.664727975921487407e-09
9.277777777777778123e-01,-1.571658985593845925e-01,-1.848345207536490533e-07,7.749915119572438060e-01,-2.316856175600089385e-01,-3.041566637145311699e-07,6.813612781625399961e-10,6.999494264492426288e-01,2.799837331049606553e-07,7.471699584157636131e-01,1.014967163445065212e+00,5.006069023080458378e-07,-7.154868251796132617e-01,4.867791233861873401e-02,4.004632422630310939e-02,2.662314404174947888e-09
9.305555555555555802e-01,-1.578093809646563817e-01,-1.856792839233349709e-07,7.749915119591366253e-01,-2.316430159210470796e-01,-3.041007676354888572e-07,6.814704599233945004e-10,7.027682523932740066e-01,2.813740477622322973e-07,7.451261176339856185e-01,1.014713925059963717e+00,5.004819988746373677e-07,-7.425473005855662834e-01,4.984525720666187903e-02,4.003496407070358809e-02,2.659850845284248222e-09
9.333333333333333481e-01,-1.584527450464722209e-01,-1.865238918450768684e-07,7.749915119610297776e-01,-2.316004212083913605e-01,-3.040448806485353109e-07,6.815397586568128219e-10,7.055863713543653049e-01,2.827640137180361532e-07,7.430071256287463788e-01,1.014458982563393175e+00,5.003562549313144515e-07,-7.695997190879916294e-01,5.105606662740348051e-02,4.002350104504837081e-02,2.657336037510688441e-09
9.361111111111111160e-01,-1.590959908240686949e-01,-1.873683445441263597e-07,7.749915119629231519e-01,-2.315578334205125044e-01,-3.039890027516635925e-07,6.816663102038322819e-10,7.084037785133593390e-01,2.841536285954448308e-07,7.408130050394113875e-01,1.014202295051518599e+00,5.002296503032943090e-07,-7.966439561565935579e-01,5.231029300489762474e-02,4.001193269524498664e-02,2.654768770547931909e-09
9.388888888888888840e-01,-1.597391183166780859e-01,-1.882126420457294735e-07,7.749915119648167483e-01,-2.315152525558817620e-01,-3.039331339428674513e-07,6.817675677478485241e-10,7.112204689410100977e-01,2.855428899632322082e-07,7.385437788554616301e-01,1.013943823312236869e+00,5.001021656501979520e-07,-8.236798852579522157e-01,5.360788795382997324e-02,4.000025666870485330e-02,2.652147884153802273e-09
9.416666666666666519e-01,-1.603821275435284577e-01,-1.890567843751267063e-07,7.749915119667105667e-01,-2.314726786129707170e-01,-3.038772742201409016e-07,6.818546682135773196e-10,7.140364376025816195e-01,2.869317953381420531e-07,7.361994704217647012e-01,1.013683529777146264e+00,4.999737824423606844e-07,-8.507073779956735304e-01,5.494880228803536437e-02,3.998847071146140186e-02,2.649472266728962174e-09
9.444444444444445308e-01,-1.610250185238436549e-01,-1.899007715575529697e-07,7.749915119686046072e-01,-2.314301115902514805e-01,-3.038214235814791223e-07,6.818531468610888879e-10,7.168516793623115335e-01,2.883203421870894082e-07,7.337801034434719982e-01,1.013421378472220358e+00,4.998444829365030924e-07,-8.777263042430880624e-01,5.633298600993504046e-02,3.997657266521058989e-02,2.646740853857065198e-09
9.472222222222222987e-01,-1.616677912768432201e-01,-1.907446036182375899e-07,7.749915119704988697e-01,-2.313875514861964688e-01,-3.037655820248778747e-07,6.819404190644418051e-10,7.196661889877357110e-01,2.897085279292935265e-07,7.312857019905623090e-01,1.013157334967634604e+00,4.997142501509845534e-07,-9.047365322686752309e-01,5.776038830084464365e-02,3.996456046430039294e-02,2.643952626820062629e-09
9.500000000000000666e-01,-1.623104458217424773e-01,-1.915882805824043346e-07,7.749915119723934653e-01,-2.313449982992786813e-01,-3.037097495483335022e-07,6.820979701199769707e-10,7.224799611538719191e-01,2.910963499383415077e-07,7.287162905020524439e-01,1.012891366327140386e+00,4.995830678408328107e-07,-9.317379288544285210e-01,5.923095751210587234e-02,3.995243213269334542e-02,2.641106611099957675e-09
9.527777777777778345e-01,-1.629529821777525311e-01,-1.924318024752714129e-07,7.749915119742882830e-01,-2.313024520279716167e-01,-3.036539261498412368e-07,6.821390553107820054e-10,7.252929904472630307e-01,2.924838055441824260e-07,7.260718937898923420e-01,1.012623441057334706e+00,4.994509204727226203e-07,-9.587303594074072510e-01,6.074464115699608480e-02,3.994018578092263516e-02,2.638201874877648021e-09
9.555555555555556024e-01,-1.635954003640802124e-01,-1.932751693220514750e-07,7.749915119761832116e-01,-2.312599126707489960e-01,-3.035981118273986397e-07,6.822837104319967594e-10,7.281052713698796808e-01,2.938708920350522650e-07,7.233525370425645251e-01,1.012353529057125945e+00,4.993177932000513828e-07,-9.857136880647404675e-01,6.230138590337162136e-02,3.992781960306014677e-02,2.635237527537204608e-09
9.583333333333333703e-01,-1.642377003999281881e-01,-1.941183811479515863e-07,7.749915119780784734e-01,-2.312173802260852340e-01,-3.035423065790034836e-07,6.823330928051873911e-10,7.309167983428832560e-01,2.952576066593298732e-07,7.205582458284048863e-01,1.012081601567656142e+00,4.991836718382392392e-07,-1.012687777792365074e+00,6.390113756700296910e-02,3.991533187371169855e-02,2.632212718184043739e-09
9.611111111111111382e-01,-1.648798823044947681e-01,-1.949614379781732532e-07,7.749915119799739571e-01,-2.311748546924549674e-01,-3.034865104026534357e-07,6.824133966243373095e-10,7.337275657102514392e-01,2.966439466273251559e-07,7.176890460986619091e-01,1.011807631122900286e+00,4.990485428403634268e-07,-1.039652490477789293e+00,6.554384110556125964e-02,3.990272094505306621e-02,2.629126634182994537e-09
9.638888888888889062e-01,-1.655219460969741263e-01,-1.958043398379124503e-07,7.749915119818696629e-01,-2.311323360683334160e-01,-3.034307232963491277e-07,6.825117675884895263e-10,7.365375677422678624e-01,2.980299091130004056e-07,7.147449641903099726e-01,1.011531591501124261e+00,4.989123932732161521e-07,-1.066607687017177231e+00,6.722944061321774190e-02,3.988998524391744460e-02,2.625978499721549087e-09
9.666666666666666741e-01,-1.661638917965561346e-01,-1.966470867523595932e-07,7.749915119837657018e-01,-2.310898243521962436e-01,-3.033749452580881737e-07,6.825368326079939152e-10,7.393467986388796431e-01,2.994154912556260391e-07,7.117260268286317304e-01,1.011253457677356193e+00,4.987752107938629540e-07,-1.093553227397049410e+00,6.895787931581974506e-02,3.987712326894370107e-02,2.622767574403837371e-09
9.694444444444444420e-01,-1.668057194224265016e-01,-1.974896787466994861e-07,7.749915119856618517e-01,-2.310473195425194470e-01,-3.033191762858715759e-07,6.826545596166910812e-10,7.421552525329243588e-01,3.008006901613725433e-07,7.086322611295844398e-01,1.010973205776995343e+00,4.986369836267600024e-07,-1.120488970770895820e+00,7.072909956660893005e-02,3.986413358779296312e-02,2.619493151877156729e-09
9.722222222222222099e-01,-1.674474289937666616e-01,-1.983321158461114274e-07,7.749915119875583347e-01,-2.310048216377795227e-01,-3.032634163776995424e-07,6.827859371644207087e-10,7.449629234932317878e-01,3.021855029048400047e-07,7.054636946019636756e-01,1.010690813030652668e+00,4.984977005414815793e-07,-1.147414775530987141e+00,7.254304284244880718e-02,3.985101483443900111e-02,2.616154558495932895e-09
9.750000000000000888e-01,-1.680890205297537743e-01,-1.991743980757691834e-07,7.749915119894549287e-01,-2.309623306364535222e-01,-3.032076655315748226e-07,6.828447824541727940e-10,7.477698055276019717e-01,3.035699265305272354e-07,7.022203551493767515e-01,1.010406257730300572e+00,4.983573508310919388e-07,-1.174330499375667802e+00,7.439964974053125957e-02,3.983776570653721483e-02,2.612751152023780969e-09
9.777777777777778567e-01,-1.687304940495608918e-01,-2.000165254608409087e-07,7.749915119913518557e-01,-2.309198465370187747e-01,-3.031519237454973598e-07,6.828943903414153027e-10,7.505758925856645947e-01,3.049539580542421358e-07,6.989022710720382836e-01,1.010119519186787773e+00,4.982159242911899242e-07,-1.201235999372399776e+00,7.629885997553285948e-02,3.982438496287557528e-02,2.609282320376634260e-09
9.805555555555556246e-01,-1.693718495723567086e-01,-2.008584980264892788e-07,7.749915119932490049e-01,-2.308773693379531367e-01,-3.030961910174704857e-07,6.829919893536207098e-10,7.533811785616238987e-01,3.063375944644550942e-07,6.955094710683989989e-01,1.009830577688754394e+00,4.980734111996453989e-07,-1.228131132016822225e+00,7.824061237719391604e-02,3.981087142090947856e-02,2.605747480406378496e-09
9.833333333333333925e-01,-1.700130871173057556e-01,-2.017003157978713575e-07,7.749915119951463760e-01,-2.308348990377349086e-01,-3.030404673454961554e-07,6.830914583977332200e-10,7.561856572968913559e-01,3.077208327235980709e-07,6.920419842366181129e-01,1.009539414462971463e+00,4.979298022970376552e-07,-1.255015753288075464e+00,8.022484488829506599e-02,3.979722395438214239e-02,2.602146076727608631e-09
9.861111111111111605e-01,-1.706542067035683452e-01,-2.025419788001387029e-07,7.749915119970439692e-01,-2.307924356348428074e-01,-3.029847527275795534e-07,6.831695313624930321e-10,7.589893225826117584e-01,3.091036697693101073e-07,6.884998400758897130e-01,1.009246011636115492e+00,4.977850887678016261e-07,-1.281889718700631065e+00,8.225149456300707984e-02,3.978344149103107269e-02,2.598477580585936571e-09
9.888888888888889284e-01,-1.712952083503005152e-01,-2.033834870584373144e-07,7.749915119989418955e-01,-2.307499791277560219e-01,-3.029290471617224231e-07,6.832858324284929452e-10,7.617921681620865026e-01,3.104861025156327007e-07,6.848830684876313635e-01,1.008950352197974576e+00,4.976392622220802044e-07,-1.308752883352852114e+00,8.432049756559187315e-02,3.976952301038043369e-02,2.594741488769792070e-09
9.916666666666666963e-01,-1.719360920766541678e-01,-2.042248405979076329e-07,7.749915120008399327e-01,-2.307075295149541294e-01,-3.028733506459328605e-07,6.833159628405471864e-10,7.645941877330967307e-01,3.118681278541557346e-07,6.811916997765452564e-01,1.008652419966079794e+00,4.974923146782794927e-07,-1.335605101972501485e+00,8.643178916943390633e-02,3.975546754161891905e-02,2.590937322562811715e-09
9.944444444444444642e-01,-1.725768579017769033e-01,-2.050660394436845669e-07,7.749915120027383031e-01,-2.306650867949171790e-01,-3.028176631782135622e-07,6.833939230482810601e-10,7.673953749501316590e-01,3.132497426551163973e-07,6.774257646515574605e-01,1.008352199551739270e+00,4.973442385463162923e-07,-1.362446228959401262e+00,8.858530375638205834e-02,3.974127416156181258e-02,2.587064626739757474e-09
9.972222222222222321e-01,-1.732175058448121030e-01,-2.059070836208975194e-07,7.749915120046368955e-01,-2.306226509661256641e-01,-3.027619847565704006e-07,6.834658186627429188e-10,7.701957234265255359e-01,3.146309437684532095e-07,6.735852942266460364e-01,1.008049676327455124e+00,4.971950266115468174e-07,-1.389276118425433859e+00,9.078097481638429389e-02,3.972694199269599657e-02,2.583122968601474845e-09
1.000000000000000000e+00,-1.738580359248989293e-01,-2.067479731546703081e-07,7.749915120065357099e-01,-2.305802220270605218e-01,-3.027063153790105191e-07,6.836032278439985177e-10,7.729952267365070018e-01,3.160117280248167985e-07,6.696703200215617935e-01,1.007744836395690458e+00,4.970446720193622364e-07,-1.416094624232066002e+00,9.301873494739770765e-02,3.971247020130597855e-02,2.579111937050786537e-09
1.002777777777777768e+00,-1.744984481611724092e-01,-2.075887080701212451e-07,7.749915120084347464e-01,-2.305377999762031616e-01,-3.026506550435419079e-07,6.837201499410028305e-10,7.757938784171635183e-01,3.173920922365389040e-07,6.656808739624499038e-01,1.007437666558955502e+00,4.968931682604342046e-07,-1.442901600025564113e+00,9.529851585555816629e-02,3.969785799567904228e-02,2.575031141707276859e-09
1.005555555555555536e+00,-1.751387425727632674e-01,-2.084292883923631103e-07,7.749915120103341160e-01,-2.304953848120353810e-01,-3.025950037481708103e-07,6.838184272300873445e-10,7.785916719703267486e-01,3.187720331985622621e-07,6.616169883823787012e-01,1.007128154291174971e+00,4.967405091565928139e-07,-1.469696899270059420e+00,9.762024835559496294e-02,3.968310462438731645e-02,2.570880212060195909e-09
1.008333333333333304e+00,-1.757789191787980099e-01,-2.092697141465031249e-07,7.749915120122335965e-01,-2.304529765330394497e-01,-3.025393614909055871e-07,6.838571792178171904e-10,7.813886008643800007e-01,3.201515476893319477e-07,6.574786960217807730e-01,1.006816287710298408e+00,4.965866888473169463e-07,-1.496480375278611108e+00,9.998386237147648126e-02,3.966820937464435315e-02,2.566658796657514866e-09
1.011111111111111072e+00,-1.764189779983989792e-01,-2.101099853576429780e-07,7.749915120141332991e-01,-2.304105751376980815e-01,-3.024837282697559756e-07,6.838838332440255741e-10,7.841846585359926181e-01,3.215306324716509845e-07,6.532660300288112287e-01,1.006502055552112695e+00,4.964317017768179743e-07,-1.523251881242405403e+00,1.023892869372739767e-01,3.965317157073393328e-02,2.562366562331039730e-09
1.013888888888888840e+00,-1.770589190506842714e-01,-2.109501020508788529e-07,7.749915120160333348e-01,-2.303681806244943786e-01,-3.024281040827302837e-07,6.840163626481432502e-10,7.869798383917834261e-01,3.229092842935008547e-07,6.489790239596285870e-01,1.006185447145213629e+00,4.962755426816956325e-07,-1.550011270258219831e+00,1.048364501982316926e-01,3.963799057250832342e-02,2.558003193456011885e-09
1.016666666666666607e+00,-1.776987423547677913e-01,-2.117900642513014007e-07,7.749915120179335926e-01,-2.303257929919119429e-01,-3.023724889278390428e-07,6.840892591980507476e-10,7.897741338099180108e-01,3.242874998888289750e-07,6.446177117786032751e-01,1.005866452387096377e+00,4.961182065791447772e-07,-1.576758395354272979e+00,1.073252794120319042e-01,3.962266577395370803e-02,2.553568391243170535e-09
1.019444444444444375e+00,-1.783384479297591974e-01,-2.126298719839957403e-07,7.749915120198340723e-01,-2.302834122384348203e-01,-3.023168828030931018e-07,6.841670910362473990e-10,7.925675381416409371e-01,3.256652759783047798e-07,6.401821278584567398e-01,1.005545061721320854e+00,4.959596887556927079e-07,-1.603493109514571024e+00,1.098557009502447446e-01,3.960719660182011881e-02,2.549061873063184371e-09
1.022222222222222365e+00,-1.789780357947639566e-01,-2.134695252740414322e-07,7.749915120217347742e-01,-2.302410383625474455e-01,-3.022612857065029922e-07,6.842566999121224569e-10,7.953600447127469053e-01,3.270426092700452045e-07,6.356723069803362769e-01,1.005221266115708945e+00,4.957999847564459772e-07,-1.630215265701856930e+00,1.124276402999527108e-01,3.959158251431325881e-02,2.544483371801487090e-09
1.025000000000000133e+00,-1.796175059688833453e-01,-2.143090241465125573e-07,7.749915120236356980e-01,-2.301986713627346970e-01,-3.022056976360791923e-07,6.843646465498620657e-10,7.981516468249936214e-01,3.284194964603115288e-07,6.310882843338289083e-01,1.004895057041532480e+00,4.956390903748248816e-07,-1.656924716879256021e+00,1.150410220655412735e-01,3.957582299984582774e-02,2.539832635242365325e-09
1.027777777777777901e+00,-1.802568584712144206e-01,-2.151483686264776911e-07,7.749915120255369549e-01,-2.301563112374819808e-01,-3.021501185898350393e-07,6.844540732797721461e-10,8.009423377574588221e-01,3.297959342341786391e-07,6.264300955169176399e-01,1.004566426453649353e+00,4.954770016427663602e-07,-1.683621316030711856e+00,1.176957699706467214e-01,3.955991757584557955e-02,2.535109425480826616e-09
1.030555555555555669e+00,-1.808960933208499933e-01,-2.159875587389998236e-07,7.749915120274383229e-01,-2.301139579852750638e-01,-3.020945485657832881e-07,6.845036447378216593e-10,8.037321107678435661e-01,3.311719192661780851e-07,6.216977765358829844e-01,1.004235366771547788e+00,4.953137148213746573e-07,-1.710304916180292567e+00,1.203918068602535391e-01,3.954386578761810711e-02,2.530313518361986022e-09
1.033333333333333437e+00,-1.815352105368787106e-01,-2.168265945091364925e-07,7.749915120293400239e-01,-2.300716116046001569e-01,-3.020389875619379111e-07,6.845646376152370038e-10,8.065209590937256756e-01,3.325474482209158843e-07,6.168913638051533033e-01,1.003901870861257928e+00,4.951492263919993123e-07,-1.736975370410447805e+00,1.231290547029340460e-01,3.952766720726146044e-02,2.525444702945546079e-09
1.036111111111111205e+00,-1.821742101383850287e-01,-2.176654759619396764e-07,7.749915120312419470e-01,-2.300292720939439151e-01,-3.019834355763125630e-07,6.847146304805873385e-10,8.093088759537633292e-01,3.339225177536666627e-07,6.120108941471067432e-01,1.003565932018093854e+00,4.949835330477234316e-07,-1.763632531879286702e+00,1.259074345932232331e-01,3.951132143263068330e-02,2.520502780995277474e-09
1.038888888888888973e+00,-1.828130921444491852e-01,-2.185042031224558221e-07,7.749915120331440921e-01,-2.299869394517934651e-01,-3.019278926069222222e-07,6.847995503989068311e-10,8.120958545488535796e-01,3.352971245109447671e-07,6.070564047918264317e-01,1.003227543950184986e+00,4.948166316852410661e-07,-1.790276253836944331e+00,1.287268667541225098e-01,3.949482808634968700e-02,2.515487566491465555e-09
1.041666666666666741e+00,-1.834518565741471985e-01,-2.193427760157259232e-07,7.749915120350464592e-01,-2.299446136766363225e-01,-3.018723586517812317e-07,6.849060832370135188e-10,8.148818880632459072e-01,3.366712651310534598e-07,6.020279333768128183e-01,1.002886700762765759e+00,4.946485193971079186e-07,-1.816906389641099517e+00,1.315872705397262421e-01,3.947818681486867098e-02,2.510398885166163868e-09
1.044444444444444509e+00,-1.840905034465508960e-01,-2.201811946667854151e-07,7.749915120369490484e-01,-2.299022947669605021e-01,-3.018168337089053109e-07,6.849709115880342480e-10,8.176669696656142516e-01,3.380449362446137845e-07,5.969255179466536054e-01,1.002543396943182286e+00,4.944791934643468520e-07,-1.843522792771698837e+00,1.344885644379657796e-01,3.946139728756448833e-02,2.505236574059332347e-09
1.047222222222222276e+00,-1.847290327807279142e-01,-2.210194591006642272e-07,7.749915120388519707e-01,-2.298599827212544355e-01,-3.017613177763111322e-07,6.850265216185036365e-10,8.204510925100880758e-01,3.394181344750731576e-07,5.917491969526553763e-01,1.002197627346587794e+00,4.943086513493922108e-07,-1.870125316844945207e+00,1.374306660734652408e-01,3.944445919588236704e-02,2.500000481095529293e-09
1.050000000000000044e+00,-1.853674445957416983e-01,-2.218575693423868361e-07,7.749915120407550040e-01,-2.298176775380069148e-01,-3.017058108520149444e-07,6.851556336173736383e-10,8.232342497372459045e-01,3.407908564391952168e-07,5.864990092524370313e-01,1.001849387182290441e+00,4.941368906893562265e-07,-1.896713815626594579e+00,1.404134922105045313e-01,3.942737225251680133e-02,2.494690464680028857e-09
1.052777777777777812e+00,-1.860057389106514747e-01,-2.226955254169721070e-07,7.749915120426583703e-01,-2.297753792157072872e-01,-3.016503129340348493e-07,6.852131050061327500e-10,8.260164344750716703e-01,3.421630987475317780e-07,5.811749941094876970e-01,1.001498672000723733e+00,4.939639092896027908e-07,-1.923288143044611154e+00,1.434369587560849479e-01,3.941013619062976037e-02,2.489306393313033929e-09
1.055555555555555580e+00,-1.866439157445122787e-01,-2.235333273494334523e-07,7.749915120445619587e-01,-2.297330877528452331e-01,-3.015948240203879426e-07,6.853443368370903954e-10,8.287976398398760880e-01,3.435348580048771096e-07,5.757771911926914399e-01,1.001145477681011142e+00,4.937897051176137724e-07,-1.949848153201222400e+00,1.465009807630926753e-01,3.939275076310459756e-02,2.483848145221911639e-09
1.058333333333333348e+00,-1.872819751163749824e-01,-2.243709751647788314e-07,7.749915120464657692e-01,-2.296908031479110157e-01,-3.015393441090941791e-07,6.854289878732711117e-10,8.315778589371852769e-01,3.449061308107061129e-07,5.703056405758186731e-01,1.000789800419093600e+00,4.936142762971329482e-07,-1.976393700384412977e+00,1.496054724335568187e-01,3.937521574183362738e-02,2.478315608009502627e-09
1.061111111111111116e+00,-1.879199170452862389e-01,-2.252084688880106188e-07,7.749915120483698017e-01,-2.296485253993952036e-01,-3.014838731981713427e-07,6.855201961641910202e-10,8.343570848625967429e-01,3.462769137595967799e-07,5.647603827369875873e-01,1.000431636716394124e+00,4.934376211025755867e-07,-2.002924639078893509e+00,1.527503471219974207e-01,3.935753091703807910e-02,2.472708678319112900e-09
1.063888888888888884e+00,-1.885577415502884824e-01,-2.260458085441257097e-07,7.749915120502740562e-01,-2.296062545057888649e-01,-3.014284112856398647e-07,6.855488746126958688e-10,8.371353107026054952e-01,3.476472034416375106e-07,5.591414585580956054e-01,1.000070983368992916e+00,4.932597379536895988e-07,-2.029440823976582209e+00,1.559355173388605464e-01,3.933969609661857464e-02,2.467027261513789433e-09
1.066666666666666652e+00,-1.891954486504200117e-01,-2.268829941581155465e-07,7.749915120521786438e-01,-2.295639904655834285e-01,-3.013729583695202818e-07,6.856586114850626856e-10,8.399125295354007426e-01,3.490169964428201359e-07,5.534489093242225266e-01,9.997078374572901938e-01,4.930806254104559762e-07,-2.055942109986623301e+00,1.591608947540364971e-01,3.932171110553489557e-02,2.461271271370531354e-09
1.069444444444444420e+00,-1.898330383647148789e-01,-2.277200257549659865e-07,7.749915120540833424e-01,-2.295217332772709062e-01,-3.013175144478333428e-07,6.857122907683033119e-10,8.426887344316352779e-01,3.503862893454191768e-07,5.476827767230076915e-01,9.993421963361287519e-01,4.929002821682177162e-07,-2.082428352244981351e+00,1.624263902004584870e-01,3.930357578521333911e-02,2.455440629788063574e-09
1.072222222222222188e+00,-1.904705107122030006e-01,-2.285569033596574871e-07,7.749915120559883741e-01,-2.294794829393435598e-01,-3.012620795186006435e-07,6.858556205607824197e-10,8.454639184551678843e-01,3.517550787283582917e-07,5.418431028440005015e-01,9.989740576253574034e-01,4.927187070530254824e-07,-2.108899406123630360e+00,1.657319136777783974e-01,3.928528999298052521e-02,2.449535266507471424e-09
1.074999999999999956e+00,-1.911078657119100743e-01,-2.293936269971649471e-07,7.749915120578936278e-01,-2.294372394502942891e-01,-3.012066535798443090e-07,6.859260052310967026e-10,8.482380746637805391e-01,3.531233611675639132e-07,5.359299301779860691e-01,9.986034192008126364e-01,4.925358990171891985e-07,-2.135355127239368045e+00,1.690773743561174158e-01,3.926685360152226689e-02,2.443555118845365428e-09
1.077777777777777724e+00,-1.917451033828576346e-01,-2.302301966924578126e-07,7.749915120597991036e-01,-2.293950028086162995e-01,-3.011512366295850349e-07,6.860113813816903772e-10,8.510111961098717481e-01,3.544911332363071314e-07,5.299433016162878873e-01,9.982302791856969559e-01,4.923518571350260494e-07,-2.161795371462274851e+00,1.724626805798878393e-01,3.924826649836635206e-02,2.437500131438907837e-09
1.080555555555555491e+00,-1.923822237440630245e-01,-2.310666124704999974e-07,7.749915120617048014e-01,-2.293527730128032405e-01,-3.010958286658485464e-07,6.861169393052035659e-10,8.537832758411260103e-01,3.558583915055341427e-07,5.238832604500470724e-01,9.978546359423365875e-01,4.921665805987947229e-07,-2.188219994923843892e+00,1.758877398716847673e-01,3.922952858538790444e-02,2.431370256001314590e-09
1.083333333333333481e+00,-1.930192268145393686e-01,-2.319028743562499361e-07,7.749915120636108323e-01,-2.293105500613492609e-01,-3.010404296866579745e-07,6.862220756909120922e-10,8.565543069011620769e-01,3.572251325441856343e-07,5.177498503694798471e-01,9.974764880642972287e-01,4.919800687148072105e-07,-2.214628854024799587e+00,1.793524589362444910e-01,3.921063977833640080e-02,2.425165451089215723e-09
1.086111111111111249e+00,-1.936561126132956556e-01,-2.327389823746606105e-07,7.749915120655169742e-01,-2.292683339527488984e-01,-3.009850396900368206e-07,6.862639657934099802e-10,8.593242823301592281e-01,3.585913529195058979e-07,5.115431154631140398e-01,9.970958343688436365e-01,4.917923208997091687e-07,-2.241021805442620973e+00,1.828567436644675803e-01,3.919160000638322039e-02,2.418885681879237199e-09
1.088888888888889017e+00,-1.942928811593366833e-01,-2.335749365506794702e-07,7.749915120674233382e-01,-2.292261246854971624e-01,-3.009296586740107039e-07,6.862757584435996705e-10,8.620931951654634551e-01,3.599570491973418329e-07,5.052631002170052676e-01,9.967126738897227334e-01,4.916033366769206861e-07,-2.267398706138795461e+00,1.864004991375047549e-01,3.917240921168861634e-02,2.412530919954277287e-09
1.091666666666666785e+00,-1.949295324716630584e-01,-2.344107369092484857e-07,7.749915120693300352e-01,-2.291839222580893953e-01,-3.008742866366033907e-07,6.864389005128979093e-10,8.648610384421746566e-01,3.613222179424325252e-07,4.989098495139330791e-01,9.963270058702575760e-01,4.914131156732298347e-07,-2.293759413365809241e+00,1.899836296309030392e-01,3.915306734898740815e-02,2.406101143099484122e-09
1.094444444444444553e+00,-1.955660665692712241e-01,-2.352463834753042010e-07,7.749915120712369543e-01,-2.291417266690215782e-01,-3.008189235758427236e-07,6.864931158256926125e-10,8.676278051937146296e-01,3.626868557186893509e-07,4.924834086325790006e-01,9.959388297567347559e-01,4.912216576155315928e-07,-2.320103784673898328e+00,1.936060386188108717e-01,3.913357438519214637e-02,2.399596335106051768e-09
1.097222222222222321e+00,-1.962024834711534327e-01,-2.360818762737776016e-07,7.749915120731442064e-01,-2.290995379167898582e-01,-3.007635694897555393e-07,6.866241828579200401e-10,8.703934884523780724e-01,3.640509590894676619e-07,4.859838232466854313e-01,9.955481451920725755e-01,4.910289623277044116e-07,-2.346431677917566905e+00,1.972676287782399174e-01,3.911393029901326368e-02,2.393016485584267476e-09
1.100000000000000089e+00,-1.968387831962977452e-01,-2.369172153295942201e-07,7.749915120750515696e-01,-2.290573559998910769e-01,-3.007082243763676688e-07,6.867090854290047730e-10,8.731580812498656030e-01,3.654145246178299483e-07,4.794111394241973301e-01,9.951549520097547896e-01,4.908350297276184940e-07,-2.372742951261892941e+00,2.009683019933820869e-01,3.909413508059508824e-02,2.386361589784020111e-09
1.102777777777777857e+00,-1.974749657636880873e-01,-2.377524006676741364e-07,7.749915120769591548e-01,-2.290151809168224084e-01,-3.006528882337076957e-07,6.867257595910558621e-10,8.759215766178012341e-01,3.667775488668009016e-07,4.727654036263869708e-01,9.947592502280191429e-01,4.906398598242690124e-07,-2.399037463188628205e+00,2.047079593599798741e-01,3.907418873116713653e-02,2.379631648422445483e-09
1.105555555555555625e+00,-1.981110311923041656e-01,-2.385874323129318982e-07,7.749915120788669620e-01,-2.289730126660813603e-01,-3.005975610598043097e-07,6.868454017344705065e-10,8.786839675882338607e-01,3.681400283996147477e-07,4.660466627069618228e-01,9.943610400442861597e-01,4.904434527150286509e-07,-2.425315072502105540e+00,2.084865011897489018e-01,3.905409126270984604e-02,2.372826667519330649e-09
1.108333333333333393e+00,-1.987469795011215512e-01,-2.394223102902766270e-07,7.749915120807751023e-01,-2.289308512461660505e-01,-3.005422428526860417e-07,6.869239552176331642e-10,8.814452471941239819e-01,3.695019597799552757e-07,4.592549639111565551e-01,9.939603218298180831e-01,4.902458085830131214e-07,-2.451575638334965834e+00,2.123038270148504270e-01,3.903384269763414405e-02,2.365946658239043001e-09
1.111111111111111160e+00,-1.993828107091116519e-01,-2.402570346246119913e-07,7.749915120826834647e-01,-2.288886966555749303e-01,-3.004869336103820047e-07,6.870497538946640503e-10,8.842054084698156569e-01,3.708633395721887181e-07,4.523903548748093861e-01,9.935570961245969723e-01,4.900469276945549934e-07,-2.477819020153712248e+00,2.161598355924135295e-01,3.901344306847406851e-02,2.358991636738917987e-09
1.113888888888888928e+00,-2.000185248352416567e-01,-2.410916053408361010e-07,7.749915120845920491e-01,-2.288465488928069502e-01,-3.004316333309218943e-07,6.870777956996532154e-10,8.869644444514948045e-01,3.722241643415898565e-07,4.454528836234235567e-01,9.931513636324103000e-01,4.898468103967796979e-07,-2.504045077764101457e+00,2.200544249091041238e-01,3.899289241759198998e-02,2.351961624023810983e-09
1.116666666666666696e+00,-2.006541218984746466e-01,-2.419260224638416135e-07,7.749915120865008555e-01,-2.288044079563613109e-01,-3.003763420123367824e-07,6.872465652119075230e-10,8.897223481776349585e-01,3.735844306545616143e-07,4.384425985712139817e-01,9.927431252161357245e-01,4.896454571152796802e-07,-2.530253671316381237e+00,2.239874921857407941e-01,3.897219079689562271e-02,2.344856645806469202e-09
1.119444444444444464e+00,-2.012896019177694840e-01,-2.427602860185157860e-07,7.749915120884099951e-01,-2.287622738447379622e-01,-3.003210596526576880e-07,6.872550965819623769e-10,8.924791126894290327e-01,3.749441350788483505e-07,4.313595485201396906e-01,9.923323818932139329e-01,4.894428683518820453e-07,-2.556444661310382838e+00,2.279589338819554278e-01,3.895133826756641549e-02,2.337676732373730269e-09
1.122222222222222232e+00,-2.019249649120808954e-01,-2.435943960297403702e-07,7.749915120903192456e-01,-2.287201465564369929e-01,-3.002657862499170064e-07,6.873757275177583281e-10,8.952347310312098738e-01,3.763032741837429590e-07,4.242037826589223348e-01,9.919191348313021184e-01,4.892390446825039756e-07,-2.582617908600473022e+00,2.319686457008979519e-01,3.893033489979879497e-02,2.330421918457707039e-09
1.125000000000000000e+00,-2.025602109003594165e-01,-2.444283525223916650e-07,7.749915120922288292e-01,-2.286780260899591299e-01,-3.002105218021470801e-07,6.874275454427092313e-10,8.979891962508588232e-01,3.776618445402886744e-07,4.169753505620514278e-01,9.915033853440986533e-01,4.890339867550941240e-07,-2.608773274400375541e+00,2.360165225939831746e-01,3.890918077254959528e-02,2.323092243112411955e-09
1.127777777777777768e+00,-2.031953399015514194e-01,-2.452621555213404635e-07,7.749915120941385238e-01,-2.286359124438053780e-01,-3.001552663073795634e-07,6.875655583077344701e-10,9.007425014002029551e-01,3.790198427214747366e-07,4.096743021887762626e-01,9.910851348873316313e-01,4.888276952876536266e-07,-2.634910620287868266e+00,2.401024587656798992e-01,3.888787597329741719e-02,2.315687749595056626e-09
1.130555555555555536e+00,-2.038303519345991410e-01,-2.460958050514521060e-07,7.749915120960485515e-01,-2.285938056164773524e-01,-3.001000197636484398e-07,6.876432288166478557e-10,9.034946395354016557e-01,3.803772653024272909e-07,4.023006878820852283e-01,9.906643850549028407e-01,4.886201710663341962e-07,-2.661029808209360414e+00,2.442263476783398668e-01,3.886642059781120206e-02,2.308208485251689147e-09
1.133333333333333304e+00,-2.044652470184406268e-01,-2.469293011375865333e-07,7.749915120979588012e-01,-2.285517056064769459e-01,-3.000447821689881695e-07,6.877293352858249165e-10,9.062456037173224344e-01,3.817341088605945703e-07,3.948545583676721926e-01,9.902411375751802858e-01,4.884114149436095906e-07,-2.687130700484357426e+00,2.483880820570667503e-01,3.884481474992788896e-02,2.300654501407638993e-09
1.136111111111111072e+00,-2.051000251720098144e-01,-2.477626438045981800e-07,7.749915120998693840e-01,-2.285096124123065509e-01,-2.999895535214333712e-07,6.878261640808069899e-10,9.089953870119071855e-01,3.830903699759276843e-07,3.873359647528913929e-01,9.898153943074329275e-01,4.882014278365172771e-07,-2.713213159809816144e+00,2.525875538946225629e-01,3.882305854133838441e-02,2.293025853262031632e-09
1.138888888888888840e+00,-2.057346864142364229e-01,-2.485958330773359753e-07,7.749915121017800779e-01,-2.284675260324689761e-01,-2.999343338190187697e-07,6.879064106540822010e-10,9.117439824905286816e-01,3.844460452310562725e-07,3.797449585256998383e-01,9.893871572383997615e-01,4.879902107249661673e-07,-2.739277049264400077e+00,2.568246544563728695e-01,3.880115209138178256e-02,2.285322599786283542e-09
1.141666666666666607e+00,-2.063692307640460355e-01,-2.494288689806434485e-07,7.749915121036911048e-01,-2.284254464654674743e-01,-2.998791230597806250e-07,6.879703751128118938e-10,9.144913832303374068e-01,3.858011312114599755e-07,3.720815915535883867e-01,9.889564284789889026e-01,4.877777646501081958e-07,-2.765322232312633854e+00,2.610992742852672466e-01,3.877909552684725980e-02,2.277544803626236820e-09
1.144444444444444597e+00,-2.070036582403601000e-01,-2.502617515393587290e-07,7.749915121056023537e-01,-2.283833737098057148e-01,-2.998239212417551972e-07,6.881297337502090272e-10,9.172375823146003970e-01,3.871556245056348772e-07,3.643459160825016085e-01,9.885232102610985727e-01,4.875640907127707803e-07,-2.791348572808966200e+00,2.654113032068562417e-01,3.875688898178339392e-02,2.269692531008277484e-09
1.147222222222222365e+00,-2.076379688620958452e-01,-2.510944807783143876e-07,7.749915121075137137e-01,-2.283413077639878386e-01,-2.997687283629800696e-07,6.881618608289841177e-10,9.199825728330304209e-01,3.885095217052565053e-07,3.565379847357459941e-01,9.880875049345564376e-01,4.873491900719470907e-07,-2.817355935001739198e+00,2.697606303343423328e-01,3.873453259731447773e-02,2.261765851648620238e-09
1.150000000000000133e+00,-2.082721626481664201e-01,-2.519270567223375424e-07,7.749915121094254067e-01,-2.282992486265184029e-01,-2.997135444214912905e-07,6.882574996036616710e-10,9.227263478821076115e-01,3.898628194053381741e-07,3.486578505128881678e-01,9.876493149641704106e-01,4.871330639433412704e-07,-2.843344183537078074e+00,2.741471440736654719e-01,3.871202652146357032e-02,2.253764838666259288e-09
1.152777777777777901e+00,-2.089062396174807823e-01,-2.527594793962499644e-07,7.749915121113373218e-01,-2.282571962959023815e-01,-2.996583694153280316e-07,6.883514921257605224e-10,9.254689005653929934e-01,3.912155142043856203e-07,3.407055667886416117e-01,9.872086429268872587e-01,4.869157135979671262e-07,-2.869313183462691264e+00,2.785707321286206573e-01,3.868937090898202230e-02,2.245689568498503277e-09
1.155555555555555669e+00,-2.095401997889437817e-01,-2.535917488248678662e-07,7.749915121132494589e-01,-2.282151507706451643e-01,-2.996032033425281410e-07,6.884358708103555102e-10,9.282102239938339050e-01,3.925676027045478283e-07,3.326811873117435647e-01,9.867654915090523504e-01,4.866971403607968987e-07,-2.895262800231597655e+00,2.830312815060085918e-01,3.866656592118507263e-02,2.237540120820282160e-09
1.158333333333333437e+00,-2.101740431814560217e-01,-2.544238650330021133e-07,7.749915121151619291e-01,-2.281731120492526965e-01,-2.995480462011310022e-07,6.884728637884807156e-10,9.309503112860629814e-01,3.939190815117640961e-07,3.245847662038215398e-01,9.863198635037686568e-01,4.864773456094577847e-07,-2.921192899705775670e+00,2.875286785208178708e-01,3.864361172579337117e-02,2.229316578465674238e-09
1.161111111111111205e+00,-2.108077698139140255e-01,-2.552558280454580655e-07,7.749915121170746213e-01,-2.281310801302311453e-01,-2.994928979891761574e-07,6.885419803759340596e-10,9.336891555686888111e-01,3.952699472359079251e-07,3.164163579582497943e-01,9.858717618083474576e-01,4.862563307729753638e-07,-2.947103348159737291e+00,2.920628088014363688e-01,3.862050849678004549e-02,2.221019027352669112e-09
1.163888888888888973e+00,-2.114413797052101807e-01,-2.560876378870355771e-07,7.749915121189875356e-01,-2.280890550120872606e-01,-2.994377587047043666e-07,6.886943550166169103e-10,9.364267499765804859e-01,3.966201964909269391e-07,3.081760174389961415e-01,9.854211894218493084e-01,4.860340973305605411e-07,-2.972994012284035925e+00,2.966335572948939903e-01,3.859725641422310366e-02,2.212647556410240138e-09
1.166666666666666741e+00,-2.120748728742327116e-01,-2.569192945825292081e-07,7.749915121209005608e-01,-2.280470366933282089e-01,-2.993826283457560718e-07,6.887651247955428602e-10,9.391630876531452676e-01,3.979698258949800512e-07,2.998637998794591031e-01,9.849681494427097173e-01,4.858106468104384187e-07,-2.998864759188704987e+00,3.012408082721342861e-01,3.857385566416304118e-02,2.204202257508259062e-09
1.169444444444444509e+00,-2.127082493398656238e-01,-2.577507981567280131e-07,7.749915121228139192e-01,-2.280050251724616006e-01,-2.993275069103731446e-07,6.888380265496207855e-10,9.418981617505997050e-01,3.993188320705711885e-07,2.914797608812956242e-01,9.845126450664472006e-01,4.855859807887175064e-07,-3.024715456406632086e+00,3.058844453333137703e-01,3.855030643846528438e-02,2.195683225389468691e-09
1.172222222222222276e+00,-2.133415091209888981e-01,-2.585821486344155409e-07,7.749915121247276106e-01,-2.279630204479953792e-01,-2.992723943965964509e-07,6.889347148320013048e-10,9.446319654302350877e-01,4.006672116446801062e-07,2.830239564132395191e-01,9.840546795834480553e-01,4.853601008882977904e-07,-3.050545971896868380e+00,3.105643514131296024e-01,3.852660893468729669e-02,2.187090557604185254e-09
1.175000000000000044e+00,-2.139746522364783243e-01,-2.594133460403699404e-07,7.749915121266414131e-01,-2.279210225184380711e-01,-2.992172908024695033e-07,6.889728978304310303e-10,9.473644918626759059e-01,4.020149612488899190e-07,2.744964428099110343e-01,9.835942563768266256e-01,4.851330087778150126e-07,-3.076356174047880199e+00,3.152804087861741378e-01,3.850276335595016752e-02,2.178424354446645197e-09
1.177777777777777812e+00,-2.146076787052055013e-01,-2.602443903993639606e-07,7.749915121285555486e-01,-2.278790313822983971e-01,-2.991621961260349145e-07,6.891025493283020609e-10,9.500957342281336482e-01,4.033620775195123028e-07,2.658972767706172524e-01,9.831313789203571796e-01,4.849047061706204197e-07,-3.102145931680741597e+00,3.200324990723156793e-01,3.847876991081457254e-02,2.169684718894081682e-09
1.180555555555555580e+00,-2.152405885460379753e-01,-2.610752817361648978e-07,7.749915121304697951e-01,-2.278370470380858270e-01,-2.991071103653363032e-07,6.891595800972982744e-10,9.528256857166541582e-01,4.047085570977094150e-07,2.572265153581439479e-01,9.826660507764731767e-01,4.846751948237942869e-07,-3.127915114052267853e+00,3.248205032421049299e-01,3.845462881316066839e-02,2.160871756547389262e-09
1.183333333333333348e+00,-2.158733817778391018e-01,-2.619060200755346487e-07,7.749915121323843747e-01,-2.277950694843099977e-01,-2.990520335184178174e-07,6.892716970102741314e-10,9.555543395283597752e-01,4.060543966296136432e-07,2.484842159975386711e-01,9.821982755943323706e-01,4.844444765371916299e-07,-3.153663590858097443e+00,3.296443016222063704e-01,3.843034028207203967e-02,2.151985575573892910e-09
1.186111111111111116e+00,-2.165060584194680449e-01,-2.627366054422295509e-07,7.749915121342991764e-01,-2.277530987194811285e-01,-2.989969655833247696e-07,6.892993190121821101e-10,9.582816888736868099e-01,4.073995927664440729e-07,2.396704364748855898e-01,9.817280571079448626e-01,4.842125531525183036e-07,-3.179391232235719844e+00,3.345037739008549504e-01,3.840590454172339296e-02,2.143026286651867365e-09
1.188888888888888884e+00,-2.171386184897799443e-01,-2.635670378610007014e-07,7.749915121362143111e-01,-2.277111347421097443e-01,-2.989419065581029490e-07,6.894984791450120554e-10,9.610077269736169159e-01,4.087441421646213127e-07,2.307852349360718092e-01,9.812553991343605508e-01,4.839794265524378055e-07,-3.205097908767449599e+00,3.393987991333347054e-01,3.838132182127175496e-02,2.133994002917001996e-09
1.191666666666666652e+00,-2.177710620076257209e-01,-2.643973173565935852e-07,7.749915121381295569e-01,-2.276691775507069804e-01,-2.988868564407966624e-07,6.895287327224330909e-10,9.637324470599042403e-01,4.100880414858791443e-07,2.218286698855457262e-01,9.807803055719144236e-01,4.837450986597052910e-07,-3.230783491483354197e+00,3.443292557474819660e-01,3.835659235475123718e-02,2.124888839910619302e-09
1.194444444444444420e+00,-2.184033889918522153e-01,-2.652274439537483937e-07,7.749915121400451357e-01,-2.276272271437841943e-01,-2.988318152294542400e-07,6.896503298992051612e-10,9.664558423752979133e-01,4.114312873973743193e-07,2.128008001850672237e-01,9.803027803985264743e-01,4.835095714363295397e-07,-3.256447851864129550e+00,3.492950215492111599e-01,3.833171638097100653e-02,2.115710915528889326e-09
1.197222222222222188e+00,-2.190355994613020774e-01,-2.660574176771998125e-07,7.749915121419608255e-01,-2.275852835198533819e-01,-2.987767829221218945e-07,6.896955524055004005e-10,9.691779061737593182e-01,4.127738765717938670e-07,2.037016850524499822e-01,9.798228276700551298e-01,4.832728468827599098e-07,-3.282090861843930618e+00,3.542959737280608756e-01,3.830669414341650314e-02,2.106460349974621572e-09
1.199999999999999956e+00,-2.196676934348138210e-01,-2.668872385516771801e-07,7.749915121438768484e-01,-2.275433466774267333e-01,-2.987217595168487501e-07,6.898181800080172010e-10,9.718986317206755876e-01,4.141158056874601270e-07,1.945313840602961863e-01,9.793404515187001946e-01,4.830349270370995505e-07,-3.307712393813154961e+00,3.593319888627634628e-01,3.828152589015360041e-02,2.097137265709583007e-09
1.202777777777777724e+00,-2.202996709312219081e-01,-2.677169066019043296e-07,7.749915121457930933e-01,-2.275014166150171324e-01,-2.986667450116811253e-07,6.898204420874298748e-10,9.746180122930682144e-01,4.154570714284338757e-07,1.852899571347234042e-01,9.788556561514548671e-01,4.827958139743416956e-07,-3.333312320621182323e+00,3.644029429268337839e-01,3.825621187373574872e-02,2.087741787409201646e-09
1.205555555555555491e+00,-2.209315319693566093e-01,-2.685464218525997470e-07,7.749915121477095603e-01,-2.274594933311376854e-01,-2.986117394046685151e-07,6.899124622289365405e-10,9.773360411797977765e-01,4.167976704846151754e-07,1.759774645540839455e-01,9.783684458486040514e-01,4.825555098056287218e-07,-3.358890515579068481e+00,3.695087112941785601e-01,3.823075235111385306e-02,2.078274041917558004e-09
1.208333333333333481e+00,-2.215632765680440874e-01,-2.693757843284764125e-07,7.749915121496262493e-01,-2.274175768243019702e-01,-2.985567426938602555e-07,6.900229901352084028e-10,9.800527116817642215e-01,4.181375995518422659e-07,1.665939669476770024e-01,9.778788249622678563e-01,4.823140166775336527e-07,-3.384446852462198674e+00,3.746491687447257579e-01,3.820514758354889157e-02,2.068734158204596697e-09
1.211111111111111249e+00,-2.221949047461063420e-01,-2.702049940542420126e-07,7.749915121515432714e-01,-2.273756670930240920e-01,-2.985017548773055766e-07,6.901401568282228283e-10,9.827680171121039310e-01,4.194768553319886558e-07,1.571395252944533527e-01,9.773867979149866159e-01,4.820713367713629451e-07,-3.409981205512897517e+00,3.798241894700720156e-01,3.817939783652703201e-02,2.059122267324274410e-09
1.213888888888889017e+00,-2.228264165223612925e-01,-2.710340510545987279e-07,7.749915121534604046e-01,-2.273337641358185168e-01,-2.984467759530554558e-07,6.901944276521687627e-10,9.854819507963821223e-01,4.208154345330580426e-07,1.476142009217129014e-01,9.768923691983480984e-01,4.818274723024785447e-07,-3.435493449442999392e+00,3.850336470791497767e-01,3.815350337967721855e-02,2.049438502373720339e-09
1.216666666666666785e+00,-2.234578119156227227e-01,-2.718629553542433393e-07,7.749915121553778707e-01,-2.272918679512001272e-01,-2.983918059191614524e-07,6.902583435386411281e-10,9.881945060727819197e-01,4.221533338692776457e-07,1.380180555037953394e-01,9.763955433716535737e-01,4.815824255196406946e-07,-3.460983459436377085e+00,3.902774146039110770e-01,3.812746448669120103e-02,2.039682998453912020e-09
1.219444444444444553e+00,-2.240890909447002532e-01,-2.726917069778671748e-07,7.749915121572955590e-01,-2.272499785376842496e-01,-2.983368447736746495e-07,6.904340224545002513e-10,9.909056762922897610e-01,4.234905500611895797e-07,1.283511510607635853e-01,9.758963250606216278e-01,4.813361987043683194e-07,-3.486451111151434024e+00,3.955553645050298162e-01,3.810128143524571520e-02,2.029855892631380179e-09
1.222222222222222321e+00,-2.247202536283994245e-01,-2.735203059501562685e-07,7.749915121592135803e-01,-2.272080958937866546e-01,-2.982818925146466068e-07,6.905296404124960929e-10,9.936154548188772528e-01,4.248270798357404811e-07,1.186135499570805801e-01,9.753947189561288367e-01,4.810887941703176210e-07,-3.511896280723556085e+00,4.008673686776200729e-01,3.807495450692692518e-02,2.019957323900863182e-09
1.225000000000000089e+00,-2.253512999855216414e-01,-2.743487522957910958e-07,7.749915121611317126e-01,-2.271662200180235569e-01,-2.982269491401317423e-07,6.905426386955015872e-10,9.963238350296796941e-01,4.261629199263697587e-07,1.088053149002793651e-01,9.748907298129846355e-01,4.808402142626781436e-07,-3.537318844767525672e+00,4.062132984569710725e-01,3.804848398715696134e-02,2.009987433148831676e-09
1.227777777777777857e+00,-2.259822300348642010e-01,-2.751770460394468383e-07,7.749915121630500670e-01,-2.271243509089114765e-01,-2.981720146481814570e-07,6.906651084381820738e-10,9.990308103151709362e-01,4.274980670730957264e-07,9.892650893962638692e-02,9.743843624487401600e-01,4.805904613575851451e-07,-3.562718680379900249e+00,4.115930246242977542e-01,3.802187016512237339e-02,1.999946363118780092e-09
1.230555555555555625e+00,-2.266130437952202370e-01,-2.760051872057932775e-07,7.749915121649687544e-01,-2.270824885649675440e-01,-2.981170890368503277e-07,6.907119268900752118e-10,1.001736374079335690e+00,4.288325180226004648e-07,8.897719546477836361e-02,9.738756217425290629e-01,4.803395378615481669e-07,-3.588095665141354029e+00,4.170064174125067691e-01,3.799511333370466509e-02,1.989834258376359329e-09
1.233333333333333393e+00,-2.272437412853788030e-01,-2.768331758194946895e-07,7.749915121668875528e-01,-2.270406329847091675e-01,-2.980621723041924552e-07,6.908386900733587410e-10,1.004440519739837612e+00,4.301662695283129897e-07,7.895743820443271166e-02,9.733645126339390830e-01,4.800874462108940045e-07,-3.613449677118983683e+00,4.224533465119771347e-01,3.796821378941252212e-02,1.979651265276319305e-09
1.236111111111111160e+00,-2.278743225241248449e-01,-2.776610119052099502e-07,7.749915121688066844e-01,-2.269987841666543382e-01,-2.980072644482628930e-07,6.909131305271598578e-10,1.007143240728185507e+00,4.314993183504910437e-07,6.886730122497163042e-02,9.728510401219142567e-01,4.798341888712254532e-07,-3.638780594868579854e+00,4.279336810763549881e-01,3.794117183231596191e-02,1.969397531929868412e-09
1.238888888888888928e+00,-2.285047875302391451e-01,-2.784886954875926948e-07,7.749915121707261489e-01,-2.269569421093213246e-01,-2.979523654671178592e-07,6.910214865596397971e-10,1.009844530489895753e+00,4.328316612563011935e-07,5.870684892909996955e-02,9.723352092636846633e-01,4.795797683368933944e-07,-3.664088297436863595e+00,4.334472897283623283e-01,3.791398776598216280e-02,1.959073208172995808e-09
1.241666666666666696e+00,-2.291351363224984339e-01,-2.793162265912909998e-07,7.749915121726457246e-01,-2.269151068112288672e-01,-2.978974753588123016e-07,6.911103876683366565e-10,1.012544382484652061e+00,4.341632950198976570e-07,4.847614605447693459e-02,9.718170251737240362e-01,4.793241871304826475e-07,-3.689372664363688603e+00,4.389940405656185818e-01,3.788666189741284052e-02,1.948678445535852498e-09
1.244444444444444464e+00,-2.297653689196752780e-01,-2.801436052409475946e-07,7.749915121745655222e-01,-2.268732782708961504e-01,-2.978425941214046088e-07,6.911412761545498995e-10,1.015419360958242478e+00,4.373171007455392524e-07,4.699304252431316803e-02,1.034930102486161019e+00,1.135301885854989886e-06,-5.406957933584447540e-01,4.321918453737093324e-02,4.167721110478900259e-02,4.131227968037298047e-08
1.247222222222222232e+00,-2.303954853405381642e-01,-2.809708314611998619e-07,7.749915121764856529e-01,-2.268314564868428029e-01,-2.977877217529511580e-07,6.912944140735621801e-10,1.018228559504720021e+00,4.353710195317255720e-07,4.868896445984945837e-02,1.011250094300725433e+00,-7.005467140988171411e-07,6.036842530671411300e-01,4.392720585308986653e-02,4.026017457422767509e-02,-6.883369780369463110e-08
1.250000000000000000e+00,-2.310254856038514160e-01,-2.817979052766797315e-07,7.749915121784060057e-01,-2.267896414575888975e-01,-2.977328582515099672e-07,6.913342780190401271e-10,1.021037078339540161e+00,4.334254091903210039e-07,5.030881201813838105e-02,1.011005813181086177e+00,-7.003774875774610773e-07,5.762993730527286029e-01,4.294212101628699929e-02,4.024928105968216679e-02,-6.881860649728355639e-08
1.252777777777777768e+00,-2.316553697283753321e-01,-2.826248267120136806e-07,7.749915121803265805e-01,-2.267478331816548676e-01,-2.976780036151377311e-07,6.914205701036291174e-10,1.023844921998759983e+00,4.314802665789575629e-07,5.185260609850565749e-02,1.010763151322102038e+00,-7.002093828040657480e-07,5.489219871894739367e-01,4.200238097610341920e-02,4.023848409297718642e-02,-6.880358329360633697e-08
1.255555555555555536e+00,-2.322851377328659928e-01,-2.834515957918228923e-07,7.749915121822472663e-01,-2.267060316575616463e-01,-2.976231578418956971e-07,6.914866786805751175e-10,1.026652094863486075e+00,4.295355886626097905e-07,5.332036727606331156e-02,1.010522052489637224e+00,-7.000423608222552202e-07,5.215519796200074332e-01,4.110794169596759112e-02,4.022778030019768386e-02,-6.878862585510592330e-08
1.258333333333333304e+00,-2.329147896360754810e-01,-2.842782125407231499e-07,7.749915121841683963e-01,-2.266642368838304722e-01,-2.975683209298418305e-07,6.915992917244651039e-10,1.029458601154829678e+00,4.275913725170895598e-07,5.471211581152244513e-02,1.010282458629469859e+00,-6.998763814147826562e-07,4.941892380669243301e-01,4.025875990978169949e-02,4.021716619822345018e-02,-6.877373176857271670e-08
1.261111111111111072e+00,-2.335443254567516891e-01,-2.851046769833247839e-07,7.749915121860896372e-01,-2.266224488589831110e-01,-2.975134928770366376e-07,6.917241120174555391e-10,1.032264444928827185e+00,4.256476153325645976e-07,5.602787166154050980e-02,1.010044309856581890e+00,-6.997114030961119987e-07,4.668336540266703194e-01,3.945479309689313430e-02,4.020663819408643036e-02,-6.875889854470000937e-08
1.263888888888888840e+00,-2.341737452136384567e-01,-2.859309891442328308e-07,7.749915121880112112e-01,-2.265806675815418281e-01,-2.974586736815400953e-07,6.917526395450179777e-10,1.035069630071348001e+00,4.237043144170866409e-07,5.726765448961827765e-02,1.009807544452591133e+00,-6.995473831106379317e-07,4.394851229686734251e-01,3.869599945581988359e-02,4.019619258481670065e-02,-6.874412361797688766e-08
1.266666666666666607e+00,-2.348030489254754882e-01,-2.867571490480468745e-07,7.749915121899330073e-01,-2.265388930500291109e-01,-2.974038633414134510e-07,6.919128638094296235e-10,1.037874160293013714e+00,4.217614672001108593e-07,5.843148367755904293e-02,1.009572098872195012e+00,-6.993842774371500612e-07,4.121435445387786056e-01,3.798233787669953732e-02,4.018582555782907600e-02,-6.872940434695621215e-08
1.269444444444444597e+00,-2.354322366109984077e-01,-2.875831567193610460e-07,7.749915121918550254e-01,-2.264971252629680576e-01,-2.973490618547200699e-07,6.919761985635375368e-10,1.040678039124155019e+00,4.198190712359893893e-07,5.951937833749981061e-02,1.009337907759471964e+00,-6.992220408001262997e-07,3.848088227658660321e-01,3.731376791243774110e-02,4.017553319190118877e-02,-6.871473801493238956e-08
1.272222222222222365e+00,-2.360613082889387038e-01,-2.884090121827642883e-07,7.749915121937772655e-01,-2.264553642188821270e-01,-2.972942692195204582e-07,6.920612676680759634e-10,1.043481269909837028e+00,4.178771242074177523e-07,6.053135732452055717e-02,1.009104903974843648e+00,-6.990606266884105781e-07,3.574808662703554685e-01,3.669024974854089710e-02,4.016531145879122244e-02,-6.870012183106146798e-08
1.275000000000000133e+00,-2.366902639780238404e-01,-2.892347154628399855e-07,7.749915121956997277e-01,-2.264136099162951943e-01,-2.972394854338784044e-07,6.920854635911188879e-10,1.046283855804982066e+00,4.159356239288134574e-07,6.146743924983383289e-02,1.008873018633422936e+00,-6.988999873817786578e-07,3.301595884731221564e-01,3.611174417162608952e-02,4.015515622553880726e-02,-6.868555293195576898e-08
1.277777777777777901e+00,-2.373191036969770906e-01,-2.900602665841662281e-07,7.749915121976224119e-01,-2.263718623537314678e-01,-2.971847104958562678e-07,6.922003855519553994e-10,1.049085799769624572e+00,4.139945683496031249e-07,6.232764249455238076e-02,1.008642181155382511e+00,-6.987400739858310173e-07,3.028449078031797415e-01,3.557821253661209299e-02,4.014506325748711663e-02,-6.867102838377691932e-08
1.280555555555555669e+00,-2.379478274645176750e-01,-2.908856655713157065e-07,7.749915121995454292e-01,-2.263301215297158220e-01,-2.971299444035185781e-07,6.923317336093859353e-10,1.051887104564332098e+00,4.120539555573949417e-07,6.311198522402766686e-02,1.008412319328848561e+00,-6.985808364755626391e-07,2.755367479023279609e-01,3.508961673260648645e-02,4.013502822205648746e-02,-6.865654518485042985e-08
1.283333333333333437e+00,-2.385764352993606785e-01,-2.917109124488557115e-07,7.749915122014686686e-01,-2.262883874427733255e-01,-2.970751871549296532e-07,6.923940761016655898e-10,1.054687772745827257e+00,4.101137837810113571e-07,6.382048540274690152e-02,1.008183359385673272e+00,-6.984222237478550179e-07,2.482350378248253386e-01,3.464591914751610768e-02,4.012504669329079732e-02,-6.864210026881496404e-08
1.286111111111111205e+00,-2.392049272202171617e-01,-2.925360072413481867e-07,7.749915122033921300e-01,-2.262466600914296022e-01,-2.970204387481544993e-07,6.924782275374852247e-10,1.057487806662846808e+00,4.081740513933573485e-07,6.445316080977034345e-02,1.007955226090264667e+00,-6.982641836830127863e-07,2.209397122300358063e-01,3.424708263142133002e-02,4.011511415718721496e-02,-6.862769050831467371e-08
1.288888888888888973e+00,-2.398333032457940495e-01,-2.933609499733496762e-07,7.749915122053158134e-01,-2.262049394742106367e-01,-2.969656991812582815e-07,6.925503504007224365e-10,1.060287208452276531e+00,4.062347569140985801e-07,6.501002905468515614e-02,1.007727842841444232e+00,-6.981066632153263241e-07,1.936507115659212019e-01,3.389307045876824298e-02,4.010522601780769358e-02,-6.861331271923282849e-08
1.291666666666666741e+00,-2.404615633947941589e-01,-2.941857406694114298e-07,7.749915122072397189e-01,-2.261632255896428578e-01,-2.969109684523071705e-07,6.926684122110504660e-10,1.063085980035593625e+00,4.042958990121255813e-07,6.549110759404561111e-02,1.007501131787086779e+00,-6.979496084124886146e-07,1.663679822412129639e-01,3.358384628944680733e-02,4.009537760415735064e-02,-6.859896366545695851e-08
1.294444444444444509e+00,-2.410897076859162269e-01,-2.950103793540792448e-07,7.749915122091639574e-01,-2.261215184362531661e-01,-2.968562465593689253e-07,6.927701953762799292e-10,1.065884123115654836e+00,4.023574765077789544e-07,6.589641374826399334e-02,1.007275013951058007e+00,-6.977929645635317696e-07,1.390914767841053834e-01,3.331937412883744648e-02,4.008556417780069492e-02,-6.858464006415510204e-08
1.297222222222222276e+00,-2.417177361378549105e-01,-2.958348660518935715e-07,7.749915122110883070e-01,-2.260798180125688228e-01,-2.968015335005106169e-07,6.928184345666998922e-10,1.068681639173860498e+00,4.004194883748138035e-07,6.622596471891009640e-02,1.007049409371723048e+00,-6.976366762747797691e-07,1.118211539853702086e-01,3.309961828692208063e-02,4.007578094117218714e-02,-6.857033859153274431e-08
1.300000000000000044e+00,-2.423456487693007866e-01,-2.966592007873895133e-07,7.749915122130129896e-01,-2.260381243171175059e-01,-2.967468292738002688e-07,6.928811257383982181e-10,1.071478529467726482e+00,3.984819337420822592e-07,6.647977760637206746e-02,1.006824237251056520e+00,-6.974806875731434938e-07,8.455697902390353626e-02,3.292454333656920362e-02,4.006602304652281260e-02,-6.855605588903063700e-08
1.302777777777777812e+00,-2.429734455989402964e-01,-2.974833835850967209e-07,7.749915122149378943e-01,-2.259964373484274203e-01,-2.966921338773048991e-07,6.929389909093863764e-10,1.074274795028888452e+00,3.965448118949152012e-07,6.665786942782585267e-02,1.006599416113145518e+00,-6.973249420159255234e-07,5.729892357288021709e-02,3.279411407111480770e-02,4.005628560543025851e-02,-6.854178856991296755e-08
1.305555555555555580e+00,-2.436011266454558288e-01,-2.983074144695396038e-07,7.749915122168630210e-01,-2.259547571050270487e-01,-2.966374473090944901e-07,6.930311775843467359e-10,1.077070436661565767e+00,3.946081222761871905e-07,6.676025713545605256e-02,1.006374863970666222e+00,-6.971693828061470607e-07,3.004696588490719800e-02,3.270829546137214022e-02,4.004656369878753508e-02,-6.852753322618732722e-08
1.308333333333333348e+00,-2.442286919275256651e-01,-2.991312934652371718e-07,7.749915122187883698e-01,-2.259130835854454011e-01,-2.965827695672387597e-07,6.931393532055851736e-10,1.079865454941498992e+00,3.926718644870520645e-07,6.678695763486693082e-02,1.006150498497718093e+00,-6.970139529122791093e-07,2.801090854831028015e-03,3.266705261221283796e-02,4.003685238717299977e-02,-6.851328643578823863e-08
1.311111111111111116e+00,-2.448561414638240341e-01,-2.999550205967029820e-07,7.749915122207140517e-01,-2.258714167882118484e-01,-2.965281006498072668e-07,6.932592121894343151e-10,1.082659850215379027e+00,3.907360382873386603e-07,6.673798780361933636e-02,1.005926237207243945e+00,-6.968585951911508714e-07,-2.443870994083922193e-02,3.267035071886956188e-02,4.002714672149557118e-02,-6.849904476995170259e-08
1.313888888888888884e+00,-2.454834752730210845e-01,-3.007785958884454033e-07,7.749915122226398445e-01,-2.258297567118563165e-01,-2.964734405548707881e-07,6.933130979047685827e-10,1.085453622600774271e+00,3.888006435956011601e-07,6.661336450982709156e-02,1.005701997631147648e+00,-6.967032525127270186e-07,-5.167243822859430430e-02,3.271815502311570256e-02,4.001744175380179264e-02,-6.848480480070198993e-08
1.316666666666666652e+00,-2.461106933737828295e-01,-3.016020193649672460e-07,7.749915122245659704e-01,-2.257881033549089256e-01,-2.964187892805002059e-07,6.934773831568374902e-10,1.088246771986559835e+00,3.868656804888216769e-07,6.641310463074505399e-02,1.005477697501151235e+00,-6.965478678853964644e-07,-7.890008904701092951e-02,3.281043076948110537e-02,4.000773254812726998e-02,-6.847056310836880745e-08
1.319444444444444420e+00,-2.467377957847712300e-01,-3.024252910507661322e-07,7.749915122264923184e-01,-2.257464567159004898e-01,-2.963641468247680969e-07,6.935415453740434444e-10,1.091039298033847027e+00,3.849311492017661916e-07,6.613722507128114159e-02,1.005253254928409223e+00,-6.963923845804016097e-07,-1.061216507802278664e-01,3.294714316166323653e-02,3.999801419127350932e-02,-6.845631628905321842e-08
1.322222222222222188e+00,-2.473647825246441945e-01,-3.032484109703342314e-07,7.749915122284188884e-01,-2.257048167933620453e-01,-2.963095131857461375e-07,6.936286961467530432e-10,1.093831200177406648e+00,3.829970501259993482e-07,6.578574278236527795e-02,1.005028588579932158e+00,-6.962367462540556686e-07,-1.333371052154057046e-01,3.312825731929196216e-02,3.998828180339333849e-02,-6.844206096196048614e-08
1.324999999999999956e+00,-2.479916536120554960e-01,-3.040713791481584191e-07,7.749915122303457915e-01,-2.256631835858251278e-01,-2.962548883615068515e-07,6.936572202048685298e-10,1.096622477627569703e+00,3.810633838085666288e-07,6.535867477911019852e-02,1.004803617849944430e+00,-6.960808970664516883e-07,-1.605464276234051524e-01,3.335373823520176167e-02,3.997853054827240488e-02,-6.842779377652272111e-08
1.327777777777777724e+00,-2.486184090656548829e-01,-3.048941956087201709e-07,7.749915122322728056e-01,-2.256215570918216062e-01,-2.962002723501238210e-07,6.937698349834819922e-10,1.099413129372592612e+00,3.791301509503567747e-07,6.485603815870184807e-02,1.004578263024428875e+00,-6.959247817954509496e-07,-1.877495868615830510e-01,3.362355073335890343e-02,3.996875564320178514e-02,-6.841351141923819557e-08
1.330555555555555713e+00,-2.492450489040879680e-01,-3.057168603764956156e-07,7.749915122342001528e-01,-2.255799373098839877e-01,-2.961456651496715815e-07,6.938385872790053810e-10,1.102203154181460754e+00,3.771973524041591692e-07,6.427785011796084691e-02,1.004352445437272090e+00,-6.957683459448538387e-07,-2.149465454973051026e-01,3.393765942758298487e-02,3.995895236834676179e-02,-6.839921062016166736e-08
1.333333333333333481e+00,-2.498715731459963396e-01,-3.065393734759555879e-07,7.749915122361277220e-01,-2.255383242385449460e-01,-2.960910667582246153e-07,6.939890242335655657e-10,1.104992550607105661e+00,3.752649891724348170e-07,6.362412797052076352e-02,1.004126087616623142e+00,-6.956115358457894792e-07,-2.421372599505162704e-01,3.429602868119166481e-02,3.994911607552834032e-02,-6.838488815898758518e-08
1.336111111111111249e+00,-2.504979818100174782e-01,-3.073617349315655227e-07,7.749915122380555133e-01,-2.254967178763378211e-01,-2.960364771738574047e-07,6.939908578362796732e-10,1.107781316990007259e+00,3.733330624048215683e-07,6.289488916357427462e-02,1.003899113420299027e+00,-6.954542987505187019e-07,-2.693216806534998176e-01,3.469862256768612568e-02,3.993924219634753525e-02,-6.837054087067829171e-08
1.338888888888889017e+00,-2.511242749147848397e-01,-3.081839447677855082e-07,7.749915122399835266e-01,-2.254551182217961192e-01,-2.959818963946443792e-07,6.941286018191661356e-10,1.110569451462146473e+00,3.714015733953955544e-07,6.209015129414362927e-02,1.003671448159309199e+00,-6.952965829180062892e-07,-2.964997522257991625e-01,3.514540483258158515e-02,3.992932624959689980e-02,-6.835616565059836671e-08
1.341666666666666785e+00,-2.517504524789277442e-01,-3.090060030090702856e-07,7.749915122419117619e-01,-2.254135252734539852e-01,-2.959273244186647327e-07,6.941777448005170825e-10,1.113356951951275597e+00,3.694705235797131379e-07,6.120993212483762103e-02,1.003443018708818135e+00,-6.951383376907902744e-07,-3.236714136621741122e-01,3.563633885647378430e-02,3.991936384791822806e-02,-6.834175945912723764e-08
1.344444444444444553e+00,-2.523765145210715155e-01,-3.098279096798692489e-07,7.749915122438403303e-01,-2.253719390298458414e-01,-2.958727612439927358e-07,6.943034029649464145e-10,1.116143816185468873e+00,3.675399145316579906e-07,6.025424959906348910e-02,1.003213753606106540e+00,-6.949795135628446324e-07,-3.508365985314109703e-01,3.617138761941802311e-02,3.990935070368026305e-02,-6.832731932573001993e-08
1.347222222222222321e+00,-2.530024610598373136e-01,-3.106496648046265516e-07,7.749915122457691208e-01,-2.253303594895066930e-01,-2.958182068687075296e-07,6.943667429232247557e-10,1.118930041697918876e+00,3.656097479601187129e-07,5.922312185566813020e-02,1.002983583135328871e+00,-6.948200622382963454e-07,-3.779952351838073987e-01,3.675051366668292963e-02,3.989928263406412878e-02,-6.831284235248145203e-08
1.350000000000000089e+00,-2.536282921138423019e-01,-3.114712684077808411e-07,7.749915122476980223e-01,-2.252887866509717674e-01,-2.957636612908857669e-07,6.944201585284970335e-10,1.121715625831940288e+00,3.636800257055226694e-07,5.811656724298897014e-02,1.002752439399089868e+00,-6.946599366810090177e-07,-4.051472469651959951e-01,3.737367907592751420e-02,3.988915556535793661e-02,-6.829832571704026484e-08
1.352777777777777857e+00,-2.542540077016995359e-01,-3.122927205137655770e-07,7.749915122496272568e-01,-2.252472205127768745e-01,-2.957091245086055829e-07,6.945202173785913757e-10,1.124500565746145098e+00,3.617507497362502862e-07,5.693460433230064510e-02,1.002520256377051444e+00,-6.944990911551839168e-07,-4.322925524354555016e-01,3.804084542583541922e-02,3.987896553647317377e-02,-6.828376667508552635e-08
1.355555555555555625e+00,-2.548796078420180189e-01,-3.131140211470088187e-07,7.749915122515567134e-01,-2.252056610734581577e-01,-2.956545965199469128e-07,6.945981810557722014e-10,1.127284858419755231e+00,3.598219221449551695e-07,5.567725193064902017e-02,1.002286969971973418e+00,-6.943374812572542591e-07,-4.594310655895755269e-01,3.875197376622856182e-02,3.986870870170716730e-02,-6.826916256223047293e-08
1.358333333333333393e+00,-2.555050925534027018e-01,-3.139351703319332791e-07,7.749915122534865031e-01,-2.251641083315522041e-01,-2.956000773229887916e-07,6.947129191359202594e-10,1.130068500658017117e+00,3.578935451448130199e-07,5.434452909306931173e-02,1.002052518043723639e+00,-6.941750639394460657e-07,-4.865626960794833811e-01,3.950702458966889874e-02,3.985838133278371553e-02,-6.825451079543574407e-08
1.361111111111111160e+00,-2.561304618544544831e-01,-3.147561680929563240e-07,7.749915122554165148e-01,-2.251225622855960173e-01,-2.955455669158120016e-07,6.948457590555401353e-10,1.132851489097687070e+00,3.559656210657215785e-07,5.293645513418952092e-02,1.001816840431927425e+00,-6.940117975254688126e-07,-5.136873494350030489e-01,4.030595780454689081e-02,3.984797982021200113e-02,-6.823980887395120361e-08
1.363888888888888928e+00,-2.567557157637700982e-01,-3.155770144544900782e-07,7.749915122573466375e-01,-2.250810229341271007e-01,-2.954910652964961603e-07,6.949119144700199868e-10,1.135633820212557987e+00,3.540381523504720901e-07,5.145304963922470859e-02,1.001579878968014370e+00,-6.938476417188608233e-07,-5.408049272824911879e-01,4.114873270964473917e-02,3.983750067400942257e-02,-6.822505437981629800e-08
1.366666666666666696e+00,-2.573808542999423965e-01,-3.163977094409412138e-07,7.749915122592770933e-01,-2.250394902756832627e-01,-2.954365724631229497e-07,6.949893143620711200e-10,1.138415490318997803e+00,3.521111415509122977e-07,4.989433247437125019e-02,1.001341577477487643e+00,-6.936825576045609380e-07,-5.679153275598737283e-01,4.203530797015388870e-02,3.982694052383776301e-02,-6.821024497795471223e-08
1.369444444444444464e+00,-2.580058774815600642e-01,-3.172182530767111616e-07,7.749915122612078822e-01,-2.249979643088027836e-01,-2.953820884137736815e-07,6.950996167542911053e-10,1.141196495581476844e+00,3.501845913241177469e-07,4.826032379661335248e-02,1.001101881773285074e+00,-6.935165076443098658e-07,-5.950184447269872834e-01,4.296564159511814807e-02,3.981629611860484919e-02,-6.819537841589822381e-08
1.372222222222222232e+00,-2.586307853272076795e-01,-3.180386453861959001e-07,7.749915122631387820e-01,-2.249564450320243603e-01,-2.953276131465309377e-07,6.951703726554292473e-10,1.143941227643236802e+00,3.467672242666574756e-07,4.833196016960226993e-02,9.879810381139154662e-01,-1.231500365077915103e-06,2.237300903643001798e-02,3.157545559349432540e-02,3.903278223395273416e-02,-1.004695070878626853e-07
1.375000000000000000e+00,-2.592555778554657686e-01,-3.188588863937862723e-07,7.749915122650699040e-01,-2.249149324438871056e-01,-2.952731466594762946e-07,6.952270703575180733e-10,1.146684587088755425e+00,3.433382587398433463e-07,4.836623099537187831e-02,9.874849088883597137e-01,-1.235318892416073996e-06,9.023986361990999142e-03,3.153263903604382884e-02,3.900675061335173721e-02,-1.006937167443173021e-07
1.377777777777777768e+00,-2.598802550849109161e-01,-3.196789761238676686e-07,7.749915122670013590e-01,-2.248734265429305212e-01,-2.952186889506942931e-07,6.953359069084008581e-10,1.149426554911413989e+00,3.399004847758661672e-07,4.836412082745945862e-02,9.869824787227930996e-01,-1.238299009422832464e-06,-3.997917290252757730e-03,3.150007450793551600e-02,3.898034033450383656e-02,-1.008676225709324257e-07
1.380555555555555536e+00,-2.605048170341155989e-01,-3.204989146008202383e-07,7.749915122689330360e-01,-2.248319273276946362e-01,-2.951642400182684152e-07,6.954247802615221019e-10,1.152167117771888849e+00,3.364558079178792263e-07,4.832632819606234864e-02,9.864757323843222903e-01,-1.240629228555871901e-06,-1.679288067543824661e-02,3.147721394235189485e-02,3.895367048356682127e-02,-1.010025353149964672e-07
1.383333333333333304e+00,-2.611292637216482415e-01,-3.213187018490186778e-07,7.749915122708649351e-01,-2.247904347967198402e-01,-2.951097998602835194e-07,6.954956593280270383e-10,1.154906267522326280e+00,3.330058095254245754e-07,4.825328954336807752e-02,9.859665015734753180e-01,-1.242414475458727898e-06,-2.945338465849795667e-02,3.146380660376103117e-02,3.892685096270373513e-02,-1.011047505149491779e-07
1.386111111111111072e+00,-2.617535951660731053e-01,-3.221383378928324958e-07,7.749915122727970562e-01,-2.247489489485468839e-01,-2.950553684748241996e-07,6.956083365566856358e-10,1.157644000801521189e+00,3.295518241081272319e-07,4.814519953317317191e-02,9.854564736822510884e-01,-1.243739754718296062e-06,-4.206467631860132117e-02,3.145986100793814882e-02,3.889998301556583937e-02,-1.011793684458319343e-07
1.388888888888888840e+00,-2.623778113859505656e-01,-3.229578227566258008e-07,7.749915122747293994e-01,-2.247074697817169897e-01,-2.950009458599764260e-07,6.956978014505121877e-10,1.160380318640968245e+00,3.260949724794810658e-07,4.800203075127678493e-02,9.849471949118691061e-01,-1.244679634055863459e-06,-5.470494764684803723e-02,3.146561335581106456e-02,3.887315941435761507e-02,-1.012308631707496869e-07
1.391666666666666829e+00,-2.630019123998368347e-01,-3.237771564647574075e-07,7.749915122766620756e-01,-2.246659972947718242e-01,-2.949465320138269100e-07,6.957562408149708943e-10,1.163115226075658093e+00,3.226361854657098986e-07,4.782355311129260489e-02,9.844400715989635176e-01,-1.245300547081624475e-06,-6.744542178493471984e-02,3.148150065005649034e-02,3.884646453940834854e-02,-1.012632207061418830e-07
1.394444444444444597e+00,-2.636258982262841277e-01,-3.245963390415808367e-07,7.749915122785948629e-01,-2.246245314862534426e-01,-2.948921269344611982e-07,6.958586519500986611e-10,1.165848731756333301e+00,3.191762248268994943e-07,4.760935313749326686e-02,9.839363705234888124e-01,-1.245661539115433990e-06,-8.035038582793564699e-02,3.150813707884334014e-02,3.881997439764652003e-02,-1.012799837710275383e-07
1.397222222222222365e+00,-2.642497688838406078e-01,-3.254153705114443150e-07,7.749915122805279832e-01,-2.245830723547042607e-01,-2.948377306199670610e-07,6.959445641302464125e-10,1.168580847561524916e+00,3.157157030044887461e-07,4.735885321498240624e-02,9.834372187432108836e-01,-1.245814625597209267e-06,-9.347719767456377782e-02,3.154629252835713937e-02,3.879375661266927511e-02,-1.012842732916295989e-07
1.400000000000000133e+00,-2.648735243910503301e-01,-3.262342508986907224e-07,7.749915122824613256e-01,-2.245416198986672496e-01,-2.947833430684323213e-07,6.960386138982199711e-10,1.171311588209048349e+00,3.122551020648291343e-07,4.707133082939587987e-02,9.829436034259179111e-01,-1.245805071140195676e-06,-1.068762906240239008e-01,3.159687232845712762e-02,3.876787041467502637e-02,-1.012788051445706410e-07
1.402777777777777901e+00,-2.654971647664533529e-01,-3.270529802276575389e-07,7.749915122843948900e-01,-2.245001741166857134e-01,-2.947289642779451201e-07,6.961205726435659713e-10,1.174040970867826994e+00,3.087947918474378980e-07,4.674593775846718618e-02,9.824563720949646140e-01,-1.245671682491510108e-06,-1.205911965672768205e-01,3.166089756086527124e-02,3.874236665519616152e-02,-1.012659077345056609e-07
1.405555555555555669e+00,-2.661206900285857380e-01,-3.278715585226771094e-07,7.749915122863287875e-01,-2.244587350073034004e-01,-2.946745942465939156e-07,6.961584364528761171e-10,1.176769014771945843e+00,3.053350472052980084e-07,4.638171912606355723e-02,9.819762336448826234e-01,-1.245447148302851657e-06,-1.346586056219442884e-01,3.173948547284205501e-02,3.871728786803565331e-02,-1.012475423803645529e-07
1.408333333333333437e+00,-2.667441001959793834e-01,-3.286899858080763261e-07,7.749915122882629070e-01,-2.244173025690644196e-01,-2.946202329724686485e-07,6.962901158424905645e-10,1.179495740839686890e+00,3.018760641773808917e-07,4.597763218685116393e-02,9.815037604151026773e-01,-1.245158439071711996e-06,-1.491084765918302968e-01,3.183382974122300063e-02,3.869266839369035760e-02,-1.012253273118248859e-07
1.411111111111111205e+00,-2.673673952871623016e-01,-3.295082621081768929e-07,7.749915122901971376e-01,-2.243758768005133797e-01,-2.945658804536593126e-07,6.963617755345596905e-10,1.182221171300934959e+00,2.984179749174851814e-07,4.553256467803679791e-02,9.810393915302074719e-01,-1.244827270757584104e-06,-1.639642086372245788e-01,3.194518051754008381e-02,3.866853457976623942e-02,-1.012005654862843722e-07
1.413888888888888973e+00,-2.679905753206582864e-01,-3.303263874472951670e-07,7.749915122921317012e-01,-2.243344577001952778e-01,-2.945115366882558484e-07,6.964366652817410852e-10,1.184945329336738018e+00,2.949608612097383696e-07,4.504535255493524737e-02,9.805834376265899488e-01,-1.244470627975358833e-06,-1.792428801195825872e-01,3.207482434770850266e-02,3.864490506457782248e-02,-1.011742759804645600e-07
1.416666666666666741e+00,-2.686136403149871898e-01,-3.311443618497421587e-07,7.749915122940665979e-01,-2.242930452666554719e-01,-2.944572016743497850e-07,6.965325989594095546e-10,1.187668238734943538e+00,2.915047664291930372e-07,4.451479692020206963e-02,9.801360869921688090e-01,-1.244101334630370017e-06,-1.949555559443088004e-01,3.222406419156112478e-02,3.862179114553113135e-02,-1.011472282285136790e-07
1.419444444444444509e+00,-2.692365902886648121e-01,-3.319621853398235843e-07,7.749915122960016056e-01,-2.242516394984398476e-01,-2.944028754100328629e-07,6.966265168883989389e-10,1.190389923565717600e+00,2.880497058535722836e-07,4.393967996242839624e-02,9.796974130539712888e-01,-1.243728653371336827e-06,-2.111076601676616649e-01,3.239419986163178528e-02,3.859919722837868578e-02,-1.011199779891831720e-07
1.422222222222222276e+00,-2.698594252602029564e-01,-3.327798579418399191e-07,7.749915122979369464e-01,-2.242102403940945954e-01,-2.943485578933977228e-07,6.967676019487001327e-10,1.193110407880391577e+00,2.845956752943641474e-07,4.331877973754489491e-02,9.792673830643007227e-01,-1.243358890423678662e-06,-2.276994064723886491e-01,3.258650925268572612e-02,3.857712134838952450e-02,-1.010929036358265089e-07
1.425000000000000044e+00,-2.704821452481093180e-01,-3.335973796800863444e-07,7.749915122998723982e-01,-2.241688479521664612e-01,-2.942942491225362112e-07,6.968253179334693570e-10,1.195829715436520946e+00,2.811426580840171403e-07,4.265088365438259727e-02,9.788458677660029084e-01,-1.242995980985345621e-06,-2.447262756543294171e-01,3.280223074284585594e-02,3.855555575026518855e-02,-1.010662412801489878e-07
1.427777777777777812e+00,-2.711047502708875956e-01,-3.344147505788526416e-07,7.749915123018081831e-01,-2.241274621712024684e-01,-2.942399490955412864e-07,6.968766431969530828e-10,1.198547869544607902e+00,2.776908315404822381e-07,4.193479589677798908e-02,9.784327189356344379e-01,-1.242497298853984660e-06,-2.621828852242578112e-01,3.304260389216771843e-02,3.853449154072983995e-02,-1.010314333498377980e-07
1.430555555555555580e+00,-2.717272403470374353e-01,-3.352319706624233513e-07,7.749915123037441900e-01,-2.240860830497500844e-01,-2.941856578105079712e-07,6.970507105547030235e-10,1.201264921253179629e+00,2.742404689021441430e-07,4.116792746873771530e-02,9.780392993682439640e-01,-1.241971351799630311e-06,-2.806398251370846308e-01,3.331924324464721754e-02,3.851461048761713191e-02,-1.009949903109235360e-07
1.433333333333333348e+00,-2.723496154950544312e-01,-3.360490399550777730e-07,7.749915123056805299e-01,-2.240447105863573318e-01,-2.941313752655300181e-07,6.970869576017335589e-10,1.203980864671943873e+00,2.707910462931600493e-07,4.035052887601451449e-02,9.776403826210853243e-01,-1.241913299315322822e-06,-2.988381805875030550e-01,3.361137073267830150e-02,3.849439900449296015e-02,-1.009866217328170704e-07
1.436111111111111116e+00,-2.729718757334301804e-01,-3.368659584810898062e-07,7.749915123076169809e-01,-2.240033447795724275e-01,-2.940771014587017616e-07,6.971677384698393709e-10,1.206695715680204284e+00,2.673419864474287578e-07,3.948175790681285324e-02,9.772489463500326767e-01,-1.241578435139178225e-06,-3.174284171947618916e-01,3.393127652686038498e-02,3.847463575084043852e-02,-1.009616452396338499e-07
1.438888888888888884e+00,-2.735940210806522277e-01,-3.376827262647281625e-07,7.749915123095536540e-01,-2.239619856279441990e-01,-2.940228363881187541e-07,6.972305042346471637e-10,1.209409493824610493e+00,2.638938394728200037e-07,3.856058289670137584e-02,9.768644172334541853e-01,-1.241251661061815370e-06,-3.363841402314701745e-01,3.427970507902226849e-02,3.845528632749227460e-02,-1.009371549386396021e-07
1.441666666666666652e+00,-2.742160515552041766e-01,-3.384993433302562065e-07,7.749915123114906601e-01,-2.239206331300218067e-01,-2.939685800518779773e-07,6.973134032001171434e-10,1.212122217297806781e+00,2.604465868478468763e-07,3.758603352132578596e-02,9.764863077453455054e-01,-1.240931163317792063e-06,-3.556832694884958235e-01,3.465740316965573026e-02,3.843632148301875939e-02,-1.009130420037365455e-07
1.444444444444444420e+00,-2.748379671755654674e-01,-3.393158097019320620e-07,7.749915123134278883e-01,-2.238792872843547999e-01,-2.939143324480744541e-07,6.974384229863073159e-10,1.214833902824385747e+00,2.570002142962451879e-07,3.655720644457655794e-02,9.761140847610056959e-01,-1.240615445524688466e-06,-3.753014608141014286e-01,3.506498387616327483e-02,3.841770923006840310e-02,-1.008892166518080131e-07
1.447222222222222188e+00,-2.754597679602115434e-01,-3.401321254040085056e-07,7.749915123153653385e-01,-2.238379480894932272e-01,-2.938600935748071249e-07,6.975362631250758838e-10,1.217544565617993513e+00,2.535547112427097540e-07,3.547326744891997341e-02,9.757472012565266972e-01,-1.240303227070616887e-06,-3.952136770408591349e-01,3.550294775367423411e-02,3.839941674733721166e-02,-1.008656020459696529e-07
1.449999999999999956e+00,-2.760814539276138513e-01,-3.409482904607331259e-07,7.749915123173030107e-01,-2.237966155439874982e-01,-2.938058634301740830e-07,6.975606741538298294e-10,1.220254219354909964e+00,2.501100702860549874e-07,3.433345277772045789e-02,9.753851020760091473e-01,-1.239993408443326247e-06,-4.153944635404861474e-01,3.597168136160991403e-02,3.838141072560167372e-02,-1.008421322153152455e-07
1.452777777777777724e+00,-2.767030250962398408e-01,-3.417643048963480590e-07,7.749915123192410160e-01,-2.237552896463884111e-01,-2.937516420122715161e-07,6.976852724022153396e-10,1.222962876161535872e+00,2.466662867646795851e-07,3.313706981699304777e-02,9.750272286829614332e-01,-1.239685038536920744e-06,-4.358181733534916558e-01,3.647145664101374835e-02,3.836365765280272400e-02,-1.008187500933196753e-07
1.455555555555555713e+00,-2.773244814845527983e-01,-3.425801687350903584e-07,7.749915123211792434e-01,-2.237139703952472358e-01,-2.936974293191983646e-07,6.977507720912212719e-10,1.225670546612940948e+00,2.432233584058241608e-07,3.188349725780843108e-02,9.746730228846107735e-01,-1.239377285443554331e-06,-4.564591414569735828e-01,3.700243080556008674e-02,3.834612403750439769e-02,-1.007954057653411164e-07
1.458333333333333481e+00,-2.779458231110122357e-01,-3.433958820011916781e-07,7.749915123231176928e-01,-2.236726577891156309e-01,-2.936432253490553160e-07,6.978264494028607601e-10,1.228377239739641968e+00,2.397812850477880071e-07,3.057218487901786075e-02,9.743219295447469452e-01,-1.239069411233421552e-06,-4.772918090389395296e-01,3.756464640398391591e-02,3.832877657166441215e-02,-1.007720549554202705e-07
1.461111111111111249e+00,-2.785670499940733902e-01,-3.442114447188784309e-07,7.749915123250563642e-01,-2.236313518265457267e-01,-2.935890300999404635e-07,6.979116173866373174e-10,1.231082963039877187e+00,2.363400684235363450e-07,2.920265308553697189e-02,9.739733983202132350e-01,-1.238760750920607742e-06,-4.982907995828109726e-01,3.815803121596854364e-02,3.831158223482367814e-02,-1.007486577642310935e-07
1.463888888888889017e+00,-2.791881621521876133e-01,-3.450268569123716827e-07,7.749915123269952577e-01,-2.235900525060899313e-01,-2.935348435699558712e-07,6.980216890606349978e-10,1.233787722494755990e+00,2.328997119928281077e-07,2.777449233132451081e-02,9.736268844666421396e-01,-1.238450696102024443e-06,-5.194309490523904005e-01,3.878239765082591717e-02,3.829450834245043400e-02,-1.007251776874174934e-07
1.466666666666666785e+00,-2.798091596038021489e-01,-3.458421186058873113e-07,7.749915123289344843e-01,-2.235487598263012354e-01,-2.934806657572015911e-07,6.981341980211164255e-10,1.236491522583801350e+00,2.294602208107716739e-07,2.628736254955284235e-02,9.732818487618541958e-01,-1.238138682999625487e-06,-5.406872925734710345e-01,3.943744132533603258e-02,3.827752254134413751e-02,-1.007015808981256661e-07
1.469444444444444553e+00,-2.804300423673604103e-01,-3.466572298236358479e-07,7.749915123308738218e-01,-2.235074737857329630e-01,-2.934264966597779400e-07,6.981937337308119496e-10,1.239194366298523420e+00,2.260216014203365721e-07,2.474099270633006720e-02,9.729377565903123415e-01,-1.237824184937375456e-06,-5.620350097244930510e-01,4.012273849841346829e-02,3.826059275470276855e-02,-1.006778357956225409e-07
1.472222222222222321e+00,-2.810508104613015368e-01,-3.474721905898226352e-07,7.749915123328134925e-01,-2.234661943829388819e-01,-2.933723362757888349e-07,6.982162660540414123e-10,1.241863411782621274e+00,2.223539556861737434e-07,2.477797104973416056e-02,9.606683345276740837e-01,-1.320063000263901486e-06,1.328559672682131342e-02,2.993897598283273842e-02,3.752814257719594426e-02,-1.056072902806550832e-07
1.475000000000000089e+00,-2.816714639040608925e-01,-3.482870009286477751e-07,7.749915123347533852e-01,-2.234249216164730378e-01,-2.933181846033367100e-07,6.984212461841332598e-10,1.244530450060392424e+00,2.186891490715010867e-07,2.481056452522907921e-02,9.599550576614930275e-01,-1.319095847773584890e-06,1.124422423219251753e-02,2.989554566127971755e-02,3.748906051420700797e-02,-1.055443874807154005e-07
1.477777777777777857e+00,-2.822920027140696231e-01,-3.491016608643059697e-07,7.749915123366934999e-01,-2.233836554848901701e-01,-2.932640416405237352e-07,6.984401806908735466e-10,1.247195494396135640e+00,2.150268929173755021e-07,2.483814371477617577e-02,9.592357997946062698e-01,-1.318187879172698063e-06,9.514055418748893628e-03,2.985222669499990739e-02,3.744961899403626004e-02,-1.054850364980090173e-07
1.480555555555555625e+00,-2.829124269097549882e-01,-3.499161704209866271e-07,7.749915123386339477e-01,-2.233423959867451847e-01,-2.932099073854544094e-07,6.985375645973679326e-10,1.249858530035989901e+00,2.113670631106389469e-07,2.486148004045213300e-02,9.585114529349326729e-01,-1.317326619206810263e-06,8.050475534635693001e-03,2.980895262999851483e-02,3.740987153728889125e-02,-1.054284888170995105e-07
1.483333333333333393e+00,-2.835327365095401952e-01,-3.507305296228740732e-07,7.749915123405746176e-01,-2.233011431205934594e-01,-2.931557818362312202e-07,6.986849918066972975e-10,1.252519544583799327e+00,2.077095091149482645e-07,2.488122701103561568e-02,9.577828406735557909e-01,-1.316522297557930339e-06,6.812296125694283777e-03,2.976568434142553773e-02,3.736986755955993417e-02,-1.053753582187366275e-07
1.486111111111111160e+00,-2.841529315318444548e-01,-3.515447384941472869e-07,7.749915123425153984e-01,-2.232598968849908716e-01,-2.931016649909601488e-07,6.987356179766202047e-10,1.255178527661089394e+00,2.040540451393062279e-07,2.489793723346396884e-02,9.570506587803925269e-01,-1.315788483122843714e-06,5.764722981913612820e-03,2.972240003521640223e-02,3.732964880717437595e-02,-1.053264588365570225e-07
1.488888888888888928e+00,-2.847730119950829253e-01,-3.523587970589799004e-07,7.749915123444565124e-01,-2.232186572784936041e-01,-2.930475568477471768e-07,6.988054961076795024e-10,1.257835470594264704e+00,2.004004393857276327e-07,2.491207805867016664e-02,9.563154951992414166e-01,-1.315142798457943011e-06,4.878354928658977518e-03,2.967908934427977360e-02,3.728925055689005785e-02,-1.052828480237738276e-07
1.491666666666666696e+00,-2.853929779176667680e-01,-3.531727053415403576e-07,7.749915123463978484e-01,-2.231774242996583668e-01,-2.929934574046972795e-07,6.988821899672759130e-10,1.260490366150640362e+00,1.967484012120025873e-07,2.492404478271742496e-02,9.555778468698032935e-01,-1.314607678082543134e-06,4.128341770051408705e-03,2.963574926134503185e-02,3.724870262521894071e-02,-1.052458718513753379e-07
1.494444444444444464e+00,-2.860128293180031478e-01,-3.539864633659918617e-07,7.749915123483395174e-01,-2.231361979470421752e-01,-2.929393666599169679e-07,6.990143724266983938e-10,1.263143208315582688e+00,1.930975662308219709e-07,2.493417179062708613e-02,9.548381338912523830e-01,-1.314211098398094553e-06,3.493675499327178469e-03,2.959238135864016017e-02,3.720803021824134471e-02,-1.052172089032781934e-07
1.497222222222222232e+00,-2.866325662144952324e-01,-3.548000711564922687e-07,7.749915123502812975e-01,-2.230949782192025443e-01,-2.928852846115114291e-07,6.990375743531895836e-10,1.265793992104279564e+00,1.894474796663165947e-07,2.494274196745559224e-02,9.540967114565704899e-01,-1.313987158487134196e-06,2.956593205896630022e-03,2.954898990652267063e-02,3.716725464766600096e-02,-1.051989051242640751e-07
1.500000000000000000e+00,-2.872521886255421930e-01,-3.556135287371942995e-07,7.749915123522234106e-01,-2.230537651146972944e-01,-2.928312112575902974e-07,6.991944506012925942e-10,1.268442713402707422e+00,1.857975787402885433e-07,2.494999464892407384e-02,9.533538799151189957e-01,-1.313976335128594064e-06,2.502073729101383925e-03,2.950558061765327575e-02,3.712639393458438269e-02,-1.051933891208987622e-07
1.502777777777777768e+00,-2.878716965695391483e-01,-3.564268361322453283e-07,7.749915123541657458e-01,-2.230125586320848285e-01,-2.927771465962613013e-07,6.992522689347469012e-10,1.271089368833223210e+00,1.821471754662617755e-07,2.495613234034884526e-02,9.526098932618316528e-01,-1.314225180869916729e-06,2.117413086244801512e-03,2.946215982425386473e-02,3.708546331882225933e-02,-1.052034540458585208e-07
1.505555555555555536e+00,-2.884910900648772758e-01,-3.572399933657874882e-07,7.749915123561083030e-01,-2.229713587699237998e-01,-2.927230906256331220e-07,6.993415551520554274e-10,1.273733955640940607e+00,1.784954419486594800e-07,2.496132639621448726e-02,9.518649663027610730e-01,-1.314785199585533003e-06,1.791866151642292071e-03,2.941873395324834384e-02,3.704447568887252185e-02,-1.052321901314389596e-07
1.508333333333333304e+00,-2.891103691299437006e-01,-3.580530004619576711e-07,7.749915123580510823e-01,-2.229301655267733329e-01,-2.926690433438141761e-07,6.994416937994296646e-10,1.276376471599805829e+00,1.748414031884306349e-07,2.496572171475732252e-02,9.511192822539928926e-01,-1.315709076018506668e-06,1.516266710664222403e-03,2.937530928583919829e-02,3.700344203782997277e-02,-1.052827584620536664e-07
1.511111111111111072e+00,-2.897295337831215511e-01,-3.588658574448875810e-07,7.749915123599941946e-01,-2.228889789011930522e-01,-2.926150047489143096e-07,6.994822655120858101e-10,1.279016915006773614e+00,1.711840514675223027e-07,2.496943702748409544e-02,9.503730264915947190e-01,-1.316992131046248413e-06,1.281339925647039316e-03,2.933189330070258213e-02,3.696237348838830872e-02,-1.053548782901771958e-07
1.513888888888888840e+00,-2.903485840427900144e-01,-3.596785643387035221e-07,7.749915123619374180e-01,-2.228477988917427766e-01,-2.925609748390432627e-07,6.996025460337396140e-10,1.281655284425286867e+00,1.675222500290292383e-07,2.497257772354044211e-02,9.496262769618173394e-01,-1.318705511262467720e-06,1.083181916922869997e-03,2.928848854162909715e-02,3.692127471745218492e-02,-1.054528184112619446e-07
1.516666666666666829e+00,-2.909675199273241697e-01,-3.604911211675267692e-07,7.749915123638809744e-01,-2.228066254969830184e-01,-2.925069536123129988e-07,6.996883142318388593e-10,1.284291578757694730e+00,1.638547053447181061e-07,2.497523222784236996e-02,9.488791609762197155e-01,-1.320893645314099145e-06,9.154202014468974802e-04,2.924510066036946701e-02,3.688015336384471016e-02,-1.055792445439541101e-07
1.519444444444444597e+00,-2.915863414550952104e-01,-3.613035279554730916e-07,7.749915123658247529e-01,-2.227654587154744847e-01,-2.924529410668339462e-07,6.997586832896418585e-10,1.286925797187939979e+00,1.601800544595439146e-07,2.497747486547518408e-02,9.481317737454749706e-01,-1.323575988904442990e-06,7.732868605051165800e-04,2.920173398265788617e-02,3.683901514033579433e-02,-1.057353240302816240e-07
1.522222222222222365e+00,-2.922050486444702777e-01,-3.621157847266532291e-07,7.749915123677687534e-01,-2.227242985457784097e-01,-2.923989372007167981e-07,6.998717525658060268e-10,1.289557939128624264e+00,1.564969250398301570e-07,2.497936850720870738e-02,9.473841938137509411e-01,-1.326750459673049537e-06,6.528469207706076582e-04,2.915839219929554707e-02,3.679786475970499293e-02,-1.059209319284474782e-07
1.525000000000000133e+00,-2.928236415138124604e-01,-3.629278915051725217e-07,7.749915123697130870e-01,-2.226831449864563883e-01,-2.923449420120755826e-07,6.999684113578874545e-10,1.292188004183852712e+00,1.528039980162568542e-07,2.498096642642578039e-02,9.466364871396977243e-01,-1.330392107071525643e-06,5.507943597111882028e-04,2.911507850256302155e-02,3.675670617960078573e-02,-1.061345712053783410e-07
1.527777777777777901e+00,-2.934421200814809616e-01,-3.637398483151312274e-07,7.749915123716575316e-01,-2.226419980360704043e-01,-2.922909554990221573e-07,7.001059107447638041e-10,1.294815992118957260e+00,1.491000710434456677e-07,2.498231381206218737e-02,9.458887092811573138e-01,-1.334453343644070451e-06,4.643429147911243282e-04,2.907179564688196216e-02,3.671554273362309662e-02,-1.063733866135562096e-07
1.530555555555555669e+00,-2.940604843658308765e-01,-3.645516551806242042e-07,7.749915123736023093e-01,-2.226008576931829408e-01,-2.922369776596704976e-07,7.001724946359422219e-10,1.297441902835178906e+00,1.453841161065106847e-07,2.498344903389471475e-02,9.451409070827911929e-01,-1.338866681353407293e-06,3.911417414967158224e-04,2.902854600011024744e-02,3.667437723258100413e-02,-1.066333288705747702e-07
1.533333333333333437e+00,-2.946787343852134700e-01,-3.653633121257411221e-07,7.749915123755473090e-01,-2.225597239563568142e-01,-2.921830084921345258e-07,7.002737122813185167e-10,1.300065736348455347e+00,1.416553249885754260e-07,2.498440470246295411e-02,9.443931200930500980e-01,-1.343549583197997028e-06,3.292045995539095993e-04,2.898533159243946861e-02,3.663321204951089372e-02,-1.069094457561719290e-07
1.536111111111111205e+00,-2.952968701579758437e-01,-3.661748191745664629e-07,7.749915123774925307e-01,-2.225185968241553403e-01,-2.921290479945282171e-07,7.002662893995648119e-10,1.302687492771684941e+00,1.379131386428988241e-07,2.498520855543177183e-02,9.436453817612701078e-01,-1.348410481181011457e-06,2.768500283503883691e-04,2.894215416198431950e-02,3.659204919150222529e-02,-1.071962431903682169e-07
1.538888888888888973e+00,-2.959148917024612691e-01,-3.669861763511794145e-07,7.749915123794380856e-01,-2.224774762951421403e-01,-2.920750961649671349e-07,7.003611145889321321e-10,1.305307172299903229e+00,1.341572594715325361e-07,2.498588419828961377e-02,9.428977204396756795e-01,-1.353354891551362531e-06,2.326512728686655485e-04,2.889901519580682920e-02,3.655089035981774759e-02,-1.074880521479287913e-07
1.541666666666666741e+00,-2.965327990370088540e-01,-3.677973836796539239e-07,7.749915123813837514e-01,-2.224363623678812796e-01,-2.920211530015664193e-07,7.004934583776378787e-10,1.307924775132401463e+00,1.303907233870731925e-07,2.498645499809264148e-02,9.421501130669970303e-01,-1.356076542480990895e-06,1.977521246417195122e-04,2.885591332845624177e-02,3.650973417091050999e-02,-1.076464963190004256e-07
1.544444444444444509e+00,-2.971505921799538763e-01,-3.686084411840588029e-07,7.749915123833297503e-01,-2.223952550409373230e-01,-2.919672185024425336e-07,7.005568885415369706e-10,1.310540301395115126e+00,1.266213209603299324e-07,2.498694796442136462e-02,9.414025962029459738e-01,-1.357353372627633379e-06,1.703156297224346638e-04,2.881285054032348830e-02,3.646858281849239825e-02,-1.077182520228778170e-07
1.547222222222222276e+00,-2.977682711496275059e-01,-3.694193488884575692e-07,7.749915123852759713e-01,-2.223541543128751130e-01,-2.919132926657122589e-07,7.006557261463042252e-10,1.313153751731745977e+00,1.228470368094222886e-07,2.498736419258086247e-02,9.406553103807171468e-01,-1.359244647650361118e-06,1.433054747801351669e-04,2.876983465188505742e-02,3.642744473468427502e-02,-1.078268751989357725e-07
1.550000000000000044e+00,-2.983858359643570268e-01,-3.702301068169084997e-07,7.749915123872224143e-01,-2.223130601822599639e-01,-2.918593754894929057e-07,7.007509537915179720e-10,1.315765126590142886e+00,1.190685296436708363e-07,2.498771454286439000e-02,9.399081692186173065e-01,-1.360182372871258006e-06,1.210308763707739627e-04,2.872686078917236624e-02,3.638631473671363747e-02,-1.078782861663298482e-07
1.552777777777777812e+00,-2.990032866424656710e-01,-3.710407149934646301e-07,7.749915123891691904e-01,-2.222719726476576063e-01,-2.918054669719015197e-07,7.008407239966762958e-10,1.318374426280628287e+00,1.152895111038233512e-07,2.498801672545512831e-02,9.391611546416298584e-01,-1.360596666529488471e-06,1.043861598312625233e-04,2.868392790069810780e-02,3.634519174020860860e-02,-1.078982920192404376e-07
1.555555555555555580e+00,-2.996206232022727289e-01,-3.718511734421737552e-07,7.749915123911160775e-01,-2.222308917076342150e-01,-2.917515671110570524e-07,7.008932201985063060e-10,1.320981651450671812e+00,1.115080882852617012e-07,2.498827156664486931e-02,9.384143796668881210e-01,-1.361587405881614935e-06,8.771076205159322736e-05,2.864104228513515357e-02,3.630408252632620625e-02,-1.079528853928920176e-07
1.558333333333333348e+00,-3.002378456620934388e-01,-3.726614821870784817e-07,7.749915123930632976e-01,-2.221898173607562699e-01,-2.916976759050781909e-07,7.010145432889691719e-10,1.323586802509449711e+00,1.077288885526287681e-07,2.498849177982549741e-02,9.376677197380313133e-01,-1.360551510630492589e-06,7.722263139650804853e-05,2.859819693036726521e-02,3.626297962181380952e-02,-1.078858814692865962e-07
1.561111111111111116e+00,-3.008549540402391531e-01,-3.734716412522162283e-07,7.749915123950107398e-01,-2.221487496055907784e-01,-2.916437933520839396e-07,7.011101421650067778e-10,1.326189880060092197e+00,1.039524902665242975e-07,2.498868035420274969e-02,9.369213221994178165e-01,-1.358265260510424341e-06,6.554503185384266684e-05,2.855540006151060378e-02,3.622189186746190004e-02,-1.077438570323130092e-07
1.563888888888888884e+00,-3.014719483550171164e-01,-3.742816506616190666e-07,7.749915123969584041e-01,-2.221076884407051366e-01,-2.915899194501934618e-07,7.012011856571964685e-10,1.328790884556576124e+00,1.001794042374793548e-07,2.498884770926377077e-02,9.361751078008697657e-01,-1.358342880768522407e-06,5.663065149874059456e-05,2.851264720715050022e-02,3.618081450838872559e-02,-1.077436655966287438e-07
1.566666666666666652e+00,-3.020888286247307986e-01,-3.750915104393140391e-07,7.749915123989062904e-01,-2.220666338646670734e-01,-2.915360541975287796e-07,7.013144960599237976e-10,1.331389816643737900e+00,9.641739355000670142e-08,2.498899469414317051e-02,9.354290217041019151e-01,-1.352918018853222989e-06,5.321130139376330226e-05,2.846993526881009748e-02,3.613974425442607885e-02,-1.074133260089709541e-07
1.569444444444444420e+00,-3.027055948676795061e-01,-3.759012206093227355e-07,7.749915124008545098e-01,-2.220255858760448453e-01,-2.914821975922100622e-07,7.013550747114738471e-10,1.333986676877652044e+00,9.266328803170472096e-08,2.498912656942008786e-02,9.346832801085395159e-01,-1.350155686578458688e-06,4.446777956828087963e-05,2.842727631807581007e-02,3.609869407766833765e-02,-1.072427389780064279e-07
1.572222222222222188e+00,-3.033222471021586042e-01,-3.767107811956617162e-07,7.749915124028029512e-01,-2.219845444734069584e-01,-2.914283496323591199e-07,7.014183574238774810e-10,1.336581465825257276e+00,8.892435852254581959e-08,2.498924802434474360e-02,9.339376302597818258e-01,-1.344600021424798438e-06,4.302735074173009988e-05,2.838465618138432539e-02,3.605764881298028496e-02,-1.069045527524002223e-07
1.574999999999999956e+00,-3.039387853464596279e-01,-3.775201922223422476e-07,7.749915124047515036e-01,-2.219435096553224740e-01,-2.913745103160974455e-07,7.015363741313951351e-10,1.339174184150938363e+00,8.520034491950736170e-08,2.498935884914881000e-02,9.331922760463471356e-01,-1.339279344527739075e-06,3.868614070643219827e-05,2.834208623364850577e-02,3.601662069380179992e-02,-1.065804666001131173e-07
1.577777777777777946e+00,-3.045552096188698932e-01,-3.783294537133704083e-07,7.749915124067003891e-01,-2.219024814203608142e-01,-2.913206796415489668e-07,7.016364694106824729e-10,1.341764832538048013e+00,8.149145399048073014e-08,2.498945785767302252e-02,9.324471528383090346e-01,-1.333919737894340129e-06,3.466547562966208751e-05,2.829956282791923003e-02,3.597560584246606991e-02,-1.062540454413998116e-07
1.580555555555555713e+00,-3.051715199376729415e-01,-3.791385656927470355e-07,7.749915124086496077e-01,-2.218614597670918176e-01,-2.912668576068349118e-07,7.016642388640859096e-10,1.344353411633225193e+00,7.779682866410897243e-08,2.498954567179021216e-02,9.317022655008891929e-01,-1.328852154752533686e-06,3.071218040652870518e-05,2.825708620438793436e-02,3.593460455101508966e-02,-1.059451464697671595e-07
1.583333333333333481e+00,-3.057877163211482618e-01,-3.799475281844677257e-07,7.749915124105989372e-01,-2.218204446940856833e-01,-2.912130442100787848e-07,7.017906238776516759e-10,1.346939922265707912e+00,7.412412458697249354e-08,2.498961375579034430e-02,9.309577203808127033e-01,-1.319139190805120346e-06,2.149893884397305333e-05,2.821466226381402070e-02,3.589362320038105153e-02,-1.053575254272143088e-07
1.586111111111111249e+00,-3.064037987875714020e-01,-3.807563412125229400e-07,7.749915124125485999e-01,-2.217794361999130826e-01,-2.911592394494082196e-07,7.018545553766353251e-10,1.349524364938333720e+00,7.048024302247398225e-08,2.498966986546135444e-02,9.302132687676841760e-01,-1.309491865783761436e-06,1.945098181761750755e-05,2.817227709760108251e-02,3.585264686806886869e-02,-1.047738434974724244e-07
1.588888888888889017e+00,-3.070197673552138573e-01,-3.815650048008978986e-07,7.749915124144984846e-01,-2.217384342831450750e-01,-2.911054433229446030e-07,7.019881672482020107e-10,1.352106740236171056e+00,6.686052224919600000e-08,2.498971761861646171e-02,9.294690697384638822e-01,-1.301117890158040270e-06,1.660508365870262681e-05,2.812993955206635407e-02,3.581168509882477757e-02,-1.042665633085474273e-07
1.591666666666666785e+00,-3.076356220423432930e-01,-3.823735189735725808e-07,7.749915124164487024e-01,-2.216974389423531089e-01,-2.910516558288142450e-07,7.021190625428053167e-10,1.354687048798632221e+00,6.326239014278880362e-08,2.498975788849609053e-02,9.287251009432453408e-01,-1.293541588326090603e-06,1.406880121937632844e-05,2.808764834916510286e-02,3.577073655178294315e-02,-1.038071443241587188e-07
1.594444444444444553e+00,-3.082513628672233219e-01,-3.831818837545218306e-07,7.749915124183989201e-01,-2.216564501761091044e-01,-2.909978769651424502e-07,7.021950798602460964e-10,1.357265291242635730e+00,5.968278581108426688e-08,2.498979264562961600e-02,9.279813588587100259e-01,-1.287098942857722613e-06,1.200845969010801151e-05,2.804540326176766657e-02,3.572980101567277411e-02,-1.034157454983261646e-07
1.597222222222222321e+00,-3.088669898481135601e-01,-3.839900991677151452e-07,7.749915124203495820e-01,-2.216154679829853424e-01,-2.909441067300551051e-07,7.022234391196313652e-10,1.359841468257763974e+00,5.611668249484957501e-08,2.498982019999145682e-02,9.272378746614534650e-01,-1.283545457457135966e-06,8.855350914327431155e-06,2.800320599282572070e-02,3.568888036121852653e-02,-1.031976970531331142e-07
1.600000000000000089e+00,-3.094825030032697932e-01,-3.847981652371169924e-07,7.749915124223004659e-01,-2.215744923615544648e-01,-2.908903451216805845e-07,7.022897662717353384e-10,1.362415580461826758e+00,5.256152061413183861e-08,2.498984242250553919e-02,9.264945891825924207e-01,-1.279609209922166726e-06,7.557950499280027823e-06,2.796105322024285134e-02,3.564797103841563924e-02,-1.029566836562812615e-07
1.602777777777777857e+00,-3.100979023509436439e-01,-3.856060819866865463e-07,7.749915124242515718e-01,-2.215335233103895296e-01,-2.908365921381451457e-07,7.024441167624573268e-10,1.364987628456338253e+00,4.901697010235692892e-08,2.498986197175920992e-02,9.257515238092702825e-01,-1.275785324729965631e-06,7.037176773753289760e-06,2.791894610435803614e-02,3.560707433062115790e-02,-1.027224127762309957e-07
1.605555555555555625e+00,-3.107131879093829041e-01,-3.864138494403777926e-07,7.749915124262028998e-01,-2.214925608280641778e-01,-2.907828477775773753e-07,7.025372020241782423e-10,1.367557612941733280e+00,4.547901411041173494e-08,2.498987653304424184e-02,9.250087199211070033e-01,-1.272047261067103514e-06,5.214200493174059314e-06,2.787688691136835234e-02,3.556619272074064420e-02,-1.024932919640081709e-07
1.608333333333333393e+00,-3.113283596968314249e-01,-3.872214676221395292e-07,7.749915124281544498e-01,-2.214516049131522446e-01,-2.907291120381055951e-07,7.026220074507483204e-10,1.370125534555605817e+00,4.194768685089758667e-08,2.498988690603654028e-02,9.242661272203502865e-01,-1.271024935796600093e-06,4.593948820158511026e-06,2.783487281783002948e-02,3.552532319103730851e-02,-1.024271162312255075e-07
1.611111111111111160e+00,-3.119434177315290047e-01,-3.880289365559153129e-07,7.749915124301063329e-01,-2.214106555642280927e-01,-2.906753849178593447e-07,7.026810591725940469e-10,1.372691393970428608e+00,3.842046972863823202e-08,2.498989211937369809e-02,9.235238238024245927e-01,-1.269069493457511117e-06,1.261965121988201100e-06,2.779290812190159804e-02,3.548447042736495305e-02,-1.023049542500580033e-07
1.613888888888888928e+00,-3.125583620317115563e-01,-3.888362562656435653e-07,7.749915124320583271e-01,-2.213697127798663900e-01,-2.906216664149680048e-07,7.028239726314389202e-10,1.375255191856462167e+00,3.489743770664412012e-08,2.498989128454791667e-02,9.227817196915245601e-01,-1.268032213940136308e-06,-2.930664328177484679e-07,2.775098780409086460e-02,3.544362903130349185e-02,-1.022378828137552867e-07
1.616666666666666696e+00,-3.131731926156109957e-01,-3.896434267752574670e-07,7.749915124340106543e-01,-2.213287765586423872e-01,-2.905679565275609030e-07,7.028711293544098737e-10,1.377816928743796909e+00,3.137728659827559215e-08,2.498989049452480724e-02,9.220398189278881107e-01,-1.266995148186445377e-06,-2.827553106134195193e-07,2.770911206069407925e-02,3.540279924539546652e-02,-1.021708249786672065e-07
1.619444444444444464e+00,-3.137879095014552977e-01,-3.904504481086850105e-07,7.749915124359632035e-01,-2.212878468991315295e-01,-2.905142552537694846e-07,7.029629621457811339e-10,1.380376605284541647e+00,2.786001571199510756e-08,2.498988971444405377e-02,9.212981527838066675e-01,-1.265958329824859704e-06,-2.804616757064171129e-07,2.766728259307627003e-02,3.536198294610655435e-02,-1.021037827623308327e-07
1.622222222222222232e+00,-3.144025127074684400e-01,-3.912573202898490533e-07,7.749915124379160858e-01,-2.212469237999097615e-01,-2.904605625917245598e-07,7.030876575386812988e-10,1.382934222129718060e+00,2.434562436609978051e-08,2.498988893656361315e-02,9.205567209383694882e-01,-1.264921756461421295e-06,-2.799567397869517915e-07,2.762549935208978222e-02,3.532118011431029103e-02,-1.020367560209404849e-07
1.625000000000000000e+00,-3.150170022518705149e-01,-3.920640433426672647e-07,7.749915124398690791e-01,-2.212060072595535831e-01,-2.904068785395573621e-07,7.030941627517162118e-10,1.385489779929682141e+00,2.083411188182211783e-08,2.498988815915738348e-02,9.198155231676243826e-01,-1.263885427295040268e-06,-2.798502730296664742e-07,2.758376229400509583e-02,3.528039073669764214e-02,-1.019697447062625866e-07
1.627777777777777768e+00,-3.156313781528776730e-01,-3.928706172910519671e-07,7.749915124418224055e-01,-2.211650972766396328e-01,-2.903532030954009780e-07,7.031645543609243987e-10,1.388043279334218560e+00,1.732547758179046055e-08,2.498988738183957614e-02,9.190745592693997379e-01,-1.262849341880439239e-06,-2.798320872295784190e-07,2.754207137634357219e-02,3.523961480126641677e-02,-1.019027487914124445e-07
1.630555555555555536e+00,-3.162456404287020129e-01,-3.936770421589104538e-07,7.749915124437758429e-01,-2.211241938497451320e-01,-2.902995362573872761e-07,7.032267494017085951e-10,1.390594720992562205e+00,1.381972078968456742e-08,2.498988660452349658e-02,9.183338290465609122e-01,-1.261813499851492451e-06,-2.798349565315966236e-07,2.750042655694993204e-02,3.519885229631659201e-02,-1.018357682542544009e-07
1.633333333333333304e+00,-3.168597890975517473e-01,-3.944833179701448297e-07,7.749915124457297244e-01,-2.210832969774476076e-01,-2.902458780236499784e-07,7.034324962795768243e-10,1.393144105553402845e+00,1.031684083015889053e-08,2.498988582719181839e-02,9.175933323031385536e-01,-1.260777900860685791e-06,-2.798410519665173180e-07,2.745882779377798941e-02,3.515810321021801965e-02,-1.017688030737696508e-07
1.636111111111111072e+00,-3.174738241776310921e-01,-3.952894447486519591e-07,7.749915124476837169e-01,-2.210424066583251690e-01,-2.901922283923229653e-07,7.034471078554149770e-10,1.395691433664887349e+00,6.816837028825333643e-09,2.498988504983849779e-02,9.168530688436685727e-01,-1.259742544563465950e-06,-2.798489603106357748e-07,2.741727504485402811e-02,3.511736753137084666e-02,-1.017018532291170281e-07
1.638888888888889062e+00,-3.180877456871403774e-01,-3.960954225183235179e-07,7.749915124496380425e-01,-2.210015228909561202e-01,-2.901385873615407527e-07,7.035684587014534586e-10,1.398236705974619687e+00,3.319708712248618270e-09,2.498988427246271946e-02,9.161130384728646270e-01,-1.258707430617313556e-06,-2.798573270415549707e-07,2.737576826825867740e-02,3.507664524818582263e-02,-1.016349186995774716e-07
1.641666666666666829e+00,-3.187015536442760477e-01,-3.969012513030460469e-07,7.749915124515924791e-01,-2.209606456739192926e-01,-2.900849549294374327e-07,7.036907428287220156e-10,1.400779923129661819e+00,-1.745447920551309927e-10,2.498988349506508014e-02,9.153732409956243377e-01,-1.257672558679818717e-06,-2.798651445312660968e-07,2.733430742212717562e-02,3.503593634908472310e-02,-1.015679994644384846e-07
1.644444444444444597e+00,-3.193152480672303839e-01,-3.977069311267008461e-07,7.749915124535472488e-01,-2.209197750057939058e-01,-2.900313310941503801e-07,7.037579598939691650e-10,1.403321085776534360e+00,-3.665924155618728713e-09,2.498988271764472982e-02,9.146336762170613754e-01,-1.256637928408489377e-06,-2.798734040077022200e-07,2.729289246465107371e-02,3.499524082250222989e-02,-1.015010955029828852e-07
1.647222222222222365e+00,-3.199288289741918923e-01,-3.985124620131640801e-07,7.749915124555022405e-01,-2.208789108851595684e-01,-2.899777158538136870e-07,7.038347474286332783e-10,1.405860194561216803e+00,-7.154430049024420384e-09,2.498988194020232423e-02,9.138943439424327408e-01,-1.255603539461285375e-06,-2.798814800961113569e-07,2.725152335407415860e-02,3.495455865688160135e-02,-1.014342067945203453e-07
1.650000000000000133e+00,-3.205422963833450822e-01,-3.993178439863067786e-07,7.749915124574575653e-01,-2.208380533105962773e-01,-2.899241092065640398e-07,7.039618384746537672e-10,1.408397250129147960e+00,-1.064006314190470174e-08,2.498988116273716947e-02,9.131552439771825069e-01,-1.254569391496406681e-06,-2.798892770900646143e-07,2.721020004869480202e-02,3.491388984067728130e-02,-1.013673333183751613e-07
1.652777777777777901e+00,-3.211556503128705220e-01,-4.001230770699947301e-07,7.749915124594130011e-01,-2.207972022806845291e-01,-2.898705111505387602e-07,7.040090663212872357e-10,1.410932253125226854e+00,-1.412282410294251998e-08,2.498988038524948413e-02,9.124163761269459272e-01,-1.253535484171883648e-06,-2.798974946156829180e-07,2.716892250686610971e-02,3.487323436235514884e-02,-1.013004750538615046e-07
1.655555555555555669e+00,-3.217688907809448939e-01,-4.009281612880885350e-07,7.749915124613687700e-01,-2.207563577940050981e-01,-2.898169216838759108e-07,7.040650493173039592e-10,1.413465204193812719e+00,-1.760271359987127107e-08,2.498987960773859859e-02,9.116777401975123540e-01,-1.252501817145841708e-06,-2.799057612981603604e-07,2.712769068699384320e-02,3.483259221039028408e-02,-1.012336319802993308e-07
1.658333333333333437e+00,-3.223820178057408281e-01,-4.017330966644436588e-07,7.749915124633247610e-01,-2.207155198491392301e-01,-2.897633408047127604e-07,7.041458648798792908e-10,1.415996103978725662e+00,-2.107973229947599087e-08,2.498987883020529002e-02,9.109393359948542157e-01,-1.251468390077150625e-06,-2.799141044593916883e-07,2.708650454753789780e-02,3.479196337326872362e-02,-1.011668040770531833e-07
1.661111111111111205e+00,-3.229950314054271243e-01,-4.025378832229103786e-07,7.749915124652809739e-01,-2.206746884446685597e-01,-2.897097685111880600e-07,7.043021357094891854e-10,1.418524953123247334e+00,-2.455388086759274720e-08,2.498987805264932943e-02,9.102011633251053668e-01,-1.250435202624206880e-06,-2.799218552142906935e-07,2.704536404701111257e-02,3.475134783948614914e-02,-1.010999913234593361e-07
1.663888888888888973e+00,-3.236079315981685300e-01,-4.033425209873338367e-07,7.749915124672374089e-01,-2.206338635791751934e-01,-2.896562048014414604e-07,7.043105682003059087e-10,1.421051752270121149e+00,-2.802515996911039838e-08,2.498987727507018947e-02,9.094632219946198193e-01,-1.249402254445700241e-06,-2.799306438750620574e-07,2.700426914398234082e-02,3.471074559755141231e-02,-1.010331936988717449e-07
1.666666666666666741e+00,-3.242207184021259625e-01,-4.041470099815539871e-07,7.749915124691940660e-01,-2.205930452512414874e-01,-2.896026496736119244e-07,7.044364067759767423e-10,1.423576502061552951e+00,-3.149357026797013498e-08,2.498987649746867504e-02,9.087255118098598317e-01,-1.248369545200974811e-06,-2.799387671999914451e-07,2.696321979707036118e-02,3.467015663597985964e-02,-1.009664111826835671e-07
1.669444444444444509e+00,-3.248333918354563421e-01,-4.049513502294055958e-07,7.749915124711511671e-01,-2.205522334594503808e-01,-2.895491031258405854e-07,7.045210005662827513e-10,1.426099203139077343e+00,-3.495911244886055789e-08,2.498987572655074138e-02,9.079880324809302961e-01,-1.247337090169129586e-06,-2.751179311311080511e-07,2.692221595968828304e-02,3.462958093750528876e-02,-1.008996446914734300e-07
1.672222222222222276e+00,-3.254459519163126480e-01,-4.057555417547183466e-07,7.749915124731083793e-01,-2.205114282023851180e-01,-2.894955651562675176e-07,7.046012800993040059e-10,1.428619856143585887e+00,-3.842178734386600817e-08,2.498987497434220634e-02,9.072507839037019517e-01,-1.246304945681369053e-06,-2.699187843860362257e-07,2.688125759542250859e-02,3.458901849600745648e-02,-1.008328976049462166e-07
1.675000000000000044e+00,-3.260583986628439734e-01,-4.065595845813165763e-07,7.749915124750658135e-01,-2.204706294786293319e-01,-2.894420357630340133e-07,7.047172897317599549e-10,1.431138461715941501e+00,-4.188159582375534104e-08,2.498987422750255025e-02,9.065137659716907548e-01,-1.245273114546411266e-06,-2.686664573991331961e-07,2.684034466775941583e-02,3.454846930522480208e-02,-1.007661700914577324e-07
1.677777777777777812e+00,-3.266707320931954706e-01,-4.073634787330196984e-07,7.749915124770234698e-01,-2.204298372867671552e-01,-2.893885149442819468e-07,7.048048845936794038e-10,1.433655020496292121e+00,-4.533853875807420351e-08,2.498987348162788266e-02,9.057769784350221398e-01,-1.244241596355843619e-06,-2.685079038486359870e-07,2.679947713242090621e-02,3.450793335029228581e-02,-1.006994621263359855e-07
1.680555555555555580e+00,-3.272829522255082946e-01,-4.081672242336418326e-07,7.749915124789814591e-01,-2.203890516253829979e-01,-2.893350026981541984e-07,7.049197250225125444e-10,1.436169533124187270e+00,-4.879261701545042945e-08,2.498987273549651070e-02,9.050404210852470710e-01,-1.243210390795675869e-06,-2.686524777709142775e-07,2.675865494743224354e-02,3.446741061883035195e-02,-1.006327736905744300e-07
1.683333333333333348e+00,-3.278950590779197150e-01,-4.089708211069918573e-07,7.749915124809395595e-01,-2.203482724930618253e-01,-2.892814990227932248e-07,7.049898304023471951e-10,1.438682000238623804e+00,-5.224383146370090470e-08,2.498987198877041307e-02,9.043040937255160117e-01,-1.242179497578532395e-06,-2.688807677099502857e-07,2.671787807149447747e-02,3.442690109915539504e-02,-1.005661047667633228e-07
1.686111111111111116e+00,-3.285070526685631154e-01,-4.097742693768736748e-07,7.749915124828979929e-01,-2.203074998883888802e-01,-2.892280039163421711e-07,7.050673898889581181e-10,1.441192422478059676e+00,-5.569218296986140516e-08,2.498987124135501961e-02,9.035679961623496181e-01,-1.241148916424532336e-06,-2.691332088352454965e-07,2.667714646353572597e-02,3.438640477978598120e-02,-1.004994553379427350e-07
1.688888888888888884e+00,-3.291189330155678827e-01,-4.105775690670859463e-07,7.749915124848567594e-01,-2.202667338099498495e-01,-2.891745173769462467e-07,7.051586588951996859e-10,1.443700800480417490e+00,-5.913767240019409431e-08,2.498987049322418455e-02,9.028321282032735207e-01,-1.240118647055416898e-06,-2.693918440335729692e-07,2.663646008258228892e-02,3.434592164930092006e-02,-1.004328253872501729e-07
1.691666666666666652e+00,-3.297307001370595181e-01,-4.113807202014221449e-07,7.749915124868156369e-01,-2.202259742563308087e-01,-2.891210394027478556e-07,7.052601558310556129e-10,1.446207134732748312e+00,-6.258037363271493551e-08,2.498987726151051178e-02,9.020964503446498028e-01,-1.239125810893624153e-06,1.696100883298926054e-06,2.659581676004039996e-02,3.430544933760922011e-02,-1.003684421998647604e-07
1.694444444444444420e+00,-3.303423540511595258e-01,-4.121837228036706615e-07,7.749915124887747364e-01,-2.201852212261183050e-01,-2.890675699918927896e-07,7.053099944365204266e-10,1.448711426123439283e+00,-6.602032952568865216e-08,2.498987897001387487e-02,9.013610672770973054e-01,-1.238135031778741944e-06,3.830343345036235636e-07,2.655522213222914762e-02,3.426499412627519170e-02,-1.003041832059948640e-07
1.697222222222222188e+00,-3.309538947759855798e-01,-4.129865768976146460e-07,7.749915124907341690e-01,-2.201444747178991634e-01,-2.890141091425267348e-07,7.053938388262848136e-10,1.451213675216475707e+00,-6.945751164737547469e-08,2.498987923525438845e-02,9.006258939645530592e-01,-1.237134196875456344e-06,3.354976376920837389e-08,2.651467156513010598e-02,3.422455091326225690e-02,-1.002393216353547831e-07
1.699999999999999956e+00,-3.315653223296513574e-01,-4.137892825070321662e-07,7.749915124926939347e-01,-2.201037347302607361e-01,-2.889606568527959596e-07,7.054849638504778753e-10,1.453713882623300258e+00,-7.289190123086224441e-08,2.498987927459319497e-02,8.998909429695121087e-01,-1.236128960702668812e-06,1.002703661594217532e-08,2.647416570910573336e-02,3.418412045244725861e-02,-1.001741967589117593e-07
1.702777777777777946e+00,-3.321766367302666501e-01,-4.145918396556961017e-07,7.749915124946538114e-01,-2.200630012617907083e-01,-2.889072131208471031e-07,7.055764514318774161e-10,1.456212048975201512e+00,-7.632349914715827465e-08,2.498987928661455110e-02,8.991562202882525945e-01,-1.235124039103431298e-06,3.112196738166983501e-09,2.643370485813683474e-02,3.414370310373399109e-02,-1.001090915270821060e-07
1.705555555555555713e+00,-3.327878379959373079e-01,-4.153942483673742499e-07,7.749915124966139102e-01,-2.200222743110771817e-01,-2.888537779448268569e-07,7.057140150035223769e-10,1.458708174906523158e+00,-7.975230626871582583e-08,2.498987929060553573e-02,8.984217259642324205e-01,-1.234119431458881624e-06,1.079502471787452400e-09,2.639328898427180381e-02,3.410329886985699610e-02,-1.000440059025673098e-07
1.708333333333333481e+00,-3.333989261447652952e-01,-4.161965086658292202e-07,7.749915124985743420e-01,-2.199815538767087575e-01,-2.888003513228828662e-07,7.057226469875388375e-10,1.461202261051350870e+00,-8.317832346684774022e-08,2.498987929223610294e-02,8.976874598754871482e-01,-1.233115137403343175e-06,4.819690532092968382e-10,2.635291805065100718e-02,3.406290774362544238e-02,-9.997893986326004896e-08
1.711111111111111249e+00,-3.340099011948485797e-01,-4.169986205748184868e-07,7.749915125005349958e-01,-2.199408399572742312e-01,-2.887469332531640990e-07,7.058209364196876834e-10,1.463694308043320680e+00,-8.660155161201904631e-08,2.498987929317251014e-02,8.969534218515450297e-01,-1.232111156644420176e-06,3.062825791599887992e-10,2.631259201783517701e-02,3.402252971493802125e-02,-9.991389339144996304e-08
1.713888888888889017e+00,-3.346207631642813540e-01,-4.178005841180943889e-07,7.749915125024958718e-01,-2.199001325513629812e-01,-2.886935237338194179e-07,7.059072059528714860e-10,1.466184316515562580e+00,-9.002199157393413699e-08,2.498987929390472651e-02,8.962196117077975144e-01,-1.231107488912325645e-06,2.544430811879383469e-10,2.627231084566429564e-02,3.398216477284517895e-02,-9.984886647078329428e-08
1.716666666666666785e+00,-3.352315120711537033e-01,-4.186023993194040773e-07,7.749915125044569697e-01,-2.198594316575647190e-01,-2.886401227629968912e-07,7.060334417802183182e-10,1.468672287100684315e+00,-9.343964422156433784e-08,2.498987929457716778e-02,8.954860292555848478e-01,-1.230104133944465183e-06,2.395124550080840464e-10,2.623207449380260056e-02,3.394181290615426450e-02,-9.978385908533762322e-08
1.719444444444444553e+00,-3.358421479335519377e-01,-4.194040662024895151e-07,7.749915125064182897e-01,-2.198187372744696000e-01,-2.885867303388462283e-07,7.061142451997293179e-10,1.471158220430767383e+00,-9.685451042315403489e-08,2.498987929523229651e-02,8.947526743052078846e-01,-1.229101091479274166e-06,2.350327259204032515e-10,2.619188292190111414e-02,3.390147410361021157e-02,-9.971887121925260203e-08
1.722222222222222321e+00,-3.364526707695584262e-01,-4.202055847910877418e-07,7.749915125083799428e-01,-2.197780494006681407e-01,-2.885333464595184094e-07,7.061940945213285303e-10,1.473642117137365481e+00,-1.002665910462244333e-07,2.498987929588209964e-02,8.940195466667573143e-01,-1.228098361256844771e-06,2.335693565641561165e-10,2.615173608964233357e-02,3.386114835394530426e-02,-9.965390285676732985e-08
1.725000000000000089e+00,-3.370630805972515409e-01,-4.210069551089304501e-07,7.749915125103418179e-01,-2.197373680347511904e-01,-2.884799711231628261e-07,7.063516438421402199e-10,1.476123977851505176e+00,-1.036758869575755956e-07,2.498987929653024784e-02,8.932866461503826683e-01,-1.227095943017350699e-06,2.332553976358564540e-10,2.611163395675467416e-02,3.382083564589534463e-02,-9.958895398212569683e-08
1.727777777777777857e+00,-3.376733774347058792e-01,-4.218081771797443034e-07,7.749915125123039150e-01,-2.196966931753101815e-01,-2.884266043279337408e-07,7.064202903195315741e-10,1.478603803203685674e+00,-1.070823990232852769e-07,2.498987929717792073e-02,8.925539725663831359e-01,-1.226093836500977724e-06,2.332290801460024099e-10,2.607157648301728844e-02,3.378053596820507209e-02,-9.952402457957270487e-08
1.730555555555555625e+00,-3.382835612999920416e-01,-4.226092510272507769e-07,7.749915125142663452e-01,-2.196560248209368238e-01,-2.883732460719810748e-07,7.064529430195198856e-10,1.481081593823880160e+00,-1.104861281087119956e-07,2.498987929782518075e-02,8.918215257252213313e-01,-1.225092041449024830e-06,2.329351329877216159e-10,2.603156362826073572e-02,3.374024930962896129e-02,-9.945911463341978178e-08
1.733333333333333393e+00,-3.388936322111766875e-01,-4.234101766751662110e-07,7.749915125162288865e-01,-2.196153629702231880e-01,-2.883198963534569726e-07,7.065829622787678232e-10,1.483557350341534908e+00,-1.138870750784937095e-07,2.498987929847277731e-02,8.910893054375018663e-01,-1.224090557601825386e-06,2.332014321232422915e-10,2.599159535236580248e-02,3.369997565893002173e-02,-9.939422412792065123e-08
1.736111111111111160e+00,-3.395035901863225902e-01,-4.242109541472018635e-07,7.749915125181917608e-01,-2.195747076217618443e-01,-2.882665551705134731e-07,7.066242938003064467e-10,1.486031073385571277e+00,-1.172852407965492589e-07,2.498987929912066530e-02,8.903573115140266392e-01,-1.223089384700861336e-06,2.334332085268675527e-10,2.595167161526637858e-02,3.365971500488303125e-02,-9.932935304739789804e-08
1.738888888888888928e+00,-3.401134352434886932e-01,-4.250115834670638573e-07,7.749915125201548571e-01,-2.195340587741457516e-01,-2.882132225213068503e-07,7.067262382948191757e-10,1.488502763584384603e+00,-1.206806261260798355e-07,2.498987929976844227e-02,8.896255437657649701e-01,-1.222088522487576509e-06,2.331209548317447755e-10,2.591179237694778495e-02,3.361946733627278056e-02,-9.926450137617220122e-08
1.741666666666666696e+00,-3.407231674007298872e-01,-4.258120646584530743e-07,7.749915125221181755e-01,-2.194934164259682297e-01,-2.881598984039887194e-07,7.068262433684857626e-10,1.490972421565845973e+00,-1.240732319295677511e-07,2.498987930041573699e-02,8.888940020038281764e-01,-1.221087970703330028e-06,2.330928488419869993e-10,2.587195759744537540e-02,3.357923264189255352e-02,-9.919966909855877373e-08
1.744444444444444464e+00,-3.413327866760973439e-01,-4.266123977450654729e-07,7.749915125240818270e-01,-2.194527805758229866e-01,-2.881065828167142427e-07,7.069210373328305153e-10,1.493440047957302008e+00,-1.274630590687783972e-07,2.498987930106340988e-02,8.881626860395183121e-01,-1.220087729090263043e-06,2.330928904753504227e-10,2.583216723684706589e-02,3.353901091054702077e-02,-9.913485619892006389e-08
1.747222222222222232e+00,-3.419422930876381272e-01,-4.274125827505917177e-07,7.749915125260455895e-01,-2.194121512223042025e-01,-2.880532757576385825e-07,7.069579973512096771e-10,1.495905643385575301e+00,-1.308501084047616075e-07,2.498987930171063174e-02,8.874315956843010778e-01,-1.219087797390517336e-06,2.330694370139552163e-10,2.579242125529183222e-02,3.349880213105068533e-02,-9.907006266161850676e-08
1.750000000000000000e+00,-3.425516866533955262e-01,-4.282126196987174438e-07,7.749915125280096850e-01,-2.193715283640064184e-01,-2.879999772249172186e-07,7.070245656298768111e-10,1.498369208476965531e+00,-1.342343807978499641e-07,2.498987930235820401e-02,8.867007307498089297e-01,-1.218088175346118647e-06,2.330491025853698162e-10,2.575271961296980022e-02,3.345860629222795896e-02,-9.900528847100966851e-08
1.752777777777777768e+00,-3.431609673914089442e-01,-4.290125086131230984e-07,7.749915125299740026e-01,-2.193309119995245360e-01,-2.879466872167066367e-07,7.071335340197437702e-10,1.500830743857249239e+00,-1.376158771076621592e-07,2.498987930300535995e-02,8.859700910478428559e-01,-1.217088862700240023e-06,2.330422799179387994e-10,2.571306227012230133e-02,3.341842338291335646e-02,-9.894053361151798966e-08
1.755555555555555536e+00,-3.437701353197137877e-01,-4.298122495174840466e-07,7.749915125319385423e-01,-2.192903021274538455e-01,-2.878934057311630579e-07,7.073130778995073698e-10,1.503290250151680718e+00,-1.409945981931013540e-07,2.498987930365285590e-02,8.852396763903722654e-01,-1.216089859195084020e-06,2.330214996654200732e-10,2.567344918704177539e-02,3.337825339195148872e-02,-9.887579806750971693e-08
1.758333333333333304e+00,-3.443791904563416328e-01,-4.306118424354705180e-07,7.749915125339034150e-01,-2.192496987463902203e-01,-2.878401327664444503e-07,7.073593152190360556e-10,1.505747727984992013e+00,-1.443705449123568194e-07,2.498987930430031021e-02,8.845094865895328784e-01,-1.215091164573983562e-06,2.330141340295410757e-10,2.563388032407162148e-02,3.333809630819685454e-02,-9.881108182341901851e-08
1.761111111111111072e+00,-3.449881328193201147e-01,-4.314112873907476075e-07,7.749915125358685097e-01,-2.192091018549297277e-01,-2.877868683207078288e-07,7.074381132982088261e-10,1.508203177981393805e+00,-1.477437181229052603e-07,2.498987930494838902e-02,8.837795214576240621e-01,-1.214092778580161459e-06,2.332299544466343022e-10,2.559435564160597934e-02,3.329795212051376435e-02,-9.874638486367339216e-08
1.763888888888889062e+00,-3.455969624266729268e-01,-4.322105844069753805e-07,7.749915125378338265e-01,-2.191685114516689070e-01,-2.877336123921111617e-07,7.075726272259830196e-10,1.510656600764575863e+00,-1.511141186815095972e-07,2.498987930559599252e-02,8.830497808071259280e-01,-1.213094700956886260e-06,2.332029552104541992e-10,2.555487510009057939e-02,3.325782081777735322e-02,-9.868170717270318119e-08
1.766666666666666829e+00,-3.462056792964199881e-01,-4.330097335078087143e-07,7.749915125397993654e-01,-2.191279275352047418e-01,-2.876803649788134227e-07,7.076508146824922463e-10,1.513107996957707035e+00,-1.544817474442218518e-07,2.498987930624358561e-02,8.823202644506709103e-01,-1.212096931448428340e-06,2.332028441881517367e-10,2.551543866002117800e-02,3.321770238887182536e-02,-9.861704873499890792e-08
1.769444444444444597e+00,-3.468142834465772761e-01,-4.338087347168973512e-07,7.749915125417651263e-01,-2.190873501041345484e-01,-2.876271260789724211e-07,7.076779492271034755e-10,1.515557367183436588e+00,-1.578466052663818501e-07,2.498987930689110931e-02,8.815909722010644156e-01,-1.211099469798168693e-06,2.331753488210575043e-10,2.547604628194458445e-02,3.317759682269175170e-02,-9.855240953499763898e-08
1.772222222222222365e+00,-3.474227748951567718e-01,-4.346075880578859511e-07,7.749915125437312202e-01,-2.190467791570560041e-01,-2.875738956907493013e-07,7.078012845967984745e-10,1.518004712063893757e+00,-1.612086930026182806e-07,2.498987930753817505e-02,8.808619038712823812e-01,-1.210102315750306122e-06,2.328665264089702092e-10,2.543669792645846320e-02,3.313750410814190334e-02,-9.848778955718579387e-08
1.775000000000000133e+00,-3.480311536601666811e-01,-4.354062935544140390e-07,7.749915125456974252e-01,-2.190062146925673692e-01,-2.875206738123048372e-07,7.078691799389247308e-10,1.520450032220688863e+00,-1.645680115068508127e-07,2.498987930818562589e-02,8.801330592744446291e-01,-1.209105469049771266e-06,2.331512691244874702e-10,2.539739355420988012e-02,3.309742423413561396e-02,-9.842318878609370548e-08
1.777777777777777901e+00,-3.486394197596112687e-01,-4.362048512301161104e-07,7.749915125476639632e-01,-2.189656567092670980e-01,-2.874674604417982143e-07,7.079490778327812706e-10,1.522893328274912861e+00,-1.679245616322888785e-07,2.498987930883302469e-02,8.794044382238722646e-01,-1.208108929440662342e-06,2.331316337894628887e-10,2.535813312589826202e-02,3.305735718959829095e-02,-9.835860720620157293e-08
1.780555555555555669e+00,-3.492475732114909692e-01,-4.370032611086214201e-07,7.749915125496308344e-01,-2.189251052057541724e-01,-2.874142555773913712e-07,7.080455510094507687e-10,1.525334600847139344e+00,-1.712783442314330228e-07,2.498987930948038186e-02,8.786760405330282797e-01,-1.207112696668124289e-06,2.331281192397005597e-10,2.531891660227220467e-02,3.301730296346382099e-02,-9.829404480205267282e-08
1.783333333333333437e+00,-3.498556140338022202e-01,-4.378015232135542992e-07,7.749915125515978165e-01,-2.188845601806278518e-01,-2.873610592172467758e-07,7.081635347572223793e-10,1.527773850557423652e+00,-1.746293601560763064e-07,2.498987931012811720e-02,8.779478660155481951e-01,-1.206116770477233013e-06,2.331070197980622538e-10,2.527974394413101678e-02,3.297726154467638116e-02,-9.822950155818617894e-08
1.786111111111111205e+00,-3.504635422445376847e-01,-4.385996375685337321e-07,7.749915125535651317e-01,-2.188440216324879783e-01,-2.873078713595266842e-07,7.081983350448739500e-10,1.530211078025303983e+00,-1.779776102573030614e-07,2.498987931077537722e-02,8.772199144852321773e-01,-1.205121150613048536e-06,2.330810162931573615e-10,2.524061511232426197e-02,3.293723292219001564e-02,-9.816497745914029893e-08
1.788888888888888973e+00,-3.510713578616859731e-01,-4.393976041971738327e-07,7.749915125555326689e-01,-2.188034895599345886e-01,-2.872546920023938290e-07,7.082917377609909693e-10,1.532646283869801396e+00,-1.813230953854917772e-07,2.498987931142303623e-02,8.764921857560453722e-01,-1.204125836821662358e-06,2.330768893860080127e-10,2.520153006775171026e-02,3.289721708496860797e-02,-9.810047248951519295e-08
1.791666666666666741e+00,-3.516790609032319770e-01,-4.401954231230835267e-07,7.749915125575003172e-01,-2.187629639615683297e-01,-2.872015211440110488e-07,7.083389708117948658e-10,1.535079468709420691e+00,-1.846658163903138822e-07,2.498987931207022686e-02,8.757646796421190150e-01,-1.203130828848300731e-06,2.330553441204363807e-10,2.516248877136330678e-02,3.285721402198599206e-02,-9.803598663385903453e-08
1.794444444444444509e+00,-3.522866513871566463e-01,-4.409930943698666050e-07,7.749915125594684095e-01,-2.187224448359900153e-01,-2.871483587825427171e-07,7.084796967843365323e-10,1.537510633162150642e+00,-1.880057741207349880e-07,2.498987931271779220e-02,8.750373959577480987e-01,-1.202136126439221383e-06,2.330512206827339838e-10,2.512349118415904345e-02,3.281722372222578565e-02,-9.797151987678212173e-08
1.797222222222222276e+00,-3.528941293314369898e-01,-4.417906179611217759e-07,7.749915125614366129e-01,-2.186819321818010420e-01,-2.870952049161537902e-07,7.085909584786387327e-10,1.539939777845464652e+00,-1.913429694250164779e-07,2.498987931336530896e-02,8.743103345173937058e-01,-1.201141729340665103e-06,2.330257757587883560e-10,2.508453726718896243e-02,3.277724617468152912e-02,-9.790707220289374679e-08
1.800000000000000044e+00,-3.535014947540461860e-01,-4.425879939204427187e-07,7.749915125634051494e-01,-2.186414259976031393e-01,-2.870420595430081123e-07,7.086462024824546901e-10,1.542366903376320764e+00,-1.946774031507140773e-07,2.498987931401277021e-02,8.735834951356797884e-01,-1.200147637298791786e-06,2.330091501689945943e-10,2.504562698155296877e-02,3.273728136835650504e-02,-9.784264359679822564e-08
1.802777777777777812e+00,-3.541087476729535832e-01,-4.433852222714178716e-07,7.749915125653739079e-01,-2.186009262819983423e-01,-2.869889226612731805e-07,7.088269433214167137e-10,1.544792010371162760e+00,-1.980090761446800508e-07,2.498987931466019330e-02,8.728568776273953889e-01,-1.199153850060568974e-06,2.330005962475345527e-10,2.500676028840086856e-02,3.269732929226387697e-02,-9.777823404314872417e-08
1.805555555555555580e+00,-3.547158881061244773e-01,-4.441823030376306966e-07,7.749915125673428884e-01,-2.185604330335893242e-01,-2.869357942691124687e-07,7.088831899954017857e-10,1.547215099445920394e+00,-2.013379892530642873e-07,2.498987931530757475e-02,8.721304818074940846e-01,-1.198160367372898563e-06,2.329765946135209376e-10,2.496793714893227878e-02,3.265738993542660618e-02,-9.771384352659404075e-08
1.808333333333333348e+00,-3.553229160715204449e-01,-4.449792362426595203e-07,7.749915125693122020e-01,-2.185199462509789248e-01,-2.868826743646943739e-07,7.089403994409160248e-10,1.549636171216009162e+00,-2.046641433213128708e-07,2.498987931595489376e-02,8.714043074910922115e-01,-1.197167188982617018e-06,2.329575681664364240e-10,2.492915752439648150e-02,3.261746328687742391e-02,-9.764947203177951946e-08
1.811111111111111116e+00,-3.559298315870991769e-01,-4.457760219100775873e-07,7.749915125712816266e-01,-2.184794659327704835e-01,-2.868295629461843287e-07,7.090512170460083752e-10,1.552055226296332080e+00,-2.079875391941711507e-07,2.498987931660221276e-02,8.706783544934700858e-01,-1.196174314637655166e-06,2.329535574857599656e-10,2.489042137609241701e-02,3.257754933565885913e-02,-9.758511954341589797e-08
1.813888888888888884e+00,-3.565366346708143674e-01,-4.465726600634530070e-07,7.749915125732513843e-01,-2.184389920775677008e-01,-2.867764600117523713e-07,7.091356824667771619e-10,1.554472265301278799e+00,-2.113081777156823393e-07,2.498987931724987524e-02,8.699526226300665632e-01,-1.195181744084988175e-06,2.332260339715785946e-10,2.485172866536834724e-02,3.253764807082289157e-02,-9.752078604615699068e-08
1.816666666666666652e+00,-3.571433253406159358e-01,-4.473691507263489656e-07,7.749915125752213640e-01,-2.183985246839746930e-01,-2.867233655595640930e-07,7.092275985248752690e-10,1.556887288844726713e+00,-2.146260597291889140e-07,2.498987931789708669e-02,8.692271117165056848e-01,-1.194189477072760114e-06,2.329297015685183325e-10,2.481307935362319500e-02,3.249775948143261706e-02,-9.745647152472637309e-08
1.819444444444444420e+00,-3.577499036144498601e-01,-4.481654939223233021e-07,7.749915125771915658e-01,-2.183580637505959654e-01,-2.866702795877900087e-07,7.093047434125754336e-10,1.559300297540041846e+00,-2.179411860773340475e-07,2.498987931854467978e-02,8.685018215685349485e-01,-1.193197513348933365e-06,2.331985143183556985e-10,2.477447340230323064e-02,3.245788355655845892e-02,-9.739217596383709898e-08
1.822222222222222188e+00,-3.583563695102582880e-01,-4.489616896749289852e-07,7.749915125791621007e-01,-2.183176092760364118e-01,-2.866172020945975095e-07,7.094294197235173627e-10,1.561711292000078188e+00,-2.212535576020603101e-07,2.498987931919219654e-02,8.677767520021046899e-01,-1.192205852661505250e-06,2.331715480419216391e-10,2.473591077290619028e-02,3.241802028528299739e-02,-9.732789934820408823e-08
1.825000000000000178e+00,-3.589627230459794816e-01,-4.497577380077137427e-07,7.749915125811328576e-01,-2.182771612589014254e-01,-2.865641330781577454e-07,7.094924682482517397e-10,1.564120272837179249e+00,-2.245631751446125819e-07,2.498987931983971331e-02,8.670519028333042444e-01,-1.191214494759520448e-06,2.331748925887833224e-10,2.469739142697787576e-02,3.237816965669712554e-02,-9.726364166260541764e-08
1.827777777777777946e+00,-3.595689642395478725e-01,-4.505536389442203788e-07,7.749915125831038365e-01,-2.182367196977966217e-01,-2.865110725366408606e-07,7.095692731301506129e-10,1.566527240663177833e+00,-2.278700395455367553e-07,2.498987932048716415e-02,8.663272738783928117e-01,-1.190223439391093172e-06,2.331508736075349475e-10,2.465891532611368814e-02,3.233833165990187414e-02,-9.719940289176327304e-08
1.830555555555555713e+00,-3.601750931088938956e-01,-4.513493925079865098e-07,7.749915125850750375e-01,-2.181962845913281157e-01,-2.864580204682168404e-07,7.096646117976668222e-10,1.568932196089396713e+00,-2.311741516446811117e-07,2.498987932113457683e-02,8.656028649537899078e-01,-1.189232686305431787e-06,2.331437560371130147e-10,2.462048243195808298e-02,3.229850628400786350e-02,-9.713518302046541916e-08
1.833333333333333481e+00,-3.607811096719442667e-01,-4.521449987225447226e-07,7.749915125870464605e-01,-2.181558559381024109e-01,-2.864049768710577348e-07,7.097518510412736958e-10,1.571335139726649066e+00,-2.344755122811977245e-07,2.498987932178196175e-02,8.648786758760786952e-01,-1.188242235251675841e-06,2.331277601519410325e-10,2.458209270620469525e-02,3.225869351813550473e-02,-9.707098203349574291e-08
1.836111111111111249e+00,-3.613870139466217046e-01,-4.529404576114224692e-07,7.749915125890182166e-01,-2.181154337367264551e-01,-2.863519417433338996e-07,7.098225791868362222e-10,1.573736072185238699e+00,-2.377741222935410824e-07,2.498987932242927729e-02,8.641547064620032081e-01,-1.187252085978897541e-06,2.331042008724137915e-10,2.454374611059611730e-02,3.221889335141481236e-02,-9.700679991563389600e-08
1.838888888888889017e+00,-3.619928059508450979e-01,-4.537357691981421191e-07,7.749915125909900837e-01,-2.180750179858074178e-01,-2.862989150832201906e-07,7.099353049877521471e-10,1.576134994074961160e+00,-2.410699825194703924e-07,2.498987932307655813e-02,8.634309565284690180e-01,-1.186262238236972291e-06,2.330960997137809798e-10,2.450544260692387108e-02,3.217910577298547375e-02,-9.694263665170815517e-08
1.841666666666666785e+00,-3.625984857025295049e-01,-4.545309335062210657e-07,7.749915125929623949e-01,-2.180346086839530517e-01,-2.862458968888865402e-07,7.100324564413007522e-10,1.578531906005103069e+00,-2.443630937960504005e-07,2.498987932372420673e-02,8.627074258925442329e-01,-1.185272691775693760e-06,2.330716123571940912e-10,2.446718215702842897e-02,3.213933077199687682e-02,-9.687849222654141054e-08
1.844444444444444553e+00,-3.632040532195860982e-01,-4.553259505591715142e-07,7.749915125949348171e-01,-2.179942058297714425e-01,-2.861928871585079630e-07,7.101425107680636728e-10,1.580926808584443899e+00,-2.476534569596502795e-07,2.498987932437138348e-02,8.619841143714569442e-01,-1.184283446344826392e-06,2.330485665558157393e-10,2.442896472279898479e-02,3.209956833760798517e-02,-9.681436662495529491e-08
1.847222222222222321e+00,-3.638095085199222201e-01,-4.561208203805006936e-07,7.749915125969074614e-01,-2.179538094218710920e-01,-2.861398858902566147e-07,7.101832680961317479e-10,1.583319702421255748e+00,-2.509410728459464356e-07,2.498987932501872331e-02,8.612610217825953374e-01,-1.183294501695192576e-06,2.331121285586990055e-10,2.439079026617343299e-02,3.205981845898731725e-02,-9.675025983183463769e-08
1.850000000000000089e+00,-3.644148516214412159e-01,-4.569155429937106446e-07,7.749915125988804387e-01,-2.179134194588607798e-01,-2.860868930823092571e-07,7.103406040459558923e-10,1.585710588123303344e+00,-2.542259422899211841e-07,2.498987932566600068e-02,8.605381479435134651e-01,-1.182305857576677881e-06,2.330876446715590689e-10,2.435265874913858722e-02,3.202008112531333495e-02,-9.668617183200850970e-08
1.852777777777777857e+00,-3.650200825420427675e-01,-4.577101184222984319e-07,7.749915126008536381e-01,-2.178730359393498961e-01,-2.860339087328392105e-07,7.103794167490073974e-10,1.588099466297845153e+00,-2.575080661258641791e-07,2.498987932631323641e-02,8.598154926719202562e-01,-1.181317513740262456e-06,2.330821334550758905e-10,2.431457013372956971e-02,3.198035632577372889e-02,-9.662210261037126945e-08
1.855555555555555625e+00,-3.656252012996225598e-01,-4.585045466897560378e-07,7.749915126028270596e-01,-2.178326588619479975e-01,-2.859809328400217013e-07,7.104719052658525769e-10,1.590486337551633600e+00,-2.607874451873736843e-07,2.498987932696085379e-02,8.590930557856879535e-01,-1.180329469936844077e-06,2.330650932663713704e-10,2.427652438203017557e-02,3.194064404956595271e-02,-9.655805215181259033e-08
1.858333333333333393e+00,-3.662302079120723364e-01,-4.592988278195703623e-07,7.749915126048008140e-01,-2.177922882252651682e-01,-2.859279654020326971e-07,7.106089085218147972e-10,1.592871202490915516e+00,-2.640640803073555667e-07,2.498987932760798544e-02,8.583708371028486717e-01,-1.179341725917291083e-06,2.330346002971106500e-10,2.423852145617262643e-02,3.190094428589705655e-02,-9.649402044122041193e-08
1.861111111111111160e+00,-3.668351023972801772e-01,-4.600929618352232765e-07,7.749915126067746796e-01,-2.177519240279119361e-01,-2.858750064170485358e-07,7.106024484115902595e-10,1.595254061721432803e+00,-2.673379723180257851e-07,2.498987932825552649e-02,8.576488364415932875e-01,-1.178354281433511123e-06,2.330379309661845255e-10,2.420056131833748722e-02,3.186125702398352744e-02,-9.643000746354502343e-08
1.863888888888888928e+00,-3.674398847731302209e-01,-4.608869487601914630e-07,7.749915126087488781e-01,-2.177115662684990238e-01,-2.858220558832484143e-07,7.107054181276772908e-10,1.597634915848422432e+00,-2.706091220509093839e-07,2.498987932890299815e-02,8.569270536202748811e-01,-1.177367136236505099e-06,2.330139085154891987e-10,2.416264393075375980e-02,3.182158225305158072e-02,-9.636601320368264948e-08
1.866666666666666696e+00,-3.680445550575027758e-01,-4.616807886179467343e-07,7.749915126107232988e-01,-2.176712149456377643e-01,-2.857691137988070296e-07,7.107766632208356583e-10,1.600013765476617333e+00,-2.738775303368417641e-07,2.498987932955043165e-02,8.562054884574039626e-01,-1.176380290078356420e-06,2.330098440583849850e-10,2.412476925569859501e-02,3.178191996233684091e-02,-9.630203764659402156e-08
1.869444444444444464e+00,-3.686491132682742089e-01,-4.624744814319556618e-07,7.749915126126979414e-01,-2.176308700579397681e-01,-2.857161801619034724e-07,7.108762294094628231e-10,1.602390611210246396e+00,-2.771431980059701653e-07,2.498987933019784086e-02,8.554841407716523571e-01,-1.175393742711075438e-06,2.329858198729661822e-10,2.408693725549740025e-02,3.174227014108456368e-02,-9.623808077723583455e-08
1.872222222222222232e+00,-3.692535594233170571e-01,-4.632680272256798403e-07,7.749915126146729172e-01,-2.175905316040170345e-01,-2.856632549707158280e-07,7.110206364652205124e-10,1.604765453653035356e+00,-2.804061258877522362e-07,2.498987933084493435e-02,8.547630103818486536e-01,-1.174407493886614271e-06,2.330230713248893082e-10,2.404914789252360005e-02,3.170263277854938611e-02,-9.617414258056127604e-08
1.875000000000000000e+00,-3.698578935405000823e-01,-4.640614260225758357e-07,7.749915126166480039e-01,-2.175501995824820622e-01,-2.856103382234239283e-07,7.110662475495743706e-10,1.607138293408206575e+00,-2.836663148109581528e-07,2.498987933149199661e-02,8.540420971069841993e-01,-1.173421543357697957e-06,2.330189392135695314e-10,2.401140112919884079e-02,3.166300786399565970e-02,-9.611022304157002782e-08
1.877777777777777768e+00,-3.704621156376881053e-01,-4.648546778460950787e-07,7.749915126186235348e-01,-2.175098739919476276e-01,-2.855574299182067055e-07,7.111579190116623650e-10,1.609509131078480593e+00,-2.869237656036717293e-07,2.498987933213943011e-02,8.533214007662066614e-01,-1.172435890876976570e-06,2.329949826823662917e-10,2.397369692799261945e-02,3.162339538669711042e-02,-9.604632214525719240e-08
1.880555555555555536e+00,-3.710662257327421720e-01,-4.656477827196840236e-07,7.749915126205991767e-01,-2.174695548310269511e-01,-2.855045300532449976e-07,7.112643859302769656e-10,1.611877967266075684e+00,-2.901784790932889364e-07,2.498987933278679768e-02,8.526009211788225794e-01,-1.171450536197051902e-06,2.329709064552432096e-10,2.393603525142237037e-02,3.158379533593692889e-02,-9.598243987661517236e-08
1.883333333333333304e+00,-3.716702238435193317e-01,-4.664407406667840424e-07,7.749915126225750406e-01,-2.174292420983335861e-01,-2.854516386267182130e-07,7.113784786932919602e-10,1.614244802572708526e+00,-2.934304561065210776e-07,2.498987933343415485e-02,8.518806581642969222e-01,-1.170465479071617360e-06,2.329677995654977352e-10,2.389841606205334382e-02,3.154420770100779120e-02,-9.591857622070167124e-08
1.886111111111111294e+00,-3.722741099878729698e-01,-4.672335517108313721e-07,7.749915126245512376e-01,-2.173889357924816690e-01,-2.853987556368074015e-07,7.114060052854087601e-10,1.616609637599594196e+00,-2.966796974693931476e-07,2.498987933408186243e-02,8.511606115422483132e-01,-1.169480719253376382e-06,2.332434193702548342e-10,2.386083932249836309e-02,3.150463247121154664e-02,-9.585473116251524585e-08
1.888888888888889062e+00,-3.728778841836525304e-01,-4.680262158752573794e-07,7.749915126265275456e-01,-2.173486359120854472e-01,-2.853458810816954126e-07,7.115467555440790903e-10,1.618972472947447727e+00,-2.999262040072454741e-07,2.498987933472879980e-02,8.504407811324800059e-01,-1.168496256496239638e-06,2.327145177949407895e-10,2.382330499541929908e-02,3.146506963586111205e-02,-9.579090468712695374e-08
1.891666666666666829e+00,-3.734815464487035719e-01,-4.688187331834881896e-07,7.749915126285041866e-01,-2.173083424557598065e-01,-2.852930149595639844e-07,7.115470573859639103e-10,1.621333309216483443e+00,-3.031699765447350939e-07,2.498987933537578573e-02,8.497211667548998371e-01,-1.167512090553886135e-06,2.329832576863921645e-10,2.378581304352294506e-02,3.142551918427560764e-02,-9.572709677959392934e-08
1.894444444444444597e+00,-3.740850968008678779e-01,-4.696111036589450051e-07,7.749915126304811608e-01,-2.172680554221198546e-01,-2.852401572685950663e-07,7.116536006324114538e-10,1.623692147006416286e+00,-3.064110159058340586e-07,2.498987933602310821e-02,8.490017682296269186e-01,-1.166528221180002293e-06,2.329593271760410644e-10,2.374836342956639784e-02,3.138598110578683098e-02,-9.566330742497369089e-08
1.897222222222222365e+00,-3.746885352579834016e-01,-4.704033273250438927e-07,7.749915126324583570e-01,-2.172277748097812267e-01,-2.851873080069724611e-07,7.118017772422824407e-10,1.626048986916461381e+00,-3.096493229138327173e-07,2.498987933667082967e-02,8.482825853769039304e-01,-1.165544648129349203e-06,2.332488369116703097e-10,2.371095611635254743e-02,3.134645538973392098e-02,-9.559953660838846202e-08
1.900000000000000133e+00,-3.752918618378841553e-01,-4.711954042051959431e-07,7.749915126344356642e-01,-2.171875006173599465e-01,-2.851344671728800771e-07,7.118535570033168725e-10,1.628403829545334691e+00,-3.128848983913383399e-07,2.498987933731808969e-02,8.475636180171616241e-01,-1.164561371155792008e-06,2.329316479282583785e-10,2.367359106673328634e-02,3.130694202546729921e-02,-9.553578431490673269e-08
1.902777777777777901e+00,-3.758950765584003206e-01,-4.719873343228071649e-07,7.749915126364133044e-01,-2.171472328434722598e-01,-2.850816347644998639e-07,7.119322614074219402e-10,1.630756675491254137e+00,-3.161177431602763878e-07,2.498987933796571748e-02,8.468448659709452153e-01,-1.163578390014183067e-06,2.332213033806596059e-10,2.363626824360568965e-02,3.126744100234420121e-02,-9.547205052965596756e-08
1.905555555555555669e+00,-3.764981794373583601e-01,-4.727791177012785903e-07,7.749915126383912778e-01,-2.171069714867349676e-01,-2.850288107800187476e-07,7.120356804168892495e-10,1.633107525351939371e+00,-3.193478580418920489e-07,2.498987933861266525e-02,8.461263290590038677e-01,-1.162595704459437846e-06,2.329698274572411520e-10,2.359898760991656005e-02,3.122795230973408193e-02,-9.540833523776795907e-08
1.908333333333333437e+00,-3.771011704925807395e-01,-4.735707543640061161e-07,7.749915126403693622e-01,-2.170667165457652037e-01,-2.849759952176219600e-07,7.121188760200736212e-10,1.635456379724612441e+00,-3.225752438567484909e-07,2.498987933925994956e-02,8.454080071022053167e-01,-1.161613314246235695e-06,2.329456731675616510e-10,2.356174912865798693e-02,3.118847593701345317e-02,-9.534463842436011334e-08
1.911111111111111205e+00,-3.777040497418862608e-01,-4.743622443343806104e-07,7.749915126423477796e-01,-2.170264680191805462e-01,-2.849231880754945214e-07,7.122146674504170605e-10,1.637803239205998018e+00,-3.257999014247304081e-07,2.498987933990722346e-02,8.446898999215933790e-01,-1.160631219130461509e-06,2.329416833035669043e-10,2.352455276287022251e-02,3.114901187356935303e-02,-9.528096007462220488e-08
1.913888888888888973e+00,-3.783068172030896736e-01,-4.751535876357879644e-07,7.749915126443264191e-01,-2.169862259055989062e-01,-2.848703893518236752e-07,7.122910941625981707e-10,1.640148104392324058e+00,-3.290218315650421155e-07,2.498987934055484778e-02,8.439720073383590870e-01,-1.159649418866972729e-06,2.332108360592055618e-10,2.348739847564017269e-02,3.110956010879764588e-02,-9.521730017368249240e-08
1.916666666666666741e+00,-3.789094728940020085e-01,-4.759447842916089875e-07,7.749915126463052806e-01,-2.169459902036385834e-01,-2.848175990447946006e-07,7.124456059826034249e-10,1.642490975879322468e+00,-3.322410350962092429e-07,2.498987934120170534e-02,8.432543291738759939e-01,-1.158667913211839113e-06,2.326819310144445652e-10,2.345028623010310745e-02,3.107012063210508671e-02,-9.515365870674185450e-08
1.919444444444444509e+00,-3.795120168324305210e-01,-4.767358343252194596e-07,7.749915126482843641e-01,-2.169057609119183772e-01,-2.847648171525950175e-07,7.124611820646942206e-10,1.644831854262228665e+00,-3.354575128360800587e-07,2.498987934184901394e-02,8.425368652496203481e-01,-1.157686701920882239e-06,2.329537014678084716e-10,2.341321598943858773e-02,3.103069343290456444e-02,-9.509003565898647902e-08
1.922222222222222276e+00,-3.801144490361784700e-01,-4.775267377599902375e-07,7.749915126502636697e-01,-2.168655380290572809e-01,-2.847120436734130695e-07,7.125894353754436139e-10,1.647170740135782907e+00,-3.386712656018239342e-07,2.498987934249625661e-02,8.418196153872778975e-01,-1.156705784749966669e-06,2.329296252406853895e-10,2.337618771687578062e-02,3.099127850062151704e-02,-9.502643101560517431e-08
1.925000000000000044e+00,-3.807167695230453952e-01,-4.783174946192868307e-07,7.749915126522434194e-01,-2.168253215536748713e-01,-2.846592786054366885e-07,7.126770493193212985e-10,1.649507634094230513e+00,-3.418822942099337790e-07,2.498987934314387746e-02,8.411025794086560703e-01,-1.155725161455695582e-06,2.332183699632617291e-10,2.333920137568900460e-02,3.095187582468862664e-02,-9.496284476183103266e-08
1.927777777777777812e+00,-3.813189783108270059e-01,-4.791081049264700904e-07,7.749915126542232802e-01,-2.167851114843910298e-01,-2.846065219468553416e-07,7.127732171846590248e-10,1.651842536731321864e+00,-3.450905994762267822e-07,2.498987934379073503e-02,8.403857571357528089e-01,-1.154744831794700106e-06,2.326736320973354921e-10,2.330225692920111571e-02,3.091248539454997599e-02,-9.489927688289897279e-08
1.930555555555555580e+00,-3.819210754173151257e-01,-4.798985687048956796e-07,7.749915126562033629e-01,-2.167449078198260271e-01,-2.845537736958583370e-07,7.128586974186612579e-10,1.654175448640313517e+00,-3.482961822158432477e-07,2.498987934443800893e-02,8.396691483906654208e-01,-1.153764795523351965e-06,2.329423199470825878e-10,2.326535434077885850e-02,3.087310719965558406e-02,-9.483572736402837564e-08
1.933333333333333348e+00,-3.825230608602977478e-01,-4.806888859779140731e-07,7.749915126581837788e-01,-2.167047105586005773e-01,-2.845010338506356711e-07,7.129243324160983164e-10,1.656506370413967977e+00,-3.514990432432494000e-07,2.498987934508527589e-02,8.389527529957006013e-01,-1.152785052399271835e-06,2.329392564254240128e-10,2.322849357383836855e-02,3.083374122946798412e-02,-9.477219619051351841e-08
1.936111111111111116e+00,-3.831249346575590353e-01,-4.814790567688709812e-07,7.749915126601643056e-01,-2.166645196993356726e-01,-2.844483024093776581e-07,7.130678183336902620e-10,1.658835302644554588e+00,-3.546991833722360079e-07,2.498987934573288633e-02,8.382365707732876148e-01,-1.151805602179015248e-06,2.332112714747980320e-10,2.319167459184073507e-02,3.079438747345704733e-02,-9.470868334758489935e-08
1.938888888888888884e+00,-3.837266968268793765e-01,-4.822690811011070322e-07,7.749915126621451655e-01,-2.166243352406528599e-01,-2.843955793702746651e-07,7.131258829978781577e-10,1.661162245923849534e+00,-3.578966034159198663e-07,2.498987934637973696e-02,8.375206015460427977e-01,-1.150826444620362755e-06,2.326824167370178387e-10,2.315489735829519627e-02,3.075504592110380950e-02,-9.464518882054648359e-08
1.941666666666666652e+00,-3.843283473860352739e-01,-4.830589589979576660e-07,7.749915126641262475e-01,-2.165841571811739641e-01,-2.843428647315188060e-07,7.132243025342877019e-10,1.663487200843136726e+00,-3.610913041867451734e-07,2.498987934702703861e-02,8.368048451366832952e-01,-1.149847579480840588e-06,2.329511982618326371e-10,2.311816183675473660e-02,3.071571656189533636e-02,-9.458171259468712203e-08
1.944444444444444420e+00,-3.849298863527995107e-01,-4.838486904827535582e-07,7.749915126661076625e-01,-2.165439855195211705e-01,-2.842901584913002892e-07,7.132456986136403998e-10,1.665810167993208246e+00,-3.642832864964819419e-07,2.498987934767427435e-02,8.360893013681345298e-01,-1.148869006518013730e-06,2.329243881105114156e-10,2.308146799082142972e-02,3.067639938533116631e-02,-9.451825465529784929e-08
1.947222222222222188e+00,-3.855313137449408734e-01,-4.846382755788200902e-07,7.749915126680891886e-01,-2.165038202543171364e-01,-2.842374606478129756e-07,7.133866136710409478e-10,1.668131147964364347e+00,-3.674725511562291757e-07,2.498987934832190561e-02,8.353739700634416065e-01,-1.147890725490491978e-06,2.332134242666317192e-10,2.304481578414195250e-02,3.063709438091795703e-02,-9.445481498773268488e-08
1.950000000000000178e+00,-3.861326295802243735e-01,-4.854277143094777733e-07,7.749915126700711587e-01,-2.164636613841849078e-01,-2.841847711992491382e-07,7.134791125962269831e-10,1.670450141346413897e+00,-3.706590989764134932e-07,2.498987934896883603e-02,8.346588510458333721e-01,-1.146912736155995745e-06,2.329608016909956447e-10,2.300820518041073182e-02,3.059780153817336090e-02,-9.439139357729216607e-08
1.952777777777777946e+00,-3.867338338764113037e-01,-4.862170066980420363e-07,7.749915126720532399e-01,-2.164235089077478913e-01,-2.841320901438024262e-07,7.135832966187471982e-10,1.672767148728675268e+00,-3.738429307667902922e-07,2.498987934961613422e-02,8.339439441386589102e-01,-1.145935038273215509e-06,2.329562480418712056e-10,2.297163614336669712e-02,3.055852084662222246e-02,-9.432799040933514309e-08
1.955555555555555713e+00,-3.873349266512590150e-01,-4.870061527678234377e-07,7.749915126740355431e-01,-2.163833628236298545e-01,-2.840794174796685007e-07,7.137014573083133584e-10,1.675082170699976336e+00,-3.770240473364453911e-07,2.498987935026339424e-02,8.332292491654422761e-01,-1.144957631600844290e-06,2.329362466801931930e-10,2.293510863679597972e-02,3.051925229579985008e-02,-9.426460546922081026e-08
1.958333333333333481e+00,-3.879359079225211393e-01,-4.877951525421273478e-07,7.749915126760181794e-01,-2.163432231304550923e-01,-2.840267532050385228e-07,7.137279881691549477e-10,1.677395207848655367e+00,-3.802024494937934403e-07,2.498987935091034895e-02,8.325147659498540742e-01,-1.143980515897481296e-06,2.329729551636683382e-10,2.289862262453042779e-02,3.047999587525028475e-02,-9.420123874230234004e-08
1.961111111111111249e+00,-3.885367777079473672e-01,-4.885840060442541608e-07,7.749915126780010377e-01,-2.163030898268480107e-01,-2.839740973181106416e-07,7.138897060304794095e-10,1.679706260762560577e+00,-3.833781380465808874e-07,2.498987935155771306e-02,8.318004943157212283e-01,-1.143003690922788764e-06,2.329733107819809135e-10,2.286217807044804012e-02,3.044075157452695579e-02,-9.413789021399727937e-08
1.963888888888889017e+00,-3.891375360252836701e-01,-4.893727132974992944e-07,7.749915126799841181e-01,-2.162629629114337371e-01,-2.839214498170781359e-07,7.139747074808022731e-10,1.682015330029051903e+00,-3.865511138018846531e-07,2.498987935220500778e-02,8.310864340870215417e-01,-1.142027156435480255e-06,2.329497220121545809e-10,2.282577493847263647e-02,3.040151938319225408e-02,-9.407455986966584168e-08
1.966666666666666785e+00,-3.897381828922721336e-01,-4.901612743251532959e-07,7.749915126819674205e-01,-2.162228423828376211e-01,-2.838688107001374608e-07,7.139841929487689143e-10,1.684322416235000119e+00,-3.897213775661135610e-07,2.498987935285194167e-02,8.303725850878899140e-01,-1.141050912195396303e-06,2.327087741255118303e-10,2.278941319257413514e-02,3.036229929081800741e-02,-9.401124769473614858e-08
1.969444444444444553e+00,-3.903387183266510685e-01,-4.909496891505014186e-07,7.749915126839510560e-01,-2.161827282396853178e-01,-2.838161799654852301e-07,7.141380767988758649e-10,1.686627519966787725e+00,-3.928889301450096609e-07,2.498987935349933701e-02,8.296589471425951379e-01,-1.140074957962207616e-06,2.329829419667195367e-10,2.275309279676731439e-02,3.032309128698403022e-02,-9.394795367462613086e-08
1.972222222222222321e+00,-3.909391423461550108e-01,-4.917379577968240455e-07,7.749915126859349135e-01,-2.161426204806030371e-01,-2.837635576113186402e-07,7.142025842260535384e-10,1.688930641810309830e+00,-3.960537723436466938e-07,2.498987935414665948e-02,8.289455200755891928e-01,-1.139099293495577278e-06,2.329588553312555987e-10,2.271681371511420980e-02,3.028389536128107268e-02,-9.388467779475332222e-08
1.975000000000000089e+00,-3.915394549685145553e-01,-4.925260802873965832e-07,7.749915126879189931e-01,-2.161025191042172666e-01,-2.837109436358350990e-07,7.143087284861016073e-10,1.691231782350973711e+00,-3.992159049664332678e-07,2.498987935479366276e-02,8.282323037114586173e-01,-1.138123918556272266e-06,2.327252644068744658e-10,2.268057591172166487e-02,3.024471150330796179e-02,-9.382142004060149701e-08
1.977777777777777857e+00,-3.921396562114565776e-01,-4.933140566454892502e-07,7.749915126899032947e-01,-2.160624241091549658e-01,-2.836583380372339734e-07,7.143974786738560567e-10,1.693530942173700371e+00,-4.023753288171113233e-07,2.498987935544067646e-02,8.275192978749290607e-01,-1.137148832903996111e-06,2.329939175621520420e-10,2.264437935074147673e-02,3.020553970267179575e-02,-9.375818039759082270e-08
1.980555555555555625e+00,-3.927397460927041228e-01,-4.941018868943676064e-07,7.749915126918879293e-01,-2.160223354940434548e-01,-2.836057408137114008e-07,7.144398388864159344e-10,1.695828121862923643e+00,-4.055320446987575092e-07,2.498987935608806138e-02,8.268065023909080269e-01,-1.136174036299618494e-06,2.329875129630787356e-10,2.260822399637248820e-02,3.016637994899057026e-02,-9.369495885121112197e-08
1.983333333333333393e+00,-3.933397246299764061e-01,-4.948895710572919176e-07,7.749915126938726750e-01,-2.159822532575103593e-01,-2.835531519634682302e-07,7.145621230136844915e-10,1.698123322002591529e+00,-4.086860534137847181e-07,2.498987935673516875e-02,8.260939170844328050e-01,-1.135199528503931805e-06,2.330265459760116897e-10,2.257210981285794060e-02,3.012723223189003527e-02,-9.363175538694804851e-08
1.986111111111111160e+00,-3.939395918409888675e-01,-4.956771091575175792e-07,7.749915126958577538e-01,-2.159421773981838599e-01,-2.835005714847039343e-07,7.146410685443527200e-10,1.700416543176166417e+00,-4.118373557639404456e-07,2.498987935738221020e-02,8.253815417807004451e-01,-1.134225309277590792e-06,2.330025790364675942e-10,2.253603676448688586e-02,3.008809654100547820e-02,-9.356856999027879894e-08
1.988888888888888928e+00,-3.945393477434531171e-01,-4.964645012182949046e-07,7.749915126978430546e-01,-2.159021079146923872e-01,-2.834479993756178269e-07,7.147443036731315757e-10,1.702707785966625309e+00,-4.149859525503089602e-07,2.498987935802962981e-02,8.246693763050556569e-01,-1.133251378382065046e-06,2.330040379389108907e-10,2.250000481559356544e-02,3.004897286598102318e-02,-9.350540264672949924e-08
1.991666666666666696e+00,-3.951389923550768790e-01,-4.972517472628693365e-07,7.749915126998286885e-01,-2.158620448056648156e-01,-2.833954356344100161e-07,7.148414013502524256e-10,1.704997050956460258e+00,-4.181318445733126273e-07,2.498987935867677188e-02,8.239574204829958060e-01,-1.132277735578782656e-06,2.330357452146047947e-10,2.246401393055757686e-02,3.000986119646991551e-02,-9.344225334182386665e-08
1.994444444444444464e+00,-3.957385256935642137e-01,-4.980388473144811297e-07,7.749915127018145444e-01,-2.158219880697303805e-01,-2.833428802592838919e-07,7.149215282276077943e-10,1.707284338727679263e+00,-4.212750326327100028e-07,2.498987935932385149e-02,8.232456741401708022e-01,-1.131304380629017128e-06,2.330162330449470076e-10,2.242806407380382519e-02,2.997076152213451125e-02,-9.337912206107657899e-08
1.997222222222222232e+00,-3.963379477766152958e-01,-4.988258013963656685e-07,7.749915127038006224e-01,-2.157819377055187615e-01,-2.832903332484400917e-07,7.150004720235525468e-10,1.709569649861806262e+00,-4.244155175275992221e-07,2.498987935997100049e-02,8.225341371023831005e-01,-1.130331313295195623e-06,2.327801371798665642e-10,2.239215520980247787e-02,2.993167383264629458e-02,-9.331600879007133401e-08
2.000000000000000000e+00,-3.969372586219264698e-01,-4.996126095317533607e-07,7.749915127057869224e-01,-2.157418937116599156e-01,-2.832377946000794645e-07,7.150837803837628570e-10,1.711852984939881361e+00,-4.275533000564163582e-07,2.498987936061817378e-02,8.218228091955677161e-01,-1.129358533338695410e-06,2.330521279431119197e-10,2.235628730306789963e-02,2.989259811768467043e-02,-9.325291351432887110e-08
2.002777777777777768e+00,-3.975364582471903052e-01,-5.003992717438695323e-07,7.749915127077734445e-01,-2.157018560867842993e-01,-2.831852643124047653e-07,7.152133451454600888e-10,1.714134344542461719e+00,-4.306883810169367454e-07,2.498987936126571829e-02,8.211116902458406308e-01,-1.128386040522048683e-06,2.330452983367869990e-10,2.232046031816101520e-02,2.985353436693985105e-02,-9.318983621943934665e-08
2.005555555555555536e+00,-3.981355466700955970e-01,-5.011857880559346385e-07,7.749915127097602996e-01,-2.156618248295227580e-01,-2.831327423836205489e-07,7.153090949424401046e-10,1.716413729249621545e+00,-4.338207612062766207e-07,2.498987936191258627e-02,8.204007800794512750e-01,-1.127413834607733004e-06,2.327926011680414575e-10,2.228467421968689452e-02,2.981448257011002495e-02,-9.312677689098983333e-08
2.008333333333333304e+00,-3.987345239083273096e-01,-5.019721584911640526e-07,7.749915127117473768e-01,-2.156217999385064976e-01,-2.830802288119289878e-07,7.153180443808526690e-10,1.718691139640952770e+00,-4.369504414208913763e-07,2.498987936255978384e-02,8.196900785227846375e-01,-1.126441915357998507e-06,2.330580329418241448e-10,2.224892897229479444e-02,2.977544271690148875e-02,-9.306373551455352038e-08
2.011111111111111072e+00,-3.993333899795665776e-01,-5.027583830727681712e-07,7.749915127137346760e-01,-2.155817814123670295e-01,-2.830277235955350606e-07,7.153948093641115946e-10,1.720966576295565709e+00,-4.400774224565787366e-07,2.498987936320706121e-02,8.189795854024107813e-01,-1.125470282536344911e-06,2.328247056954113603e-10,2.221322454068057339e-02,2.973641479703161006e-02,-9.300071207577883742e-08
2.013888888888888840e+00,-3.999321449014908159e-01,-5.035444618239524149e-07,7.749915127157221972e-01,-2.155417692497362814e-01,-2.829752267326442748e-07,7.155250905666044048e-10,1.723240039792088840e+00,-4.432017051084772752e-07,2.498987936385395695e-02,8.182693005450155654e-01,-1.124498935905196204e-06,2.328021369429889020e-10,2.217756088958320118e-02,2.969739880022466763e-02,-9.293770656024976014e-08
2.016666666666666607e+00,-4.005307886917734983e-01,-5.043303947679172279e-07,7.749915127177100516e-01,-2.155017634492466527e-01,-2.829227382214598619e-07,7.156626229132267980e-10,1.725511530708669916e+00,-4.463232901710677390e-07,2.498987936450089778e-02,8.175592237774503834e-01,-1.123527875228099326e-06,2.328614228525038854e-10,2.214193798378716327e-02,2.965839471621482468e-02,-9.287471895361735188e-08
2.019444444444444375e+00,-4.011293213680844905e-01,-5.051161819278580781e-07,7.749915127196981279e-01,-2.154617640095309872e-01,-2.828702580601888649e-07,7.157103312782631122e-10,1.727781049622975518e+00,-4.494421784381745831e-07,2.498987936514828964e-02,8.168493549267110687e-01,-1.122557100268487716e-06,2.331270818750619256e-10,2.210635578812136792e-02,2.961940253474486945e-02,-9.281174924152625709e-08
2.022222222222222143e+00,-4.017277429480897166e-01,-5.059018233269653511e-07,7.749915127216864263e-01,-2.154217709292222949e-01,-2.828177862470367915e-07,7.158007988422587786e-10,1.730048597112192388e+00,-4.525583707029641710e-07,2.498987936579562599e-02,8.161396938199548812e-01,-1.121586610789739121e-06,2.331065930560871635e-10,2.207081426745993377e-02,2.958042224556728383e-02,-9.274879740961765264e-08
2.024999999999999911e+00,-4.023260534494513263e-01,-5.066873189884245621e-07,7.749915127236749468e-01,-2.153817842069540855e-01,-2.827653227802111082e-07,7.159097377418266461e-10,1.732314173753027209e+00,-4.556718677579483742e-07,2.498987936644231009e-02,8.154302402844769704e-01,-1.120616406556372027e-06,2.328749935942564520e-10,2.203531338672095469e-02,2.954145383844274803e-02,-9.268586344360131186e-08
2.027777777777777679e+00,-4.029242528898277498e-01,-5.074726689354162501e-07,7.749915127256638003e-01,-2.153418038413603408e-01,-2.827128676579185935e-07,7.159570662024217214e-10,1.734577780121707269e+00,-4.587826703949823491e-07,2.498987936708973664e-02,8.147209941477080442e-01,-1.119646487331746819e-06,2.331397505606069842e-10,2.199985311086638529e-02,2.950249730314005378e-02,-9.262294732911748518e-08
2.030555555555555447e+00,-4.035223412868735315e-01,-5.082578731911159777e-07,7.749915127276528759e-01,-2.153018298310752643e-01,-2.826604208783674549e-07,7.161106065772804286e-10,1.736839416793981350e+00,-4.618907794052665488e-07,2.498987936773648319e-02,8.140119552372614420e-01,-1.118676852880542072e-06,2.329075907830935321e-10,2.196443340490423363e-02,2.946355262943891121e-02,-9.256004905188559418e-08
2.033333333333333215e+00,-4.041203186582394413e-01,-5.090429317786941193e-07,7.749915127296421735e-01,-2.152618621747336147e-01,-2.826079824397646825e-07,7.161994816651251483e-10,1.739099084345118840e+00,-4.649961955793478343e-07,2.498987936838400342e-02,8.133031233808596383e-01,-1.117707502967138843e-06,2.331723408105501605e-10,2.192905423388495645e-02,2.942461980712555297e-02,-9.249716859760714036e-08
2.036111111111110983e+00,-4.047181850215725296e-01,-5.098278447213163908e-07,7.749915127316316932e-01,-2.152219008709704007e-01,-2.825555523403192781e-07,7.162812912242522145e-10,1.741356783349911286e+00,-4.680989197071178867e-07,2.498987936903113508e-02,8.125944984064128462e-01,-1.116738437355985952e-06,2.329202421214038310e-10,2.189371556290521659e-02,2.938569882599743541e-02,-9.243430595198788687e-08
2.038888888888888751e+00,-4.053159403945160166e-01,-5.106126120421434259e-07,7.749915127336214349e-01,-2.151819459184211025e-01,-2.825031305782416200e-07,7.163466399923157368e-10,1.743612514382672618e+00,-4.711989525778167011e-07,2.498987936967794060e-02,8.118860801419439666e-01,-1.115769655812567505e-06,2.329191110816974941e-10,2.185841735710419148e-02,2.934678967585873863e-02,-9.237146110079578762e-08
2.041666666666666963e+00,-4.059135847947092923e-01,-5.113972337643307759e-07,7.749915127356115097e-01,-2.151419973157215060e-01,-2.824507171517400215e-07,7.164931703496080218e-10,1.745866278017239148e+00,-4.742962949800304692e-07,2.498987937032517287e-02,8.111778684156432107e-01,-1.114801158101323215e-06,2.329530301298232686e-10,2.182315958166617526e-02,2.930789234652365557e-02,-9.230863402973599693e-08
2.044444444444444731e+00,-4.065111182397879719e-01,-5.121817099110291219e-07,7.749915127376018065e-01,-2.151020550615079241e-01,-2.823983120590262904e-07,7.164749678961745971e-10,1.748118074826970458e+00,-4.773909477016933789e-07,2.498987937097204085e-02,8.104698630558455630e-01,-1.113832943987888594e-06,2.329512832632829600e-10,2.178794220181941993e-02,2.926900682781502158e-02,-9.224582472458568021e-08
2.047222222222222499e+00,-4.071085407473839513e-01,-5.129660405053840627e-07,7.749915127395924364e-01,-2.150621191544168365e-01,-2.823459152983105402e-07,7.166027684440967604e-10,1.750367905384749179e+00,-4.804829115300889381e-07,2.498987937161936332e-02,8.097620638910306701e-01,-1.112865013237721068e-06,2.329861130412336223e-10,2.175276518283607297e-02,2.923013310956432478e-02,-9.218303317111120314e-08
2.050000000000000266e+00,-4.077058523351252406e-01,-5.137502255705364324e-07,7.749915127415831773e-01,-2.150221895930853333e-01,-2.822935268678031489e-07,7.166910329092779364e-10,1.752615770262982542e+00,-4.835721872518483333e-07,2.498987937226631109e-02,8.090544707498289467e-01,-1.111897365616238672e-06,2.329689999941431111e-10,2.171762849003246176e-02,2.919127118161205653e-02,-9.212025935507660211e-08
2.052777777777778034e+00,-4.083030530206360753e-01,-5.145342651296218774e-07,7.749915127435742512e-01,-2.149822663761507546e-01,-2.822411467657164007e-07,7.167723792972369168e-10,1.754861670033601495e+00,-4.866587756529536593e-07,2.498987937291332131e-02,8.083470834610190225e-01,-1.110930000889954445e-06,2.327283712966199403e-10,2.168253208876885774e-02,2.915242103380757260e-02,-9.205750326231174383e-08
2.055555555555555802e+00,-4.089001428215369716e-01,-5.153181592057712791e-07,7.749915127455655472e-01,-2.149423495022508568e-01,-2.821887749902632149e-07,7.169319426320042155e-10,1.757105605268061588e+00,-4.897426775187362776e-07,2.498987937356035929e-02,8.076399018535086460e-01,-1.109962918824319883e-06,2.330021488250455519e-10,2.164747594444854303e-02,2.911358265600793790e-02,-9.199476487858288812e-08
2.058333333333333570e+00,-4.094971217554446707e-01,-5.161019078221103311e-07,7.749915127475570653e-01,-2.149024389700238402e-01,-2.821364115396559284e-07,7.169393793915457280e-10,1.759347576537343638e+00,-4.928238936338781933e-07,2.498987937420744238e-02,8.069329257563874203e-01,-1.108996119185980160e-06,2.327688944370187585e-10,2.161246002252029813e-02,2.907475603808110098e-02,-9.193204418972782941e-08
2.061111111111111338e+00,-4.100939898399720840e-01,-5.168855110017599624e-07,7.749915127495488054e-01,-2.148625347781081552e-01,-2.820840564121078311e-07,7.170578731480192758e-10,1.761587584411954399e+00,-4.959024247824135369e-07,2.498987937485456362e-02,8.062261549988508635e-01,-1.108029601741409777e-06,2.330343713136118211e-10,2.157748428847466177e-02,2.903594116990131785e-02,-9.186934118157427710e-08
2.063888888888889106e+00,-4.106907470927282922e-01,-5.176689687678360197e-07,7.749915127515408786e-01,-2.148226369251427514e-01,-2.820317096058334834e-07,7.171943473133213232e-10,1.763825629461925892e+00,-4.989782717477270825e-07,2.498987937550171609e-02,8.055195894102815668e-01,-1.107063366257026903e-06,2.327815405711586294e-10,2.154254870784783060e-02,2.899713804135404388e-02,-9.180665583994663190e-08
2.066666666666666874e+00,-4.112873935313187124e-01,-5.184522811434493735e-07,7.749915127535331738e-01,-2.147827454097669675e-01,-2.819793711190454340e-07,7.172790209009072271e-10,1.766061712256816518e+00,-5.020514353125572121e-07,2.498987937614894489e-02,8.048132288201664819e-01,-1.106097412500334759e-06,2.330697388558400363e-10,2.150765324621758609e-02,2.895834664233096212e-02,-9.174398815073417195e-08
2.069444444444444642e+00,-4.118839291733449315e-01,-5.192354481517061296e-07,7.749915127555256911e-01,-2.147428602306204748e-01,-2.819270409499598846e-07,7.173781447350480178e-10,1.768295833365711722e+00,-5.051219162589943275e-07,2.498987937679587185e-02,8.041070730581758585e-01,-1.105131740237852948e-06,2.331100243391226456e-10,2.147279786920706576e-02,2.891956696273470517e-02,-9.168133809976755805e-08
2.072222222222222410e+00,-4.124803540364047061e-01,-5.200184698157072060e-07,7.749915127575185414e-01,-2.147029813863433612e-01,-2.818747190967901249e-07,7.174054302006016570e-10,1.770527993357223773e+00,-5.081897153684823325e-07,2.498987937744315962e-02,8.034011219541058457e-01,-1.104166349237160289e-06,2.331029327895528525e-10,2.143798254248193216e-02,2.888079899247544824e-02,-9.161870567294072701e-08
2.075000000000000178e+00,-4.130766681380921290e-01,-5.208013461585487558e-07,7.749915127595116138e-01,-2.146631088755760197e-01,-2.818224055577544741e-07,7.174807102605651465e-10,1.772758192799492649e+00,-5.112548334218201156e-07,2.498987937808977433e-02,8.026953753379062473e-01,-1.103201239265820988e-06,2.328509503268794134e-10,2.140320723175168430e-02,2.884204272147253625e-02,-9.155609085614716567e-08
2.077777777777777946e+00,-4.136728714959974074e-01,-5.215840772033217442e-07,7.749915127615047972e-01,-2.146232426969593154e-01,-2.817701003310680221e-07,7.176218352195062877e-10,1.774986432260186042e+00,-5.143172711991597493e-07,2.498987937873713844e-02,8.019898330396532105e-01,-1.102236410091137307e-06,2.331196190946682734e-10,2.136847190276824904e-02,2.880329813965285327e-02,-9.149349363526435985e-08
2.080555555555555713e+00,-4.142689641277070289e-01,-5.223666629731123718e-07,7.749915127634984247e-01,-2.145833828491345296e-01,-2.817178034149474468e-07,7.177399403979212167e-10,1.777212712306500464e+00,-5.173770294800098792e-07,2.498987937938385029e-02,8.012844948896037378e-01,-1.101271861481744736e-06,2.328874558477078693e-10,2.133377652132859709e-02,2.876456523695411840e-02,-9.143091399624995914e-08
2.083333333333333481e+00,-4.148649460508037068e-01,-5.231491034910018629e-07,7.749915127654921632e-01,-2.145435293307432489e-01,-2.816655148076117556e-07,7.177799032226372944e-10,1.779437033505160581e+00,-5.204341090432340291e-07,2.498987938003097847e-02,8.005793607181246330e-01,-1.100307593205046759e-06,2.329197338474253698e-10,2.129912105327123883e-02,2.872584400332058377e-02,-9.136835192498786831e-08
2.086111111111111249e+00,-4.154608172828663237e-01,-5.239313987800663597e-07,7.749915127674862347e-01,-2.145036821404274208e-01,-2.816132345072773089e-07,7.178778873434543684e-10,1.781659396422420327e+00,-5.234885106670516603e-07,2.498987938067815870e-02,7.998744303557485669e-01,-1.099343605029688819e-06,2.329161932768109011e-10,2.126450546447888890e-02,2.868713442870644489e-02,-9.130580740743627955e-08
2.088888888888889017e+00,-4.160565778414700988e-01,-5.247135488633772396e-07,7.749915127694805284e-01,-2.144638412768294644e-01,-2.815609625121624257e-07,7.179732103984592939e-10,1.783879801624063566e+00,-5.265402351290403947e-07,2.498987938132539791e-02,7.991697036331456561e-01,-1.098379896724173636e-06,2.329568499909173696e-10,2.122992972087704711e-02,2.864843650307408868e-02,-9.124328042954502062e-08
2.091666666666666785e+00,-4.166522277441863653e-01,-5.254955537640009039e-07,7.749915127714750440e-01,-2.144240067385921045e-01,-2.815086988204857429e-07,7.180776338128191938e-10,1.786098249675403871e+00,-5.295892832061335799e-07,2.498987938197224160e-02,7.984651803811342319e-01,-1.097416468056908850e-06,2.329283467494835946e-10,2.119539378843444261e-02,2.860975021639475951e-02,-9.118077097725824150e-08
2.094444444444444553e+00,-4.172477670085827928e-01,-5.262774135049985657e-07,7.749915127734698927e-01,-2.143841785243584819e-01,-2.814564434304672208e-07,7.181917161674933325e-10,1.788314741141284969e+00,-5.326356556746241008e-07,2.498987938261924835e-02,7.977608604306724027e-01,-1.096453318797411712e-06,2.329850531251898005e-10,2.116089763316261405e-02,2.857107555864807705e-02,-9.111827903658674309e-08
2.097222222222222321e+00,-4.178431956522232205e-01,-5.270591281094267795e-07,7.749915127754648525e-01,-2.143443566327721816e-01,-2.814041963403262901e-07,7.182336461686311679e-10,1.790529276586081631e+00,-5.356793533101620499e-07,2.498987938326659858e-02,7.970567436128679351e-01,-1.095490448714132004e-06,2.329659434113784400e-10,2.112644122111630510e-02,2.853241251982258087e-02,-9.105580459347728264e-08
2.100000000000000089e+00,-4.184385136926677129e-01,-5.278406976003370176e-07,7.749915127774601453e-01,-2.143045410624770664e-01,-2.813519575482832818e-07,7.183132422206028878e-10,1.792741856573699666e+00,-5.387203768877567395e-07,2.498987938391366778e-02,7.963528297589670402e-01,-1.094527857576720173e-06,2.330220877366784293e-10,2.109202451839288506e-02,2.849376108991508519e-02,-9.099334763394870785e-08
2.102777777777777857e+00,-4.190337211474725598e-01,-5.286221220007759876e-07,7.749915127794556602e-01,-2.142647318121174427e-01,-2.812997270525590031e-07,7.184062442155969563e-10,1.794952481667576372e+00,-5.417587271817781837e-07,2.498987938456038310e-02,7.956491187003705834e-01,-1.093565545154680343e-06,2.327680478919624818e-10,2.105764749113307049e-02,2.845512125893166766e-02,-9.093090814401111816e-08
2.105555555555555625e+00,-4.196288180341903318e-01,-5.294034013337852092e-07,7.749915127814515081e-01,-2.142249288803379781e-01,-2.812475048513762201e-07,7.185215478155981828e-10,1.797161152430680753e+00,-5.447944049659547692e-07,2.498987938520752516e-02,7.949456102685985570e-01,-1.092603511217335162e-06,2.330377384118786921e-10,2.102331010551917664e-02,2.841649301688549401e-02,-9.086848610966397217e-08
2.108333333333333393e+00,-4.202238043703698800e-01,-5.301845356224014374e-07,7.749915127834475781e-01,-2.141851322657837564e-01,-2.811952909429559519e-07,7.185869174003434168e-10,1.799367869425514632e+00,-5.478274110133771727e-07,2.498987938585441743e-02,7.942423042953457024e-01,-1.091641755535267449e-06,2.330981085235661610e-10,2.098901232777772990e-02,2.837787635380020768e-02,-9.080608151698208793e-08
2.111111111111111160e+00,-4.208186801735561700e-01,-5.309655248896563451e-07,7.749915127854437591e-01,-2.141453419671001945e-01,-2.811430853255183174e-07,7.186631081901317941e-10,1.801572633214112651e+00,-5.508577460964963493e-07,2.498987938650133744e-02,7.935392006124381004e-01,-1.090680277877913143e-06,2.328419419078686659e-10,2.095475412417734454e-02,2.833927125970726532e-02,-9.074369435197142235e-08
2.113888888888888928e+00,-4.214134454612905034e-01,-5.317463691585766289e-07,7.749915127874402732e-01,-2.141055579829331534e-01,-2.810908879972880416e-07,7.187338797037812199e-10,1.803775444358042046e+00,-5.538854109871249089e-07,2.498987938714828869e-02,7.928362990518312836e-01,-1.089719078015863534e-06,2.328343039204039400e-10,2.092053546102856654e-02,2.830067772464589168e-02,-9.068132460070773317e-08
2.116666666666666696e+00,-4.220081002511103518e-01,-5.325270684521844325e-07,7.749915127894371203e-01,-2.140657803119287717e-01,-2.810386989564890022e-07,7.188730548335353632e-10,1.805976303418403983e+00,-5.569104064564388102e-07,2.498987938779528503e-02,7.921335994456396579e-01,-1.088758155719605305e-06,2.328699420794944075e-10,2.088635630468524060e-02,2.826209573866478655e-02,-9.061897224926031948e-08
2.119444444444444464e+00,-4.226026445605494675e-01,-5.333076227934964998e-07,7.749915127914341895e-01,-2.140260089527337151e-01,-2.809865182013443889e-07,7.189305505084231385e-10,1.808175210955833334e+00,-5.599327332749753492e-07,2.498987938844271159e-02,7.914311016261120768e-01,-1.087797510759479658e-06,2.331438601205215733e-10,2.085221662154329580e-02,2.822352529182068498e-02,-9.055663728368977184e-08
2.122222222222222232e+00,-4.231970784071378278e-01,-5.340880322055249161e-07,7.749915127934313697e-01,-2.139862439039948994e-01,-2.809343457300784499e-07,7.190527114703249012e-10,1.810372167530499565e+00,-5.629523922126368647e-07,2.498987938908948936e-02,7.907288054256589316e-01,-1.086837142907070820e-06,2.329072351647809569e-10,2.081811637804197382e-02,2.818496637417999828e-02,-9.049431969013129909e-08
2.125000000000000000e+00,-4.237914018084016909e-01,-5.348682967112766844e-07,7.749915127954289940e-01,-2.139464851643597398e-01,-2.808821815409161218e-07,7.191008309648250219e-10,1.812567173702106516e+00,-5.659693840386885149e-07,2.498987938973628448e-02,7.900267106768086300e-01,-1.085877051932764040e-06,2.326516947842582894e-10,2.078405554066172639e-02,2.814641897581614260e-02,-9.043201945464828435e-08
2.127777777777777768e+00,-4.243856147818635405e-01,-5.356484163337539373e-07,7.749915127974267293e-01,-2.139067327324759293e-01,-2.808300256320829236e-07,7.191843023890420739e-10,1.814760230029893728e+00,-5.689837095217599718e-07,2.498987939038354103e-02,7.893248172122303563e-01,-1.084917237608114532e-06,2.329436140507956665e-10,2.075003407592521457e-02,2.810788308681098566e-02,-9.036973656337432181e-08
2.130555555555555536e+00,-4.249797173450420296e-01,-5.364283910959540427e-07,7.749915127994247976e-01,-2.138669866069915493e-01,-2.807778780018060153e-07,7.193443306297009343e-10,1.816951337072635342e+00,-5.719953694298470088e-07,2.498987939103052003e-02,7.886231248647629366e-01,-1.083957699704642994e-06,2.329798801797844376e-10,2.071605195039867911e-02,2.806935869725653981e-02,-9.030747100244111308e-08
2.133333333333333304e+00,-4.255737095154521477e-01,-5.372082210208690749e-07,7.749915128014230881e-01,-2.138272467865551807e-01,-2.807257386483089042e-07,7.194020934520040100e-10,1.819140495388642531e+00,-5.750043645303095954e-07,2.498987939167710698e-02,7.879216334673715405e-01,-1.082998437993686317e-06,2.327210091301878947e-10,2.068210913068978599e-02,2.803084579725232534e-02,-9.024522275796897776e-08
2.136111111111111072e+00,-4.261675913106051095e-01,-5.379879061314865551e-07,7.749915128034216005e-01,-2.137875132698155989e-01,-2.806736075698204972e-07,7.195186078889914683e-10,1.821327705535761954e+00,-5.780106955898749675e-07,2.498987939232418659e-02,7.872203428531460156e-01,-1.082039452247682536e-06,2.330155634416852806e-10,2.064820558344753268e-02,2.799234437690535995e-02,-9.018299181614478048e-08
2.138888888888888840e+00,-4.267613627480083549e-01,-5.387674464507889223e-07,7.749915128054203350e-01,-2.137477860554221620e-01,-2.806214847645675309e-07,7.195324058795193878e-10,1.823512968071377083e+00,-5.810143633746363567e-07,2.498987939297137029e-02,7.865192528553506257e-01,-1.081080742238079926e-06,2.330527403004989395e-10,2.061434127536452762e-02,2.795385442633304546e-02,-9.012077816309586858e-08
2.141666666666666607e+00,-4.273550238451656047e-01,-5.395468420017536393e-07,7.749915128074194026e-01,-2.137080651420244226e-01,-2.805693702307782241e-07,7.196702938444543562e-10,1.825696283552408872e+00,-5.840153686500539434e-07,2.498987939361818969e-02,7.858183633073755336e-01,-1.080122307737457341e-06,2.328161639170156505e-10,2.058051617317466220e-02,2.791537593566033662e-02,-9.005858178501748435e-08
2.144444444444444375e+00,-4.279485746195768048e-01,-5.403260928073534043e-07,7.749915128094186922e-01,-2.136683505282725160e-01,-2.805172639666801074e-07,7.197746842990682126e-10,1.827877652535315534e+00,-5.870137121809568686e-07,2.498987939426546012e-02,7.851176740427359135e-01,-1.079164148518198182e-06,2.330893499047359541e-10,2.054673024365302053e-02,2.787690889501962671e-02,-8.999640266809309108e-08
2.147222222222222143e+00,-4.285420150887381263e-01,-5.411051988905558333e-07,7.749915128114182039e-01,-2.136286422128167717e-01,-2.804651659705039408e-07,7.198496711907642620e-10,1.830057075576092984e+00,-5.900093947315411159e-07,2.498987939491202279e-02,7.844171848951250192e-01,-1.078206264352691991e-06,2.328338077894898106e-10,2.051298345361832198e-02,2.783845329455399142e-02,-8.993424079850686670e-08
2.149999999999999911e+00,-4.291353452701420212e-01,-5.418841602743236720e-07,7.749915128134180486e-01,-2.135889401943079635e-01,-2.804130762404770961e-07,7.199690687381687937e-10,1.832234553230275953e+00,-5.930024170653726883e-07,2.498987939555907811e-02,7.837168956983392443e-01,-1.077248655014333947e-06,2.328905557985594399e-10,2.047927576992934068e-02,2.780000912441264044e-02,-8.987209616250296968e-08
2.152777777777777679e+00,-4.297285651812772778e-01,-5.426629769816146894e-07,7.749915128154181154e-01,-2.135492444713973093e-01,-2.803609947748300156e-07,7.200340237240032693e-10,1.834410086052937094e+00,-5.959927799453861259e-07,2.498987939620582466e-02,7.830168062863448464e-01,-1.076291320275551499e-06,2.326334923308248648e-10,2.044560715948801760e-02,2.776157637475493156e-02,-8.980996874626778819e-08
2.155555555555555447e+00,-4.303216748396287983e-01,-5.434416490353818903e-07,7.749915128174182932e-01,-2.135095550427363320e-01,-2.803089215717934591e-07,7.200899026366114342e-10,1.836583674598688543e+00,-5.989804841338859877e-07,2.498987939685260590e-02,7.823169164932195496e-01,-1.075334259909837660e-06,2.329186635230406921e-10,2.041197758923662259e-02,2.772315503574690476e-02,-8.974785853605167463e-08
2.158333333333333215e+00,-4.309146742626778215e-01,-5.442201764585731973e-07,7.749915128194189151e-01,-2.134698719069769712e-01,-2.802568566295988220e-07,7.201839402615206609e-10,1.838755319421681689e+00,-6.019655303925481228e-07,2.498987939749951551e-02,7.816172261532143839e-01,-1.074377473690621492e-06,2.329548585283669482e-10,2.037838702616066519e-02,2.768474509756493895e-02,-8.968576551810118298e-08
2.161111111111110983e+00,-4.315075634679018113e-01,-5.449985592741318740e-07,7.749915128214196480e-01,-2.134301950627714994e-01,-2.802047999464750112e-07,7.203281478240786129e-10,1.840925021075608070e+00,-6.049479194824178699e-07,2.498987939814646328e-02,7.809177351007052792e-01,-1.073420961391177899e-06,2.327052682493668812e-10,2.034483543728652852e-02,2.764634655039288277e-02,-8.962368967865341751e-08
2.163888888888888751e+00,-4.321003424727745124e-01,-5.457767975049959963e-07,7.749915128234207140e-01,-2.133905245087726332e-01,-2.801527515206561219e-07,7.203856660503715759e-10,1.843092780113699369e+00,-6.079276521639136577e-07,2.498987939879348738e-02,7.802184431701915113e-01,-1.072464722785923582e-06,2.329948942114690169e-10,2.031132278968136515e-02,2.760795938442195396e-02,-8.956163100401446274e-08
2.166666666666666963e+00,-4.326930112947658946e-01,-5.465548911740988752e-07,7.749915128254220020e-01,-2.133508602436333945e-01,-2.801007113503743963e-07,7.205350430888879387e-10,1.845258597088727637e+00,-6.109047291968246750e-07,2.498987939944060863e-02,7.795193501963445515e-01,-1.071508757648219632e-06,2.330311568710108361e-10,2.027784905045533839e-02,2.756958358985366758e-02,-8.949958948042686247e-08
2.169444444444444731e+00,-4.332855699513422087e-01,-5.473328403043688457e-07,7.749915128274235121e-01,-2.133112022660072771e-01,-2.800486794338623413e-07,7.206164918255320018e-10,1.847422472553006179e+00,-6.138791513403132007e-07,2.498987940008745579e-02,7.788204560139539989e-01,-1.070553065752575713e-06,2.330873410949507729e-10,2.024441418675903409e-02,2.753121915689658514e-02,-8.943756509420215400e-08
2.172222222222222499e+00,-4.338780184599659862e-01,-5.481106449187292663e-07,7.749915128294253552e-01,-2.132715505745481077e-01,-2.799966557693524639e-07,7.206723898200984024e-10,1.849584407058389557e+00,-6.168509193529151324e-07,2.498987940073434458e-02,7.781217604579617753e-01,-1.069597646873350082e-06,2.328307702886833752e-10,2.021101816578502186e-02,2.749286607576837890e-02,-8.937555783164272931e-08
2.175000000000000266e+00,-4.344703568380959835e-01,-5.488883050400989426e-07,7.749915128314273094e-01,-2.132319051679101019e-01,-2.799446403550806592e-07,7.207187815300164502e-10,1.851744401156274034e+00,-6.198200339925388226e-07,2.498987940138125072e-02,7.774232633634312606e-01,-1.068642500784763567e-06,2.328071988660918024e-10,2.017766095476634242e-02,2.745452433669396189e-02,-8.931356767904306592e-08
2.177777777777778034e+00,-4.350625851031872937e-01,-5.496658206913912807e-07,7.749915128334295966e-01,-2.131922660447477802e-01,-2.798926331892777400e-07,7.208747279663363372e-10,1.853902455397598015e+00,-6.227864960164681485e-07,2.498987940202832686e-02,7.767249645655734946e-01,-1.067687627262217970e-06,2.331612819483908083e-10,2.014434252097771841e-02,2.741619392990710460e-02,-8.925159462276807743e-08
2.180555555555555802e+00,-4.356547032726911239e-01,-5.504431918955151335e-07,7.749915128354322169e-01,-2.131526332037161908e-01,-2.798406342701804484e-07,7.209244035077944091e-10,1.856058570332842717e+00,-6.257503061813607124e-07,2.498987940267509769e-02,7.760268638997609436e-01,-1.066733026080049102e-06,2.329047076726764587e-10,2.011106283173611300e-02,2.737787484565119833e-02,-8.918963864911917644e-08
2.183333333333333570e+00,-4.362467113640550731e-01,-5.512204186753742721e-07,7.749915128374349482e-01,-2.131130066434706039e-01,-2.797886435960259501e-07,7.210292207043833557e-10,1.858212746512032165e+00,-6.287114652432495356e-07,2.498987940332191363e-02,7.753289612014729881e-01,-1.065778697013681213e-06,2.326691027343397167e-10,2.007782185439814862e-02,2.733956707417602161e-02,-8.912769974446320884e-08
2.186111111111111338e+00,-4.368386093947229654e-01,-5.519975010538677026e-07,7.749915128394380126e-01,-2.130733863626668168e-01,-2.797366611650484460e-07,7.210880798719232487e-10,1.860364984484733863e+00,-6.316699739575442232e-07,2.498987940396877466e-02,7.746312563063304513e-01,-1.064824639838427167e-06,2.329373430254300104e-10,2.004461955636169593e-02,2.730127060573980802e-02,-8.906577789515999280e-08
2.188888888888889106e+00,-4.374303973821349056e-01,-5.527744390538894552e-07,7.749915128414412990e-01,-2.130337723599608768e-01,-2.796846869754837254e-07,7.211795795963871214e-10,1.862515284800058568e+00,-6.346258330790292700e-07,2.498987940461573631e-02,7.739337490501171368e-01,-1.063870854329498818e-06,2.329740185491591120e-10,2.001145590506677244e-02,2.726298543061054722e-02,-8.900387308756345698e-08
2.191666666666666874e+00,-4.380220753437272241e-01,-5.535512326983286893e-07,7.749915128434448075e-01,-2.129941646340092753e-01,-2.796327210255693244e-07,7.212641543047348947e-10,1.864663648006661401e+00,-6.375790433618673428e-07,2.498987940526285756e-02,7.732364392687360866e-01,-1.062917340263250670e-06,2.330306659442671346e-10,1.997833086799349900e-02,2.722471153906332736e-02,-8.894198530809627201e-08
2.194444444444444642e+00,-4.386136432969326426e-01,-5.543278820100696942e-07,7.749915128454486490e-01,-2.129545631834688646e-01,-2.795807633135440498e-07,7.214053469178915989e-10,1.866810074652742069e+00,-6.405296055595976920e-07,2.498987940590960063e-02,7.725393267982396672e-01,-1.061964097414948577e-06,2.327779670407981172e-10,1.994524441266345982e-02,2.718644892138218083e-02,-8.888011454311587380e-08
2.197222222222222410e+00,-4.392051012591799419e-01,-5.551043870119916768e-07,7.749915128474526016e-01,-2.129149680069969131e-01,-2.795288138376431613e-07,7.214512806608119888e-10,1.868954565286045089e+00,-6.434775204251381637e-07,2.498987940655649637e-02,7.718424114747997056e-01,-1.061011125561303430e-06,2.328340974883102987e-10,1.991219650663823490e-02,2.714819756785826280e-02,-8.881826077906608237e-08
2.200000000000000178e+00,-4.397964492478942944e-01,-5.558807477269691854e-07,7.749915128494568872e-01,-2.128753791032509946e-01,-2.794768725961057834e-07,7.216183952468702145e-10,1.871097120453860008e+00,-6.464227887107843520e-07,2.498987940720341291e-02,7.711456931347459021e-01,-1.060058424477944460e-06,2.328105208615482979e-10,1.987918711752113474e-02,2.710995746879216184e-02,-8.875642400232618439e-08
2.202777777777777946e+00,-4.403876872804972642e-01,-5.566569641778716859e-07,7.749915128514615059e-01,-2.128357964708891548e-01,-2.794249395871719404e-07,7.216648528762803494e-10,1.873237740703022514e+00,-6.493654111682106586e-07,2.498987940785004844e-02,7.704491716145351887e-01,-1.059105993941682720e-06,2.328667987605559375e-10,1.984621621295576399e-02,2.707172861449208892e-02,-8.869460419934643204e-08
2.205555555555555713e+00,-4.409788153744064743e-01,-5.574330363875639858e-07,7.749915128534662356e-01,-2.127962201085697169e-01,-2.793730148090785862e-07,7.217821930416423726e-10,1.875376426579913547e+00,-6.523053885484718805e-07,2.498987940849681580e-02,7.697528467507669392e-01,-1.058153833729159012e-06,2.329034534676033275e-10,1.981328376062665986e-02,2.703351099527474127e-02,-8.863280135656660870e-08
2.208333333333333481e+00,-4.415698335470359392e-01,-5.582089643789058102e-07,7.749915128554712984e-01,-2.127566500149515039e-01,-2.793210982600682333e-07,7.218458573932107214e-10,1.877513178630461077e+00,-6.552427216020014101e-07,2.498987940914400296e-02,7.690567183801755302e-01,-1.057201943616870562e-06,2.329397091882512427e-10,1.978038972825888614e-02,2.699530460146489647e-02,-8.857101546041837151e-08
2.211111111111111249e+00,-4.421607418157958991e-01,-5.589847481747520139e-07,7.749915128574765832e-01,-2.127170861886935327e-01,-2.792691899383805354e-07,7.219353274912077012e-10,1.879647997400139436e+00,-6.581774110786147293e-07,2.498987940979055869e-02,7.683607863396386684e-01,-1.056250323382568630e-06,2.327116225414593842e-10,1.974753408361838020e-02,2.695710942339590160e-02,-8.850924649740835328e-08
2.213888888888889017e+00,-4.427515401980929299e-01,-5.597603877979526871e-07,7.749915128594822011e-01,-2.126775286284554034e-01,-2.792172898422547758e-07,7.220461659129817633e-10,1.881780883433970653e+00,-6.611094577275071860e-07,2.498987941043721503e-02,7.676650504661552965e-01,-1.055298972802769503e-06,2.327473856006401220e-10,1.971471679451089823e-02,2.691892545140832718e-02,-8.844749445396909790e-08
2.216666666666666785e+00,-4.433422287113298332e-01,-5.605358832713528378e-07,7.749915128614879301e-01,-2.126379773328969935e-01,-2.791653979699325669e-07,7.220834225690753172e-10,1.883911837276523338e+00,-6.640388622972556880e-07,2.498987941108431546e-02,7.669695105968717952e-01,-1.054347891655196066e-06,2.330324804650230064e-10,1.968193782878316020e-02,2.688075267585157344e-02,-8.838575931660568968e-08
2.219444444444444553e+00,-4.439328073729056912e-01,-5.613112346177928152e-07,7.749915128634939920e-01,-2.125984323006784860e-01,-2.791135143196570567e-07,7.222463183076399673e-10,1.886040859471914910e+00,-6.669656255358202917e-07,2.498987941173154079e-02,7.662741665690813164e-01,-1.053397079717479087e-06,2.330687847579282490e-10,1.964919715432277697e-02,2.684259108708381830e-02,-8.832404107181786605e-08
2.222222222222222321e+00,-4.445232762002159221e-01,-5.620864418601078865e-07,7.749915128655002761e-01,-2.125588935304606186e-01,-2.790616388896692223e-07,7.222457978905971743e-10,1.888167950563810926e+00,-6.698897481905424016e-07,2.498987941237806529e-02,7.655790182202044658e-01,-1.052446536767111483e-06,2.328190695788379116e-10,1.961649473905731356e-02,2.680444067547081005e-02,-8.826233970609692057e-08
2.225000000000000089e+00,-4.451136352106521699e-01,-5.628615050211286601e-07,7.749915128675068932e-01,-2.125193610209043515e-01,-2.790097716782128998e-07,7.223574551018518974e-10,1.890293111095425305e+00,-6.728112310081476292e-07,2.498987941302507898e-02,7.648840653877855278e-01,-1.051496262582659147e-06,2.328758089142901611e-10,1.958383055095406361e-02,2.676630143138573892e-02,-8.820065520599870659e-08
2.227777777777777857e+00,-4.457038844216023588e-01,-5.636364241236806622e-07,7.749915128695136213e-01,-2.124798347706710333e-01,-2.789579126835307075e-07,7.225018760353973946e-10,1.892416341609521213e+00,-6.757300747347445227e-07,2.498987941367178736e-02,7.641893079095296581e-01,-1.050546256941677886e-06,2.326178520639654579e-10,1.955120455802171475e-02,2.672817334521138816e-02,-8.813898755801843522e-08
2.230555555555555625e+00,-4.462940238504506940e-01,-5.644111991905845486e-07,7.749915128715206825e-01,-2.124403147784225676e-01,-2.789060619038672226e-07,7.225308407132757793e-10,1.894537642648411291e+00,-6.786462801158257312e-07,2.498987941431861717e-02,7.634947456232527019e-01,-1.049596519622813215e-06,2.326734881152869860e-10,1.951861672830799282e-02,2.669005640733713297e-02,-8.807733674871684348e-08
2.233333333333333393e+00,-4.468840535145777171e-01,-5.651858302446562105e-07,7.749915128735279657e-01,-2.124008010428209414e-01,-2.788542193374649047e-07,7.226481479188917589e-10,1.896657014753957649e+00,-6.815598478962696992e-07,2.498987941496549556e-02,7.628003783669214943e-01,-1.048647050404603289e-06,2.329431630226919125e-10,1.948606702990148681e-02,2.665195060816140035e-02,-8.801570276464802449e-08
2.236111111111111160e+00,-4.474739734313601947e-01,-5.659603173087065628e-07,7.749915128755355820e-01,-2.123612935625287801e-01,-2.788023849825714544e-07,7.227653232855235643e-10,1.898774458467572979e+00,-6.844707788203383372e-07,2.498987941561248496e-02,7.621062059786450904e-01,-1.047697849065455818e-06,2.329817536811384926e-10,1.945355543093115272e-02,2.661385593809111397e-02,-8.795408559235877893e-08
2.238888888888888928e+00,-4.480637836181711742e-01,-5.667346604055416500e-07,7.749915128775434203e-01,-2.123217923362089865e-01,-2.787505588374288018e-07,7.228484633775567048e-10,1.900889974330220555e+00,-6.873790736316810447e-07,2.498987941625922110e-02,7.614122282966548916e-01,-1.046748915384953983e-06,2.330379951509531367e-10,1.942108189956539763e-02,2.657577238754047985e-02,-8.789248521846582743e-08
2.241666666666666696e+00,-4.486534840923800393e-01,-5.675088595579628579e-07,7.749915128795514807e-01,-2.122822973625247966e-01,-2.786987409002851240e-07,7.229268468578187168e-10,1.903003562882414235e+00,-6.902847330733323814e-07,2.498987941690605785e-02,7.607184451593230756e-01,-1.045800249141516293e-06,2.330752067042363151e-10,1.938864640401286032e-02,2.653769994693215561e-02,-8.783090162951663242e-08
2.244444444444444464e+00,-4.492430748713524546e-01,-5.682829147887664901e-07,7.749915128815597631e-01,-2.122428086401398628e-01,-2.786469311693858452e-07,7.229918157214410002e-10,1.905115224664219120e+00,-6.931877578877136550e-07,2.498987941755262399e-02,7.600248564051615974e-01,-1.044851850114781200e-06,2.328426496750468644e-10,1.935624891252231417e-02,2.649963860669710819e-02,-8.776933481213160704e-08
2.247222222222222232e+00,-4.498325559724503653e-01,-5.690568261207437680e-07,7.749915128835682676e-01,-2.122033261677182259e-01,-2.785951296429777131e-07,7.231251691192097653e-10,1.907224960215252674e+00,-6.960881488166344039e-07,2.498987941819964809e-02,7.593314618728019827e-01,-1.043903718084166499e-06,2.328794466294192844e-10,1.932388939338171643e-02,2.646158835727347586e-02,-8.770778475291798251e-08
2.250000000000000000e+00,-4.504219274130319417e-01,-5.698305935766815718e-07,7.749915128855771052e-01,-2.121638499439242875e-01,-2.785433363193085870e-07,7.231923618983282509e-10,1.909332770074683827e+00,-6.989859066012907026e-07,2.498987941884636688e-02,7.586382614010322989e-01,-1.042955852829048484e-06,2.326228619453640789e-10,1.929156781491981471e-02,2.642354918910875400e-02,-8.764625143848068714e-08
2.252777777777777768e+00,-4.510111892104518017e-01,-5.706042171793614881e-07,7.749915128875861647e-01,-2.121243799674228381e-01,-2.784915511966245794e-07,7.232548674546146472e-10,1.911438654781234092e+00,-7.018810319822681267e-07,2.498987941949284627e-02,7.579452548287523017e-01,-1.042008254129915390e-06,2.326828330706520731e-10,1.925928414550409293e-02,2.638552109265707851e-02,-8.758473485549114135e-08
2.255555555555555536e+00,-4.516003413820606216e-01,-5.713776969515605504e-07,7.749915128895954464e-01,-2.120849162368790286e-01,-2.784397742731764085e-07,7.233795871336434757e-10,1.913542614873178005e+00,-7.047735256995402706e-07,2.498987942013983221e-02,7.572524419950154018e-01,-1.041060921766102640e-06,2.327195779833202138e-10,1.922703835354260329e-02,2.634750405838181056e-02,-8.752323499055203677e-08
2.258333333333333304e+00,-4.521893839452055808e-01,-5.721510329160506041e-07,7.749915128916050611e-01,-2.120454587509583988e-01,-2.783880055472101865e-07,7.234016614898752806e-10,1.915644650888343126e+00,-7.076633884924700178e-07,2.498987942078653712e-02,7.565598227390017971e-01,-1.040113855518188256e-06,2.327724367423567031e-10,1.919483040748273112e-02,2.630949807675385041e-02,-8.746175183034020688e-08
2.261111111111111072e+00,-4.527783169172300837e-01,-5.729242250955987303e-07,7.749915128936148978e-01,-2.120060075083268214e-01,-2.783362450169761023e-07,7.235541315403493101e-10,1.917744763364110261e+00,-7.105506210998112351e-07,2.498987942143338428e-02,7.558673969000276882e-01,-1.039167055166551418e-06,2.328159488113046294e-10,1.916266027581153483e-02,2.627150313825224459e-02,-8.740028536152093112e-08
2.263888888888888840e+00,-4.533671403154738155e-01,-5.736972735129673513e-07,7.749915128956249566e-01,-2.119665625076506132e-01,-2.782844926807240800e-07,7.236436606189444731e-10,1.919842952837414796e+00,-7.134352242597069729e-07,2.498987942208026614e-02,7.551751643175432793e-01,-1.038220520491773746e-06,2.328087809339018932e-10,1.913052792705561764e-02,2.623351923336403671e-02,-8.733883557077158559e-08
2.266666666666666607e+00,-4.539558541572727424e-01,-5.744701781909138070e-07,7.749915128976352374e-01,-2.119271237475963965e-01,-2.782327485367047847e-07,7.237510469410013414e-10,1.921939219844746027e+00,-7.163171987096921117e-07,2.498987942272729024e-02,7.544831248311245631e-01,-1.037274251274609655e-06,2.331458030108146673e-10,1.909843332978071462e-02,2.619554635258379560e-02,-8.727740244478001521e-08
2.269444444444444375e+00,-4.545444584599591664e-01,-5.752429391521906730e-07,7.749915128996457403e-01,-2.118876912268312651e-01,-2.781810125831678228e-07,7.238436221940203197e-10,1.924033564922148054e+00,-7.191965451866917742e-07,2.498987942337400556e-02,7.537912782805077372e-01,-1.036328247295717211e-06,2.328852770350220425e-10,1.906637645259322278e-02,2.615758448641565190e-02,-8.721598597022812243e-08
2.272222222222222143e+00,-4.551329532408616707e-01,-5.760155564195457604e-07,7.749915129016566873e-01,-2.118482649440225629e-01,-2.781292848183643890e-07,7.239510432105467075e-10,1.926125988605219774e+00,-7.220732644270242899e-07,2.498987942402087700e-02,7.530996245055256999e-01,-1.035382508336858799e-06,2.329419591245995846e-10,1.903435726413723120e-02,2.611963362536950939e-02,-8.715458613386432824e-08
2.274999999999999911e+00,-4.557213385173051190e-01,-5.767880300157217977e-07,7.749915129036677452e-01,-2.118088448978381055e-01,-2.780775652405468954e-07,7.240303964012317905e-10,1.928216491429115553e+00,-7.249473571663993952e-07,2.498987942466746048e-02,7.524081633461698893e-01,-1.034437034178707519e-06,2.329825967567478173e-10,1.900237573309732086e-02,2.608169375996476080e-02,-8.709320292237166006e-08
2.277777777777777679e+00,-4.563096143066107113e-01,-5.775603599634568551e-07,7.749915129056790253e-01,-2.117694310869460139e-01,-2.780258538479676485e-07,7.241510776440085451e-10,1.930305073928546111e+00,-7.278188241399198215e-07,2.498987942531416540e-02,7.517168946425578646e-01,-1.033491824603081871e-06,2.330352855128836609e-10,1.897043182819703119e-02,2.604376488072832757e-02,-8.703183632250199321e-08
2.280555555555555447e+00,-4.568977806260959285e-01,-5.783325462854839205e-07,7.749915129076905274e-01,-2.117300235100149086e-01,-2.779741506388787427e-07,7.241788488321354578e-10,1.932391736637777635e+00,-7.306876660820825656e-07,2.498987942596099174e-02,7.510258182349416334e-01,-1.032546879391665890e-06,2.330710225512122591e-10,1.893852551819918267e-02,2.600584697819515248e-02,-8.697048632099903705e-08
2.283333333333333215e+00,-4.574858374930745319e-01,-5.791045890045313230e-07,7.749915129097023625e-01,-2.116906221657136322e-01,-2.779224556115327490e-07,7.242521686545710935e-10,1.934476480090633110e+00,-7.335538837267774077e-07,2.498987942660752318e-02,7.503349339637112037e-01,-1.031602198326016131e-06,2.328194529527261025e-10,1.890665677190601565e-02,2.596794004290844601e-02,-8.690915290459891739e-08
2.286111111111110983e+00,-4.580737849248566196e-01,-5.798764881433225215e-07,7.749915129117145307e-01,-2.116512270527114437e-01,-2.778707687641854680e-07,7.243504147186330400e-10,1.936559304820492544e+00,-7.364174778072897700e-07,2.498987942725421768e-02,7.496442416693717137e-01,-1.030657781188822904e-06,2.328780310950628873e-10,1.887482555815809052e-02,2.593004406541827081e-02,-8.684783606010606528e-08
2.288888888888889195e+00,-4.586616229387485699e-01,-5.806482437245759983e-07,7.749915129137268099e-01,-2.116118381696780182e-01,-2.778190900950897881e-07,7.244734603895075509e-10,1.938640211360292964e+00,-7.392784490562991285e-07,2.498987942790101627e-02,7.489537411925800692e-01,-1.029713627761653563e-06,2.329147430479849845e-10,1.884303184583589752e-02,2.589215903628377946e-02,-8.678653577425729472e-08
2.291666666666666963e+00,-4.592493515520530978e-01,-5.814198557710055772e-07,7.749915129157394222e-01,-2.115724555152833919e-01,-2.777674196024984393e-07,7.245307999392824883e-10,1.940719200242529308e+00,-7.421367982058804951e-07,2.498987942854794669e-02,7.482634323741180760e-01,-1.028769737827262158e-06,2.329685524354863091e-10,1.881127560385861125e-02,2.585428494607157693e-02,-8.672525203386058373e-08
2.294444444444444731e+00,-4.598369707820692542e-01,-5.821913243053202116e-07,7.749915129177522566e-01,-2.115330790881979339e-01,-2.777157572846689688e-07,7.246203619776236948e-10,1.942796271999254420e+00,-7.449925259875059006e-07,2.498987942919460303e-02,7.475733150549014328e-01,-1.027826111168262765e-06,2.330076669804226341e-10,1.877955680118442716e-02,2.581642178535626872e-02,-8.666398482571596937e-08
2.297222222222222499e+00,-4.604244806460922601e-01,-5.829626493502238783e-07,7.749915129197653130e-01,-2.114937088870924575e-01,-2.776641031398568595e-07,7.247216247258103650e-10,1.944871427162079058e+00,-7.478456331320421702e-07,2.498987942984135305e-02,7.468833890759772887e-01,-1.026882747567081206e-06,2.330438966802184098e-10,1.874787540681045403e-02,2.577856954472031517e-02,-8.660273413661198760e-08
2.300000000000000266e+00,-4.610118811614137835e-01,-5.837338309284156841e-07,7.749915129217787024e-01,-2.114543449106381090e-01,-2.776124571663168529e-07,7.247669062127037876e-10,1.946944666262173440e+00,-7.506961203697548419e-07,2.498987943048786714e-02,7.461936542785304605e-01,-1.025939646807378279e-06,2.328118219041552805e-10,1.871623138977287701e-02,2.574072821475439574e-02,-8.654149995341119711e-08
2.302777777777778034e+00,-4.615991723453217732e-01,-5.845048690625900767e-07,7.749915129237923139e-01,-2.114149871575063677e-01,-2.775608193623070256e-07,7.249191576880198440e-10,1.949015989830266804e+00,-7.535439884303057310e-07,2.498987943113447491e-02,7.455041105038617832e-01,-1.024996808671590184e-06,2.328439576565477509e-10,1.868462471914599313e-02,2.570289778605613570e-02,-8.648028226290303382e-08
2.305555555555555802e+00,-4.621863542151004589e-01,-5.852757637754365277e-07,7.749915129258061475e-01,-2.113756356263692127e-01,-2.775091897260832310e-07,7.250101404648878756e-10,1.951085398396647408e+00,-7.563892380427557887e-07,2.498987943178124227e-02,7.448147575934189746e-01,-1.024054232943725425e-06,2.329056756483760537e-10,1.865305536404355050e-02,2.566507824923190684e-02,-8.641908105197102051e-08
2.308333333333333570e+00,-4.627734267880303509e-01,-5.860465150896396383e-07,7.749915129278202031e-01,-2.113362903158988448e-01,-2.774575682559029106e-07,7.251007815012311397e-10,1.953152892491163417e+00,-7.592318699355634081e-07,2.498987943242811718e-02,7.441255953887782049e-01,-1.023111919406615129e-06,2.329419972885160561e-10,1.862152329361783931e-02,2.562726959489579695e-02,-8.635789630742817766e-08
2.311111111111111338e+00,-4.633603900813883514e-01,-5.868171230278792449e-07,7.749915129298345917e-01,-2.112969512247679371e-01,-2.774059549500243529e-07,7.251659082246897370e-10,1.955218472643223571e+00,-7.620718848365860125e-07,2.498987943307513088e-02,7.434366237316446524e-01,-1.022169867844283049e-06,2.330018938206945833e-10,1.859002847705970227e-02,2.558947181366956827e-02,-8.629672801615916624e-08
2.313888888888889106e+00,-4.639472441124476432e-01,-5.875875876128305255e-07,7.749915129318490914e-01,-2.112576183516494954e-01,-2.773543498067080697e-07,7.252016660797000469e-10,1.957282139381796959e+00,-7.649092834730815377e-07,2.498987943372185314e-02,7.427478424638569443e-01,-1.021228078040615504e-06,2.330348049944808153e-10,1.855857088359869067e-02,2.555168489618295929e-02,-8.623557616504065333e-08
2.316666666666666874e+00,-4.645339888984776899e-01,-5.883579088671633640e-07,7.749915129338640352e-01,-2.112182916952168310e-01,-2.773027528242112909e-07,7.253965587927790892e-10,1.959343893235413470e+00,-7.677440665717065258e-07,2.498987943436828049e-02,7.420592514273891549e-01,-1.020286549779329406e-06,2.327815943475863847e-10,1.852715048250305752e-02,2.551390883307383048e-02,-8.617444074093877104e-08
2.319444444444444642e+00,-4.651206244567443471e-01,-5.891280868135433033e-07,7.749915129358790900e-01,-2.111789712541438657e-01,-2.772511640007936284e-07,7.254289269981173405e-10,1.961403734732164672e+00,-7.705762348585194082e-07,2.498987943501486397e-02,7.413708504643291564e-01,-1.019345282845299776e-06,2.328354228170459450e-10,1.849576724307884501e-02,2.547614361498680077e-02,-8.611332173078941259e-08
2.322222222222222410e+00,-4.657071508045096953e-01,-5.898981214746306981e-07,7.749915129378944778e-01,-2.111396570271046047e-01,-2.771995833347140060e-07,7.255472524864137185e-10,1.963461664399703377e+00,-7.734057890589787049e-07,2.498987943566154460e-02,7.406826394169140348e-01,-1.018404277022263431e-06,2.328749103275296051e-10,1.846442113467131399e-02,2.543838923257542642e-02,-8.605221912146006006e-08
2.325000000000000178e+00,-4.662935679590322069e-01,-5.906680128730811388e-07,7.749915129399100877e-01,-2.111003490127736359e-01,-2.771480108242354239e-07,7.256290516371999288e-10,1.965517682765244745e+00,-7.762327298979441896e-07,2.498987943630836400e-02,7.399946181275045554e-01,-1.017463532095150024e-06,2.329346247137431547e-10,1.843311212666381982e-02,2.540064567650064664e-02,-8.599113289989019331e-08
2.327777777777777946e+00,-4.668798759375666352e-01,-5.914377610315456626e-07,7.749915129419259197e-01,-2.110610472098257695e-01,-2.770964464676161704e-07,7.257483260192376662e-10,1.967571790355566286e+00,-7.790570580996790071e-07,2.498987943695532565e-02,7.393067864385933774e-01,-1.016523047848728060e-06,2.329758139879567480e-10,1.840184018847812464e-02,2.536291293743128672e-02,-8.593006305300914105e-08
2.330555555555555713e+00,-4.674660747573640696e-01,-5.922073659726700133e-07,7.749915129439419736e-01,-2.110217516169362872e-01,-2.770448902631191929e-07,7.258571157325865997e-10,1.969623987697007861e+00,-7.818787743878471324e-07,2.498987943760196812e-02,7.386191441928082746e-01,-1.015582824067630306e-06,2.327148855563176966e-10,1.837060528957448757e-02,2.532519100604422799e-02,-8.586900956773854254e-08
2.333333333333333481e+00,-4.680521644356718802e-01,-5.929768277190955930e-07,7.749915129459583607e-01,-2.109824622327808596e-01,-2.769933422090069090e-07,7.259141170112837216e-10,1.971674275315473013e+00,-7.846978794855171820e-07,2.498987943824845098e-02,7.379316912328939271e-01,-1.014642860537659494e-06,2.325389967389179802e-10,1.833940739945081819e-02,2.528747987302335312e-02,-8.580797243107018192e-08
2.336111111111111249e+00,-4.686381449897338292e-01,-5.937461462934586164e-07,7.749915129479749698e-01,-2.109431790560353792e-01,-2.769418023035412073e-07,7.260061822556007627e-10,1.973722653736428301e+00,-7.875143741151599792e-07,2.498987943889504834e-02,7.372444274017303512e-01,-1.013703157043414722e-06,2.325801877478550495e-10,1.830824648764343629e-02,2.524977952906063555e-02,-8.574695162992359408e-08
2.338888888888889017e+00,-4.692240164367899036e-01,-5.945153217183905330e-07,7.749915129499919120e-01,-2.109039020853762936e-01,-2.768902705449850877e-07,7.261146423714892606e-10,1.975769123484904410e+00,-7.903282589986507770e-07,2.498987943954176366e-02,7.365573525423343426e-01,-1.012763713370729427e-06,2.326323734341828597e-10,1.827712252372711010e-02,2.521208996485619150e-02,-8.568594715129242932e-08
2.341666666666666785e+00,-4.698097787940765380e-01,-5.952843540165181341e-07,7.749915129520089652e-01,-2.108646313194803279e-01,-2.768387469316007564e-07,7.261679382808416960e-10,1.977813685085495932e+00,-7.931395348572698936e-07,2.498987944018861776e-02,7.358704664978481524e-01,-1.011824529305268274e-06,2.326725877938029541e-10,1.824603547731449768e-02,2.517441117111765894e-02,-8.562495898216017349e-08
2.344444444444444553e+00,-4.703954320788264476e-01,-5.960532432104632344e-07,7.749915129540263514e-01,-2.108253667570245404e-01,-2.767872314616547604e-07,7.262324890761062690e-10,1.979856339062362247e+00,-7.959482024117019716e-07,2.498987944083519430e-02,7.351837691115433726e-01,-1.010885604632889687e-06,2.327251915484884748e-10,1.821498531805628221e-02,2.513674313856039191e-02,-8.556398710952230330e-08
2.347222222222222321e+00,-4.709809763082685730e-01,-5.968219893228428843e-07,7.749915129560439597e-01,-2.107861083966864335e-01,-2.767357241334090940e-07,7.263068133034344953e-10,1.981897085939227532e+00,-7.987542623820378833e-07,2.498987944148190615e-02,7.344972602268216022e-01,-1.009946939139600110e-06,2.327678102348462730e-10,1.818397201564114773e-02,2.509908585790751948e-02,-8.550303152038281871e-08
2.350000000000000089e+00,-4.715664114996283574e-01,-5.975905923762692634e-07,7.749915129580619011e-01,-2.107468562371438703e-01,-2.766842249451292455e-07,7.264247484789487785e-10,1.983935926239381420e+00,-8.015577154877732484e-07,2.498987944212839943e-02,7.338109396872133372e-01,-1.009008532611272790e-06,2.328026018488804638e-10,1.815299553979569241e-02,2.506143931988985551e-02,-8.544209220173800373e-08
2.352777777777777857e+00,-4.721517376701274138e-01,-5.983590523933498929e-07,7.749915129600799535e-01,-2.107076102770750747e-01,-2.766327338950814443e-07,7.265714609822060410e-10,1.985972860485679226e+00,-8.043585624478115051e-07,2.498987944277504536e-02,7.331248073363775264e-01,-1.008070384834951574e-06,2.328611834606642006e-10,1.812205586028435567e-02,2.502380351524589527e-02,-8.538116914065441965e-08
2.355555555555555625e+00,-4.727369548369838026e-01,-5.991273693966873177e-07,7.749915129620983389e-01,-2.106683705151586872e-01,-2.765812509815305433e-07,7.266188258719941118e-10,1.988007889200541722e+00,-8.071568039804620036e-07,2.498987944342180231e-02,7.324388630181039028e-01,-1.007132495596504203e-06,2.329023918168360296e-10,1.809115294690950490e-02,2.498617843472195413e-02,-8.532026232412799315e-08
2.358333333333333393e+00,-4.733220630174118093e-01,-5.998955434088792120e-07,7.749915129641170575e-01,-2.106291369500735422e-01,-2.765297762027433015e-07,7.267620914797046083e-10,1.990041012905956697e+00,-8.099524408034417005e-07,2.498987944406867723e-02,7.317531065763092091e-01,-1.006194864683006924e-06,2.329540744333558067e-10,1.806028676951117184e-02,2.494856406907193166e-02,-8.525937173922731045e-08
2.361111111111111160e+00,-4.739070622286221113e-01,-6.006635744525184857e-07,7.749915129661358870e-01,-2.105899095804990573e-01,-2.764783095569858425e-07,7.268739152244130253e-10,1.992072232123478059e+00,-8.127454736338763233e-07,2.498987944471537520e-02,7.310675378550447467e-01,-1.005257491881393892e-06,2.327624013670481773e-10,1.802945729796739602e-02,2.491096040905776618e-02,-8.519849737301235509e-08
2.363888888888888928e+00,-4.744919524878217776e-01,-6.014314625501934958e-07,7.749915129681550496e-01,-2.105506884051150107e-01,-2.764268510425263543e-07,7.269149952110476320e-10,1.994101547374227179e+00,-8.155359031882988884e-07,2.498987944536175745e-02,7.303821566984814995e-01,-1.004320376978399152e-06,2.325017626342296140e-10,1.799866450219350308e-02,2.487336744544854303e-02,-8.513763921253131833e-08
2.366666666666666696e+00,-4.750767338122140471e-01,-6.021992077244875171e-07,7.749915129701744343e-01,-2.105114734226013473e-01,-2.763754006576338722e-07,7.270212175336521199e-10,1.996128959178892659e+00,-8.183237301826525595e-07,2.498987944600871564e-02,7.296969629509090227e-01,-1.003383519761923324e-06,2.328557728581426289e-10,1.796790835214200424e-02,2.483578516902041830e-02,-8.507679724490244370e-08
2.369444444444444464e+00,-4.756614062189986614e-01,-6.029668099979788480e-07,7.749915129721940410e-01,-2.104722646316385948e-01,-2.763239584005744140e-07,7.271152256682622550e-10,1.998154468057731226e+00,-8.211089553322890595e-07,2.498987944665496605e-02,7.290119564567828503e-01,-1.002446920018799133e-06,2.325996392021911774e-10,1.793718881780463972e-02,2.479821357055949152e-02,-8.501597145717963992e-08
2.372222222222222232e+00,-4.762459697253715318e-01,-6.037342693932414461e-07,7.749915129742139808e-01,-2.104330620309075583e-01,-2.762725242696176501e-07,7.271629739319385166e-10,2.000178074530567063e+00,-8.238915793519708942e-07,2.498987944730186178e-02,7.283271370606380080e-01,-1.001510577537252247e-06,2.329518938859465038e-10,1.790650586920855894e-02,2.476065264085659801e-02,-8.495516183650071171e-08
2.375000000000000000e+00,-4.768304243485250726e-01,-6.045015859328441865e-07,7.749915129762341426e-01,-2.103938656190894319e-01,-2.762210982630325627e-07,7.272347932185674324e-10,2.002199779116793810e+00,-8.266716029558701872e-07,2.498987944794845567e-02,7.276425046071803848e-01,-1.000574492104439806e-06,2.329852873128590574e-10,1.787585947642024095e-02,2.472310237071277325e-02,-8.489436836993931423e-08
2.377777777777777768e+00,-4.774147701056479787e-01,-6.052687596393509681e-07,7.749915129782545264e-01,-2.103546753948657422e-01,-2.761696803790888755e-07,7.273290442144642043e-10,2.004219582335372341e+00,-8.294490268575697391e-07,2.498987944859518140e-02,7.269580589412178995e-01,-9.996386635086465576e-07,2.330446825099530272e-10,1.784524960954247952e-02,2.468556275093515551e-02,-8.483359104463678590e-08
2.380555555555555536e+00,-4.779990070139252256e-01,-6.060357905353213490e-07,7.749915129802751323e-01,-2.103154913569184048e-01,-2.761182706160568411e-07,7.274482630853507104e-10,2.006237484704834539e+00,-8.322238517700649330e-07,2.498987944924131385e-02,7.262737999077045759e-01,-9.987030915380719146e-07,2.325562312166518097e-10,1.781467623871623926e-02,2.464803377233961562e-02,-8.477282984772942264e-08
2.383333333333333304e+00,-4.785831350905381809e-01,-6.068026786433095929e-07,7.749915129822960713e-01,-2.102763135039297515e-01,-2.760668689722074007e-07,7.275880314905336377e-10,2.008253486743280636e+00,-8.349960784057614055e-07,2.498987944988794244e-02,7.255897273516890289e-01,-9.977677759806025214e-07,2.325890816751163825e-10,1.778413933411837969e-02,2.461051542574766576e-02,-8.471208476633480623e-08
2.386111111111111072e+00,-4.791671543526645483e-01,-6.075694239858654110e-07,7.749915129843172323e-01,-2.102371418345824472e-01,-2.760154754458120777e-07,7.276690604240965143e-10,2.010267588968381425e+00,-8.377657074764786462e-07,2.498987945053473408e-02,7.249058411183786355e-01,-9.968327166254588877e-07,2.326485688125545792e-10,1.775363886596439955e-02,2.457300770199030010e-02,-8.465135578765061602e-08
2.388888888888888840e+00,-4.797510648174783676e-01,-6.083360265855337498e-07,7.749915129863386154e-01,-2.101979763475595175e-01,-2.759640900351423954e-07,7.277555641449495738e-10,2.012279791897377823e+00,-8.405327396934481982e-07,2.498987945118131063e-02,7.242221410530983450e-01,-9.958979132606358666e-07,2.326893087933878945e-10,1.772317480450660843e-02,2.453551059190554190e-02,-8.459064289880097181e-08
2.391666666666666607e+00,-4.803348665021499597e-01,-6.091024864648547914e-07,7.749915129883603315e-01,-2.101588170415444046e-01,-2.759127127384712007e-07,7.277922344645082475e-10,2.014290096047081313e+00,-8.432971757673147163e-07,2.498987945182802595e-02,7.235386270012992282e-01,-9.949633656753048399e-07,2.327454114853244604e-10,1.769274712003444244e-02,2.449802408633895701e-02,-8.452994608698069422e-08
2.394444444444444375e+00,-4.809185594238461481e-01,-6.098688036463636356e-07,7.749915129903822697e-01,-2.101196639152208001e-01,-2.758613435540694876e-07,7.279492286738076245e-10,2.016298501933873943e+00,-8.460590164081377676e-07,2.498987945247452963e-02,7.228552988085589215e-01,-9.940290736585058995e-07,2.328384447053410966e-10,1.766235578287443653e-02,2.446054817614366425e-02,-8.446926533937659673e-08
2.397222222222222143e+00,-4.815021435997299259e-01,-6.106349781525909352e-07,7.749915129924044299e-01,-2.100805169672728956e-01,-2.758099824802111618e-07,7.280606638404574227e-10,2.018305010073709660e+00,-8.488182623253896077e-07,2.498987945312115128e-02,7.221721563205900640e-01,-9.930950369990707668e-07,2.325903133287843261e-10,1.763200076339057829e-02,2.442308285218084199e-02,-8.440860064316325057e-08
2.399999999999999911e+00,-4.820856190469606783e-01,-6.114010100060622610e-07,7.749915129944268122e-01,-2.100413761963852155e-01,-2.757586295151699702e-07,7.281367644246250492e-10,2.020309620982113863e+00,-8.515749142279589921e-07,2.498987945376793252e-02,7.214891993832054373e-01,-9.921612554870430560e-07,2.329352873781109778e-10,1.760168203198273287e-02,2.438562810531765337e-02,-8.434795198558787326e-08
2.402777777777777679e+00,-4.826689857826942376e-01,-6.121668992292985248e-07,7.749915129964495275e-01,-2.100022416012426174e-01,-2.757072846572205066e-07,7.282030325961308392e-10,2.022312335174183850e+00,-8.543289728241487417e-07,2.498987945441449518e-02,7.208064278423808036e-01,-9.912277289113101811e-07,2.329759735825165379e-10,1.757139955908929713e-02,2.434818392643100723e-02,-8.428731935382845063e-08
2.405555555555555447e+00,-4.832522438240827167e-01,-6.129326458448158743e-07,7.749915129984724649e-01,-2.099631131805304030e-01,-2.756559479046372061e-07,7.282694829136016068e-10,2.024313153164589263e+00,-8.570804388216784948e-07,2.498987945506121050e-02,7.201238415441939544e-01,-9.902944570622571104e-07,2.330325932220489449e-10,1.754115331518456972e-02,2.431075030640389781e-02,-8.422670273515276723e-08
2.408333333333333215e+00,-4.838353931882745651e-01,-6.136982498751255863e-07,7.749915130004956243e-01,-2.099239909329340958e-01,-2.756046192556944508e-07,7.283638362581834613e-10,2.026312075467572527e+00,-8.598293129276832254e-07,2.498987945570730826e-02,7.194414403348662335e-01,-9.893614397291289176e-07,2.325464890096107240e-10,1.751094327078046853e-02,2.427332723612790275e-02,-8.416610211676023615e-08
2.411111111111110983e+00,-4.844184338924145683e-01,-6.144637113427342792e-07,7.749915130025190058e-01,-2.098848748571397194e-01,-2.755532987086684757e-07,7.284840855548146976e-10,2.028309102596949298e+00,-8.625755958487146194e-07,2.498987945635393684e-02,7.187592240607120209e-01,-9.884286767022523374e-07,2.326025917015472899e-10,1.748076939642430674e-02,2.423591470650014387e-02,-8.410551748591530677e-08
2.413888888888889195e+00,-4.850013659536438482e-01,-6.152290302701434892e-07,7.749915130045427203e-01,-2.098457649518336854e-01,-2.755019862618337160e-07,7.285276340529556194e-10,2.030304235066108465e+00,-8.653192882907424512e-07,2.498987945700069727e-02,7.180771925682044587e-01,-9.874961677718962948e-07,2.326373746419641009e-10,1.745063166270160310e-02,2.419851270842723195e-02,-8.404494882987881530e-08
2.416666666666666963e+00,-4.855841893890999739e-01,-6.159942066798503053e-07,7.749915130065666569e-01,-2.098066612157026001e-01,-2.754506819134681006e-07,7.286366770359320455e-10,2.032297473388012587e+00,-8.680603909591527835e-07,2.498987945764724605e-02,7.173953457039305981e-01,-9.865639127281391320e-07,2.326806299718375826e-10,1.742053004023410429e-02,2.416112123282260216e-02,-8.398439613590048069e-08
2.419444444444444731e+00,-4.861669042159167953e-01,-6.167592405943468405e-07,7.749915130085908155e-01,-2.097675636474336525e-01,-2.753993856618484470e-07,7.287237636238730332e-10,2.034288818075198790e+00,-8.707989045587512495e-07,2.498987945829361790e-02,7.167136833146079411e-01,-9.856319113622740485e-07,2.324996931091227736e-10,1.739046449968042682e-02,2.412374027060744386e-02,-8.392385939130280049e-08
2.422222222222222499e+00,-4.867495104512244986e-01,-6.175241320361204432e-07,7.749915130106153072e-01,-2.097284722457143091e-01,-2.753480975052531077e-07,7.288559460832955139e-10,2.036278269639778316e+00,-8.735348297937611476e-07,2.498987945894050669e-02,7.160322052470602383e-01,-9.847001634642906598e-07,2.328286660691070153e-10,1.736043501173500925e-02,2.408636981270932675e-02,-8.386333858333022617e-08
2.425000000000000266e+00,-4.873320081121497171e-01,-6.182888810276538029e-07,7.749915130126400209e-01,-2.096893870092323420e-01,-2.752968174419586884e-07,7.289310613445287856e-10,2.038265828593437412e+00,-8.762681673678250290e-07,2.498987945958712834e-02,7.153509113482666715e-01,-9.837686688255274817e-07,2.328904361026395975e-10,1.733044154713015567e-02,2.404900985006509090e-02,-8.380283369930792874e-08
2.427777777777778034e+00,-4.879143972158153097e-01,-6.190534875914246330e-07,7.749915130146649567e-01,-2.096503079366759392e-01,-2.752455454702435415e-07,7.290526550518539040e-10,2.040251495447436891e+00,-8.789989179840058627e-07,2.498987946023354528e-02,7.146698014653108944e-01,-9.828374272370814137e-07,2.329265912093259061e-10,1.730048407663383261e-02,2.401166037361781788e-02,-8.374234472654679879e-08
2.430555555555555802e+00,-4.884966777793405823e-01,-6.198179517499059881e-07,7.749915130166901145e-01,-2.096112350267337610e-01,-2.751942815883882432e-07,7.290491127465159593e-10,2.042235270712613904e+00,-8.817270823447857648e-07,2.498987946088017734e-02,7.139888754454101205e-01,-9.819064384902102914e-07,2.327502964666328111e-10,1.727056257105084175e-02,2.397432137431856555e-02,-8.368187165236756044e-08
2.433333333333333570e+00,-4.890788498198411771e-01,-6.205822735255660524e-07,7.749915130187156054e-01,-2.095721682780945783e-01,-2.751430257946707226e-07,7.291885012472576477e-10,2.044217154899380606e+00,-8.844526611520685396e-07,2.498987946152653877e-02,7.133081331358999133e-01,-9.809757023763680389e-07,2.324970511252688610e-10,1.724067700122214677e-02,2.393699284312547984e-02,-8.362141446410243889e-08
2.436111111111111338e+00,-4.896609133544290726e-01,-6.213464529408684574e-07,7.749915130207413183e-01,-2.095331076894478284e-01,-2.750917780873717145e-07,7.292756589588611504e-10,2.046197148517726827e+00,-8.871756551071773505e-07,2.498987946217308756e-02,7.126275743842297450e-01,-9.800452186867851749e-07,2.328270007345700776e-10,1.721082733802464446e-02,2.389967477100347903e-02,-8.356097314907057009e-08
2.438888888888889106e+00,-4.902428684002126391e-01,-6.221104900182716463e-07,7.749915130227673643e-01,-2.094940532594830873e-01,-2.750405384647716361e-07,7.293808508557209080e-10,2.048175252077216957e+00,-8.898960649108584255e-07,2.498987946281978553e-02,7.119471990380042969e-01,-9.791149872139761087e-07,2.328799028616934663e-10,1.718101355237287853e-02,2.386236714892677954e-02,-8.350054769466801113e-08
2.441666666666666874e+00,-4.908247149742966386e-01,-6.228743847802297214e-07,7.749915130247936323e-01,-2.094550049868904029e-01,-2.749893069251503224e-07,7.294749075625883705e-10,2.050151466086993501e+00,-8.926138912632789396e-07,2.498987946346628228e-02,7.112670069449341659e-01,-9.781850077492098992e-07,2.326904571803289912e-10,1.715123561521688517e-02,2.382506996787591216e-02,-8.344013808821612138e-08
2.444444444444444642e+00,-4.914064530937821140e-01,-6.236381372491918087e-07,7.749915130268200114e-01,-2.094159628703601839e-01,-2.749380834667903082e-07,7.295862594625113218e-10,2.052125791055776638e+00,-8.953291348640286032e-07,2.498987946411289698e-02,7.105869979528454117e-01,-9.772552800849374280e-07,2.327402541524303814e-10,1.712149349754257116e-02,2.378778321883830496e-02,-8.337974431710737130e-08
2.447222222222222410e+00,-4.919880827757665553e-01,-6.244017474476022695e-07,7.749915130288467235e-01,-2.093769269085832274e-01,-2.748868680879735460e-07,7.296783576665744064e-10,2.054098227491862882e+00,-8.980417964121211442e-07,2.498987946475932087e-02,7.099071719097027611e-01,-9.763258040134848512e-07,2.327797225809558057e-10,1.709178717037266454e-02,2.375050689280967103e-02,-8.331936636872671392e-08
2.450000000000000178e+00,-4.925696040373437889e-01,-6.251652153979005949e-07,7.749915130308737687e-01,-2.093378971002506361e-01,-2.748356607869808235e-07,7.297188200916515655e-10,2.056068775903126866e+00,-9.007518766059925084e-07,2.498987946540555741e-02,7.092275286635937315e-01,-9.753965793273286733e-07,2.326038181510448055e-10,1.706211660476597905e-02,2.371324098079306483e-02,-8.325900423046798287e-08
2.452777777777777946e+00,-4.931510168956038664e-01,-6.259285411225217230e-07,7.749915130329010360e-01,-2.092988734440538456e-01,-2.747844615620967403e-07,7.298589389109766401e-10,2.058037436797022224e+00,-9.034593761435036117e-07,2.498987946605232824e-02,7.085480680627112005e-01,-9.744676058190529717e-07,2.329328552957976584e-10,1.703248177181664741e-02,2.367598547379782745e-02,-8.319865788973188070e-08
2.455555555555555713e+00,-4.937323213676334532e-01,-6.266917246438956156e-07,7.749915130349285253e-01,-2.092598559386848189e-01,-2.747332704116029312e-07,7.299461000920270948e-10,2.060004210680580705e+00,-9.061642957219383291e-07,2.498987946669889090e-02,7.078687899554017005e-01,-9.735388832811706734e-07,2.329774775877702098e-10,1.700288264265613011e-02,2.363874036284246971e-02,-8.313832733391450422e-08
2.458333333333333481e+00,-4.943135174705153845e-01,-6.274547659844476818e-07,7.749915130369562366e-01,-2.092208445828357410e-01,-2.746820873337838898e-07,7.300506310592425052e-10,2.061969098060413508e+00,-9.088666360380066708e-07,2.498987946734527663e-02,7.071896941901182343e-01,-9.726104115073773749e-07,2.327972137977640799e-10,1.697331918845114418e-02,2.360150563895187584e-02,-8.307801255048318040e-08
2.461111111111111249e+00,-4.948946052213289426e-01,-6.282176651665984602e-07,7.749915130389841700e-01,-2.091818393751992133e-01,-2.746309123269238450e-07,7.300951718192116857e-10,2.063932099442710832e+00,-9.115663977878429820e-07,2.498987946799177337e-02,7.065107806154351522e-01,-9.716821902900837237e-07,2.325407193193296251e-10,1.694379138040428764e-02,2.356428129315818118e-02,-8.301771352682816947e-08
2.463888888888889017e+00,-4.954755846371498018e-01,-6.289804222127635130e-07,7.749915130410124364e-01,-2.091428403144681425e-01,-2.745797453893075020e-07,7.302199331316039377e-10,2.065893215333241884e+00,-9.142635816670076374e-07,2.498987946863848522e-02,7.058320490800394920e-01,-9.707542194229527058e-07,2.328906061055402432e-10,1.691429918975361976e-02,2.352706731650023447e-02,-8.295743025041483965e-08
2.466666666666666785e+00,-4.960564557350499726e-01,-6.297430371453539556e-07,7.749915130430409249e-01,-2.091038473993359070e-01,-2.745285865192197781e-07,7.303184237916759969e-10,2.067852446237356645e+00,-9.169581883704878880e-07,2.498987946928459339e-02,7.051534994327836037e-01,-9.698264986995509569e-07,2.324005692749819829e-10,1.688484258777484329e-02,2.348986370002678278e-02,-8.289716270870282844e-08
2.469444444444444553e+00,-4.966372185320978017e-01,-6.305055099867760329e-07,7.749915130450697465e-01,-2.090648606284962185e-01,-2.744774357149477608e-07,7.304329519702834617e-10,2.069809792659984993e+00,-9.196502185926970140e-07,2.498987946993124973e-02,7.044751315225802335e-01,-9.688990279134351602e-07,2.327578581262645940e-10,1.685542154577681848e-02,2.345267043479015365e-02,-8.283691088915140278e-08
2.472222222222222321e+00,-4.972178730453580831e-01,-6.312678407594312253e-07,7.749915130470986790e-01,-2.090258800006431217e-01,-2.744262929747750437e-07,7.304753642245476186e-10,2.071765255105638026e+00,-9.223396730274761250e-07,2.498987947057770831e-02,7.037969451985215397e-01,-9.679718068585020825e-07,2.327939317009475317e-10,1.682603603510656604e-02,2.341548751185340907e-02,-8.277667477923988047e-08
2.475000000000000089e+00,-4.977984192918920026e-01,-6.320300294857162486e-07,7.749915130491279447e-01,-2.089869055144710497e-01,-2.743751582969903556e-07,7.305564868331781980e-10,2.073718834078407180e+00,-9.250265523680928892e-07,2.498987947122394485e-02,7.031189403097976021e-01,-9.670448353283916281e-07,2.325958228105440284e-10,1.679668602714577338e-02,2.337831492228545707e-02,-8.271645436643262387e-08
2.477777777777777857e+00,-4.983788572887569712e-01,-6.327920761880229480e-07,7.749915130511575434e-01,-2.089479371686747688e-01,-2.743240316798790901e-07,7.306646364335644961e-10,2.075670530081966003e+00,-9.277108573072442863e-07,2.498987947187075731e-02,7.024411167057122984e-01,-9.661181131179335706e-07,2.326584012252164158e-10,1.676737149331142956e-02,2.334115265716200927e-02,-8.265624963826513288e-08
2.480555555555555625e+00,-4.989591870530069029e-01,-6.335539808887386163e-07,7.749915130531872531e-01,-2.089089749619494618e-01,-2.742729131217307700e-07,7.307156164870765025e-10,2.077620343619568821e+00,-9.303925885370551253e-07,2.498987947251733732e-02,7.017634742357017341e-01,-9.651916400207847549e-07,2.329809001971883120e-10,1.673809240505656423e-02,2.330400070756664943e-02,-8.259606058220285512e-08
2.483333333333333393e+00,-4.995394086016920476e-01,-6.343157436102456755e-07,7.749915130552172959e-01,-2.088700188929905610e-01,-2.742218026208329593e-07,7.308617894913327362e-10,2.079568275194052518e+00,-9.330717467490792091e-07,2.498987947316373345e-02,7.010860127493393490e-01,-9.642654158318270472e-07,2.328115530220165041e-10,1.670884873387040379e-02,2.326685906459120476e-02,-8.253588718578458599e-08
2.486111111111111160e+00,-5.001195219518590473e-01,-6.350773643749217831e-07,7.749915130572475608e-01,-2.088310689604940262e-01,-2.741707001754731163e-07,7.309598759608348928e-10,2.081514325307836089e+00,-9.357483326343007110e-07,2.498987947381025795e-02,7.004087320962971708e-01,-9.633394403456996387e-07,2.325559658039599853e-10,1.667964045127671990e-02,2.322972771933336927e-02,-8.247572943653454926e-08
2.488888888888888928e+00,-5.006995271205508802e-01,-6.358388432051399380e-07,7.749915130592781587e-01,-2.087921251631560948e-01,-2.741196057839405520e-07,7.309960466800324852e-10,2.083458494462921529e+00,-9.384223468831323747e-07,2.498987947445664368e-02,6.997316321263683525e-01,-9.624137133568932782e-07,2.326524806139929069e-10,1.665046752883472467e-02,2.319260666289805345e-02,-8.241558732196824690e-08
2.491666666666666696e+00,-5.012794241248069715e-01,-6.366001801232681628e-07,7.749915130613089786e-01,-2.087531874996733650e-01,-2.740685194445259541e-07,7.311364361162198122e-10,2.085400783160894278e+00,-9.410937901854190083e-07,2.498987947510319940e-02,6.990547126894844920e-01,-9.614882346611218300e-07,2.327090360687567028e-10,1.662132993813976792e-02,2.315549588639846668e-02,-8.235546082967464779e-08
2.494444444444444464e+00,-5.018592129816632497e-01,-6.373613751516700331e-07,7.749915130633400207e-01,-2.087142559687428234e-01,-2.740174411555187922e-07,7.312192882441559405e-10,2.087341191902921889e+00,-9.437626632304352606e-07,2.498987947574952267e-02,6.983779736356902079e-01,-9.605630040528601611e-07,2.327457965939361273e-10,1.659222765082220968e-02,2.311839538095455601e-02,-8.229534994716830097e-08
2.497222222222222232e+00,-5.024388937081516460e-01,-6.381224283127042541e-07,7.749915130653712847e-01,-2.086753305690618454e-01,-2.739663709152083247e-07,7.313092961064304731e-10,2.089279721189756245e+00,-9.464289667068881629e-07,2.498987947639568982e-02,6.977014148151560180e-01,-9.596380213281757720e-07,2.325694879734552245e-10,1.656316063854794060e-02,2.308130513769379027e-02,-8.223525466205929819e-08
2.500000000000000000e+00,-5.030184663213007612e-01,-6.388833396287246606e-07,7.749915130674028818e-01,-2.086364112993280839e-01,-2.739153087218876213e-07,7.313751045762151293e-10,2.091216371521733564e+00,-9.490927013029155400e-07,2.498987947704277290e-02,6.970250360781612420e-01,-9.587132862817859928e-07,2.326056847135049566e-10,1.653412887301761863e-02,2.304422514775014696e-02,-8.217517496187703807e-08
2.502777777777777768e+00,-5.035979308381355324e-01,-6.396441091220804286e-07,7.749915130694345899e-01,-2.085974981582396637e-01,-2.738642545738464696e-07,7.314092179133702132e-10,2.093151143398773950e+00,-9.517538677060877048e-07,2.498987947768893311e-02,6.963488372751173161e-01,-9.577887987098301100e-07,2.327226345660848850e-10,1.650513232596758847e-02,2.300715540226546882e-02,-8.211511083423599310e-08
2.505555555555555536e+00,-5.041772872756772328e-01,-6.404047368151160755e-07,7.749915130714667422e-01,-2.085585911444949314e-01,-2.738132084693772511e-07,7.316197630363729942e-10,2.095084037320383175e+00,-9.544124666034085168e-07,2.498987947833562762e-02,6.956728182565632412e-01,-9.568645584080812804e-07,2.324664783587282457e-10,1.647617096916966645e-02,2.297009589238924523e-02,-8.205506226672882466e-08
2.508333333333333304e+00,-5.047565356509435830e-01,-6.411652227301712483e-07,7.749915130734990054e-01,-2.085196902567927890e-01,-2.737621704067726650e-07,7.316476643287606052e-10,2.097015053785650895e+00,-9.570684986813139000e-07,2.498987947898210354e-02,6.949969788731358289e-01,-9.559405651722072050e-07,2.325059398483597661e-10,1.644724477442986374e-02,2.293304660927679775e-02,-8.199502924694197374e-08
2.511111111111111072e+00,-5.053356759809486398e-01,-6.419255668895809352e-07,7.749915130755314907e-01,-2.084807954938323882e-01,-2.737111403843252517e-07,7.316828427861299389e-10,2.098944193293252880e+00,-9.597219646256745956e-07,2.498987947962841641e-02,6.943213189756168857e-01,-9.550168187991236879e-07,2.323296780654127147e-10,1.641835371359029461e-02,2.289600754409209377e-02,-8.193501176253668493e-08
2.513888888888888840e+00,-5.059147082827029074e-01,-6.426857693156753599e-07,7.749915130775643091e-01,-2.084419068543131304e-01,-2.736601184003273929e-07,7.318432197062074707e-10,2.100871456341450561e+00,-9.623728651217948917e-07,2.498987948027532255e-02,6.936458384148779244e-01,-9.540933190843819630e-07,2.329519112331812636e-10,1.638949775852684143e-02,2.285897868800449567e-02,-8.187500980109238472e-08
2.516666666666666607e+00,-5.064936325732131150e-01,-6.434458300307798758e-07,7.749915130795974605e-01,-2.084030243369350832e-01,-2.736091044530739052e-07,7.318715355975058401e-10,2.102796843428091034e+00,-9.650212008544143168e-07,2.498987948092125030e-02,6.929705370419743105e-01,-9.531700658253471854e-07,2.321899738449983985e-10,1.636067688115304397e-02,2.282196003219429808e-02,-8.181502335029747571e-08
2.519444444444444375e+00,-5.070724488694825505e-01,-6.442057490572153891e-07,7.749915130816307229e-01,-2.083641479403983698e-01,-2.735580985408591291e-07,7.320051422649020978e-10,2.104720355050608394e+00,-9.676669725077070054e-07,2.498987948156809399e-02,6.922954147079832810e-01,-9.522470588177965352e-07,2.328127031436810768e-10,1.633189105341329578e-02,2.278495156784314524e-02,-8.175505239774510897e-08
2.522222222222222143e+00,-5.076511571885109486e-01,-6.449655264172977240e-07,7.749915130836643185e-01,-2.083252776634036685e-01,-2.735071006619779343e-07,7.320574944846836019e-10,2.106641991706022843e+00,-9.703101807652819088e-07,2.498987948221443114e-02,6.916204712642005648e-01,-9.513242978590702859e-07,2.326438867938929178e-10,1.630314024729100433e-02,2.274795328614570220e-02,-8.169509693112223124e-08
2.524999999999999911e+00,-5.082297575472942697e-01,-6.457251621333382578e-07,7.749915130856981360e-01,-2.082864135046519627e-01,-2.734561108147245553e-07,7.321742639260220287e-10,2.108561753890941581e+00,-9.729508263101857605e-07,2.498987948286088973e-02,6.909457065619789562e-01,-9.504017827461031938e-07,2.326761318338643747e-10,1.627442443480182216e-02,2.271096517830005837e-02,-8.163515693809139737e-08
2.527777777777777679e+00,-5.088082499628249211e-01,-6.464846562276436031e-07,7.749915130877322866e-01,-2.082475554628445691e-01,-2.734051289973959264e-07,7.322782605984068383e-10,2.110479642101560138e+00,-9.755889098249001112e-07,2.498987948350724422e-02,6.902711204528184652e-01,-9.494795132760991602e-07,2.325002169956125186e-10,1.624574358799736606e-02,2.267398723551309822e-02,-8.157523240633158669e-08
2.530555555555555447e+00,-5.093866344520917577e-01,-6.472440087225153962e-07,7.749915130897666593e-01,-2.082087035366831929e-01,-2.733541552082877115e-07,7.323615706933406244e-10,2.112395656833661040e+00,-9.782244319913449286e-07,2.498987948415413649e-02,6.895967127883165793e-01,-9.485574892463292135e-07,2.328301978299363029e-10,1.621709767896310425e-02,2.263701944899750365e-02,-8.151532332352564314e-08
2.533333333333333215e+00,-5.099649110320798595e-01,-6.480032196402507207e-07,7.749915130918012540e-01,-2.081698577248698723e-01,-2.733031894456970566e-07,7.325361792848150699e-10,2.114309798582614697e+00,-9.808573934908756331e-07,2.498987948480008853e-02,6.889224834202253289e-01,-9.476357104540355833e-07,2.326403410191080212e-10,1.618848667982068779e-02,2.260006180997523040e-02,-8.145542967735486215e-08
2.536111111111111427e+00,-5.105430797197708648e-01,-6.487622890031421074e-07,7.749915130938360708e-01,-2.081310180261071452e-01,-2.732522317079208963e-07,7.325677495173543718e-10,2.116222067843380295e+00,-9.834877950042875445e-07,2.498987948544659915e-02,6.882484322003800115e-01,-9.467141766975118784e-07,2.326945320457740607e-10,1.615991056272494952e-02,2.256311430967315734e-02,-8.139555145556359020e-08
2.538888888888889195e+00,-5.111211405321428591e-01,-6.495212168334768988e-07,7.749915130958712206e-01,-2.080921844390976883e-01,-2.732012819932564824e-07,7.326966550841307324e-10,2.118132465110505791e+00,-9.861156372118127057e-07,2.498987948609329712e-02,6.875745589807498170e-01,-9.457928877738740146e-07,2.330235067404817784e-10,1.613136929986596843e-02,2.252617693932619861e-02,-8.133568864582552589e-08
2.541666666666666963e+00,-5.116990934861701534e-01,-6.502800031535380967e-07,7.749915130979065925e-01,-2.080533569625447055e-01,-2.731503403000012789e-07,7.327569575416026382e-10,2.120040990878128362e+00,-9.887409207931222121e-07,2.498987948673939835e-02,6.869008636134451562e-01,-9.448718434815478440e-07,2.325553152826564940e-10,1.610286286346932633e-02,2.248924969017768519e-02,-8.127584123589298309e-08
2.544444444444444731e+00,-5.122769385988235058e-01,-6.510386479856038322e-07,7.749915130999421864e-01,-2.080145355951516783e-01,-2.730994066264540199e-07,7.328593981670294966e-10,2.121947645639973956e+00,-9.913636464273272702e-07,2.498987948738611367e-02,6.862273459506420537e-01,-9.439510436185893827e-07,2.328833809822627998e-10,1.607439122579295068e-02,2.245233255347486856e-02,-8.121600921349622634e-08
2.547222222222222499e+00,-5.128546758870702327e-01,-6.517971513519474720e-07,7.749915131019780024e-01,-2.079757203356225326e-01,-2.730484809709161398e-07,7.329649786419478730e-10,2.123852429889358628e+00,-9.939838147929777156e-07,2.498987948803264858e-02,6.855540058446931706e-01,-9.430304879833902840e-07,2.327107742616796315e-10,1.604595435913164919e-02,2.241542552047556119e-02,-8.115619256638586221e-08
2.550000000000000266e+00,-5.134323053678737647e-01,-6.525555132748378298e-07,7.749915131040141514e-01,-2.079369111826614991e-01,-2.729975633316844670e-07,7.330492809987099179e-10,2.125755344119188539e+00,-9.966014265680649771e-07,2.498987948867866307e-02,6.848808431480345460e-01,-9.421101763744461742e-07,2.325145926490579384e-10,1.601755223581323440e-02,2.237852858244253340e-02,-8.109639128231837354e-08
2.552777777777778034e+00,-5.140098270581942019e-01,-6.533137337765388490e-07,7.749915131060505225e-01,-2.078981081349731974e-01,-2.729466537070602770e-07,7.331187167752828415e-10,2.127656388821959510e+00,-9.992164824300186892e-07,2.498987948932478859e-02,6.842078577132246764e-01,-9.411901085899806763e-07,2.325552805881869745e-10,1.598918482820008147e-02,2.234164173064588990e-02,-8.103660534903425545e-08
2.555555555555555802e+00,-5.145872409749878695e-01,-6.540718128793097085e-07,7.749915131080872266e-01,-2.078593111912625524e-01,-2.728957520953435217e-07,7.332349276356620038e-10,2.129555564489759689e+00,-1.001828983055711774e-06,2.498987948997122982e-02,6.835350493929489568e-01,-9.402702844295556195e-07,2.326722182977025710e-10,1.596085210868928433e-02,2.230476495636330575e-02,-8.097683475435424618e-08
2.558333333333333570e+00,-5.151645471352076511e-01,-6.548297506054049283e-07,7.749915131101241528e-01,-2.078205203502349607e-01,-2.728448584948348942e-07,7.332996553727211264e-10,2.131452871614265998e+00,-1.004438929121457264e-06,2.498987949061777167e-02,6.828624180400112431e-01,-9.393507036914024617e-07,2.327084237113696830e-10,1.593255404971226363e-02,2.226789825087952673e-02,-8.091707948601927759e-08
2.561111111111111338e+00,-5.157417455558026553e-01,-6.555875469770744759e-07,7.749915131121613010e-01,-2.077817356105960411e-01,-2.727939729038364641e-07,7.333854964292063627e-10,2.133348310686749016e+00,-1.007046321303009999e-06,2.498987949126381045e-02,6.821899635073326307e-01,-9.384313661750749852e-07,2.325359592381115448e-10,1.590429062373466609e-02,2.223104160548631733e-02,-8.085733953184977029e-08
2.563888888888889106e+00,-5.163188362537185494e-01,-6.563452020165634482e-07,7.749915131141986713e-01,-2.077429569710518842e-01,-2.727430953206494537e-07,7.334919061019462561e-10,2.135241882198068986e+00,-1.009651160275568740e-06,2.498987949191038005e-02,6.815176856479412404e-01,-9.375122716797973707e-07,2.325721473045438970e-10,1.587606180325593086e-02,2.219419501148180499e-02,-8.079761487964629255e-08
2.566666666666666874e+00,-5.168958192458973366e-01,-6.571027157461120715e-07,7.749915131162363746e-01,-2.077041844303088580e-01,-2.726922257435766208e-07,7.336162736321094613e-10,2.137133586638679805e+00,-1.012253446713773418e-06,2.498987949255684210e-02,6.808455843149942011e-01,-9.365934200050782961e-07,2.326856294448953477e-10,1.584786756081012563e-02,2.215735846017185054e-02,-8.073790551722659152e-08
2.569444444444444642e+00,-5.174726945492774677e-01,-6.578600881879561255e-07,7.749915131182743000e-01,-2.076654179870737749e-01,-2.726413641709215703e-07,7.336962912218858435e-10,2.139023424498626813e+00,-1.014853181291708522e-06,2.498987949320343252e-02,6.801736593617666582e-01,-9.356748109505206714e-07,2.327218799613728351e-10,1.581970786896547826e-02,2.212053194286935434e-02,-8.067821143241418479e-08
2.572222222222222410e+00,-5.180494621807936184e-01,-6.586173193643265192e-07,7.749915131203124474e-01,-2.076266576400537800e-01,-2.725905106009863186e-07,7.337907486498762566e-10,2.140911396267548117e+00,-1.017450364682901195e-06,2.498987949384948865e-02,6.795019106416512189e-01,-9.347564443155872230e-07,2.325298877059456260e-10,1.579158270032429701e-02,2.208371545089422849e-02,-8.061853261302400047e-08
2.575000000000000178e+00,-5.186261221573772451e-01,-6.593744092974495030e-07,7.749915131223508169e-01,-2.075879033879562963e-01,-2.725396650320754235e-07,7.338924312011441131e-10,2.142797502434675039e+00,-1.020044997560323771e-06,2.498987949449578416e-02,6.788303380081396332e-01,-9.338383199009071475e-07,2.328787301886237060e-10,1.576349202752219680e-02,2.204690897557231091e-02,-8.055886904694121749e-08
2.577777777777777946e+00,-5.192026744959559181e-01,-6.601313580095466687e-07,7.749915131243895194e-01,-2.075491552294892739e-01,-2.724888274624929132e-07,7.339527839655968222e-10,2.144681743488832115e+00,-1.022637080596392298e-06,2.498987949514226703e-02,6.781589413148777501e-01,-9.329204375058758319e-07,2.326860665952112939e-10,1.573543582323028503e-02,2.201011250823863355e-02,-8.049922072197691263e-08
2.580555555555555713e+00,-5.197791192134535443e-01,-6.608881655228348434e-07,7.749915131264284440e-01,-2.075104131633608573e-01,-2.724379978905427101e-07,7.340403302552589437e-10,2.146564119918437097e+00,-1.025226614462968862e-06,2.498987949578858336e-02,6.774877204155912436e-01,-9.320027969315077670e-07,2.327426983778080327e-10,1.570741406015212227e-02,2.197332604023299538e-02,-8.043958762603930675e-08
2.583333333333333481e+00,-5.203554563267906996e-01,-6.616448318595260898e-07,7.749915131284675907e-01,-2.074716771882796074e-01,-2.723871763145317543e-07,7.341338943006592288e-10,2.148444632211502725e+00,-1.027813599831360319e-06,2.498987949643468806e-02,6.768166751641483403e-01,-9.310853979775005188e-07,2.325512907241922278e-10,1.567942671102620991e-02,2.193654956290373367e-02,-8.037996974695788636e-08
2.586111111111111249e+00,-5.209316858528844074e-01,-6.624013570418278118e-07,7.749915131305070704e-01,-2.074329473029545567e-01,-2.723363627327642327e-07,7.341892389184367929e-10,2.150323280855634955e+00,-1.030398037372319567e-06,2.498987949708108419e-02,6.761458054145133012e-01,-9.301682404447917098e-07,2.326633261051647139e-10,1.565147374862408541e-02,2.189978306760488949e-02,-8.032036707263627982e-08
2.588888888888889017e+00,-5.215078078086478053e-01,-6.631577410919427546e-07,7.749915131325467721e-01,-2.073942235060949046e-01,-2.722855571435466089e-07,7.343483859195698571e-10,2.152200066338034734e+00,-1.032979927756046391e-06,2.498987949772761563e-02,6.754751110207857234e-01,-9.292513241341391796e-07,2.326998715246331173e-10,1.562355514575184887e-02,2.186302654569859810e-02,-8.026077959096754081e-08
2.591666666666666785e+00,-5.220838222109905891e-01,-6.639139840320688989e-07,7.749915131345866959e-01,-2.073555057964104054e-01,-2.722347595451849758e-07,7.343698010808807908e-10,2.154074989145498442e+00,-1.035559271652186404e-06,2.498987949837360237e-02,6.748045918371771146e-01,-9.283346488461342200e-07,2.325080440679361260e-10,1.559567087524919848e-02,2.182627998855369081e-02,-8.020120728983469097e-08
2.594444444444444553e+00,-5.226597290768190129e-01,-6.646700858843994610e-07,7.749915131366269527e-01,-2.073167941726109520e-01,-2.721839699359872793e-07,7.344963248723246352e-10,2.155948049764417451e+00,-1.038136069729834012e-06,2.498987949902023789e-02,6.741342477179970150e-01,-9.274182143825198759e-07,2.328599656847840649e-10,1.556782090998882345e-02,2.178954338754483452e-02,-8.014165015719004981e-08
2.597222222222222321e+00,-5.232355284230355563e-01,-6.654260466711231040e-07,7.749915131386673206e-01,-2.072780886334070483e-01,-2.721331883142618886e-07,7.345677208864254126e-10,2.157819248680778568e+00,-1.040710322657530299e-06,2.498987949966665831e-02,6.734640785177082867e-01,-9.265020205438513343e-07,2.326635637622809227e-10,1.554000522287859662e-02,2.175281673405586591e-02,-8.008210818091465374e-08
2.600000000000000089e+00,-5.238112202665392569e-01,-6.661818664144237267e-07,7.749915131407081326e-01,-2.072393891775093089e-01,-2.720824146783168025e-07,7.347429973464381092e-10,2.159688586380164033e+00,-1.043282031103265775e-06,2.498987950031258953e-02,6.727940840908572806e-01,-9.255860671322829804e-07,2.324848334678275563e-10,1.551222378685871914e-02,2.171610001947559682e-02,-8.002258134898549211e-08
