time_s,frame,object_name,object_index,active,kind,x_m,y_m,z_m,qx,qy,qz,qw,vx_m_s,vy_m_s,vz_m_s,wx_rad_s,wy_rad_s,wz_rad_s,mesh_z_min_m,mesh_z_max_m,mesh_z_span_m,mesh_xy_radius_m
0.0,0,object_a,0,1,rigid_box,-0.38,0.0,0.39999999999999997,0.0,0.0,0.0,1.0,0.57,0.0,0.0,0.0,0.0,0.0,,,,
0.0,0,object_b,1,1,rigid_box,0.38,0.0,0.39999999999999997,0.0,0.0,0.0,1.0,-0.44999999999999996,0.0,0.0,0.0,0.0,0.0,,,,
0.016666666666666666,1,object_a,0,1,rigid_box,-0.37050585500316074,-1.476467840466787e-13,0.39999079639267643,6.366256588586367e-09,-2.040814919405957e-08,-1.2152975734527036e-10,0.9999999999999998,0.5693384624624727,-9.454773197982196e-12,-1.781327689520662e-11,1.7791410586314402e-10,6.262659587448384e-08,-1.4605912109611055e-08,,,,
0.016666666666666666,1,object_b,1,1,rigid_box,0.3725044250285397,-1.800154321794595e-13,0.39999079645771446,6.1497632438182264e-09,-2.0703329544388217e-08,1.1928814130694725e-10,0.9999999999999998,-0.4494999169901472,-1.1502848305806656e-11,2.3788348200992626e-10,2.204406536198805e-10,-6.153964909826607e-08,1.4290414226284887e-08,,,,
0.03333333333333333,2,object_a,0,1,rigid_box,-0.36102273092874393,-3.053342283445682e-13,0.3999907963905019,6.36774309867739e-09,-1.9886286235506743e-08,-2.4346400677201915e-10,0.9999999999999998,0.5686778698324823,-9.466919951397974e-12,-1.2850838795874786e-10,1.787938415169408e-10,6.262088036319643e-08,-1.465519835074944e-08,,,,
0.03333333333333333,2,object_b,1,1,rigid_box,0.3650171828155927,-3.7136011958821514e-13,0.39999079645979935,6.151597536140812e-09,-2.121618489609376e-08,2.381615669918237e-10,0.9999999999999998,-0.4490004690121893,-1.1461073392043591e-11,1.2699792259485143e-10,2.1982655811563046e-10,-6.154529144937092e-08,1.424219331091711e-08,,,,
0.05,3,object_a,0,1,rigid_box,-0.3515506083999801,-4.632219341399977e-13,0.3999907963883656,6.369236936819628e-09,-1.9364470721593616e-08,-3.658082119661451e-10,0.9999999999999998,0.5680182178732334,-9.478820098022201e-12,-1.2789180478534057e-10,1.7967286705619337e-10,6.26152039418518e-08,-1.4704311722759806e-08,,,,
0.05,3,object_b,1,1,rigid_box,0.3575382591417181,-5.620057949667503e-13,0.3999907964619224,6.153426690559582e-09,-2.1729087448896823e-08,3.5663240230800713e-10,0.9999999999999997,-0.4485016526384065,-1.1418986115849075e-11,1.2769773433118914e-10,2.1920782408589213e-10,-6.15509722892496e-08,1.4193802500781229e-08,,,,
0.06666666666666667,4,object_a,0,1,rigid_box,-0.34208947175602067,-6.213057970490771e-13,0.39999079638624024,6.370738096942922e-09,-1.8842702351387062e-08,-4.885609278673745e-10,0.9999999999999998,0.5673595046658348,-9.490474284907208e-12,-1.2719014556850095e-10,1.80551164193548e-10,6.260956358650967e-08,-1.4753251808766525e-08,,,,
0.06666666666666667,4,object_b,1,1,rigid_box,0.35006764349018876,-7.519472378701938e-13,0.39999079646405644,6.155250668149925e-09,-2.224203750080254e-08,4.746992249542607e-10,0.9999999999999997,-0.44800346673873687,-1.1376584849087143e-11,1.283534077634041e-10,2.1858441105073445e-10,-6.155668902469154e-08,1.4145240886822857e-08,,,,
0.08333333333333333,5,object_a,0,1,rigid_box,-0.3326393053679529,-7.795817234679306e-13,0.39999079638412577,6.372246572970982e-09,-1.8320980825286937e-08,-6.117207123367742e-10,0.9999999999999998,0.5667017282965554,-9.501883158565448e-12,-1.2654856329508135e-10,1.8142873148671518e-10,6.260395908367442e-08,-1.4802019035171131e-08,,,,
0.08333333333333333,5,object_b,1,1,rigid_box,0.3426053253630887,-9.411792007211746e-13,0.3999907964662013,6.157069429843188e-09,-2.2755035351881473e-08,5.923606098721416e-10,0.9999999999999997,-0.4475059101857586,-1.133386796524644e-11,1.2898316616161143e-10,2.1795630121858658e-10,-6.156244186064649e-08,1.4096508144402785e-08,,,,
0.1,6,object_a,0,1,rigid_box,-0.32320009363871394,-9.380456305630733e-13,0.39999079638202206,6.373762358818749e-09,-1.7799305845384744e-08,-7.352861262348951e-10,0.9999999999999998,0.5660448868568512,-9.513047364923788e-12,-1.2594223927631099e-10,1.8230556811471218e-10,6.259839023663335e-08,-1.4850613719076793e-08,,,,
0.1,6,object_b,1,1,rigid_box,0.3351512942812689,-1.129696408774599e-12,0.3999907964683572,6.158882936421754e-09,-2.3268081303840366e-08,7.096151299349452e-10,0.9999999999999997,-0.44700898185472726,-1.1290833829850564e-11,1.296298485220504e-10,2.173234775203097e-10,-6.156823100444869e-08,1.4047603949871032e-08,,,,
0.11666666666666667,7,object_a,0,1,rigid_box,-0.31377182100300444,-1.0966934462601499e-12,0.39999079637992907,6.375285448394318e-09,-1.7277677115438498e-08,-8.592557333405431e-10,0.9999999999999998,0.5653889784433476,-9.523967549242631e-12,-1.2527695374131564e-10,1.831816735789637e-10,6.259285684819204e-08,-1.4899036204088357e-08,,,,
0.11666666666666667,7,object_b,1,1,rigid_box,0.3277055397843025,-1.317493559979245e-12,0.39999079647052416,6.1606911485225865e-09,-2.3781175660101156e-08,8.264613554470403e-10,0.9999999999999997,-0.4465126806235668,-1.1247480801510197e-11,1.3032826901016037e-10,2.1668592176910247e-10,-6.157405664492961e-08,1.399852813708267e-08,,,,
0.13333333333333333,8,object_a,0,1,rigid_box,-0.30435447192720166,-1.2555211092328387e-12,0.39999079637784674,6.376815835598434e-09,-1.6756094340893027e-08,-9.83628100633709e-10,0.9999999999999998,0.5647340011578215,-9.534644356049426e-12,-1.246266805032814e-10,1.8405704636878831e-10,6.258735870670747e-08,-1.4947286948511624e-08,,,,
0.13333333333333333,8,object_b,1,1,rigid_box,0.32026805143043996,-1.5045653249125758e-12,0.3999907964727022,6.162494026636073e-09,-2.4294318725769812e-08,9.428978545283323e-10,0.9999999999999997,-0.4460170053728628,-1.1203807236476792e-11,1.310037807400466e-10,2.1604361685761644e-10,-6.157991899808552e-08,1.3949280340047952e-08,,,,
0.15,9,object_a,0,1,rigid_box,-0.29494803090927507,-1.4145245688911142e-12,0.39999079637577506,6.378353514326897e-09,-1.6234557228840903e-08,-1.1084017981046841e-09,0.9999999999999998,0.5640799531071853,-9.545078429194997e-12,-1.2400726452643784e-10,1.8493168659367032e-10,6.258189562397407e-08,-1.4995366244672803e-08,,,,
0.15,9,object_b,1,1,rigid_box,0.31283881879656544,-1.6909063466507094e-12,0.39999079647489144,6.164291531107177e-09,-2.4807510807641722e-08,1.058923193216736e-09,0.9999999999999997,-0.44552195498585384,-1.1159811481241626e-11,1.3169300025483999e-10,2.153965451695081e-10,-6.158581826208083e-08,1.389986034889798e-08,,,,
0.16666666666666666,10,object_a,0,1,rigid_box,-0.2855524824786997,-1.573699785368931e-12,0.39999079637371393,6.379898478470019e-09,-1.5713065488039173e-08,-1.2335753990110627e-09,0.9999999999999999,0.5634268324034682,-9.555270411765386e-12,-1.233705308051336e-10,1.858055932279306e-10,6.257646739458044e-08,-1.504327453724762e-08,,,,
0.16666666666666666,10,object_b,1,1,rigid_box,0.3054178314781521,-1.8765112406941058e-12,0.39999079647709196,6.166083622138648e-09,-2.5320752214247133e-08,1.1745359352456275e-09,0.9999999999999997,-0.44502752834842374,-1.1115491878133328e-11,1.323726874641329e-10,2.147446899287189e-10,-6.159175465019089e-08,1.3850267861483631e-08,,,,
0.18333333333333332,11,object_a,0,1,rigid_box,-0.27616781119637207,-1.7330427295114665e-12,0.3999907963716633,6.381450721914876e-09,-1.5191618828875948e-08,-1.3591474797197948e-09,0.9999999999999999,0.5627746371637989,-9.5652209460246e-12,-1.2273449270794323e-10,1.8667876621711358e-10,6.257107382894785e-08,-1.5091012156317584e-08,,,,
0.18333333333333332,11,object_b,1,1,rigid_box,0.2980050790892186,-2.061374594896673e-12,0.39999079647930375,6.167870259789165e-09,-2.583404325581643e-08,1.2897346424628145e-09,0.9999999999999997,-0.44453372434909383,-1.1070846767484696e-11,1.330027789292476e-10,2.1408803355481374e-10,-6.159772835796504e-08,1.3800502718785992e-08,,,,
0.2,12,object_a,0,1,rigid_box,-0.2667940016545245,-1.89254938286069e-12,0.39999079636962304,6.383010238545178e-09,-1.4670216963382251e-08,-1.4851166199227467e-09,0.9999999999999999,0.5621233655103895,-9.574930673442567e-12,-1.2212031212655017e-10,1.8755120499005877e-10,6.256571472844651e-08,-1.5138579518185884e-08,,,,
0.2,12,object_b,1,1,rigid_box,0.2906005512622847,-2.245490969364728e-12,0.3999907964815269,6.169651403975221e-09,-2.634738424429574e-08,1.404517874857706e-09,0.9999999999999996,-0.4440405418790153,-1.1025874481257027e-11,1.3373415916340115e-10,2.1342655926365166e-10,-6.160373959556855e-08,1.3750564682130537e-08,,,,
0.21666666666666667,13,object_a,0,1,rigid_box,-0.25743103847664117,-2.052215737642613e-12,0.3999907963675932,6.384577022241861e-09,-1.4148859605221139e-08,-1.611481402664332e-09,0.9999999999999999,0.5614730155705172,-9.584400234590765e-12,-1.2149885091072843e-10,1.8842290957535737e-10,6.256038989948138e-08,-1.518597701656605e-08,,,,
0.21666666666666667,13,object_b,1,1,rigid_box,0.28320423764832797,-2.4288548963533324e-12,0.39999079648376146,6.171427014474476e-09,-2.6860775493384958e-08,1.5188841903993215e-09,0.9999999999999996,-0.4435479798319616,-1.0980573345283526e-11,1.344052126539541e-10,2.1276025048493073e-10,-6.160978857352227e-08,1.3700453511281466e-08,,,,
0.23333333333333334,14,object_a,0,1,rigid_box,-0.24807890631737345,-2.21203779675115e-12,0.3999907963655737,6.386151066884409e-09,-1.3627546469676851e-08,-1.7382404143651627e-09,0.9999999999999999,0.5608235854765078,-9.593630269178865e-12,-1.2086527091670352e-10,1.8929387939603849e-10,6.255509914165117e-08,-1.5233205108515466e-08,,,,
0.23333333333333334,14,object_b,1,1,rigid_box,0.2758161279167398,-2.6114608802057816e-12,0.39999079648600755,6.173197050924286e-09,-2.7374217318506312e-08,1.6328321454460834e-09,0.9999999999999996,-0.44305603710431957,-1.093494168296849e-11,1.3507091799203064e-10,2.120890906868838e-10,-6.161587550424992e-08,1.3650168974558868e-08,,,,
0.25,15,object_a,0,1,rigid_box,-0.23873758986245602,-2.3720115737344187e-12,0.39999079636356444,6.387732366351091e-09,-1.3106277273645897e-08,-1.865392244859412e-09,0.9999999999999999,0.5601750733657189,-9.602621416020017e-12,-1.2025286842687333e-10,1.901641144601716e-10,6.254984226506002e-08,-1.528026418045572e-08,,,,
0.25,15,object_b,1,1,rigid_box,0.26843621175528215,-2.7933033972433376e-12,0.39999079648826513,6.174961472823914e-09,-2.7887710036836134e-08,1.7463602946426902e-09,0.9999999999999996,-0.4425647125950832,-1.0888977810564908e-11,1.3577766341810182e-10,2.1141306309478535e-10,-6.162200059733545e-08,1.3599710885638612e-08,,,,
0.26666666666666666,16,object_a,0,1,rigid_box,-0.2294070738286232,-2.5321330927787615e-12,0.3999907963615654,6.389320914520889e-09,-1.2585051735619077e-08,-1.992935487360691e-09,0.9999999999999999,0.5595274773805221,-9.611374312934179e-12,-1.1965012487735738e-10,1.9103361503189116e-10,6.254461908160342e-08,-1.532715461523204e-08,,,,
0.26666666666666666,16,object_b,1,1,rigid_box,0.26106447887004397,-2.9743768956629466e-12,0.3999907964905344,6.176720239536403e-09,-2.8401253967311095e-08,1.8594671910255194e-09,0.9999999999999996,-0.4420740052058448,-1.0842680037527162e-11,1.3647308456932183e-10,2.1073215115839303e-10,-6.162816405810309e-08,1.3549079105990473e-08,,,,
0.2833333333333333,17,object_a,0,1,rigid_box,-0.22008734296352553,-2.6923983886918392e-12,0.3999907963595765,6.390916705272524e-09,-1.2063869575700805e-08,-2.120868738731654e-09,0.9999999999999999,0.5588807956682867,-9.619889596716527e-12,-1.1905370612963484e-10,1.9190238106397446e-10,6.253942939559889e-08,-1.5373876878784602e-08,,,,
0.2833333333333333,17,object_b,1,1,rigid_box,0.25370091898539815,-3.154675795488305e-12,0.39999079649281527,6.178473310288309e-09,-2.8914849430610662e-08,1.9721513863209524e-09,0.9999999999999996,-0.441583913840788,-1.0796046672566697e-11,1.3720884151080526e-10,2.1004633871059163e-10,-6.163436609491072e-08,1.3498273493793067e-08,,,,
0.3,18,object_a,0,1,rigid_box,-0.21077838204564664,-2.85280350688599e-12,0.3999907963575977,6.392519732486676e-09,-1.154273051556502e-08,-2.249190599222936e-09,0.9999999999999999,0.558235026381364,-9.62816790321648e-12,-1.1846978432983324e-10,1.9277041304407102e-10,6.253427301959862e-08,-1.5420431372122518e-08,,,,
0.3,18,object_b,1,1,rigid_box,0.2463455218439581,-3.3341944884945e-12,0.3999907964951079,6.180220644173027e-09,-2.9428496749201734e-08,2.0844114307530795e-09,0.9999999999999996,-0.44109443740668014,-1.0749076017458742e-11,1.3791564244802768e-10,2.093556106249238e-10,-6.164060693698761e-08,1.344729376144067e-08,,,,
0.31666666666666665,19,object_a,0,1,rigid_box,-0.2014801758842202,-3.0133445033614697e-12,0.39999079635562895,6.394129990044759e-09,-1.1021634278485769e-08,-2.377899672839396e-09,0.9999999999999999,0.5575901676770677,-9.636209867196119e-12,-1.1784347456189614e-10,1.9363771080184223e-10,6.252914976221124e-08,-1.546681855045737e-08,,,,
0.31666666666666665,19,object_b,1,1,rigid_box,0.2389982772065352,-3.5129273380981208e-12,0.3999907964974123,6.181962200150975e-09,-2.994219624732059e-08,2.196245873351298e-09,0.9999999999999996,-0.44060557481286394,-1.0701766366750967e-11,1.386186807700307e-10,2.0865995014246166e-10,-6.164688678466109e-08,1.33961398699398e-08,,,,
0.3333333333333333,20,object_a,0,1,rigid_box,-0.1921927093191477,-3.1740174446891357e-12,0.39999079635367013,6.395747471831751e-09,-1.0500580589304334e-08,-2.50699456716932e-09,0.9999999999999999,0.55694621771766,-9.644016122391017e-12,-1.1722718282203282e-10,1.9450427499210468e-10,6.252405943811642e-08,-1.551303882458572e-08,,,,
0.3333333333333333,20,object_b,1,1,rigid_box,0.23165917485209553,-3.6908686792398916e-12,0.39999079649972863,6.183697937052223e-09,-3.0455948250990124e-08,2.3076532619797472e-09,0.9999999999999994,-0.4401173249712508,-1.0654116013348079e-11,1.393156631723791e-10,2.0795934169777335e-10,-6.165320584884552e-08,1.3344811709988912e-08,,,,
0.35,21,object_a,0,1,rigid_box,-0.18291596722091577,-3.334818407992851e-12,0.3999907963517213,6.397372171736062e-09,-9.979569174406928e-09,-2.6364738932988243e-09,0.9999999999999999,0.5563031746703339,-9.651587301494858e-12,-1.1667589290553781e-10,1.9537010588313938e-10,6.251900185468349e-08,-1.5559092678994455e-08,,,,
0.35,21,object_b,1,1,rigid_box,0.2243282045777174,-3.8680128184167436e-12,0.3999907965020569,6.1854278135773545e-09,-3.0969753088027055e-08,2.418632143450372e-09,0.9999999999999994,-0.43962968679631237,-1.0606123247008424e-11,1.4003773314563706e-10,2.072537703449158e-10,-6.165956435854708e-08,1.3293309067344663e-08,,,,
0.36666666666666664,22,object_a,0,1,rigid_box,-0.1736499344905142,-3.495743480930164e-12,0.3999907963497823,6.399004083649539e-09,-9.458599761758958e-09,-2.766336266214516e-09,0.9999999999999999,0.5556610367071967,-9.658924035974674e-12,-1.1607077625430673e-10,1.9623520391678334e-10,6.251397683186877e-08,-1.560498051119949e-08,,,,
0.36666666666666664,22,object_b,1,1,rigid_box,0.2170053561985486,-4.044354033504091e-12,0.3999907965043971,6.187151788298911e-09,-3.148361108804895e-08,2.529181063636311e-09,0.9999999999999994,-0.4391426592050737,-1.0557786345505038e-11,1.4076947073282664e-10,2.0654322076834544e-10,-6.166596252360218e-08,1.3241631884841696e-08,,,,
0.38333333333333336,23,object_a,0,1,rigid_box,-0.16439459605935447,-3.656850268526783e-12,0.39999079634785123,6.4351622905623794e-09,-9.054904406898319e-09,-2.896580390041288e-09,0.9999999999999999,0.5550198020052539,-9.690418601418563e-12,-1.1627291837679188e-10,1.784430064911517e-08,2.5687653386780086e-09,-1.5650789210934525e-08,,,,
0.38333333333333336,23,object_b,1,1,rigid_box,0.20969061954776383,-4.219886573711207e-12,0.3999907965067494,6.18886981966322e-09,-3.1997522582469075e-08,2.6392985676869716e-09,0.9999999999999994,-0.4386562411171057,-1.0509103590357611e-11,1.414806882760189e-10,2.058276777376675e-10,-6.167240055777979e-08,1.3189780095351285e-08,,,,
0.4,24,object_a,0,1,rigid_box,-0.15514993688918788,-3.819341978338788e-12,0.3999907963459148,6.584427313961095e-09,-9.035792950805767e-09,-3.0272079500057784e-09,0.9999999999999999,0.5543794687463911,-9.801599280685352e-12,-1.1604392620434556e-10,1.79109916162565e-08,2.255434068214857e-09,-1.569693372305024e-08,,,,
0.4,24,object_b,1,1,rigid_box,0.20238398447652275,-4.394604659510086e-12,0.3999907965091138,6.190581865993137e-09,-3.25114879045328e-08,2.748983199925202e-09,0.9999999999999994,-0.4381704314545171,-1.0460073254125205e-11,1.4218880760308306e-10,2.0510712665548538e-10,-6.167887868977327e-08,1.3137753542572173e-08,,,,
0.4166666666666667,25,object_a,0,1,rigid_box,-0.14591594197202465,-3.983684500645606e-12,0.3999907963439832,6.733670183223435e-09,-9.017329858772058e-09,-3.158219857077137e-09,0.9999999999999999,0.5537400351173607,-9.91252764341036e-12,-1.157606562690594e-10,1.7907456854904817e-08,2.1805881361489434e-09,-1.5743035092334607e-08,,,,
0.4166666666666667,25,object_b,1,1,rigid_box,0.19508544085392718,-4.56850248255128e-12,0.3999907965114904,6.192287885488003e-09,-3.302550738929124e-08,2.858233504228137e-09,0.9999999999999994,-0.4376852291419475,-1.041069360275118e-11,1.429466874730556e-10,2.0438155227505132e-10,-6.168539712350897e-08,1.3085552284833834e-08,,,,
0.43333333333333335,26,object_a,0,1,rigid_box,-0.13669259633005282,-4.149873550140946e-12,0.3999907963420564,6.8828835436015665e-09,-8.999490484621461e-09,-3.2896157508364863e-09,0.9999999999999999,0.5531014993097629,-1.0023198597215742e-11,-1.1547228971620083e-10,1.7903934570187635e-08,2.1056590546964433e-09,-1.578909326396438e-08,,,,
0.43333333333333335,26,object_b,1,1,rigid_box,0.1877949785669794,-4.7415742055498435e-12,0.3999907965138793,6.193987836227497e-09,-3.353958137363638e-08,2.9670480239376947e-09,0.9999999999999994,-0.43720063310656015,-1.0360962902832117e-11,1.4370081513614963e-10,2.0365094119509565e-10,-6.16919560924334e-08,1.3033176169964572e-08,,,,
0.45,27,object_a,0,1,rigid_box,-0.12747988501555751,-4.317904833524092e-12,0.39999079634013446,7.032066729262945e-09,-8.982272893259325e-09,-3.421395272249176e-09,0.9999999999999999,0.5524638595200313,-1.0133611775591885e-11,-1.1522425895360566e-10,1.790029148938583e-08,2.0311019595440905e-09,-1.5835108419128883e-08,,,,
0.45,27,object_b,1,1,rigid_box,0.18051258752054,-4.9138139623156695e-12,0.39999079651628044,6.195681676173007e-09,-3.405371019629477e-08,3.0754253020980726e-09,0.9999999999999993,-0.4367166422780337,-1.0310879413455188e-11,1.444127820798835e-10,2.0291527859229527e-10,-6.169855580880744e-08,1.2980625229594292e-08,,,,
0.4666666666666667,28,object_a,0,1,rigid_box,-0.11827779311084091,-4.487774051931947e-12,0.39999079633821727,7.181219150820973e-09,-8.965675399646087e-09,-3.553558063592657e-09,0.9999999999999999,0.5518271139494156,-1.0243766863986013e-11,-1.1489021366217766e-10,1.7896529442678076e-08,1.956912449914249e-09,-1.5881080740389856e-08,,,,
0.4666666666666667,28,object_b,1,1,rigid_box,0.173238257637286,-5.085215857580868e-12,0.399990796518694,6.197369363168657e-09,-3.4567894197830787e-08,3.1833638816185385e-09,0.9999999999999993,-0.43623325558855547,-1.0260441392176072e-11,1.4515815459359427e-10,2.0217455104924357e-10,-6.170519649545695e-08,1.2927899445679259e-08,,,,
0.48333333333333334,29,object_a,0,1,rigid_box,-0.10908630572814147,-4.659476901017108e-12,0.39999079633630485,7.330340232133097e-09,-8.9496963539141e-09,-3.686103768381471e-09,0.9999999999999999,0.5511912608039661,-1.0353663554872637e-11,-1.1461173329840868e-10,1.7892759207205653e-08,1.882713113778304e-09,-1.5927010372548275e-08,,,,
0.48333333333333334,29,object_b,1,1,rigid_box,0.16597197885766918,-5.255773967013752e-12,0.39999079652112,6.199050854945118e-09,-3.5082133720665e-08,3.2908623053238737e-09,0.9999999999999993,-0.4357504719728142,-1.0209647089560623e-11,1.4592153353698567e-10,2.0142874491774897e-10,-6.171187837955399e-08,1.2874998783557475e-08,,,,
0.5,30,object_a,0,1,rigid_box,-0.09990540800955468,-4.83300907100333e-12,0.3999907963343972,7.479429326914275e-09,-8.934333856125782e-09,-3.819032031603682e-09,0.9999999999999999,0.5505562982945174,-1.0463301488518718e-11,-1.1434594590631342e-10,1.7888857957264485e-08,1.80892546710903e-09,-1.597289746213951e-08,,,,
0.5,30,object_b,1,1,rigid_box,0.15871374113987435,-5.425482337113034e-12,0.39999079652355857,6.200726109119905e-09,-3.559642910908651e-08,3.397919116052616e-09,0.9999999999999993,-0.43526829036799203,-1.0158494758051298e-11,1.466632249674804e-10,2.006778465461912e-10,-6.171860168447073e-08,1.2821923262620508e-08,,,,
0.5166666666666667,31,object_a,0,1,rigid_box,-0.09073508512695312,-5.00836624669938e-12,0.39999079633249435,7.62848590764487e-09,-8.919586402811696e-09,-3.9523424994870425e-09,0.9999999999999999,0.5499222246366723,-1.0572680387420667e-11,-1.1405451583179627e-10,1.788496723705184e-08,1.735065539856746e-09,-1.601874219411687e-08,,,,
0.5166666666666667,31,object_b,1,1,rigid_box,0.15146353445977803,-5.594334985138633e-12,0.3999907965260097,6.202395083202232e-09,-3.611078070924297e-08,3.504532856941753e-09,0.9999999999999993,-0.43478670971375805,-1.0106982636179031e-11,1.4744245234454834e-10,1.9992184345794715e-10,-6.172536663474212e-08,1.276867291864605e-08,,,,
0.5333333333333333,32,object_a,0,1,rigid_box,-0.09494385203167507,-2.6492819721395168e-09,0.3999907964690605,2.8526606181096592e-08,-9.590565257962857e-08,4.0575756617755325e-09,0.999999999999995,-0.43750628877515185,-1.9518409452136363e-07,1.0513058288502686e-09,4.4527569278936327e-11,-6.151565896294072e-08,1.4056680304803456e-08,,,,
0.5333333333333333,32,object_b,1,1,rigid_box,0.15257668460521942,1.6457744931386842e-09,0.39999079601118753,4.791912605501843e-08,-6.240893005843488e-08,-1.0034134870113226e-09,0.9999999999999969,0.18244489938788228,1.2188573884997081e-07,-1.1485468652538966e-10,2.3397063425255966e-10,6.15138064149996e-08,-2.557038780454076e-08,,,,
0.55,33,object_a,0,1,rigid_box,-0.1022313339587511,-5.900436241006324e-09,0.39999079647157526,2.8526972531768706e-08,-9.641831708683117e-08,4.174441041531907e-09,0.9999999999999949,-0.4370219162532481,-1.949679702709787e-07,1.6527694490786615e-10,4.346063656334222e-11,-6.152337085705632e-08,1.399486711114927e-08,,,,
0.55,33,object_b,1,1,rigid_box,0.15561558117778265,3.6759673407505e-09,0.399990796009811,4.7921084862746814e-08,-6.189632920499113e-08,-1.2166875200960756e-09,0.9999999999999969,0.1822357902270829,1.2174614847736018e-07,-8.266732437478552e-11,2.3601754452886124e-10,6.151060567195972e-08,-2.561268985720911e-08,,,,
0.5666666666666667,34,object_a,0,1,rigid_box,-0.1095107483670438,-9.147990824927694e-09,0.39999079647433616,2.8527329977328208e-08,-9.693104623563636e-08,4.290791129333121e-09,0.9999999999999949,-0.43653814854341727,-1.9475211541184263e-07,1.6598847470128408e-10,4.2390451014184355e-11,-6.153114638878197e-08,1.3933008481311038e-08,,,,
0.5666666666666667,34,object_b,1,1,rigid_box,0.15865099428148544,5.7038348131720725e-09,0.39999079600843856,4.792306069988854e-08,-6.1383754886459e-08,-1.4303129947026875e-09,0.999999999999997,0.18202687120270578,1.2160668581884155e-07,-8.206069157523643e-11,2.380581067491111e-10,6.150743665446115e-08,-2.5654749230263544e-08,,,,
0.5833333333333334,35,object_a,0,1,rigid_box,-0.11678210532731054,-1.2391950209536299e-08,0.39999079647710933,2.8527678489938778e-08,-9.744384035980015e-08,4.406625518765014e-09,0.9999999999999948,-0.4360549845791255,-1.945365294672123e-07,1.6671733091278007e-10,4.131695885523717e-11,-6.153896245405573e-08,1.387110318309425e-08,,,,
0.5833333333333334,35,object_b,1,1,rigid_box,0.16168292708322185,7.729379037576977e-09,0.3999907960070758,4.792505351370578e-08,-6.087120683381503e-08,-1.6442878942577054e-09,0.999999999999997,0.1818181420837049,1.214673507169522e-07,-8.149125645118271e-11,2.400923501461381e-10,6.150429981985464e-08,-2.569656712224158e-08,,,,
0.6,36,object_a,0,1,rigid_box,-0.12404541489254924,-1.563231887252655e-08,0.399990796479895,2.852801804234753e-08,-9.795669979854549e-08,4.5219438404792754e-09,0.9999999999999948,-0.4355724232959826,-1.9432121196132954e-07,1.6746756412167052e-10,4.0240228585604515e-11,-6.154681939214333e-08,1.3809155578080632e-08,,,,
0.6,36,object_b,1,1,rigid_box,0.16471138274603866,9.752602138516828e-09,0.39999079600572274,4.792706325163959e-08,-6.035868477969296e-08,-1.858610211169806e-09,0.999999999999997,0.1816096026394155,1.2132814301449488e-07,-8.088582061083205e-11,2.421202970643158e-10,6.150119498253349e-08,-2.5738144601756255e-08,,,,
0.6166666666666667,37,object_a,0,1,rigid_box,-0.13130068709804005,-1.8869101283673605e-08,0.3999907964826931,2.8528348607878205e-08,-9.846962489413589e-08,4.63674576105921e-09,0.9999999999999947,-0.4350904636320898,-1.9410616241956936e-07,1.682359702936953e-10,3.9160329879329096e-11,-6.155471757717657e-08,1.3747170034480658e-08,,,,
0.6166666666666667,37,object_b,1,1,rigid_box,0.16773636442914133,1.1773506237925568e-08,0.39999079600437926,4.792908986131436e-08,-5.984618845832949e-08,-2.073277947451681e-09,0.999999999999997,0.18140125263954063,1.2118906255453e-07,-8.035981081955246e-11,2.441419687812193e-10,6.149812194170378e-08,-2.5779482920696243e-08,,,,
0.6333333333333333,38,object_a,0,1,rigid_box,-0.13854793196138682,-2.210230190485224e-08,0.39999079648550384,2.852867016043637e-08,-9.898261599215349e-08,4.751030983238817e-09,0.9999999999999947,-0.4346091045280319,-1.938913803684425e-07,1.6901231629506963e-10,3.807733280986953e-11,-6.156265744014028e-08,1.3685150777697578e-08,,,,
0.6333333333333333,38,object_b,1,1,rigid_box,0.17075787528790062,1.3792093455123756e-08,0.3999907960030453,4.793113329054225e-08,-5.9333717605552774e-08,-2.288289114544783e-09,0.9999999999999971,0.1811930918541505,1.21050109180375e-07,-7.977688301630259e-11,2.461573890397301e-10,6.149508051644149e-08,-2.5820583082683273e-08,,,,
0.65,39,object_a,0,1,rigid_box,-0.1457871594825583,-2.5331925190055788e-08,0.39999079648832736,2.8528982674513546e-08,-9.949567344176926e-08,4.8647992463014585e-09,0.9999999999999946,-0.43412834492687064,-1.9367686533559213e-07,1.697587782151233e-10,3.6991307850054656e-11,-6.157063940294246e-08,1.3623102400557432e-08,,,,
0.65,39,object_b,1,1,rigid_box,0.17377591847385798,1.5808365906822845e-08,0.3999907960017208,4.793319348732918e-08,-5.8821271958788474e-08,-2.5036417333644036e-09,0.9999999999999971,0.18098512005368164,1.2091128273560341e-07,-7.921784755948735e-11,2.4816658120878343e-10,6.149207050687923e-08,-2.5861446337791385e-08,,,,
0.6666666666666666,40,object_a,0,1,rigid_box,-0.1530183796439297,-2.855797558541498e-08,0.39999079649116376,2.8529286125191697e-08,-1.0000879759606448e-07,4.978050326220821e-09,0.9999999999999946,-0.4336481837741368,-1.9346261684979147e-07,1.7051253291267e-10,3.5902326121816387e-11,-6.157866398027443e-08,1.3561029113238848e-08,,,,
0.6666666666666666,40,object_b,1,1,rigid_box,0.17679049713473236,1.7822325707129445e-08,0.3999907960004058,4.793527039987877e-08,-5.8308851257058523e-08,-2.7193338342787723e-09,0.9999999999999971,0.1807773370089363,1.2077258306404555e-07,-7.864637587007284e-11,2.5016956863299286e-10,6.148909172494792e-08,-2.5902073763803873e-08,,,,
0.6833333333333333,41,object_a,0,1,rigid_box,-0.16024160241032342,-3.178045752921674e-08,0.39999079649401326,2.8529580488145977e-08,-1.005219888124076e-07,5.090784035519621e-09,0.9999999999999946,-0.43316862001782364,-1.9324863444094021e-07,1.713274765113848e-10,3.4810458894138964e-11,-6.158673169030942e-08,1.3498935433498072e-08,,,,
0.6833333333333333,41,object_b,1,1,rigid_box,0.17980161441442585,1.9833974967549618e-08,0.3999907959991002,4.7937363976595366e-08,-5.7796455241012895e-08,-2.9353634575296758e-09,0.9999999999999971,0.18056974249108154,1.2063401000978752e-07,-7.808205297610282e-11,2.521663765862418e-10,6.148614397830555e-08,-2.5942466505619514e-08,,,,
0.7,42,object_a,0,1,rigid_box,-0.16745683772905018,-3.499937545192287e-08,0.39999079649687597,2.852986573964706e-08,-1.0103524745279118e-07,5.203000223563512e-09,0.9999999999999944,-0.4326896526083791,-1.9303491764005322e-07,1.721442485086433e-10,3.3715777625012966e-11,-6.159484311224614e-08,1.3436825759506785e-08,,,,
0.7,42,object_b,1,1,rigid_box,0.18280927345302986,2.1843315796993103e-08,0.39999079599780385,4.7939474166089895e-08,-5.728408365290092e-08,-3.151728652831302e-09,0.9999999999999972,0.18036233627164866,1.2049556341717108e-07,-7.749386202182684e-11,2.541570288292599e-10,6.148322706669269e-08,-2.5982625824096676e-08,,,,
0.7166666666666667,43,object_a,0,1,rigid_box,-0.17466409552994977,-3.821473377618873e-08,0.39999079649975217,2.8530141856562084e-08,-1.0154857388426106e-07,5.314698776330172e-09,0.9999999999999944,-0.43221128049869906,-1.9282146597927414e-07,1.7297068465038645e-10,3.261835398400967e-11,-6.160299888546182e-08,1.3374704416166561e-08,,,,
0.7166666666666667,43,object_b,1,1,rigid_box,0.18581347738683124,2.385035030177763e-08,0.39999079599651677,4.794160091717987e-08,-5.6771736236614004e-08,-3.3684274799592536e-09,0.9999999999999972,0.18015511812253251,1.2035724313079364e-07,-7.693701231659134e-11,2.5614155146365736e-10,6.148034079785977e-08,-2.602255284545243e-08,,,,
0.7333333333333333,44,object_a,0,1,rigid_box,-0.18186338572543195,-4.142653691688195e-08,0.3999907965026419,2.8530408816355094e-08,-1.0206196847934593e-07,5.425879616330316e-09,0.9999999999999943,-0.4317335026441202,-1.9260827899185525e-07,1.7379928919647458e-10,3.151825995402795e-11,-6.161119968131952e-08,1.3312575868684431e-08,,,,
0.7333333333333333,44,object_b,1,1,rigid_box,0.18881422934831832,2.5855080585633115e-08,0.3999907959952389,4.794374417889727e-08,-5.6259412737647754e-08,-3.585458008224656e-09,0.9999999999999972,0.1799480878159905,1.2021904899550728e-07,-7.642270670460416e-11,2.581199694166508e-10,6.147748497679102e-08,-2.6062248751212542e-08,,,,
0.75,45,object_a,0,1,rigid_box,-0.18905471821051698,-4.463478928110088e-08,0.39999079650554553,2.8530666597086966e-08,-1.0257543161646317e-07,5.536542702872863e-09,0.9999999999999943,-0.4312563180024126,-1.9239535621216496e-07,1.7459970101663114e-10,3.041556635576443e-11,-6.161944623924662e-08,1.3250444471128972e-08,,,,
0.75,45,object_b,1,1,rigid_box,0.19181153246618682,2.7857508749705946e-08,0.39999079599397014,4.79459039004885e-08,-5.574711290313747e-08,-3.802818316981962e-09,0.9999999999999972,0.1797412451246421,1.2008098085641903e-07,-7.586852847352166e-11,2.6009230960798787e-10,6.147465940962458e-08,-2.6101714717529007e-08,,,,
0.7666666666666667,46,object_a,0,1,rigid_box,-0.19623810286287616,-4.783949526819314e-08,0.39999079650846325,2.853091517741193e-08,-1.0308896368048214e-07,5.64668803135344e-09,0.9999999999999942,-0.43077972553377275,-1.9218269717567985e-07,1.7545740728375225e-10,2.9310344744114746e-11,-6.16277393577847e-08,1.3188314585926132e-08,,,,
0.7666666666666667,46,object_b,1,1,rigid_box,0.19480538986534618,2.985763689256321e-08,0.3999907959927105,4.7948080031420104e-08,-5.523483648183891e-08,-4.020506495357514e-09,0.9999999999999973,0.17953458982146825,1.1994303855889016e-07,-7.5334146906747e-11,2.6205859826160683e-10,6.147186389884695e-08,-2.6140951952418914e-08,,,,
0.7833333333333333,47,object_a,0,1,rigid_box,-0.20341354954287205,-5.104065926977415e-08,0.3999907965113953,2.853115453657649e-08,-1.0360256506320242e-07,5.756315633357022e-09,0.9999999999999942,-0.43030372420081686,-1.919703014189824e-07,1.763111757285829e-10,2.8202666135796365e-11,-6.16360799074644e-08,1.3126190478251991e-08,,,,
0.7833333333333333,47,object_b,1,1,rigid_box,0.19779580466692526,3.185546711019692e-08,0.39999079599145987,4.795027252137953e-08,-5.4722583224139975e-08,-4.238520642435954e-09,0.9999999999999973,0.1793281216798103,1.198052219485357e-07,-7.480438664331235e-11,2.640188617952067e-10,6.146909824827038e-08,-2.6179961660237017e-08,,,,
0.8,48,object_a,0,1,rigid_box,-0.2105810680935989,-5.423828566974539e-08,0.399990796514342,2.8531384654414296e-08,-1.0411623616392423e-07,5.865425576301067e-09,0.9999999999999941,-0.42982831296857327,-1.9175816847975794e-07,1.7724139170227637e-10,2.7092600209984156e-11,-6.164446881202998e-08,1.3064076496638718e-08,,,,
0.8,48,object_b,1,1,rigid_box,0.2007827799882784,3.3851001496028264e-08,0.3999907959902182,4.7952481320278155e-08,-5.4210352882064966e-08,-4.456858867337376e-09,0.9999999999999973,0.17912184047336954,1.196675308712245e-07,-7.426849760183707e-11,2.659731272291361e-10,6.146636226619321e-08,-2.6218744973369634e-08,,,,
0.8166666666666667,49,object_a,0,1,rigid_box,-0.2177406683409227,-5.743237884431293e-08,0.3999907965173035,2.8531605511342147e-08,-1.0462997739002688e-07,5.974017963218536e-09,0.9999999999999941,-0.4293534908044758,-1.915462978967923e-07,1.7806715477131085e-10,2.5980217023955968e-11,-6.165290708542848e-08,1.3001976819167989e-08,,,,
0.8166666666666667,49,object_b,1,1,rigid_box,0.20376631894299163,3.5844242140911836e-08,0.39999079598898546,4.795470637825459e-08,-5.3698145209268376e-08,-4.67551928914824e-09,0.9999999999999973,0.17891574597620635,1.1952996517307834e-07,-7.373173079028295e-11,2.6792142240294997e-10,6.146365575358792e-08,-2.6257303151369366e-08,,,,
0.8333333333333334,50,object_a,0,1,rigid_box,-0.22489236009352143,-6.062294316200555e-08,0.3999907965202803,2.853181708835371e-08,-1.0514378915762649e-07,6.082092932231473e-09,0.999999999999994,-0.4288792566783565,-1.9133468920996427e-07,1.7902906414291042e-10,2.486558525147436e-11,-6.166139579985181e-08,1.2939895740224923e-08,,,,
0.8333333333333334,50,object_b,1,1,rigid_box,0.20674642464088833,3.783519113313981e-08,0.3999907959877616,4.7956947645678615e-08,-5.318595996103357e-08,-4.894500036930367e-09,0.9999999999999974,0.17870983796273962,1.193925247004726e-07,-7.31906549256145e-11,2.698637750154965e-10,6.146097851445635e-08,-2.629563738592677e-08,,,,
0.85,51,object_a,0,1,rigid_box,-0.23203615314292456,-6.380998298369306e-08,0.3999907965232727,2.8532019367012365e-08,-1.0565767189221072e-07,6.18965065639657e-09,0.999999999999994,-0.42840560956243906,-1.9112334196024542e-07,1.799653533834933e-10,2.3748773064835817e-11,-6.166993613190842e-08,1.2877837333997703e-08,,,,
0.85,51,object_b,1,1,rigid_box,0.20972310018803547,3.982385055844618e-08,0.39999079598654647,4.795920507315063e-08,-5.267379689428408e-08,-5.113799249905364e-09,0.9999999999999974,0.17850411620774592,1.1925520930003438e-07,-7.266771039071696e-11,2.718002124927717e-10,6.14583303527606e-08,-2.6333748893121918e-08,,,,
0.8666666666666667,52,object_a,0,1,rigid_box,-0.23917205726355317,-6.69935026626045e-08,0.399990796526281,2.8532212329443646e-08,-1.0617162602941965e-07,6.296691342812497e-09,0.9999999999999939,-0.42793254843133155,-1.9091225568969711e-07,1.8097243842385424e-10,2.262984724181532e-11,-6.167852933911977e-08,1.2815805673886272e-08,,,,
0.8666666666666667,52,object_b,1,1,rigid_box,0.21269634868674944,4.181022250001097e-08,0.3999907959853401,4.796147861150511e-08,-5.216165576756568e-08,-5.333415077238683e-09,0.9999999999999974,0.1782985804863589,1.1911801881864315e-07,-7.214028679980444e-11,2.737307632939389e-10,6.145571107121037e-08,-2.6371638900322907e-08,,,,
0.8833333333333333,53,object_a,0,1,rigid_box,-0.2463000822127596,-7.017350654434605e-08,0.39999079652930564,2.8532395958326853e-08,-1.0668565201575965e-07,6.403215232457929e-09,0.9999999999999939,-0.42746007226201954,-1.9070142994146304e-07,1.8193487168194356e-10,2.1508873540901336e-11,-6.168717676447841e-08,1.2753804837363434e-08,,,,
0.8833333333333333,53,object_b,1,1,rigid_box,0.21566617323560208,4.379430903846441e-08,0.39999079598414244,4.796376821181301e-08,-5.164953634105347e-08,-5.553345678166281e-09,0.9999999999999974,0.1780932305740684,1.1898095310342998e-07,-7.164163012829405e-11,2.756554561259982e-10,6.145312047994521e-08,-2.6409308546039827e-08,,,,
0.9,54,object_a,0,1,rigid_box,-0.25342023773086686,-7.334999896691934e-08,0.39999079653234704,2.8532570236884427e-08,-1.0719975030941522e-07,6.50922259966086e-09,0.9999999999999938,-0.42698818003385935,-1.904908642597707e-07,1.8294553545683545e-10,2.0385916864654668e-11,-6.1695879861114e-08,1.2691838765469437e-08,,,,
0.9,54,object_b,1,1,rigid_box,0.2186325769294264,4.577611225189118e-08,0.3999907959829534,4.796607382538293e-08,-5.1137438376560644e-08,-5.773589222168512e-09,0.9999999999999974,0.17788806624671982,1.1884401200177725e-07,-7.111197915243839e-11,2.775743194071544e-10,6.145055837929018e-08,-2.6446759104474967e-08,,,,
0.9166666666666666,55,object_a,0,1,rigid_box,-0.2605325335412082,-7.65229842607393e-08,0.3999907965354057,2.8532735148873336e-08,-1.0771392138113649e-07,6.614713751348422e-09,0.9999999999999938,-0.4265168707285711,-1.9028055818992516e-07,1.8404244100933553e-10,1.926104093686994e-11,-6.170464019149824e-08,1.2629911311656486e-08,,,,
0.9166666666666666,55,object_b,1,1,rigid_box,0.22159556285932272,4.77556342158345e-08,0.39999079598177284,4.796839540376491e-08,-5.062536163750794e-08,-5.99414388856352e-09,0.9999999999999976,0.17768308728051369,1.1870719536131843e-07,-7.058921676350582e-11,2.794873814401077e-10,6.144802457254664e-08,-2.6483991804425613e-08,,,,
0.9333333333333333,56,object_a,0,1,rigid_box,-0.2676369793501663,-7.969246674865206e-08,0.399990796538482,2.8532890678574353e-08,-1.0822816571511679e-07,6.719689026716448e-09,0.9999999999999937,-0.426046143330232,-1.9007051127829988e-07,1.8507251287047666e-10,1.813430754544998e-11,-6.171345940904078e-08,1.2568026398065807e-08,,,,
0.9333333333333333,56,object_b,1,1,rigid_box,0.22455513411266453,4.973287700330041e-08,0.3999907959806009,4.797073289874806e-08,-5.01133058889545e-08,-6.2150078669943435e-09,0.9999999999999976,0.17747829345200467,1.185705030299373e-07,-7.010391919748393e-11,2.8139467304146046e-10,6.144551887244148e-08,-2.652100776036573e-08,,,,
0.95,57,object_a,0,1,rigid_box,-0.2747335848472127,-8.28584507459529e-08,0.3999907965415766,2.8533036810780258e-08,-1.0874248380996054e-07,6.824148796660081e-09,0.9999999999999937,-0.4255759968252691,-1.898607230723467e-07,1.86189438866613e-10,1.7005777928919217e-11,-6.172233930747935e-08,1.2506187747401709e-08,,,,
0.95,57,object_b,1,1,rigid_box,0.22751129377310425,5.170784268476187e-08,0.3999907959794373,4.7973086262365534e-08,-4.960127089757443e-08,-6.436179357148482e-09,0.9999999999999976,0.17727368453810063,1.1843393485576766e-07,-6.959426264441237e-11,2.832962217339073e-10,6.144304108247578e-08,-2.6557808222597132e-08,,,,
0.9666666666666667,58,object_a,0,1,rigid_box,-0.281822359704947,-8.6020940560404e-08,0.39999079654469,2.853317353078593e-08,-1.0925687617976172e-07,6.928093462831797e-09,0.9999999999999936,-0.4251064302024531,-1.8965119312058125e-07,1.8736210152803245e-10,1.5875511531055787e-11,-6.173128180640759e-08,1.2444399014834869e-08,,,,
0.9666666666666667,58,object_b,1,1,rigid_box,0.23046404492057943,5.368053332816295e-08,0.39999079597828213,4.7975455446896344e-08,-4.9089256431656115e-08,-6.657656568786159e-09,0.9999999999999976,0.17706926031606263,1.1829749068719303e-07,-6.90915397810743e-11,2.851920573072133e-10,6.144059099998065e-08,-2.6594394519477292e-08,,,,
0.9833333333333333,59,object_a,0,1,rigid_box,-0.2889033135791355,-8.917994049225226e-08,0.39999079654782277,2.8533300824378463e-08,-1.0977134335509188e-07,7.0315234577748335e-09,0.9999999999999936,-0.424637442452891,-1.894419209725792e-07,1.8855338991541348e-10,1.4743566854943246e-11,-6.174028894378757e-08,1.2382663891892271e-08,,,,
0.9833333333333333,59,object_b,1,1,rigid_box,0.23341339063131822,5.565095099892301e-08,0.3999907959771353,4.797784040486318e-08,-4.857726226110352e-08,-6.879437721816805e-09,0.9999999999999977,0.1768650205635035,1.1816117037284628e-07,-6.856449609460302e-11,2.870822100110198e-10,6.143816844325242e-08,-2.6630767718318896e-08,,,,
1.0,60,object_a,0,1,rigid_box,-0.2959764561087503,-9.233545483424683e-08,0.39999079655097564,2.8533418677826806e-08,-1.1028588588422731e-07,7.134439243885107e-09,0.9999999999999934,-0.4241690325700198,-1.8923290617897485e-07,1.8975190863024238e-10,1.3610001110938306e-11,-6.174936291227581e-08,1.2320985927906244e-08,,,,
1.0,60,object_b,1,1,rigid_box,0.2363593339778456,5.7619097759940804e-08,0.3999907959759968,4.798024108903752e-08,-4.806528815742186e-08,-7.101521046138495e-09,0.9999999999999977,0.17666096505838771,1.180249737616088e-07,-6.810207259233536e-11,2.8896670917140456e-10,6.143577321787149e-08,-2.6666929025920062e-08,,,,
1.0166666666666666,61,object_a,0,1,rigid_box,-0.3030417969160077,-9.548748787165685e-08,0.3999907965541492,2.8533527077873053e-08,-1.1080050433429572e-07,7.236841313443778e-09,0.9999999999999934,-0.4237011995495995,-1.8902414829146684e-07,1.9102353553124285e-10,1.2474871087410522e-11,-6.175850604559484e-08,1.2259368685464163e-08,,,,
1.0166666666666666,61,object_b,1,1,rigid_box,0.23930187802898883,5.958497567159864e-08,0.3999907959748665,4.798265745243907e-08,-4.755333389372449e-08,-7.323904781805204e-09,0.9999999999999977,0.17645709357903033,1.1788890070261053e-07,-6.763917724528223e-11,2.90845584341654e-10,6.143340512403071e-08,-2.6702879774044143e-08,,,,
1.0333333333333334,62,object_a,0,1,rigid_box,-0.3100993456064078,-9.863604388228906e-08,0.3999907965573442,2.8533626011727468e-08,-1.1131519929257579e-07,7.3387301881629565e-09,0.9999999999999933,-0.4232339423897067,-1.888156468627949e-07,1.9228967723661228e-10,1.1338232509832202e-11,-6.176772083275039e-08,1.2197815701819427e-08,,,,
1.0333333333333334,62,object_b,1,1,rigid_box,0.24224102584988375,6.154858679176652e-08,0.3999907959737443,4.7985089448334765e-08,-4.704139924472723e-08,-7.546587178995011e-09,0.9999999999999977,0.17625340590409636,1.1775295104522942e-07,-6.710680795773971e-11,2.927188658353004e-10,6.143106397573003e-08,-2.6738621101385493e-08,,,,
1.05,63,object_a,0,1,rigid_box,-0.31714911176877203,-1.0178112713650518e-07,0.3999907965605615,2.853371546706191e-08,-1.1182997136784814e-07,7.4401064190134395e-09,0.9999999999999933,-0.4227672600907275,-1.886074014467551e-07,1.936633613891514e-10,1.0200140326896431e-11,-6.177700992886435e-08,1.2136330517276383e-08,,,,
1.05,63,object_b,1,1,rigid_box,0.24517678050198027,6.350993317580627e-08,0.3999907959726302,4.798753703024321e-08,-4.6529483986733844e-08,-7.76956649785267e-09,0.9999999999999977,0.17604990181260022,1.1761712463909096e-07,-6.664571325365465e-11,2.945865834963348e-10,6.142874958082585e-08,-2.6774154218458818e-08,,,,
1.0666666666666667,64,object_a,0,1,rigid_box,-0.32419110497528203,-1.0492274189723943e-07,0.39999079656380193,2.8533795432009276e-08,-1.1234482119179092e-07,7.540970586393178e-09,0.9999999999999932,-0.42230115165535115,-1.8839941159818507e-07,1.9509186106880794e-10,9.060649964132698e-12,-6.178637616838559e-08,1.2074916637735135e-08,,,,
1.0666666666666667,64,object_b,1,1,rigid_box,0.24810914504304837,6.546901687657572e-08,0.3999907959715242,4.799000015193348e-08,-4.601758789764345e-08,-7.992841008677598e-09,0.9999999999999978,0.17584658108390477,1.1748142133406734e-07,-6.617234711570052e-11,2.9644876746507146e-10,6.142646175053113e-08,-2.6809480312004265e-08,,,,
1.0833333333333333,65,object_a,0,1,rigid_box,-0.3312253347815181,-1.0806089242001591e-07,0.3999907965670663,2.853386589516657e-08,-1.1285974942049129e-07,7.641323300264538e-09,0.9999999999999931,-0.42183561608856346,-1.881916768729703e-07,1.9656647316790288e-10,7.919817792947726e-12,-6.179582256957023e-08,1.2013577619616134e-08,,,,
1.0833333333333333,65,object_b,1,1,rigid_box,0.2510381225271837,6.742583994443267e-08,0.39999079597042625,4.7992478767426916e-08,-4.550571075693016e-08,-8.216408991677761e-09,0.9999999999999978,0.17564344349772124,1.1734584098027777e-07,-6.567348748154345e-11,2.983054484212944e-10,6.142420029337179e-08,-2.684460061156113e-08,,,,
1.1,66,object_a,0,1,rigid_box,-0.338251810726497,-1.1119558295296599e-07,0.3999907965703556,2.85339268456015e-08,-1.1337475673596879e-07,7.741165200993218e-09,0.9999999999999931,-0.4213706523976399,-1.879841968280323e-07,1.9807925438763974e-10,6.777700664081196e-12,-6.180535233318825e-08,1.1952317170948514e-08,,,,
1.1,66,object_b,1,1,rigid_box,0.25396371600481366,6.93804044272391e-08,0.3999907959693362,4.799497283099626e-08,-4.499385234565886e-08,-8.44026873726831e-09,0.9999999999999978,0.17544048883410776,1.1721038342808775e-07,-6.51469902329671e-11,3.0015665588951934e-10,6.142196502031562e-08,-2.6879516320860906e-08,,,,
1.1166666666666667,67,object_a,0,1,rigid_box,-0.34527054233271054,-1.1432681773684563e-07,0.39999079657367076,2.8533978272866518e-08,-1.1388984384787197e-07,7.840496959917923e-09,0.999999999999993,-0.42090625959213923,-1.8777697102132842e-07,1.9968618772403524e-10,5.634357606066638e-12,-6.181496886544068e-08,1.1891139102336886e-08,,,,
1.1166666666666667,67,object_b,1,1,rigid_box,0.2568859285227028,7.133271237036538e-08,0.39999079596825393,4.7997482297167683e-08,-4.448201244645349e-08,-8.664418545671542e-09,0.9999999999999978,0.1752377168734691,1.170750485281083e-07,-6.472379576738518e-11,3.0200242120466735e-10,6.141975574664893e-08,-2.6914228577267636e-08,,,,
1.1333333333333333,68,object_a,0,1,rigid_box,-0.3522815391061633,-1.174546010050526e-07,0.399990796577013,2.8534020167018985e-08,-1.1440501149515577e-07,7.939319280980325e-09,0.999999999999993,-0.4204424366838967,-1.8756999901185288e-07,2.013110598358958e-10,4.489851043776605e-12,-6.182467579193495e-08,1.1830047357736071e-08,,,,
1.1333333333333333,68,object_b,1,1,rigid_box,0.25980476312395906,7.328276581669403e-08,0.39999079596717957,4.800000712072093e-08,-4.397019084350963e-08,-8.888856727188878e-09,0.9999999999999978,0.17503512739655588,1.1693983613119553e-07,-6.425291895761909e-11,3.038427739854811e-10,6.141757227802697e-08,-2.694873868166677e-08,,,,
1.15,69,object_a,0,1,rigid_box,-0.35928481053641037,-1.2057893698364363e-07,0.3999907965803832,2.853405251865094e-08,-1.1492026044794231e-07,8.0376329022207e-09,0.9999999999999929,-0.41997918268701795,-1.873632803596326e-07,2.0298627709247619e-10,3.344246838103471e-12,-6.183447694895121e-08,1.1769046210526076e-08,,,,
1.15,69,object_b,1,1,rigid_box,0.26272022284803903,7.523056680662418e-08,0.399990795966113,4.8002547256689e-08,-4.3458387322583596e-08,-9.113581602088732e-09,0.9999999999999978,0.174832720184464,1.1680474608845084e-07,-6.377075430219481e-11,3.056777451504642e-10,6.141541443256996e-08,-2.6983047758092846e-08,,,,
1.1666666666666667,70,object_a,0,1,rigid_box,-0.3662803660965956,-1.236998298913518e-07,0.39999079658378284,2.8534075318929084e-08,-1.1543559150937907e-07,8.135438598423288e-09,0.9999999999999929,-0.4195164966178722,-1.8715681462572785e-07,2.0479177902099632e-10,2.1976168437707293e-12,-6.184437641831765e-08,1.1708140177005964e-08,,,,
1.1666666666666667,70,object_b,1,1,rigid_box,0.26563231073075433,7.71761173780754e-08,0.3999907959650541,4.8005102660359305e-08,-4.294660167098221e-08,-9.338591500537478e-09,0.9999999999999979,0.1746304950186338,1.1666977825121978e-07,-6.334587368539424e-11,3.0750736487773454e-10,6.141328202096383e-08,-2.701715704358159e-08,,,,
1.1833333333333333,71,object_a,0,1,rigid_box,-0.37326821524348863,-1.2681728393960365e-07,0.39999079658721304,2.8534088559647897e-08,-1.1595100551766194e-07,8.232737183960414e-09,0.9999999999999928,-0.4190543774950858,-1.8695060137223043e-07,2.0669717500088058e-10,1.05003973265264e-12,-6.185437851628049e-08,1.1647334235542236e-08,,,,
1.1833333333333333,71,object_b,1,1,rigid_box,0.2685410298042766,7.911941956649184e-08,0.3999907959640029,4.800767328727513e-08,-4.243483367755168e-08,-9.563884762521274e-09,0.9999999999999979,0.17442845168084964,1.1653493247109184e-07,-6.285748657686163e-11,3.0933166458157046e-10,6.141117486488081e-08,-2.7051067634637335e-08,,,,
1.2,72,object_a,0,1,rigid_box,-0.3802483674175233,-1.2993130333253623e-07,0.3999907965906751,2.8534092233296123e-08,-1.164665033480534e-07,8.32952951705777e-09,0.9999999999999928,-0.41859282433953526,-1.867446401622603e-07,2.0865843081141477e-10,-9.839672497922075e-14,-6.186448780748048e-08,1.1586633917805824e-08,,,,
1.2,72,object_b,1,1,rigid_box,0.2714463830971437,8.106047540484633e-08,0.3999907959629593,4.801025909323243e-08,-4.1923083132685654e-08,-9.789459738015984e-09,0.9999999999999979,0.1742265899532388,1.1640020859990007e-07,-6.237911749640279e-11,3.111506737846707e-10,6.140909277378214e-08,-2.7084780797260428e-08,,,,
1.2166666666666666,73,object_a,0,1,rigid_box,-0.387220832042829,-1.3304189226814653e-07,0.3999907966072188,2.8534090942806312e-08,-1.1698227431147589e-07,8.42610005744496e-09,0.9999999999999927,-0.41813183617401106,-1.8653893074947173e-07,1.038215822340982e-09,-1.5577606324404396e-13,-6.191931849763415e-08,1.159318554184758e-08,,,,
1.2166666666666666,73,object_b,1,1,rigid_box,0.27434837363426545,8.29992869236444e-08,0.3999907959619233,4.801286003428181e-08,-4.141134982831355e-08,-1.0015314786906267e-08,0.9999999999999979,0.1740249096182713,1.1626560648972049e-07,-6.19402515389389e-11,3.1296442330996794e-10,6.140703556536082e-08,-2.7118297693043615e-08,,,,
1.2333333333333334,74,object_a,0,1,rigid_box,-0.3941856185272836,-1.3614905494156023e-07,0.39999079662453096,2.8534089650843508e-08,-1.174985219207061e-07,8.522754580561448e-09,0.9999999999999927,-0.41767141202453456,-1.8633347290348155e-07,1.0391915730711965e-09,-1.559536100484937e-13,-6.197654062852595e-08,1.1603267875822122e-08,,,,
1.2333333333333334,74,object_b,1,1,rigid_box,0.2772470044369289,8.493585615092832e-08,0.3999907959608947,4.80154760667303e-08,-4.0899633557878e-08,-1.0241448278734179e-08,0.9999999999999979,0.1738234104587588,1.1613112599287172e-07,-6.15077398735675e-11,3.1477294413202406e-10,6.14050030594962e-08,-2.7151619466046744e-08,,,,
1.25,75,object_a,0,1,rigid_box,-0.40114273626253677,-1.3925279554171072e-07,0.3999907966418592,2.853408835740608e-08,-1.180152466115834e-07,8.619493164554531e-09,0.9999999999999926,-0.41721155091836437,-1.8612826619013078e-07,1.0401418042843558e-09,-1.5613135294875872e-13,-6.203381484531933e-08,1.161335957614003e-08,,,,
1.25,75,object_b,1,1,rigid_box,0.2801422785228046,8.687018511228118e-08,0.3999907959598736,4.8018107147139375e-08,-4.038793411634253e-08,-1.0467858592881065e-08,0.9999999999999979,0.17362209225785416,1.1599676696191435e-07,-6.106726929688833e-11,3.165762665202182e-10,6.140299507033077e-08,-2.7184747356361432e-08,,,,
1.2666666666666666,76,object_a,0,1,rigid_box,-0.40809219462405016,-1.4235311825030664e-07,0.39999079665920356,2.8534087062492377e-08,-1.1853244881813732e-07,8.716315888118073e-09,0.9999999999999926,-0.4167522518853155,-1.85923310176401e-07,1.0410812906203049e-09,-1.5630929527354874e-13,-6.209114115051802e-08,1.1623460783737393e-08,,,,
1.2666666666666666,76,object_b,1,1,rigid_box,0.2830341989059519,8.880227583083082e-08,0.3999907959588599,4.8020753232326415e-08,-3.987625130017457e-08,-1.0694544118400306e-08,0.999999999999998,0.17342095479905068,1.1586252924965057e-07,-6.061407972768329e-11,3.183744211165768e-10,6.140101141967626e-08,-2.7217682492728582e-08,,,,
1.2833333333333334,77,object_a,0,1,rigid_box,-0.41503400297113563,-1.4545002724184838e-07,0.39999079667656406,2.8534085766100762e-08,-1.1905012897482486e-07,8.813222829646649e-09,0.9999999999999925,-0.41629351395742187,-1.857186044302643e-07,1.0420735628569044e-09,-1.5648743557735082e-13,-6.214851962768795e-08,1.1633571330845238e-08,,,,
1.2833333333333334,77,object_b,1,1,rigid_box,0.2859227685968247,9.073213032725395e-08,0.3999907959578535,4.80234142793616e-08,-3.9364584907358516e-08,-1.0921503254284185e-08,0.999999999999998,0.17321999786618159,1.1572841270912409e-07,-6.021307757952954e-11,3.2016743902922343e-10,6.139905193040601e-08,-2.725042599243742e-08,,,,
1.3,78,object_a,0,1,rigid_box,-0.4219681706469916,-1.4854352668364462e-07,0.3999907966939406,2.853408446822959e-08,-1.1956828751651083e-07,8.910214067653142e-09,0.9999999999999923,-0.41583533616892954,-1.8551414852067963e-07,1.0430504064629087e-09,-1.5666577047421798e-13,-6.220595029128543e-08,1.1643691360680791e-08,,,,
1.3,78,object_b,1,1,rigid_box,0.2888079906022771,9.265975061978015e-08,0.3999907959568544,4.802609024557106e-08,-3.885293473736089e-08,-1.114873440904609e-08,0.999999999999998,0.1730192212434191,1.1559441719361907e-07,-5.972288982802887e-11,3.2195535004110794e-10,6.139711641989884e-08,-2.7282979090610172e-08,,,,
1.3166666666666667,79,object_a,0,1,rigid_box,-0.4288947069787404,-1.5163362073582868e-07,0.39999079671133336,2.853408316887722e-08,-1.2008692487835606e-07,9.007289681032817e-09,0.9999999999999923,-0.41537771755629066,-1.8530994201758643e-07,1.043995400545894e-09,-1.5684430662324228e-13,-6.226343320142831e-08,1.1653820784424433e-08,,,,
1.3166666666666667,79,object_b,1,1,rigid_box,0.29168986792556895,9.458513872419588e-08,0.3999907959558625,4.8028781088536356e-08,-3.8341300591130796e-08,-1.1376236000785141e-08,0.999999999999998,0.17281862471527412,1.1546054255665996e-07,-5.928741005079008e-11,3.237381848726777e-10,6.139520470982257e-08,-2.7315342931265186e-08,,,,
1.3333333333333333,80,object_a,0,1,rigid_box,-0.43581362127746465,-1.547203135513751e-07,0.3999907967287422,2.8534081868042007e-08,-1.206060414959337e-07,9.104449748411206e-09,0.9999999999999922,-0.4149206571581563,-1.8510598449190953e-07,1.044985665707432e-09,-1.5702303722793147e-13,-6.232096840711245e-08,1.1663959711874682e-08,,,,
1.3333333333333333,80,object_b,1,1,rigid_box,0.29456840356637204,9.65082966538484e-08,0.39999079595487785,4.8031486766090576e-08,-3.782968227110756e-08,-1.1604006457396979e-08,0.999999999999998,0.17261820806659514,1.1532678865201094e-07,-5.888819640254006e-11,3.255159739329733e-10,6.139331662588745e-08,-2.734751862636277e-08,,,,
1.35,81,object_a,0,1,rigid_box,-0.4427249228382439,-1.5780360927611555e-07,0.3999907967461673,2.8534080565722302e-08,-1.2112563780520636e-07,9.201694348553477e-09,0.9999999999999922,-0.41446415401537195,-1.849022755155527e-07,1.0459215663699561e-09,-1.5720197361965246e-13,-6.237855594525905e-08,1.1674108106865739e-08,,,,
1.35,81,object_b,1,1,rigid_box,0.29744360052077484,9.842922641964993e-08,0.3999907959539003,4.803420723632359e-08,-3.731807958118955e-08,-1.1832044216199092e-08,0.999999999999998,0.17241797108256784,1.1519315533367535e-07,-5.846481111737578e-11,3.272887482849099e-10,6.139145199095371e-08,-2.737950735398622e-08,,,,
1.3666666666666667,82,object_a,0,1,rigid_box,-0.4496286209401911,-1.6088351204875554e-07,0.3999907967636085,2.8534079261916446e-08,-1.216457142424723e-07,9.299023560434756e-09,0.9999999999999921,-0.4140082071709694,-1.8469881466138987e-07,1.0469056350992378e-09,-1.5738110766979028e-13,-6.243619586755046e-08,1.168426592696975e-08,,,,
1.3666666666666667,82,object_b,1,1,rigid_box,0.3003154617812887,1.0034793003008145e-07,0.39999079595292986,4.80369424575778e-08,-3.6806492326739145e-08,-1.2060347724076644e-08,0.9999999999999981,0.17221791354871446,1.1505964245589568e-07,-5.7998047336971226e-11,3.290565383210265e-10,6.138961063580336e-08,-2.741131017469648e-08,,,,
1.3833333333333333,83,object_a,0,1,rigid_box,-0.456524724846489,-1.6396002600089045e-07,0.39999079678106597,2.8534077956622815e-08,-1.221662712444348e-07,9.396437462943684e-09,0.9999999999999921,-0.41355281567016144,-1.8449560150326835e-07,1.0478972793659391e-09,-1.5756042868738516e-13,-6.249388820641588e-08,1.1694433222592112e-08,,,,
1.3833333333333333,83,object_b,1,1,rigid_box,0.30318399033685345,1.0226440949119677e-07,0.3999907959519664,4.803969238844908e-08,-3.629492031457811e-08,-1.228891543749766e-08,0.9999999999999981,0.17201803525089318,1.1492624987315237e-07,-5.760669719023781e-11,3.308193736700584e-10,6.138779237571542e-08,-2.7442928369425065e-08,,,,
1.4,84,object_a,0,1,rigid_box,-0.46341324380442683,-1.670331552570216e-07,0.3999907967985396,2.8534076649839697e-08,-1.22687309248181e-07,9.493936135273114e-09,0.999999999999992,-0.41309797856033603,-1.8429263561601116e-07,1.0488727889695904e-09,-1.5773995995692655e-13,-6.255163302585085e-08,1.1704610062493721e-08,,,,
1.4,84,object_b,1,1,rigid_box,0.3060491891728426,1.0417866680662649e-07,0.3999907959510099,4.804245698778603e-08,-3.578336335296171e-08,-1.2517745822223006e-08,0.9999999999999981,0.1718183359752971,1.1479297744016396e-07,-5.7217605653470116e-11,3.3257728511510834e-10,6.138599704513109e-08,-2.7474362960696945e-08,,,,
1.4166666666666667,85,object_a,0,1,rigid_box,-0.47029418704543563,-1.7010290393457273e-07,0.3999907968160295,2.8534075341565474e-08,-1.2320882869114282e-07,9.591519656401042e-09,0.9999999999999919,-0.412643694891049,-1.8408991657540196e-07,1.0498420865284741e-09,-1.579196874029514e-13,-6.260943035373969e-08,1.1714796348029437e-08,,,,
1.4166666666666667,85,object_b,1,1,rigid_box,0.30891106127106954,1.0609070397758193e-07,0.3999907959500604,4.804523621469106e-08,-3.5271821251583707e-08,-1.2746837353466375e-08,0.9999999999999981,0.1716188155084538,1.1465982501188648e-07,-5.675396090587537e-11,3.343303029346273e-10,6.138422447019235e-08,-2.750561512831367e-08,,,,
1.4333333333333333,86,object_a,0,1,rigid_box,-0.4771675637851252,-1.731692761439058e-07,0.39999079683353567,2.853407403179842e-08,-1.2373083001115553e-07,9.689188105617556e-09,0.9999999999999919,-0.41218996371401856,-1.8388744395819594e-07,1.050834115903787e-09,-1.5809962364207386e-13,-6.266728023896898e-08,1.172499219743195e-08,,,,
1.4333333333333333,86,object_b,1,1,rigid_box,0.31176960960979233,1.0800052300285917e-07,0.3999907959491177,4.804803002851592e-08,-3.476029382157616e-08,-1.29761885159556e-08,0.9999999999999981,0.17141947363722507,1.1452679244351274e-07,-5.636985149493068e-11,3.3607845713676436e-10,6.138247448020258e-08,-2.753668596913022e-08,,,,
1.45,87,object_a,0,1,rigid_box,-0.4840333832233198,-1.7623227598833713e-07,0.39999079685105804,2.853407272053692e-08,-1.2425331364641657e-07,9.786941562230445e-09,0.9999999999999918,-0.41173678408311964,-1.8368521734210031e-07,1.0517685108263342e-09,-1.5827975126463343e-13,-6.272518272554807e-08,1.1735197554505333e-08,,,,
1.45,87,object_b,1,1,rigid_box,0.31462483716372,1.0990812587884283e-07,0.3999907959481818,4.805083838886627e-08,-3.4248780875477406e-08,-1.3205797803574425e-08,0.9999999999999981,0.17122031014880562,1.1439387959047196e-07,-5.59366528790628e-11,3.378217783439252e-10,6.138074690487789e-08,-2.756757662393214e-08,,,,
1.4666666666666666,88,object_a,0,1,rigid_box,-0.4908916545440937,-1.7929190756415348e-07,0.39999079686859673,2.8534071407779305e-08,-1.2477628003550372e-07,9.884780105415091e-09,0.9999999999999918,-0.4112841550543764,-1.8348323630578918e-07,1.0527635221913023e-09,-1.5846008419511037e-13,-6.278313787135123e-08,1.1745412390638462e-08,,,,
1.4666666666666666,88,object_b,1,1,rigid_box,0.31747674690401756,1.1181351459951022e-07,0.3999907959472528,4.8053661255597654e-08,-3.373728222724078e-08,-1.3435663719550242e-08,0.9999999999999982,0.17102132483072288,1.1426108630842947e-07,-5.5544870786183864e-11,3.395602959184167e-10,6.13790415775934e-08,-2.7598288159219148e-08,,,,
1.4833333333333334,89,object_a,0,1,rigid_box,-0.49774238691580763,-1.8234817496062788e-07,0.39999079688615174,2.8534070093523844e-08,-1.2529972961739703e-07,9.982703814673331e-09,0.9999999999999917,-0.41083207568595753,-1.8328150042889217e-07,1.053753410917846e-09,-1.586406264543875e-13,-6.284114571136962e-08,1.1755636813436478e-08,,,,
1.4833333333333334,89,object_b,1,1,rigid_box,0.32032534179831174,1.137166911564351e-07,0.3999907959463304,4.80564985888162e-08,-3.3225797692226043e-08,-1.3665784776433843e-08,0.9999999999999982,0.17082251747083596,1.1412841245328628e-07,-5.517136573984782e-11,3.4129404026684254e-10,6.137735832659672e-08,-2.762882174665537e-08,,,,
1.5,90,object_a,0,1,rigid_box,-0.504585589491144,-1.8540108226003555e-07,0.399990796903723,2.8534068777768914e-08,-1.2582366283140958e-07,1.0080712769498511e-08,0.9999999999999916,-0.4103805450381693,-1.8308000929198626e-07,1.0547654433895604e-09,-1.5882134845444667e-13,-6.289920629982427e-08,1.1765870728681645e-08,,,,
1.5,90,object_b,1,1,rigid_box,0.3231706248106968,1.1561765753879167e-07,0.39999079594541476,4.805935034887782e-08,-3.2714327087169483e-08,-1.3896159495724851e-08,0.9999999999999982,0.17062388785733534,1.1399585788117765e-07,-5.474395936566623e-11,3.4302304132534866e-10,6.137569699077682e-08,-2.7659178414362602e-08,,,,
1.5166666666666666,91,object_a,0,1,rigid_box,-0.5114212714071418,-1.884506335376699e-07,0.3999907969213106,2.8534067460512806e-08,-1.2634808011725672e-07,1.0178807049394994e-08,0.9999999999999916,-0.40992956217344934,-1.8287876247660378e-07,1.0557458240967321e-09,-1.5900229034711173e-13,-6.295731966796841e-08,1.1776114195334234e-08,,,,
1.5166666666666666,91,object_b,1,1,rigid_box,0.32601259890173945,1.1751641573335848e-07,0.39999079594450565,4.8062216496386175e-08,-3.220287023021061e-08,-1.4126786408359229e-08,0.9999999999999982,0.1704254357787423,1.1386342244847409e-07,-5.439569281118217e-11,3.447473292091631e-10,6.137405740183351e-08,-2.768935928130532e-08,,,,
1.5333333333333334,92,object_a,0,1,rigid_box,-0.5182494417852335,-1.9149683286185823e-07,0.3999907969389146,2.853406614175383e-08,-1.2687298191501397e-07,1.0276986734037896e-08,0.9999999999999915,-0.40947912615636195,-1.8267775956522563e-07,1.0566908997117208e-09,-1.5918343464739935e-13,-6.301548586145133e-08,1.1786367274491758e-08,,,,
1.5333333333333334,92,object_b,1,1,rigid_box,0.32885126702848494,1.1941296772452228e-07,0.39999079594360315,4.8065096992195175e-08,-3.1691426940850766e-08,-1.4357664054198087e-08,0.9999999999999982,0.17022716102390778,1.1373110601178001e-07,-5.3966079868739136e-11,3.4646693317970576e-10,6.137243939344594e-08,-2.7719365482647955e-08,,,,
1.55,93,object_a,0,1,rigid_box,-0.5250701097312799,-1.945396842939775e-07,0.3999907969565349,2.853406482149029e-08,-1.2739836866517992e-07,1.0375251903107581e-08,0.9999999999999913,-0.40902923605359004,-1.8247700014127655e-07,1.0577113889603806e-09,-1.5936478464412165e-13,-6.307370493785371e-08,1.1796629920668086e-08,,,,
1.55,93,object_b,1,1,rigid_box,0.3316866321444621,1.2130731549428197e-07,0.39999079594270726,4.806799179740512e-08,-3.117999703996854e-08,-1.4588790982317602e-08,0.9999999999999982,0.17002906338201224,1.135989084279334e-07,-5.356693040525773e-11,3.481818832497005e-10,6.13708428063091e-08,-2.774919803701575e-08,,,,
1.5666666666666667,94,object_a,0,1,rigid_box,-0.5318832843356048,-1.9757919188847023e-07,0.39999079697417156,2.853406349972052e-08,-1.279242408085771e-07,1.0473602636486112e-08,0.9999999999999913,-0.40857989093393116,-1.8227648378912383e-07,1.0586714126875618e-09,-1.5954632886800904e-13,-6.313197694021682e-08,1.1806902103038891e-08,,,,
1.5666666666666667,94,object_b,1,1,rigid_box,0.3345186971996892,1.2319946102225256e-07,0.39999079594181774,4.807090087336326e-08,-3.06685803497873e-08,-1.482016575062252e-08,0.9999999999999982,0.16983114264256463,1.1346682955400537e-07,-5.3161652163735695e-11,3.4989220823683484e-10,6.136926747090842e-08,-2.7778858122715802e-08,,,,
1.5833333333333333,95,object_a,0,1,rigid_box,-0.5386889746730312,-2.006153596928599e-07,0.3999907969918246,2.8534062176442822e-08,-1.2845059878642484e-07,1.057203901398563e-08,0.9999999999999912,-0.4081310898682897,-1.8207621009407462e-07,1.0596231843351678e-09,-1.5972808801979436e-13,-6.319030190495573e-08,1.1817183920742682e-08,,,,
1.5833333333333333,95,object_b,1,1,rigid_box,0.33734746514067876,1.2508940628566886e-07,0.39999079594093473,4.8073824181665473e-08,-3.015717669387998e-08,-1.505178692601107e-08,0.9999999999999982,0.16963339859540205,1.1333486924729972e-07,-5.2816031062552504e-11,3.515979391967698e-10,6.136771323610752e-08,-2.7808346657765878e-08,,,,
1.6,96,object_a,0,1,rigid_box,-0.5454871898029151,-2.0364819174776683e-07,0.399990797009494,2.8534060851655466e-08,-1.2897744304035246e-07,1.067056111539859e-08,0.9999999999999912,-0.40768283192967253,-1.8187617864237522e-07,1.0606068800989021e-09,-1.5991003995298638e-13,-6.32486798878913e-08,1.1827475236269815e-08,,,,
1.6,96,object_b,1,1,rigid_box,0.3401729389104442,1.2697715325938956e-07,0.39999079594005804,4.8076761684149426e-08,-2.9645785897168735e-08,-1.5283653084454725e-08,0.9999999999999982,0.16943583103068907,1.1320302736535227e-07,-5.244251387315213e-11,3.5329910412082e-10,6.136617993321712e-08,-2.783766485071832e-08,,,,
1.6166666666666667,97,object_a,0,1,rigid_box,-0.5522779387691813,-2.0667769208692373e-07,0.39999079702717993,2.8534059525356765e-08,-1.2950477401229386e-07,1.0769169021026337e-08,0.9999999999999911,-0.407235116193182,-1.8167638902120605e-07,1.0616360516385592e-09,-1.6009219732559647e-13,-6.330711092075393e-08,1.1837776252226847e-08,,,,
1.6166666666666667,97,object_b,1,1,rigid_box,0.34299512144850397,1.2886270269305603e-07,0.3999907959390889,4.8170620650314654e-08,-2.9566988443448663e-08,-1.5515783658361168e-08,0.9999999999999982,0.16923843973892133,1.1307109323970605e-07,-6.321969336919864e-11,1.860343633571376e-08,-2.5496135422463925e-08,-2.787461601944922e-08,,,,
1.6333333333333333,98,object_a,0,1,rigid_box,-0.5590612306003588,-2.097038647371913e-07,0.3999907970448822,2.8534058197545035e-08,-1.300325921446492e-07,1.0867862810729316e-08,0.999999999999991,-0.4067879417360101,-1.814768408186779e-07,1.062616869496047e-09,-1.602745634004521e-13,-6.336559507657376e-08,1.1848086838863955e-08,,,,
1.6333333333333333,98,object_b,1,1,rigid_box,0.34581401569088804,1.307460523385576e-07,0.39999079593803344,4.832777776725147e-08,-2.9789880977518782e-08,-1.5748265746931323e-08,0.9999999999999982,0.16904122451090745,1.129391308489691e-07,-6.328439335068214e-11,1.89236335047024e-08,-2.708611748431669e-08,-2.791839216508167e-08,,,,
1.65,99,object_a,0,1,rigid_box,-0.5658370743096143,-2.1272671371857343e-07,0.39999079706260093,2.8534056868218532e-08,-1.3056089788015355e-07,1.0966642564677884e-08,0.999999999999991,-0.40634130763743315,-1.8127753362383142e-07,1.0635885002580059e-09,-1.6045714412432671e-13,-6.342413236993175e-08,1.1858407047404465e-08,,,,
1.65,99,object_b,1,1,rigid_box,0.34862962457014257,1.3262720363736824e-07,0.39999079593697945,4.848575824670855e-08,-3.001723510665539e-08,-1.598111332564893e-08,0.9999999999999982,0.16884418513779453,1.1280728480239826e-07,-6.320189857578207e-11,1.8987575545465482e-08,-2.7455166753216296e-08,-2.7962299412657652e-08,,,,
1.6666666666666667,100,object_a,0,1,rigid_box,-0.5726054788947873,-2.1574624304423308e-07,0.39999079708033614,2.853405553737557e-08,-1.3108969166189696e-07,1.1065508363299576e-08,0.9999999999999909,-0.4058952129788052,-1.810784670266354e-07,1.0646127399788208e-09,-1.6063992404939478e-13,-6.348272285829107e-08,1.1868736941246249e-08,,,,
1.6666666666666667,100,object_b,1,1,rigid_box,0.35144195101533565,1.3450615853707476e-07,0.3999907959359274,4.864427691124315e-08,-3.024768701719311e-08,-1.6214327212169697e-08,0.9999999999999982,0.1686473214110504,1.1267555562265957e-07,-6.305256664007608e-11,1.9053212230984634e-08,-2.7831598000876773e-08,-2.800630067982158e-08,,,,
1.6833333333333333,101,object_a,0,1,rigid_box,-0.5793664533384256,-2.1876245672050753e-07,0.3999907970980878,2.85340542050144e-08,-1.3161897393340865e-07,1.1164460286698247e-08,0.9999999999999908,-0.40544965684355294,-1.80879640617982e-07,1.0655433844292128e-09,-1.608229138151014e-13,-6.354136659396862e-08,1.1879076426316857e-08,,,,
1.6833333333333333,101,object_b,1,1,rigid_box,0.35425099795206294,1.3638291898382684e-07,0.39999079593487724,4.880335417531797e-08,-3.048132808979897e-08,-1.6447908204479458e-08,0.9999999999999982,0.16845063312246691,1.1254394312386268e-07,-6.298464527709768e-11,1.9121491071437843e-08,-2.821989893253886e-08,-2.8050399323238157e-08,,,,
1.7,102,object_a,0,1,rigid_box,-0.5861200066078187,-2.217753587469238e-07,0.399990797115856,2.8534052871133333e-08,-1.3214874513854444e-07,1.126349841538436e-08,0.9999999999999908,-0.4050046383171693,-1.8068105398968447e-07,1.0665592783953848e-09,-1.6100609666459008e-13,-6.36000636105366e-08,1.188942556143305e-08,,,,
1.7,102,object_b,1,1,rigid_box,0.35705676830245253,1.3825748692062077e-07,0.3999907959338291,4.896301264469085e-08,-3.071825991099844e-08,-1.66818571302209e-08,0.9999999999999982,0.16825412006415955,1.1241244711517944e-07,-6.283572794030245e-11,1.919255176019418e-08,-2.8620705899199328e-08,-2.809459902421709e-08,,,,
1.7166666666666666,103,object_a,0,1,rigid_box,-0.5928661476550325,-2.247849531162138e-07,0.39999079713364066,2.8534051535730617e-08,-1.3267900572159426e-07,1.1362622829757716e-08,0.9999999999999907,-0.40456015648720756,-1.804827067344776e-07,1.0675130623222229e-09,-1.6118949852364995e-13,-6.365881396465708e-08,1.1899784410066576e-08,,,,
1.7166666666666666,103,object_b,1,1,rigid_box,0.359859264985171,1.4012986428724966e-07,0.3999907959327828,4.9123276114760826e-08,-3.0958589481316656e-08,-1.6916174848045552e-08,0.9999999999999981,0.16805778202856667,1.1228106740316254e-07,-6.273344343998843e-11,1.9266543186367226e-08,-2.903469677947462e-08,-2.8138903570885334e-08,,,,
1.7333333333333334,104,object_a,0,1,rigid_box,-0.5996048854169436,-2.2779124381432984e-07,0.39999079715144187,2.8534050198804537e-08,-1.3320975612719624e-07,1.1461833610346921e-08,0.9999999999999907,-0.404116210443276,-1.8028459844600835e-07,1.0685143846111966e-09,-1.6137310944484764e-13,-6.371761768854319e-08,1.1910152922171537e-08,,,,
1.7333333333333334,104,object_b,1,1,rigid_box,0.36265849091542807,1.4200005302025609e-07,0.3999907959317385,4.928416975813417e-08,-3.120243009168023e-08,-1.715086224933795e-08,0.9999999999999981,0.16786161880844921,1.1214980379129996e-07,-6.259648008266616e-11,1.934362606731347e-08,-2.946260347795354e-08,-2.8183316984524695e-08,,,,
1.75,105,object_a,0,1,rigid_box,-0.6063362288152742,-2.3079423482045988e-07,0.3999907971692596,2.853404886035338e-08,-1.3374099680035917e-07,1.1561130837810436e-08,0.9999999999999906,-0.4036727992770315,-1.8008672871884085e-07,1.0695211626055023e-09,-1.6155692520580362e-13,-6.377647484455662e-08,1.1920531066135379e-08,,,,
1.75,105,object_b,1,1,rigid_box,0.3654544490049824,1.4386805505287965e-07,0.39999079593069614,4.9445720130282715e-08,-3.1449901328295e-08,-1.7385920259837374e-08,0.9999999999999981,0.16766563019688957,1.1201865607999361e-07,-6.248243936135545e-11,1.9424004592483258e-08,-2.990536304242819e-08,-2.8227843480188556e-08,,,,
1.7666666666666666,106,object_a,0,1,rigid_box,-0.6130601867566247,-2.3379393010704256e-07,0.39999079718709385,2.8534047520375394e-08,-1.3427272818647657e-07,1.1660514592803878e-08,0.9999999999999905,-0.4032299220821747,-1.798890971484464e-07,1.0705122621690322e-09,-1.6174094311610668e-13,-6.38353854715499e-08,1.1930918897751604e-08,,,,
1.7666666666666666,106,object_b,1,1,rigid_box,0.36824714216214705,1.4573387231500074e-07,0.3999907959296557,4.960795544526303e-08,-3.170113036702932e-08,-1.7621349841499114e-08,0.9999999999999981,0.16746981598729138,1.1188762406590515e-07,-6.24098203672041e-11,1.9507840380557815e-08,-3.0363705770455605e-08,-2.8272487512400137e-08,,,,
1.7833333333333334,107,object_a,0,1,rigid_box,-0.619776768132509,-2.3679033363978252e-07,0.3999907972049447,2.853404617886885e-08,-1.3480495073136528e-07,1.1759984956079035e-08,0.9999999999999905,-0.4027875779544431,-1.7969170333121161e-07,1.0715369563873978e-09,-1.6192517919675674e-13,-6.38943496106686e-08,1.1941316429506362e-08,,,,
1.7833333333333334,107,object_b,1,1,rigid_box,0.3710365732917945,1.475975067330786e-07,0.3999907959286172,4.977090555591211e-08,-3.1956251851436747e-08,-1.785715199438063e-08,0.9999999999999981,0.16727417597337857,1.1175670754199278e-07,-6.222453108328807e-11,1.959533632991067e-08,-3.0838555817675324e-08,-2.831725375758134e-08,,,,
1.8,108,object_a,0,1,rigid_box,-0.6264859818193879,-2.3978344937766553e-07,0.39999079722281217,2.8534044835832015e-08,-1.353376648811735e-07,1.1859542008554481e-08,0.9999999999999903,-0.4023457659916064,-1.79494546864422e-07,1.0725036397180032e-09,-1.6210962796150333e-13,-6.395336730924884e-08,1.1951723662371044e-08,,,,
1.8,108,object_b,1,1,rigid_box,0.3738227452953623,1.4945896023008501e-07,0.3999907959275807,4.9934602199215025e-08,-3.2215409036731996e-08,-1.8093327758721365e-08,0.999999999999998,0.16707870994919513,1.116259062969244e-07,-6.213828410150946e-11,1.9686809408998512e-08,-3.133138022370763e-08,-2.8362147223108862e-08,,,,
1.8166666666666667,109,object_a,0,1,rigid_box,-0.6331878366787028,-2.4277328127297335e-07,0.39999079724069614,2.853404349126313e-08,-1.3587087108245315e-07,1.1959185831044387e-08,0.9999999999999902,-0.4019044852934599,-1.7929762734627228e-07,1.0735037164755212e-09,-1.6229427733576504e-13,-6.401243862218135e-08,1.1962140611054675e-08,,,,
1.8166666666666667,109,object_b,1,1,rigid_box,0.3766056610708579,1.5131823472542933e-07,0.3999907959265461,5.0099079095357883e-08,-3.24787542300626e-08,-1.832987821740541e-08,0.999999999999998,0.1668834177091041,1.1149522011483461e-07,-6.20548560453793e-11,1.978238727171157e-08,-3.1842734220098974e-08,-2.8407173063920262e-08,,,,
1.8333333333333333,110,object_a,0,1,rigid_box,-0.63988234155691,-2.4575983327129896e-07,0.3999907972585968,2.8534042145160436e-08,-1.3640456978211384e-07,1.205891650459997e-08,0.9999999999999902,-0.4014637349618198,-1.7910094437585368e-07,1.0744884652164055e-09,-1.6247914129570352e-13,-6.407156358087932e-08,1.1972567334489979e-08,,,,
1.8333333333333333,110,object_b,1,1,rigid_box,0.3793853235128646,1.531753321348786e-07,0.3999907959255135,5.026437216506435e-08,-3.2746449793326415e-08,-1.8566804498399024e-08,0.999999999999998,0.16668829904778718,1.1136464877480114e-07,-6.193046075964048e-11,1.9882430261498093e-08,-3.237428364657e-08,-2.8452336907307097e-08,,,,
1.85,111,object_a,0,1,rigid_box,-0.6465695052855136,-2.487431093115618e-07,0.39999079727651404,2.853404079752222e-08,-1.3693876142748767e-07,1.2158734110251297e-08,0.9999999999999901,-0.4010235141005165,-1.7890449755315762e-07,1.0754745080610029e-09,-1.6266421040746897e-13,-6.41307422384925e-08,1.1983003738542833e-08,,,,
1.85,111,object_b,1,1,rigid_box,0.3821617355125463,1.5503025437046992e-07,0.3999907959244829,5.0430519737707185e-08,-3.3018669097435024e-08,-1.8804107777307175e-08,0.999999999999998,0.16649335376024388,1.1123419205034103e-07,-6.178454449445869e-11,1.998722496489153e-08,-3.292733528557569e-08,-2.8497644640814753e-08,,,,
1.8666666666666667,112,object_a,0,1,rigid_box,-0.6532493366810996,-2.517231133260222e-07,0.399990797294448,2.85340394483467e-08,-1.374734464662584e-07,1.225863872918899e-08,0.99999999999999,-0.4005838218153895,-1.787082864790773e-07,1.0765345438007445e-09,-1.6284949265157838e-13,-6.418997465312669e-08,1.1993449886621179e-08,,,,
1.8666666666666667,112,object_b,1,1,rigid_box,0.38493489995765323,1.5688300334041365e-07,0.3999907959234542,5.059756272482507e-08,-3.3295597305382115e-08,-1.9041789280463063e-08,0.999999999999998,0.1662985816417913,1.1110384970898719e-07,-6.168516912541389e-11,2.0097076395346953e-08,-3.350327784037361e-08,-2.854310247507415e-08,,,,
1.8833333333333333,113,object_a,0,1,rigid_box,-0.6599218445453686,-2.546998492402965e-07,0.39999079731239856,2.8534038097632113e-08,-1.380086253465273e-07,1.2358630442654655e-08,0.99999999999999,-0.4001446572142818,-1.7851231075539165e-07,1.07746219064897e-09,-1.6303498925648636e-13,-6.424926084563459e-08,1.2003905783665498e-08,,,,
1.8833333333333333,113,object_b,1,1,rigid_box,0.387704819732527,1.58733580948986e-07,0.3999907959224276,5.076554492819038e-08,-3.3577432794715635e-08,-1.9279850288118174e-08,0.9999999999999979,0.16610398248806316,1.1097362151154582e-07,-6.155371351512784e-11,2.0212360765903574e-08,-3.4103834751981126e-08,-2.858871709163476e-08,,,,
1.9,114,object_a,0,1,rigid_box,-0.6665870376651697,-2.5767332097337186e-07,0.39999079733036574,2.8534036745376706e-08,-1.3854429851673438e-07,1.2458709331750712e-08,0.9999999999999899,-0.39970601940703415,-1.7831656998477085e-07,1.0784684794512556e-09,-1.6322070555953248e-13,-6.430860087778132e-08,1.2014371441269493e-08,,,,
1.9,114,object_b,1,1,rigid_box,0.3904714977181058,1.605819890964138e-07,0.39999079592140296,5.093451333867161e-08,-3.3864388529150054e-08,-1.951829213780423e-08,0.9999999999999979,0.16590955609500935,1.1084350721137224e-07,-6.139909414226707e-11,2.0333460782754107e-08,-3.4730752531656365e-08,-2.863449561570284e-08,,,,
1.9166666666666667,115,object_a,0,1,rigid_box,-0.673244924812534,-2.606435324376216e-07,0.3999907973483497,2.853403539157873e-08,-1.3908046642574784e-07,1.2558875477979787e-08,0.9999999999999898,-0.3992679075054796,-1.7812106377077412e-07,1.0794792767998551e-09,-1.6340662671915102e-13,-6.436799479342238e-08,1.202484692063326e-08,,,,
1.9166666666666667,115,object_b,1,1,rigid_box,0.39323493679192983,1.6242822967874043e-07,0.39999079592038034,5.1104518373571214e-08,-3.415669312612777e-08,-1.9757116228563394e-08,0.9999999999999979,0.16571530225889533,1.1071350655378998e-07,-6.13183254172256e-11,2.0460853989665973e-08,-3.5386224178187306e-08,-2.868044560382049e-08,,,,
1.9333333333333333,116,object_a,0,1,rigid_box,-0.6798955147447073,-2.636104875388192e-07,0.39999079736635035,2.8534034036236397e-08,-1.3961712952276755e-07,1.2659128962813779e-08,0.9999999999999898,-0.39883032062343754,-1.7792579171785225e-07,1.080472676606714e-09,-1.6359275733396404e-13,-6.442744264191334e-08,1.2035332078990172e-08,,,,
1.9333333333333333,116,object_b,1,1,rigid_box,0.3959951398281467,1.6427230458768694e-07,0.3999907959193598,5.1275614335556904e-08,-3.4454592979146505e-08,-1.999632402479589e-08,0.9999999999999979,0.16552122077630146,1.1058361927498362e-07,-6.120077188087603e-11,2.0594948119248644e-08,-3.6072096306304396e-08,-2.872657513644155e-08,,,,
1.95,117,object_a,0,1,rigid_box,-0.6865388162041833,-2.665741901761534e-07,0.3999907973843677,2.8534032679347945e-08,-1.401542882574134e-07,1.2759469867800388e-08,0.9999999999999897,-0.3983932578767082,-1.777307534313328e-07,1.0815232459604474e-09,-1.6377910612694333e-13,-6.448694446102959e-08,1.2045827115823598e-08,,,,
1.95,117,object_b,1,1,rigid_box,0.3987521096975162,1.6611421571048913e-07,0.3999907959183413,5.14478598161061e-08,-3.4758354102504956e-08,-2.023591706113113e-08,0.9999999999999979,0.1653273114441222,1.104538451010177e-07,-6.10470094614124e-11,2.07363917410156e-08,-3.679136180819206e-08,-2.8772893043987848e-08,,,,
1.9666666666666666,118,object_a,0,1,rigid_box,-0.6931748379187367,-2.695346442422433e-07,0.3999907974024018,2.8534031320911593e-08,-1.406919430796834e-07,1.285989827444676e-08,0.9999999999999896,-0.3979567183830682,-1.775359485174276e-07,1.0824979471829588e-09,-1.6396566758496604e-13,-6.454650030426869e-08,1.2056331910730321e-08,,,,
1.9666666666666666,118,object_b,1,1,rigid_box,0.401505849267416,1.679539649297205e-07,0.39999079591732495,5.1621318075756825e-08,-3.506826385019365e-08,-2.0475896947517105e-08,0.9999999999999978,0.16513357405956594,1.103241837469085e-07,-6.090404396086324e-11,2.088564890543099e-08,-3.75461114203075e-08,-2.881940850017934e-08,,,,
1.9833333333333334,119,object_a,0,1,rigid_box,-0.6998035886014548,-2.724918536231523e-07,0.3999907974204526,2.8534029960925562e-08,-1.4123009443996972e-07,1.2960414264383465e-08,0.9999999999999896,-0.39752070126226335,-1.7734137658322998e-07,1.0835216838339656e-09,-1.6415243695627888e-13,-6.460611021475322e-08,1.2066846459182785e-08,,,,
1.9833333333333334,119,object_b,1,1,rigid_box,0.40425636140184656,1.6979155412309304e-07,0.3999907959163107,5.179605779489099e-08,-3.538463440201958e-08,-2.0716265375212074e-08,0.9999999999999978,0.16494000842015405,1.1019463491481101e-07,-6.078805341036553e-11,2.1043498533528966e-08,-3.8339935155306476e-08,-2.8866131755623412e-08,,,,
2.0,120,object_a,0,1,rigid_box,-0.7064250769507728,-2.75445822198403e-07,0.3999907974385203,2.8534028599388083e-08,-1.4176874278904025e-07,1.3061017919424971e-08,0.9999999999999895,-0.3970852056360044,-1.7714703723669732e-07,1.0845073467741217e-09,-1.6433942895279116e-13,-6.4665774239897e-08,1.2077370871105778e-08,,,,
2.0,120,object_b,1,1,rigid_box,0.4070036489614364,1.7162698516323585e-07,0.3999907959152986,5.197215343985034e-08,-3.570780437836219e-08,-2.0957024122771094e-08,0.9999999999999978,0.1647466143237204,1.1006519829311395e-07,-6.068816456317183e-11,2.1210644822388427e-08,-3.91760443282785e-08,-2.8913073601662507e-08,,,,
2.0166666666666666,121,object_a,0,1,rigid_box,-0.7130393116505048,-2.7839655384099185e-07,0.39999079745660465,2.853402723629735e-08,-1.4230788857802346e-07,1.3161709321499005e-08,0.9999999999999893,-0.3966502306279609,-1.7695293008667362e-07,1.0855469544102103e-09,-1.6452663208161268e-13,-6.472549241483357e-08,1.2087905153629234e-08,,,,
2.0166666666666666,121,object_b,1,1,rigid_box,0.40974771480344785,1.734602599174442e-07,0.39999079591428877,5.2149686188788576e-08,-3.6038143126676005e-08,-2.1198175063430564e-08,0.9999999999999978,0.16455339156841078,1.0993587355420027e-07,-6.0524018088981e-11,2.1387907832066437e-08,-4.005818599481369e-08,-2.8960245801781093e-08,,,,
2.033333333333333,122,object_a,0,1,rigid_box,-0.7196463013698762,-2.81344052417404e-07,0.39999079747470584,2.8534025871651606e-08,-1.4284753225845824e-07,1.3262488552328443e-08,0.9999999999999893,-0.3962157753637561,-1.767590547428701e-07,1.0865589591263491e-09,-1.647140496421509e-13,-6.478526480775824e-08,1.209844917156049e-08,,,,
2.033333333333333,122,object_b,1,1,rigid_box,0.41248856178178084,1.752913802473971e-07,0.3999907959132812,5.232874475951369e-08,-3.637605450863782e-08,-2.14397201731584e-08,0.9999999999999977,0.16436033995268218,1.0980666035243053e-07,-6.038109769124222e-11,2.1576314481977984e-08,-4.099107795983928e-08,-2.900766126763778e-08,,,,
2.05,123,object_a,0,1,rigid_box,-0.7262460547635571,-2.842883217876271e-07,0.39999079749282385,2.8534024505449008e-08,-1.4338767428227907e-07,1.3363355694086755e-08,0.9999999999999892,-0.39578183897096114,-1.7656541081586632e-07,1.087573562458255e-09,-1.6490168489625856e-13,-6.484509144226437e-08,1.2109003130711723e-08,,,,
2.05,123,object_b,1,1,rigid_box,0.41522619274698,1.7712034800883916e-07,0.3999907959122759,5.2509426245299055e-08,-3.672198069105875e-08,-2.1681661539339967e-08,0.9999999999999977,0.1641674592753024,1.0967755832210131e-07,-6.024694285122756e-11,2.1776848190092065e-08,-4.19791977928133e-08,-2.905533380044579e-08,,,,
2.066666666666667,124,object_a,0,1,rigid_box,-0.7328385804716944,-2.8722936580516626e-07,0.3999907975109587,2.8534023137687776e-08,-1.4392831510177413e-07,1.3464310828664247e-08,0.9999999999999891,-0.3953484205790902,-1.7637199791710682e-07,1.0885414011146954e-09,-1.6508953909376648e-13,-6.490497237982686e-08,1.2119566899009171e-08,,,,
2.066666666666667,124,object_b,1,1,rigid_box,0.4179606105462382,1.7894716505121633e-07,0.399990795911273,5.269183748637725e-08,-3.707640847709388e-08,-2.1924001371326888e-08,0.9999999999999977,0.16397474933534914,1.0954856707411553e-07,-6.007378101913208e-11,2.199079357264972e-08,-4.302843858739212e-08,-2.9103278720089786e-08,,,,
2.0833333333333335,125,object_a,0,1,rigid_box,-0.7394238871199438,-2.9016718831705844e-07,0.3999907975291104,2.8534021768366138e-08,-1.4446945516965734e-07,1.356535403822599e-08,0.999999999999989,-0.3949155193195944,-1.7617881565890094e-07,1.0895907422842077e-09,-1.652776041338194e-13,-6.496490766903427e-08,1.2130140477335925e-08,,,,
2.0833333333333335,125,object_b,1,1,rigid_box,0.42069181802340255,1.807718332172625e-07,0.39999079591027253,5.2876096242545966e-08,-3.743987462821071e-08,-2.2166742011724263e-08,0.9999999999999977,0.16378220993220965,1.0941968619311575e-07,-5.995388213664299e-11,2.221958549329299e-08,-4.414537486658606e-08,-2.9151512761436332e-08,,,,
2.1,126,object_a,0,1,rigid_box,-0.7460019833195021,-2.9310179316388673e-07,0.39999079754727895,2.853402039748225e-08,-1.450110949389843e-07,1.3666485405110822e-08,0.999999999999989,-0.3944831343258571,-1.7598586365442076e-07,1.09056967102783e-09,-1.654658853267956e-13,-6.502489733555211e-08,1.2140724019816247e-08,,,,
2.1,126,object_b,1,1,rigid_box,0.42341981801897927,1.825943543425265e-07,0.3999907959092746,5.306233286581365e-08,-3.7812973533772546e-08,-2.240988594934236e-08,0.9999999999999976,0.1635898408655801,1.0929091523340918e-07,-5.979417655455066e-11,2.2464758590849558e-08,-4.533701079301741e-08,-2.9200054171008157e-08,,,,
2.1166666666666667,127,object_a,0,1,rigid_box,-0.7525728776671401,-2.9603318417979454e-07,0.39999079756546435,2.8534019025034306e-08,-1.4555323486324707e-07,1.3767705011479857e-08,0.9999999999999889,-0.3940512647331877,-1.7579314151769886e-07,1.0915928421589838e-09,-1.6565438860925896e-13,-6.508494145712601e-08,1.2151317344766756e-08,,,,
2.1166666666666667,127,object_b,1,1,rigid_box,0.42614461337013915,1.8441473025482404e-07,0.39999079590827935,5.325069228220136e-08,-3.8196366293811024e-08,-2.2653435834519568e-08,0.9999999999999976,0.16339764193546494,1.0916225371413655e-07,-5.963396269847987e-11,2.2728246742773686e-08,-4.6612213711150075e-08,-2.924892333390866e-08,,,,
2.1333333333333333,128,object_a,0,1,rigid_box,-0.7591365787452335,-2.989613651925e-07,0.3999907975836667,2.8534017651020505e-08,-1.460958753962773e-07,1.3869012939712613e-08,0.9999999999999888,-0.39361990967881694,-1.7560064886361828e-07,1.092606546904129e-09,-1.6584311257868546e-13,-6.514504005382997e-08,1.2161920609345256e-08,,,,
2.1333333333333333,128,object_b,1,1,rigid_box,0.42886620691072214,1.8623296277360606e-07,0.3999907959072868,5.3441336204545814e-08,-3.859079081834136e-08,-2.289739449617363e-08,0.9999999999999976,0.16320561294217636,1.090337011138673e-07,-5.946823415647895e-11,2.301214342109312e-08,-4.7980545768140386e-08,-2.929814268047506e-08,,,,
2.15,129,object_a,0,1,rigid_box,-0.7656930951217962,-3.018863400233104e-07,0.3999907976018859,2.853401627543904e-08,-1.466390169923067e-07,1.397040927229079e-08,0.9999999999999888,-0.3931890683018918,-1.7540838530792236e-07,1.0936167995495572e-09,-1.6603204572946466e-13,-6.520519317244228e-08,1.217253382299222e-08,,,,
2.15,129,object_b,1,1,rigid_box,0.4315846014712428,1.880490537092246e-07,0.3999907959062972,5.3634445944468896e-08,-3.899707469328232e-08,-2.314176496176084e-08,0.9999999999999976,0.16301375368633353,1.0890525686373409e-07,-5.928135933530587e-11,2.3319047203634592e-08,-4.945391345946319e-08,-2.9347737355044363e-08,,,,
2.1666666666666665,130,object_a,0,1,rigid_box,-0.7722424353505111,-3.0480811248713624e-07,0.399990797620122,2.8534014898288122e-08,-1.4718266010596352e-07,1.4071894091677725e-08,0.9999999999999887,-0.39275873974346953,-1.7521635046720302e-07,1.094654655114935e-09,-1.6622119813538377e-13,-6.526540088212518e-08,1.2183156842012992e-08,,,,
2.1666666666666665,130,object_b,1,1,rigid_box,0.43429979987889555,1.8986300486206693e-07,0.3999907959053106,5.3830225822291236e-08,-3.9416150773858706e-08,-2.3386550480915534e-08,0.9999999999999974,0.16282206396886212,1.0877692033910434e-07,-5.910707166767448e-11,2.3651902549092183e-08,-5.104577900505453e-08,-2.9397735409185174e-08,,,,
2.183333333333333,131,object_a,0,1,rigid_box,-0.7787846079707621,-3.0772668639250545e-07,0.3999907976383751,2.8534013519565858e-08,-1.4772680519226525e-07,1.4173467480505028e-08,0.9999999999999886,-0.3923289231465124,-1.7502454395890684e-07,1.0956154629371273e-09,-1.6641058032928808e-13,-6.532566320815653e-08,1.2193789828988671e-08,,,,
2.183333333333333,131,object_b,1,1,rigid_box,0.43701180495755965,1.9167481802154609e-07,0.39999079590432723,5.402890717371036e-08,-3.98490754558664e-08,-2.3631754551993052e-08,0.9999999999999974,0.16263054359099385,1.0864869084977995e-07,-5.891656433554271e-11,2.4014222010170117e-08,-5.2772204867419386e-08,-2.9448168378084625e-08,,,,
2.2,132,object_a,0,1,rigid_box,-0.7853196215076662,-3.106420655415774e-07,0.39999079765664514,2.853401213927045e-08,-1.482714527066108e-07,1.427512952148042e-08,0.9999999999999885,-0.3918996176558826,-1.748329654013236e-07,1.0966570845871715e-09,-1.6660017691275234e-13,-6.538598020192071e-08,1.2204432741454208e-08,,,,
2.2,132,object_b,1,1,rigid_box,0.4397206195278042,1.9348449496489407e-07,0.3999907959033474,5.4230753716884537e-08,-4.029705324662412e-08,-2.387738095487005e-08,0.9999999999999974,0.1624391923542658,1.0852056762688036e-07,-5.866491667450013e-11,2.4410198195820973e-08,-5.4652358401982064e-08,-2.9499072078248362e-08,,,,
2.216666666666667,133,object_a,0,1,rigid_box,-0.7918474844721047,-3.1355425373015746e-07,0.3999907976749321,2.8534010757400056e-08,-1.4881660310478048e-07,1.4376880297431432e-08,0.9999999999999885,-0.3914708224183372,-1.7464161441358955e-07,1.0976950789304274e-09,-1.6678999716666696e-13,-6.544635191622926e-08,1.2215085585815966e-08,,,,
2.216666666666667,133,object_b,1,1,rigid_box,0.44242624640689326,1.9529203745572493e-07,0.3999907959023713,5.4436067639946736e-08,-4.076146447040107e-08,-2.4123433788565902e-08,0.9999999999999973,0.16224801006051962,1.0839254980793449e-07,-5.848110190553868e-11,2.4844886752493137e-08,-5.670934775289989e-08,-2.9550487237460174e-08,,,,
2.2333333333333334,134,object_a,0,1,rigid_box,-0.798368205360755,-3.1646325474771014e-07,0.39999079769323614,2.853400937395289e-08,-1.4936225684294057e-07,1.4478719890846719e-08,0.9999999999999883,-0.39104253658252264,-1.7445049061567623e-07,1.0987393876671359e-09,-1.669800342510737e-13,-6.550677838787568e-08,1.2225748334369021e-08,,,,
2.2333333333333334,134,object_b,1,1,rigid_box,0.44512868840879094,1.9709744724229993e-07,0.3999907959013992,5.4645197780786365e-08,-4.124390260932818e-08,-2.436991751747247e-08,0.9999999999999973,0.16205699651190117,1.0826463641686017e-07,-5.822013530998316e-11,2.5324393728226513e-08,-5.8971063420337026e-08,-2.9602460525906184e-08,,,,
2.25,135,object_a,0,1,rigid_box,-0.8048817926561223,-3.193690723773743e-07,0.39999079771155716,2.8534007988927064e-08,-1.4990841437766908e-07,1.4580648385035211e-08,0.9999999999999882,-0.39061475929896944,-1.7425959362840827e-07,1.0997413084357088e-09,-1.671702888717241e-13,-6.556725967256254e-08,1.2236421076964739e-08,,,,
2.25,135,object_b,1,1,rigid_box,0.44782794834416634,1.98900726055427e-07,0.3999907959004316,5.4858549816485465e-08,-4.1746220726061455e-08,-2.4616837026136858e-08,0.9999999999999973,0.16186615151085998,1.0813682633899965e-07,-5.790156028251392e-11,2.5856234305563227e-08,-6.14718236024933e-08,-2.965504595832267e-08,,,,
2.2666666666666666,136,object_a,0,1,rigid_box,-0.81138825482657,-3.2227171039597615e-07,0.39999079772989515,2.8534006602320782e-08,-1.5045507616589687e-07,1.4682665862759192e-08,0.9999999999999881,-0.3901874897200873,-1.7406892307343641e-07,1.1007511915850365e-09,-1.673607668997191e-13,-6.562779580640892e-08,1.2247103785946958e-08,,,,
2.2666666666666666,136,object_b,1,1,rigid_box,0.4505240290203989,2.007018756058774e-07,0.39999079589946895,5.5076599229614425e-08,-4.227059044581808e-08,-2.4864197686836875e-08,0.9999999999999972,0.16167547486014852,1.0800911828933301e-07,-5.7618595658559535e-11,2.6449627092233863e-08,-6.425367858215799e-08,-2.9708306340946797e-08,,,,
2.283333333333333,137,object_a,0,1,rigid_box,-0.817887600326352,-3.251711725740437e-07,0.3999907977482502,2.853400521413217e-08,-1.5100224266497915e-07,1.478477240717368e-08,0.999999999999988,-0.38976072700015957,-1.7387847857325525e-07,1.101766610236976e-09,-1.675514716166055e-13,-6.568838684977519e-08,1.2257796472982012e-08,,,,
2.283333333333333,137,object_b,1,1,rigid_box,0.45321693324158335,2.025008975811928e-07,0.39999079589851183,5.529990831221207e-08,-4.281957925559608e-08,-2.511200544215637e-08,0.9999999999999972,0.16148496636282175,1.0788151077077355e-07,-5.725736725026298e-11,2.7116143299206446e-08,-6.73693790757844e-08,-2.97623154718558e-08,,,,
2.3,138,object_a,0,1,rigid_box,-0.8243798375956436,-3.280674626758203e-07,0.3999907977666223,2.8534003824359348e-08,-1.5154991433263983e-07,1.488696810134023e-08,0.999999999999988,-0.3893344702953378,-1.7368825975119008e-07,1.10279558054871e-09,-1.677424016855984e-13,-6.574903284425456e-08,1.2268499133673436e-08,,,,
2.3,138,object_b,1,1,rigid_box,0.45590666380853445,2.0429779364168234e-07,0.399990795897561,5.5529148732816405e-08,-4.339625299897358e-08,-2.5360266909014615e-08,0.9999999999999972,0.1612946258222364,1.0775400201879072e-07,-5.687825557765258e-11,2.7870392957066974e-08,-7.088545634619723e-08,-2.9817160997626035e-08,,,,
2.316666666666667,139,object_a,0,1,rigid_box,-0.8308649750605721,-3.309605844592791e-07,0.3999907977850114,2.8534002433000513e-08,-1.5209809162700224e-07,1.4989253028540624e-08,0.9999999999999879,-0.38890871876363764,-1.734982662313951e-07,1.1038276612196363e-09,-1.6793354687160399e-13,-6.58097338296748e-08,1.2279211789048603e-08,,,,
2.316666666666667,139,object_b,1,1,rigid_box,0.4585932235187924,2.0609256541535979e-07,0.39999079589661735,5.576513074946374e-08,-4.4004308100941565e-08,-2.560898950761175e-08,0.9999999999999971,0.16110445304205018,1.076265899296578e-07,-5.636279290510693e-11,2.8731001831421566e-08,-7.488660380860958e-08,-2.9872947743875013e-08,,,,
2.3333333333333335,140,object_a,0,1,rigid_box,-0.8373430211332481,-3.338505416761363e-07,0.3999907978034177,2.8534001040053786e-08,-1.526467750065641e-07,1.5091627272109623e-08,0.9999999999999878,-0.3884834715649326,-1.733084976388546e-07,1.1048729813001312e-09,-1.681249172233935e-13,-6.587048986286499e-08,1.2289934393635002e-08,,,,
2.3333333333333335,140,object_b,1,1,rigid_box,0.4612766151666277,2.0788521449144795e-07,0.39999079589568226,5.600884381388422e-08,-4.4648255299859605e-08,-2.5858181628131576e-08,0.9999999999999971,0.16091444782622197,1.074992719606918e-07,-5.581897791206991e-11,2.9722231290752474e-08,-7.948299663526179e-08,-2.992980314325244e-08,,,,
2.35,141,object_a,0,1,rigid_box,-0.8438139842117972,-3.367373380718652e-07,0.399990797821841,2.8533999645517316e-08,-1.531959649302303e-07,1.5194090915387688e-08,0.9999999999999877,-0.3880587278609498,-1.7311895359938285e-07,1.105887915964221e-09,-1.6831651395949937e-13,-6.59313009850132e-08,1.2300667060462942e-08,,,,
2.35,141,object_b,1,1,rigid_box,0.4639568415430461,2.0967574241194192e-07,0.39999079589475717,5.6261510756762615e-08,-4.533366381804571e-08,-2.6107852844212384e-08,0.999999999999997,0.16072460997901045,1.073720449970034e-07,-5.5180570182611355e-11,3.087584555126192e-08,-8.481856765734789e-08,-2.9987883397113354e-08,,,,
2.3666666666666667,142,object_a,0,1,rigid_box,-0.8502778726803896,-3.396209773857099e-07,0.39999079784028146,2.8533998249389216e-08,-1.537456618572872e-07,1.5296644041755697e-08,0.9999999999999877,-0.3876344868152638,-1.7292963373961227e-07,1.106942766615493e-09,-1.6850833774168662e-13,-6.599216723386913e-08,1.231140974487149e-08,,,,
2.3666666666666667,142,object_b,1,1,rigid_box,0.4666339054357937,2.114641506605024e-07,0.39999079589384423,5.652466377360938e-08,-4.606750292832007e-08,-2.6358014193788676e-08,0.999999999999997,0.16053493930497376,1.0724490516453119e-07,-5.436449901363716e-11,3.223419617653705e-08,-9.108475399981302e-08,-3.004738308299462e-08,,,,
2.3833333333333333,143,object_a,0,1,rigid_box,-0.8567346949092712,-3.425014633506993e-07,0.39999079785873903,2.8533996851667645e-08,-1.5429586624740243e-07,1.5399286734700764e-08,0.9999999999999876,-0.3872107475932923,-1.7274053768699935e-07,1.1079510017775185e-09,-1.6870037969664121e-13,-6.605308867169372e-08,1.2322162406855627e-08,,,,
2.3833333333333333,143,object_b,1,1,rigid_box,0.46930780962936164,2.1325044064762513e-07,0.39999079589294634,5.680024982212622e-08,-4.685861340457256e-08,-2.660867855124245e-08,0.9999999999999969,0.16034543560896922,1.071178475704932e-07,-5.3398060279041815e-11,3.3854417180979035e-08,-9.853897040874723e-08,-3.01085477365172e-08,,,,
2.4,144,object_a,0,1,rigid_box,-0.8631844592547949,-3.453787996936601e-07,0.39999079787721376,2.8533995452350724e-08,-1.5484657856065083e-07,1.5502019077965953e-08,0.9999999999999875,-0.38678750936229145,-1.725516650698226e-07,1.108964755094921e-09,-1.6889265451777128e-13,-6.611406534396261e-08,1.233292520803664e-08,,,,
2.4,144,object_b,1,1,rigid_box,0.4719785569049917,2.1503461369059472e-07,0.39999079589206754,5.709077926206265e-08,-4.771836859202315e-08,-2.6859861127828438e-08,0.9999999999999969,0.1601560986961524,1.0699086593705482e-07,-5.2132669708937485e-11,3.5814444393813306e-08,-1.0753083885806155e-07,-3.017169187291642e-08,,,,
2.4166666666666665,145,object_a,0,1,rigid_box,-0.8696271740594508,-3.48252990135231e-07,0.39999079789570563,2.853399405143655e-08,-1.5539779925746997e-07,1.560484115523396e-08,0.9999999999999873,-0.38636477129134955,-1.723630155171733e-07,1.1100323715762528e-09,-1.6908514005935284e-13,-6.617509727669038e-08,1.2343697957801122e-08,,,,
2.4166666666666665,145,object_b,1,1,rigid_box,0.4746461500406807,2.1681667098607864e-07,0.39999079589121345,5.739953454218349e-08,-4.866159473504884e-08,-2.7111580152587844e-08,0.9999999999999968,0.1599669283719765,1.0686395208651998e-07,-5.043108639024574e-11,3.822137448314091e-08,-1.1853798862350211e-07,-3.02372242313243e-08,,,,
2.433333333333333,146,object_a,0,1,rigid_box,-0.8760628476518965,-3.5112403838987616e-07,0.39999079791421466,2.8533992648923287e-08,-1.5594952879872168e-07,1.5707753050171884e-08,0.9999999999999872,-0.3859425325513828,-1.7217458865896408e-07,1.111009185691958e-09,-1.692778663579056e-13,-6.623618455592202e-08,1.2354480764400423e-08,,,,
2.433333333333333,146,object_b,1,1,rigid_box,0.47731059181118574,2.1859661357247599e-07,0.3999907958903923,5.773085771559465e-08,-4.970782260562024e-08,-2.7363857802523255e-08,0.9999999999999967,0.15977792444219233,1.067370952312417e-07,-4.813918014212604e-11,4.122181616400749e-08,-1.322087243147871e-07,-3.030568231597677e-08,,,,
2.45,147,object_a,0,1,rigid_box,-0.8824914883469875,-3.5399194816589895e-07,0.3999907979327409,2.853399124480897e-08,-1.5650176764565656e-07,1.581075484666751e-08,0.9999999999999872,-0.3855207923151303,-1.7198638412591593e-07,1.1120705502298822e-09,-1.6947081591312694e-13,-6.629732719459774e-08,1.2365273687592276e-08,,,,
2.45,147,object_b,1,1,rigid_box,0.47997188498802884,2.2037444227849864e-07,0.39999079588961656,5.8090524526358285e-08,-5.0882879139527645e-08,-2.7616721467415133e-08,0.9999999999999966,0.15958908671284688,1.066102810482551e-07,-4.494618219275104e-11,4.501130655980979e-08,-1.493961384279323e-07,-3.0377777110940095e-08,,,,
2.466666666666667,148,object_a,0,1,rigid_box,-0.8889131044458081,-3.5685672316545487e-07,0.39999079795128434,2.853398983909181e-08,-1.570545162598713e-07,1.591384662871825e-08,0.9999999999999871,-0.3850995497571491,-1.717984015495582e-07,1.1131018173154983e-09,-1.6966399332745575e-13,-6.635852524208848e-08,1.2376076685079633e-08,,,,
2.466666666666667,148,object_b,1,1,rigid_box,0.4826300323395022,2.2215015765512792e-07,0.39999079588890496,5.848615560313279e-08,-5.222054312496512e-08,-2.7870205417879595e-08,0.9999999999999964,0.15940041499028348,1.0648349065912085e-07,-4.041186656145168e-11,4.983129316960466e-08,-1.7112771181353648e-07,-3.0454442840053175e-08,,,,
2.4833333333333334,149,object_a,0,1,rigid_box,-0.8953277042357008,-3.597183670845659e-07,0.39999079796984505,2.8533988431769836e-08,-1.5760777510341295e-07,1.601702848020152e-08,0.999999999999987,-0.3846788040538086,-1.7161064056223567e-07,1.1141271794024021e-09,-1.6985739384132756e-13,-6.641977877127921e-08,1.2386889770796283e-08,,,,
2.4833333333333334,149,object_b,1,1,rigid_box,0.48528503663067313,2.239237598935708e-07,0.3999907958882866,5.892742261949546e-08,-5.37630761000544e-08,-2.8124352816312062e-08,0.9999999999999963,0.15921190908114075,1.0635670011034588e-07,-3.3759552445222774e-11,5.5916485179500054e-08,-1.9833657982030026e-07,-3.053686304693862e-08,,,,
2.5,150,object_a,0,1,rigid_box,-0.9017352959902978,-3.625768836131332e-07,0.3999907979884229,2.8533987022841228e-08,-1.5816154463869206e-07,1.6120300485227325e-08,0.9999999999999869,-0.38425855438328615,-1.7142310079708982e-07,1.11518218270934e-09,-1.7005102076421546e-13,-6.648108780651761e-08,1.2397712897904671e-08,,,,
2.5,150,object_b,1,1,rigid_box,0.48793690062338885,2.2569524875173632e-07,0.39999079588780523,5.9425275916316705e-08,-5.55570081010873e-08,-2.8379217544562258e-08,0.9999999999999962,0.15902356879235233,1.0622988226254874e-07,-2.4018108682466455e-11,6.329930038120001e-08,-2.3093372675819582e-07,-3.062638405792426e-08,,,,
2.5166666666666666,151,object_a,0,1,rigid_box,-0.908135887969549,-3.654322764349509e-07,0.3999907980070181,2.8533985612304022e-08,-1.587158253284923e-07,1.6223662728015135e-08,0.9999999999999869,-0.3838387999255618,-1.7123578188807512e-07,1.1162001843645353e-09,-1.7024489004972147e-13,-6.654245240153044e-08,1.2408546181696045e-08,,,,
2.5166666666666666,151,object_b,1,1,rigid_box,0.4905856270762812,2.2746462356595564e-07,0.39999079588752157,5.998830414012496e-08,-5.7635667103678405e-08,-2.8634864052692528e-08,0.9999999999999961,0.15883539393114599,1.0610301576081944e-07,-1.0208760919949711e-11,7.130768335431765e-08,-2.6552436669401885e-07,-3.072409702885357e-08,,,,
2.533333333333333,152,object_a,0,1,rigid_box,-0.9145294884197542,-3.6828454922771935e-07,0.39999079802563053,2.8533984200156348e-08,-1.592706176360287e-07,1.632711529275671e-08,0.9999999999999868,-0.38341953986241384,-1.710486834699419e-07,1.1172611880799765e-09,-1.7043897883608096e-13,-6.660387259006175e-08,1.2419389528890005e-08,,,,
2.533333333333333,152,object_b,1,1,rigid_box,0.49323121874477216,2.2923188352928e-07,0.39999079588750025,6.061333657705442e-08,-5.99762561765165e-08,-2.889136097397589e-08,0.9999999999999959,0.15864738430504438,1.0597610825610057e-07,6.903616567299764e-12,7.775317365919656e-08,-2.91915851486253e-07,-3.08297485640329e-08,,,,
2.55,153,object_a,0,1,rigid_box,-0.9209161055735916,-3.711337056630588e-07,0.3999907980442603,2.8533982786396277e-08,-1.598259220248835e-07,1.6430658263795567e-08,0.9999999999999867,-0.38300077337741295,-1.7086180517824368e-07,1.1182961241057443e-09,-1.706332958005306e-13,-6.666534844557921e-08,1.2430243045454729e-08,,,,
2.55,153,object_b,1,1,rigid_box,0.495873678381078,2.3099702848580165e-07,0.399990795887761,6.127115464555471e-08,-6.243795277869849e-08,-2.914876255364231e-08,0.9999999999999958,0.15845953972186488,1.0584923180419522e-07,2.250997825636869e-11,7.883663168283065e-08,-2.9324388586422555e-07,-3.094005507573554e-08,,,,
2.566666666666667,154,object_a,0,1,rigid_box,-0.9272957476501483,-3.739797494065221e-07,0.3999907980629073,2.8533981371021918e-08,-1.6038173895903181e-07,1.6534291725404304e-08,0.9999999999999866,-0.38258249965591823,-1.7067514664932742e-07,1.1192994708170145e-09,-1.7082784350612067e-13,-6.672687998827556e-08,1.2441106644343377e-08,,,,
2.566666666666667,154,object_b,1,1,rigid_box,0.49851300873421467,2.3276006016709713e-07,0.3999907958882049,6.190282569910486e-08,-6.475264309955127e-08,-2.9407079218986467e-08,0.9999999999999956,0.158271859989719,1.0572253210414935e-07,2.814933182382351e-11,7.187678039780406e-08,-2.5867046614530826e-07,-3.104817847233735e-08,,,,
2.5833333333333335,155,object_a,0,1,rigid_box,-0.93366842285495,-3.768226841176084e-07,0.3999907980815717,2.8533979954031336e-08,-1.609380689028633e-07,1.663801576219491e-08,0.9999999999999865,-0.3821647178850718,-1.7048870752033772e-07,1.1203595395165022e-09,-1.7102262052255199e-13,-6.6788467292046e-08,1.2451980439936278e-08,,,,
2.5833333333333335,155,object_b,1,1,rigid_box,0.5011492125500023,2.345209829227961e-07,0.3999907958886192,6.244750711529519e-08,-6.665506975742115e-08,-2.9666259132055754e-08,0.9999999999999953,0.1580843449170087,1.0559615979713779e-07,2.0073623319127876e-11,5.913053615685675e-08,-1.9958828221652072e-07,-3.114685673093952e-08,,,,
2.6,156,object_a,0,1,rigid_box,-0.9400341393799898,-3.7966251344977646e-07,0.39999079810025334,2.8533978535422617e-08,-1.6149491232113275e-07,1.6741830458713188e-08,0.9999999999999863,-0.38174742725379396,-1.7030248742921778e-07,1.1213969162982007e-09,-1.7121763016074374e-13,-6.685011037471636e-08,1.2462864380073416e-08,,,,
2.6,156,object_b,1,1,rigid_box,0.5037822925710711,2.362798028977419e-07,0.3999907958888196,6.288120645051013e-08,-6.805063762194172e-08,-2.9926206100903004e-08,0.9999999999999952,0.15789699431242343,1.0547017434385177e-07,4.521039792537707e-12,4.614296848198388e-08,-1.4087353139759937e-07,-3.1232995792593995e-08,,,,
