time_s,frame,object_name,object_index,active,kind,x_m,y_m,z_m,qx,qy,qz,qw,vx_m_s,vy_m_s,vz_m_s,wx_rad_s,wy_rad_s,wz_rad_s,mesh_z_min_m,mesh_z_max_m,mesh_z_span_m,mesh_xy_radius_m
0.0,0,object_a,0,1,rigid_box,-0.38,0.0,0.39999999999999997,0.0,0.0,0.0,1.0,1.3299999999999998,0.0,0.0,0.0,0.0,0.0,,,,
0.0,0,object_b,1,1,rigid_box,0.38,0.0,0.39999999999999997,0.0,0.0,0.0,1.0,-1.0499999999999998,0.0,0.0,0.0,0.0,0.0,,,,
0.016666666666666666,1,object_a,0,1,rigid_box,-0.3578521860815179,-6.682217695933824e-14,0.39999026434800106,8.297203961934103e-09,-2.676297768222547e-08,-1.2150416573752702e-10,0.9999999999999996,1.3278711217005,-4.320414909004744e-12,-1.3165861630082265e-10,7.121640363778502e-11,6.262208295809753e-08,-1.4602911187082491e-08,,,,
0.016666666666666666,1,object_b,1,1,rigid_box,0.36251327216234713,-8.147469868600305e-14,0.39999026441314023,8.010708675119595e-09,-2.6820575660894124e-08,1.1924899090430512e-10,0.9999999999999996,-1.0485010721858588,-5.257540641527722e-12,1.3037860721598626e-10,8.830311688597314e-11,-6.153565532696378e-08,1.4284038541638007e-08,,,,
0.03333333333333333,2,object_a,0,1,rigid_box,-0.33573981141078435,-1.3885534460050892e-13,0.39999026434581253,8.297799247584886e-09,-2.6241152938831998e-08,-2.4341768708383024e-10,0.9999999999999997,1.325747428472339,-4.323364547411701e-12,-1.3099818278738962e-10,7.162726543599455e-11,6.261622787303191e-08,-1.4653162633109937e-08,,,,
0.03333333333333333,2,object_b,1,1,rigid_box,0.34505150292346687,-1.689230995022424e-13,0.39999026441531865,8.011443432083248e-09,-2.7333398692218742e-08,2.380625867965908e-10,0.9999999999999996,-1.0470052386021582,-5.237498631350955e-12,1.310126989534366e-10,8.805305376134957e-11,-6.154151248007795e-08,1.4234303150187927e-08,,,,
0.05,3,object_a,0,1,rigid_box,-0.3136627858780044,-2.1093680375336255e-13,0.39999026434363527,8.298397956895508e-09,-2.5719376822035894e-08,-3.657491835237378e-10,0.9999999999999997,1.3236288993086982,-4.3262160582104504e-12,-1.3029003743947332e-10,7.203808674748874e-11,6.261041020109385e-08,-1.4703236374770418e-08,,,,
0.05,3,object_b,1,1,rigid_box,0.3276146369381726,-2.5603632031466977e-13,0.39999026441750835,8.012176095044123e-09,-2.7846270697028557e-08,3.5646095241422787e-10,0.9999999999999996,-1.0455124875474595,-5.217327009316469e-12,1.3167747621445347e-10,8.780070065919808e-11,-6.154740667959468e-08,1.418439409788467e-08,,,,
0.06666666666666667,4,object_a,0,1,rigid_box,-0.2916210235796105,-2.8306492081559456e-13,0.3999902643414693,8.299000089520001e-09,-2.5197649020938223e-08,-4.884971750123238e-10,0.9999999999999997,1.3215155156813672,-4.328969651241009e-12,-1.29643488652742e-10,7.244886566479281e-11,6.260462974657736e-08,-1.4753132581718416e-08,,,,
0.06666666666666667,4,object_b,1,1,rigid_box,0.31020262291353456,-3.428121937705309e-13,0.3999902644197093,8.012906644882493e-09,-2.8359191984976777e-08,4.744426393624111e-10,0.9999999999999996,-1.0440228097039297,-5.19702496417779e-12,1.3241376398132054e-10,8.754604930467802e-11,-6.15533381345839e-08,1.4134311131869217e-08,,,,
0.08333333333333333,5,object_a,0,1,rigid_box,-0.26961443892005466,-3.5523806568331073e-13,0.3999902643393145,8.299605645094909e-09,-2.4675969226367152e-08,-6.116601838468316e-10,0.9999999999999997,1.3194072591506447,-4.331625536471349e-12,-1.289626253009324e-10,7.285959982292654e-11,6.259888628918157e-08,-1.480285165226933e-08,,,,
0.08333333333333333,5,object_b,1,1,rigid_box,0.29281540971158787,-4.292485389916042e-13,0.3999902644219216,8.013635062407398e-09,-2.8872162867388017e-08,5.920061977430296e-10,0.9999999999999996,-1.0425361957912385,-5.176591688532162e-12,1.3305001024532803e-10,8.728909115324162e-11,-6.155930704745365e-08,1.4084054055331785e-08,,,,
0.1,6,object_a,0,1,rigid_box,-0.24764294661033712,-4.2745461175313835e-13,0.39999026433717083,8.300214623239228e-09,-2.415433713086693e-08,-7.352367347050933e-10,0.9999999999999997,1.3173041113648138,-4.3341839239807e-12,-1.2830048655432247e-10,7.327028729177983e-11,6.259317963292716e-08,-1.4852393801914597e-08,,,,
0.1,6,object_b,1,1,rigid_box,0.2754529463487093,-5.153431616086966e-13,0.39999026442414526,8.014361328358125e-09,-2.9385183657314124e-08,7.091501758739204e-10,0.9999999999999996,-1.0410526365663635,-5.156026368352221e-12,1.337473621437768e-10,8.702981773595731e-11,-6.156531361985426e-08,1.4033622714186064e-08,,,,
0.11666666666666667,7,object_a,0,1,rigid_box,-0.22570646166654523,-4.997129359233968e-13,0.3999902643350383,8.300827023554936e-09,-2.3632752428703698e-08,-8.592253548410053e-10,0.9999999999999997,1.3152060540596175,-4.336645023900047e-12,-1.2765455359442512e-10,7.368092611560427e-11,6.258750957049471e-08,-1.490175934765516e-08,,,,
0.11666666666666667,7,object_b,1,1,rigid_box,0.25811518199499706,-6.010938536378374e-13,0.39999026442638036,8.015085423403962e-09,-2.98982546694976e-08,8.258731207198002e-10,0.9999999999999996,-1.039572122823409,-5.135328185579856e-12,1.3442345500602748e-10,8.676822085854085e-11,-6.157135805811871e-08,1.3983016925433839e-08,,,,
0.13333333333333333,8,object_a,0,1,rigid_box,-0.20380489940839988,-5.720114185957571e-13,0.39999026433291673,8.301442845627881e-09,-2.3111214815832303e-08,-9.836245739502904e-10,0.9999999999999997,1.3131130690577375,-4.339009046466601e-12,-1.26998821181612e-10,7.409151423565065e-11,6.258187589508597e-08,-1.4950948626903152e-08,,,,
0.13333333333333333,8,object_b,1,1,rigid_box,0.2408020659736536,-6.8649839344075e-13,0.39999026442862706,8.01580732814512e-09,-3.041137622039445e-08,9.421735778756977e-10,0.9999999999999994,-1.038094645393416,-5.114496320468682e-12,1.3512446370156361e-10,8.650429198401075e-11,-6.15774405658356e-08,1.3932236549053729e-08,,,,
0.15,9,object_a,0,1,rigid_box,-0.1819381754578115,-6.443484436758908e-13,0.3999902643308061,8.302062089027608e-09,-2.2589723989929778e-08,-1.1084329245805871e-09,0.9999999999999997,1.3110251382682783,-4.3412762019399426e-12,-1.2633686978513747e-10,7.450204972563754e-11,6.25762784042907e-08,-1.499996195585739e-08,,,,
0.15,9,object_b,1,1,rigid_box,0.22351354776037172,-7.715545457263188e-13,0.39999026443088526,8.016527023113759e-09,-3.0924548628194814e-08,1.0580500915579319e-09,0.9999999999999994,-1.0366201951441762,-5.093529955082739e-12,1.358054450145696e-10,8.623802336147254e-11,-6.158356135473712e-08,1.3881281401557762e-08,,,,
0.16666666666666666,10,object_a,0,1,rigid_box,-0.16010620573744405,-7.16722398574486e-13,0.3999902643287064,8.30268475330811e-09,-2.2068279650351754e-08,-1.2336489419062537e-09,0.9999999999999997,1.3089422436862534,-4.343446700651313e-12,-1.2568894362796623e-10,7.491253087129439e-11,6.257071689302029e-08,-1.5048799689444238e-08,,,,
0.16666666666666666,10,object_b,1,1,rigid_box,0.20624957698272361,-8.562600615587772e-13,0.39999026443315516,8.017244488773573e-09,-3.143777221280266e-08,1.1735012049269488e-09,0.9999999999999994,-1.0351487629800522,-5.072428265467252e-12,1.3652402298947042e-10,8.596940659385647e-11,-6.158972063028992e-08,1.3830151366411271e-08,,,,
0.18333333333333332,11,object_a,0,1,rigid_box,-0.13830890646928787,-7.891316742076561e-13,0.39999026432661755,8.303310838008749e-09,-2.154688149813175e-08,-1.3592711638613517e-09,0.9999999999999998,1.3068643673920748,-4.345520752893526e-12,-1.250358462601131e-10,7.532295596111121e-11,6.256519116927454e-08,-1.5097462084147933e-08,,,,
0.18333333333333332,11,object_b,1,1,rigid_box,0.189010103419553,-9.40612678192166e-13,0.3999902644354367,8.017959705521612e-09,-3.19510472958764e-08,1.288525459929364e-09,0.9999999999999994,-1.0336803398417924,-5.051190423643458e-12,1.3723253609876362e-10,8.56984336822715e-11,-6.159591859887543e-08,1.3778846338224601e-08,,,,
0.2,12,object_a,0,1,rigid_box,-0.11654619417324054,-8.615746649963146e-13,0.3999902643245394,8.303940342654222e-09,-2.102552923598633e-08,-1.4852981313075835e-09,0.9999999999999998,1.3047914915510506,-4.34749856898732e-12,-1.2440717379880173e-10,7.57333231361435e-11,6.255970102350851e-08,-1.5145949558689584e-08,,,,
0.2,12,object_b,1,1,rigid_box,0.17179507700037033,-1.0246101191098848e-12,0.39999026443773006,8.018672653688358e-09,-3.24643742008031e-08,1.4031213976709107e-09,0.9999999999999994,-1.0322149167063477,-5.029815604499876e-12,1.3793844365339591e-10,8.542509677603275e-11,-6.160215547400998e-08,1.3727366176891105e-08,,,,
0.21666666666666667,13,object_a,0,1,rigid_box,-0.09481798566569669,-9.34049768866418e-13,0.39999026432247203,8.304573266754981e-09,-2.0504222568301894e-08,-1.6117283880580333e-09,0.9999999999999998,1.302723598412879,-4.349380359196665e-12,-1.23760546949514e-10,7.614363073663734e-11,6.255424625761776e-08,-1.5194262465571293e-08,,,,
0.21666666666666667,13,object_b,1,1,rigid_box,0.15460444780475105,-1.1082500940165104e-12,0.3999902644400352,8.019383313538363e-09,-3.297775325271562e-08,1.5172875584468134e-09,0.9999999999999994,-1.0307524845866929,-5.008302976229518e-12,1.386242700490703e-10,8.514938800673774e-11,-6.160843146586786e-08,1.3675710794042746e-08,,,,
0.23333333333333334,14,object_a,0,1,rigid_box,-0.08145301931004877,8.613313215350733e-09,0.3999902641226157,2.4246960579316656e-08,-1.9983766376536864e-08,-2.7547092465371544e-09,0.9999999999999994,0.634803253548058,6.888587754102097e-07,-8.628566090795875e-11,1.322759079599205e-10,6.199319253756859e-08,-2.0319726190104483e-08,,,,
0.23333333333333334,14,object_b,1,1,rigid_box,0.1603470423567111,-2.368981862043823e-08,0.39999026433209084,1.0614510959959628e-08,-3.059057455968813e-08,-1.288434457302965e-08,0.9999999999999993,0.8025614817498145,-1.894263322794035e-06,-1.372554500611578e-10,1.1156463772060387e-10,6.257363118444023e-08,-1.4972950732061084e-08,,,,
0.25,15,object_a,0,1,rigid_box,-0.0708796665556798,2.0087020740445e-08,0.3999902641211783,2.4248065726339078e-08,-1.946717141328311e-08,-2.9242167453328975e-09,0.9999999999999994,0.6340465603283585,6.880376539320958e-07,-8.59980437556418e-11,1.3292013121137256e-10,6.19898150335224e-08,-2.0359553325421636e-08,,,,
0.25,15,object_b,1,1,rigid_box,0.17371395378352447,-5.5239364340077157e-08,0.39999026432991736,1.0615443467378875e-08,-3.006915336198388e-08,-1.3009343101023184e-08,0.9999999999999994,0.8015324975695884,-1.8918346552845316e-06,-1.30146397131492e-10,1.1219989779723998e-10,6.25678254536408e-08,-1.5023505128842103e-08,,,,
0.26666666666666666,16,object_a,0,1,rigid_box,-0.06031891522784434,3.154705389872845e-08,0.3999902641197488,2.4249176238236286e-08,-1.8950604481370116e-08,-3.094055392211004e-09,0.9999999999999994,0.6332910104891514,6.87217773385753e-07,-8.554102565172528e-11,1.3356353105943363e-10,6.198646336777813e-08,-2.039921237770113e-08,,,,
0.26666666666666666,16,object_b,1,1,rigid_box,0.18706373127843826,-8.674846956896946e-08,0.39999026432775436,1.0616381266725606e-08,-2.9547780381540026e-08,-1.313476211974276e-08,0.9999999999999994,0.8005052976570377,-1.8894101989409448e-06,-1.2947601324420077e-10,1.1283473036475407e-10,6.2562056889775e-08,-1.5073879838339257e-08,,,,
0.2833333333333333,17,object_a,0,1,rigid_box,-0.04977074629223795,4.299343334847855e-08,0.39999026411832717,2.4250292108154324e-08,-1.8434065366193227e-08,-3.2642237892648323e-09,0.9999999999999996,0.6325366015426641,6.863991310709961e-07,-8.50720899975288e-11,1.3420610951643692e-10,6.198313738981958e-08,-2.0438703928565804e-08,,,,
0.2833333333333333,17,object_b,1,1,rigid_box,0.20039640453939492,-1.1821720439915608e-07,0.3999902643256027,1.0617324354436466e-08,-2.9026455307694298e-08,-1.3260600132978844e-08,0.9999999999999994,0.7994798775135793,-1.886989943145879e-06,-1.2880289022854097e-10,1.1346913418770441e-10,6.255632551425381e-08,-1.5124075058046745e-08,,,,
0.3,18,object_a,0,1,rigid_box,-0.039235140755955314,5.44261797030389e-08,0.39999026411691324,2.42514133292573e-08,-1.7917553854387e-08,-3.4347205438820453e-09,0.9999999999999996,0.6317833310083235,6.855817242954543e-07,-8.460476069727108e-11,1.348478684802526e-10,6.197983694395554e-08,-2.0478028688449294e-08,,,,
0.3,18,object_b,1,1,rigid_box,0.21371200318949418,-1.4964563874603726e-07,0.3999902643234622,1.0618272726925917e-08,-2.8505177831515393e-08,-1.3386855646660657e-08,0.9999999999999994,0.7984562326557298,-1.8845738773175778e-06,-1.281159432015011e-10,1.1410310659225145e-10,6.255063110901789e-08,-1.517409116274759e-08,,,,
0.31666666666666665,19,object_a,0,1,rigid_box,-0.028712079667370455,6.584531353094926e-08,0.3999902641155071,2.425253989472597e-08,-1.740106973382326e-08,-3.605544268770616e-09,0.9999999999999996,0.6310311964127311,6.847655503745437e-07,-8.418393412923386e-11,1.3548881009009893e-10,6.197656188163159e-08,-2.051718729124576e-08,,,,
0.31666666666666665,19,object_b,1,1,rigid_box,0.2270105567772445,-1.8103384234896483e-07,0.3999902643213328,1.0619226380588955e-08,-2.7983947645764668e-08,-1.3513527168870084e-08,0.9999999999999994,0.797434358615038,-1.8821619909097624e-06,-1.274605698764475e-10,1.1473664533125271e-10,6.254497348060899e-08,-1.5223928331925218e-08,,,,
0.3333333333333333,20,object_a,0,1,rigid_box,-0.01820154411601736,7.725085535607502e-08,0.3999902641141087,2.425367179775926e-08,-1.6884612793593256e-08,-3.776693581851538e-09,0.9999999999999996,0.6302801952896354,6.83950606631438e-07,-8.369087714510393e-11,1.3612893658173424e-10,6.19733120613147e-08,-2.0556180333084377e-08,,,,
0.3333333333333333,20,object_b,1,1,rigid_box,0.24029209477681257,-2.123818847718326e-07,0.3999902643192145,1.0620185311801318e-08,-2.7462764444871997e-08,-1.3640613209785532e-08,0.9999999999999994,0.796414250938022,-1.8797542734114878e-06,-1.2677215700807043e-10,1.153697479908992e-10,6.253935242380119e-08,-1.527358687256792e-08,,,,
0.35,21,object_a,0,1,rigid_box,-0.00770351523247113,8.86428256577363e-08,0.3999902641127179,2.425480903157516e-08,-1.636818282399754e-08,-3.948167106206963e-09,0.9999999999999996,0.6295303251799079,6.831368903970421e-07,-8.325015503352073e-11,1.3676825035740388e-10,6.197008733843166e-08,-2.0595008413645727e-08,,,,
0.35,21,object_b,1,1,rigid_box,0.2535566465882725,-2.436898354036633e-07,0.39999026431710716,1.0621149516919878e-08,-2.6941627924962146e-08,-1.3768112282036599e-08,0.9999999999999994,0.7953959051861071,-1.8773507143469938e-06,-1.2614194584703586e-10,1.1600241242832487e-10,6.253376774063429e-08,-1.5323067037868364e-08,,,,
0.36666666666666664,22,object_a,0,1,rigid_box,0.00278202581177054,1.0002124487083656e-07,0.39999026411133465,2.4255951589409792e-08,-1.5851779616566685e-08,-4.119963470371724e-09,0.9999999999999996,0.6287815836315167,6.823243990099623e-07,-8.279220191365066e-11,1.374067533853349e-10,6.196688756154898e-08,-2.0633672240526734e-08,,,,
0.36666666666666664,22,object_b,1,1,rigid_box,0.2668042415378537,-2.749577634591945e-07,0.3999902643150108,1.0622118992283666e-08,-2.6420537783835836e-08,-1.3896022900697151e-08,0.9999999999999994,0.7943793169355636,-1.874951303275556e-06,-1.2549627309565992e-10,1.1663463647440122e-10,6.252821922322034e-08,-1.5372369185248315e-08,,,,
0.38333333333333336,23,object_a,0,1,rigid_box,0.013255097804405383,1.1138613338599067e-07,0.399990264109959,2.425709946451849e-08,-1.5335402964034512e-08,-4.292081308108377e-09,0.9999999999999996,0.6280339681994994,6.815131298164814e-07,-8.232846696043516e-11,1.3804444816327662e-10,6.196371258959181e-08,-2.0672172416445228e-08,,,,
0.38333333333333336,23,object_b,1,1,rigid_box,0.2800349088781878,-3.0618573797946074e-07,0.3999902643129253,1.0623093734215516e-08,-2.5899493720951386e-08,-1.4024343583267593e-08,0.9999999999999994,0.7933644817774437,-1.8725560297913424e-06,-1.2483563141540976e-10,1.1726641850250463e-10,6.2522706683164e-08,-1.5421493529520438e-08,,,,
0.4,24,object_a,0,1,rigid_box,0.023715719492444196,1.2273751154965262e-07,0.39999026410859095,2.4258252650176375e-08,-1.4819052660331767e-08,-4.464519258409497e-09,0.9999999999999996,0.6272874764459406,6.807030801705273e-07,-8.187117997437987e-11,1.3868133712698951e-10,6.196056227959408e-08,-2.071050954983379e-08,,,,
0.4,24,object_b,1,1,rigid_box,0.2932486777885543,-3.373738278323736e-07,0.39999026431085066,1.0624073739022442e-08,-2.5378495437418034e-08,-1.4153072849755021e-08,0.9999999999999996,0.792351395317521,-1.8701648835232644e-06,-1.241843121391195e-10,1.1789775645770361e-10,6.251722991347894e-08,-1.547044045140296e-08,,,,
0.4166666666666667,25,object_a,0,1,rigid_box,0.03416390958232803,1.3407539966424277e-07,0.3999902641072303,2.4259411139677653e-08,-1.4302728500602997e-08,-4.6372759657337535e-09,0.9999999999999996,0.626542105939944,6.798942474336495e-07,-8.145130750425444e-11,1.393174223872214e-10,6.195743648229022e-08,-2.0748684345169835e-08,,,,
0.4166666666666667,25,object_b,1,1,rigid_box,0.3064455773751254,-3.6852210171329996e-07,0.39999026430878676,1.0625059002996572e-08,-2.4857542636000518e-08,-1.428220922284837e-08,0.9999999999999996,0.7913400531762286,-1.8677778541348348e-06,-1.2353402502329747e-10,1.185286484492205e-10,6.251178871712265e-08,-1.551921026640161e-08,,,,
0.43333333333333335,26,object_a,0,1,rigid_box,0.044599686740044976,1.4539981798827446e-07,0.3999902641058771,2.4260574926337477e-08,-1.3786430281168591e-08,-4.810350079678745e-09,0.9999999999999996,0.6257978542576087,6.790866289749876e-07,-8.099346020251641e-11,1.399527066452548e-10,6.19543350616085e-08,-2.078669737617308e-08,,,,
0.43333333333333335,26,object_b,1,1,rigid_box,0.3196256366712101,-3.996306281456373e-07,0.39999026430673357,1.0626049522415021e-08,-2.4336635021126124e-08,-1.4411751228107551e-08,0.9999999999999996,0.790330450988598,-1.865394931324021e-06,-1.228874432768201e-10,1.191590929989958e-10,6.250638290043865e-08,-1.5567803275835903e-08,,,,
0.45,27,object_a,0,1,rigid_box,0.055023069591246504,1.5671078673648035e-07,0.3999902641045313,2.426174400349038e-08,-1.3270157799557845e-08,-4.9837402553795245e-09,0.9999999999999996,0.6250547189820029,6.782802221712475e-07,-8.04998376985333e-11,1.4058719215937422e-10,6.195125787126594e-08,-2.0824549316362493e-08,,,,
0.45,27,object_b,1,1,rigid_box,0.33278888463749656,-4.306994754813862e-07,0.39999026430469103,1.06270452935423e-08,-2.3815772298842478e-08,-1.4541697393744872e-08,0.9999999999999996,0.7893225844041982,-1.8630161048231044e-06,-1.222355133778663e-10,1.1978908862464182e-10,6.250101226584844e-08,-1.5616219835077156e-08,,,,
0.4666666666666667,28,object_a,0,1,rigid_box,0.06543407672136345,1.6800832607993844e-07,0.3999902641031929,2.42629183644922e-08,-1.2753910854472867e-08,-5.157445153193613e-09,0.9999999999999996,0.6243126977031401,6.774750244066727e-07,-8.008831271777428e-11,1.4122088154639588e-10,6.194820476853261e-08,-2.0862240818525103e-08,,,,
0.4666666666666667,28,object_b,1,1,rigid_box,0.34593535016229393,-4.6172871190172166e-07,0.3999902643026591,1.062804631262948e-08,-2.3294954176845226e-08,-1.4672046250981934e-08,0.9999999999999996,0.7883164490870752,-1.8606413643985353e-06,-1.2160078152745335e-10,1.2041863343524883e-10,6.249567661204091e-08,-1.566446033930423e-08,,,,
0.48333333333333334,29,object_a,0,1,rigid_box,0.07583272667572144,1.7929245614619733e-07,0.3999902641018618,2.4264098002719647e-08,-1.2237689245784492e-08,-5.331463438724622e-09,0.9999999999999996,0.6235717880179524,6.76671033073017e-07,-7.964183999786822e-11,1.418537771426055e-10,6.194517561336089e-08,-2.0899772510900246e-08,,,,
0.48333333333333334,29,object_b,1,1,rigid_box,0.35906506206177347,-4.92718405417561e-07,0.3999902643006377,1.0629052575916644e-08,-2.277418036442806e-08,-1.4802796333759798e-08,0.9999999999999996,0.7873120407156926,-1.8582706998507923e-06,-1.2098311588659705e-10,1.2104772664201727e-10,6.249037575790104e-08,-1.5712525032881194e-08,,,,
0.5,30,object_a,0,1,rigid_box,0.08621903795965612,1.90563197019401e-07,0.3999902641005379,2.4265282911570432e-08,-1.1721492774547118e-08,-5.50579378303067e-09,0.9999999999999996,0.6228319875302678,6.758682455695186e-07,-7.924970749084714e-11,1.4248588189263532e-10,6.19421702718727e-08,-2.0937144965407278e-08,,,,
0.5,30,object_b,1,1,rigid_box,0.37217804908020785,-5.236686238701295e-07,0.3999902642986268,1.0630064079631368e-08,-2.2253450572543763e-08,-1.4933946179376775e-08,0.9999999999999996,0.7863093549828706,-1.8559041010142382e-06,-1.203867405069614e-10,1.2167636643690933e-10,6.248510949477882e-08,-1.57604144075402e-08,,,,
0.5166666666666667,31,object_a,0,1,rigid_box,0.09659302903862778,2.0182056874041364e-07,0.3999902640992212,2.4266473084463736e-08,-1.120532124298381e-08,-5.680434862540394e-09,0.9999999999999996,0.6220932938507839,6.750666593028719e-07,-7.879673129262965e-11,1.4311719796960537e-10,6.193918859330516e-08,-2.0974358946787552e-08,,,,
0.5166666666666667,31,object_b,1,1,rigid_box,0.3852743398902101,-5.545794349315244e-07,0.39999026429662626,1.0631080819991748e-08,-2.1732764513728835e-08,-1.5065494327980714e-08,0.9999999999999996,0.7853083875957267,-1.8535415577569823e-06,-1.1973999222703036e-10,1.2230455168831625e-10,6.247987763873545e-08,-1.5808128761358585e-08,,,,
0.5333333333333333,32,object_a,0,1,rigid_box,0.10695471833833564,2.1306459105210836e-07,0.39999026409784266,2.4346121175049447e-08,-1.1001831741784752e-08,-5.8553909277935505e-09,0.9999999999999996,0.6213557045970475,6.742662221916825e-07,-8.696064181246133e-11,1.717583844548717e-08,-5.963866908394558e-09,-2.1013824461596774e-08,,,,
0.5333333333333333,32,object_b,1,1,rigid_box,0.3983539630929713,-5.854509061052752e-07,0.39999026429463613,1.0632102793206071e-08,-2.1212121902123736e-08,-1.5197439322854127e-08,0.9999999999999996,0.7843091342756173,-1.8511830599807403e-06,-1.1909731187365047e-10,1.2293228167293565e-10,6.247467999849915e-08,-1.585566846678388e-08,,,,
0.55,33,object_a,0,1,rigid_box,0.11730412424483178,2.2429528280127422e-07,0.39999026409639515,2.4489227954754026e-08,-1.1051827029120094e-08,-6.030691664367585e-09,0.9999999999999996,0.6206192173934154,6.73466941136297e-07,-8.678360807756746e-11,1.7170126773121757e-08,-6.030739133184653e-09,-2.105572929307561e-08,,,,
0.55,33,object_b,1,1,rigid_box,0.4114169472184975,-6.162831047269042e-07,0.3999902642926563,1.06331299954733e-08,-2.0691522453476165e-08,-1.53297797105671e-08,0.9999999999999996,0.7833115907580774,-1.8488285976206946e-06,-1.1849872645630644e-10,1.2355955471471173e-10,6.246951637225675e-08,-1.5903033992340448e-08,,,,
0.5666666666666667,34,object_a,0,1,rigid_box,0.12764126510463444,2.3551266377101343e-07,0.3999902640949508,2.463228698499542e-08,-1.1102378823167071e-08,-6.206341503512251e-09,0.9999999999999996,0.6198838298710523,6.726688536370584e-07,-8.65643962760787e-11,1.71644204014627e-08,-6.097597490094731e-09,-2.109761056297803e-08,,,,
0.5666666666666667,34,object_b,1,1,rigid_box,0.4244633207258454,-6.470760979644816e-07,0.39999026429068674,1.0634162422984017e-08,-2.0170965885119477e-08,-1.546251404091449e-08,0.9999999999999996,0.782315752792763,-1.8464781606453525e-06,-1.1787625042725125e-10,1.2418637026261369e-10,6.246438658272846e-08,-1.595022563574137e-08,,,,
0.5833333333333334,35,object_a,0,1,rigid_box,0.13796615922484134,2.4671675383122144e-07,0.39999026409350963,2.477529859477488e-08,-1.1153488142798795e-08,-6.382340249845059e-09,0.9999999999999996,0.6191495396678912,6.718719571305636e-07,-8.636986438548266e-11,1.7158725143379117e-08,-6.164464625405611e-09,-2.1139468507547213e-08,,,,
0.5833333333333334,35,object_b,1,1,rigid_box,0.4374931120033575,-6.778299528191797e-07,0.39999026428872736,1.0635200071921053e-08,-1.965045191597723e-08,-1.5595640867065684e-08,0.9999999999999997,0.7813216161433918,-1.844131739056414e-06,-1.173029607476339e-10,1.248127273398916e-10,6.245929042812319e-08,-1.5997243890816582e-08,,,,
0.6,36,object_a,0,1,rigid_box,0.1482788248732421,2.5790757280913547e-07,0.39999026409207167,2.491826306354364e-08,-1.1205155806715023e-08,-6.558687709508644e-09,0.9999999999999996,0.6184163444286134,6.710762490607641e-07,-8.620456432018031e-11,1.7153087426910964e-08,-6.2315257478207374e-09,-2.1181303233141134e-08,,,,
0.6,36,object_b,1,1,rigid_box,0.45050634936889533,-7.085447361258255e-07,0.3999902642867781,1.063624293846015e-08,-1.9129980266544553e-08,-1.5729158745529448e-08,0.9999999999999997,0.7803291765876861,-1.8417893228886304e-06,-1.1671054227224698e-10,1.25438625112826e-10,6.245422773144602e-08,-1.6044089068070572e-08,,,,
0.6166666666666667,37,object_a,0,1,rigid_box,0.15857928027843066,2.690851404894564e-07,0.3999902640906369,2.5061180755993945e-08,-1.1257382972510873e-08,-6.73538369007977e-09,0.9999999999999996,0.6176842418046241,6.702817268788557e-07,-8.597542643096201e-11,1.7147506687859267e-08,-6.298778801688891e-09,-2.1223115005945378e-08,,,,
0.6166666666666667,37,object_b,1,1,rigid_box,0.4635030610700727,-7.392205145534506e-07,0.3999902642848389,1.0637291018771161e-08,-1.860955065887811e-08,-1.5863066236177723e-08,0.9999999999999997,0.7793384299173134,-1.8394509022096696e-06,-1.1606613933845544e-10,1.2606406259783895e-10,6.24491982922714e-08,-1.609076169684668e-08,,,,
0.6333333333333333,38,object_a,0,1,rigid_box,0.168867543629917,2.8024947661446977e-07,0.3999902640892053,2.5204051921233664e-08,-1.1310170332724315e-08,-6.912428000929859e-09,0.9999999999999996,0.6169532294540288,6.694883880433785e-07,-8.579692685473095e-11,1.7141920461262598e-08,-6.365972742856116e-09,-2.1264903945300016e-08,,,,
0.6333333333333333,38,object_b,1,1,rigid_box,0.47648327528448775,-7.698573546058381e-07,0.3999902642829098,1.0638344309016655e-08,-1.808916281662789e-08,-1.5997361902623984e-08,0.9999999999999997,0.7783493719378305,-1.8371164671199802e-06,-1.1548888928514245e-10,1.2668903955916156e-10,6.244420193185131e-08,-1.613726211510318e-08,,,,
0.65,39,object_a,0,1,rigid_box,0.1791436330782388,2.914006008841673e-07,0.3999902640877768,2.5346876903773536e-08,-1.1363518959615266e-08,-7.0898204527964495e-09,0.9999999999999996,0.6162233050416086,6.686962300200583e-07,-8.564252779175163e-11,1.713641254913661e-08,-6.433443809198742e-09,-2.1306670297039196e-08,,,,
0.65,39,object_b,1,1,rigid_box,0.4894470201199536,-8.004553226220671e-07,0.3999902642809906,1.0639402805355152e-08,-1.7568816464960172e-08,-1.61320443116854e-08,0.9999999999999997,0.7773619984686261,-1.8347860077526537e-06,-1.1488765841449755e-10,1.2731355530748804e-10,6.243923846749216e-08,-1.618359072572753e-08,,,,
0.6666666666666666,40,object_a,0,1,rigid_box,0.1894075667350722,3.025385329563663e-07,0.3999902640863515,2.5489656072411985e-08,-1.1417430021757977e-08,-7.267560858209854e-09,0.9999999999999996,0.6154944662387977,6.679052502818253e-07,-8.541905030523544e-11,1.713090040214759e-08,-6.500859860581271e-09,-2.1348414234587866e-08,,,,
0.6666666666666666,40,object_b,1,1,rigid_box,0.5023943236147288,-8.310144847770565e-07,0.39999026427908135,1.0640466503940023e-08,-1.704851133061658e-08,-1.6267112033992483e-08,0.9999999999999997,0.7763763053428622,-1.832459514273295e-06,-1.143080508719807e-10,1.2793760910448776e-10,6.243430770329395e-08,-1.6229748049131553e-08,,,,
0.6833333333333333,41,object_a,0,1,rigid_box,0.1996593626733428,3.1366329244683073e-07,0.3999902640849293,2.5632389746282818e-08,-1.1471904485630256e-08,-7.445649031110905e-09,0.9999999999999996,0.6147667107236587,6.67115446308835e-07,-8.525505822143398e-11,1.7125468713326533e-08,-6.568561356102789e-09,-2.1390135906934123e-08,,,,
0.6833333333333333,41,object_b,1,1,rigid_box,0.515325213737746,-8.615349070821059e-07,0.399990264277182,1.0641535400920832e-08,-1.652824714187169e-08,-1.640256364373814e-08,0.9999999999999997,0.775392288407419,-1.8301369768798846e-06,-1.13694458361846e-10,1.2856120050071495e-10,6.242940946045869e-08,-1.6275734475463225e-08,,,,
0.7,42,object_a,0,1,rigid_box,0.2098990389273356,3.2477489892939017e-07,0.3999902640835103,2.5775078280459596e-08,-1.1526943460278307e-08,-7.624084787106992e-09,0.9999999999999996,0.6140400361808591,6.66326815588389e-07,-8.507185580985954e-11,1.7120092348259406e-08,-6.636447343966875e-09,-2.1431835592322146e-08,,,,
0.7,42,object_b,1,1,rigid_box,0.52823971838884,-8.920166553854338e-07,0.3999902642752924,1.0642609492443233e-08,-1.6008023628531164e-08,-1.6538397718758562e-08,0.9999999999999997,0.7744099435228383,-1.8278183858026457e-06,-1.1308400743592628e-10,1.291843292289718e-10,6.242454355403008e-08,-1.632155045866954e-08,,,,
0.7166666666666667,43,object_a,0,1,rigid_box,0.22012661349280518,3.3587337193605924e-07,0.3999902640820943,2.591772203378264e-08,-1.1582548068113748e-08,-7.802867943480552e-09,0.9999999999999996,0.6133144403016484,6.655393556149301e-07,-8.49220364168568e-11,1.7114749369074993e-08,-6.704428950790768e-09,-2.1473513418220156e-08,,,,
0.7166666666666667,43,object_b,1,1,rigid_box,0.5411378653989758,-9.224597953727127e-07,0.39999026427341255,1.0643688774650277e-08,-1.5487840521933256e-08,-1.6674612840661136e-08,0.9999999999999997,0.7734292665632664,-1.8255037313039137e-06,-1.125095364096218e-10,1.298069950274441e-10,6.241970980398553e-08,-1.6367196421716052e-08,,,,
0.7333333333333333,44,object_a,0,1,rigid_box,0.2303421043270849,3.469587309571562e-07,0.39999026408068156,2.6060321395079327e-08,-1.16387195507377e-08,-7.981998319103646e-09,0.9999999999999996,0.6125899207838345,6.647530638899989e-07,-8.469472172201176e-11,1.7109435329054215e-08,-6.772487832520195e-09,-2.1515169603448452e-08,,,,
0.7333333333333333,44,object_b,1,1,rigid_box,0.5540196825304733,-9.528643925676043e-07,0.3999902642715424,1.0644773243682306e-08,-1.4967697554936304e-08,-1.6811207594816824e-08,0.9999999999999997,0.7724502534163997,-1.8231930036780036e-06,-1.1195909303818308e-10,1.3042919735656564e-10,6.241490802225005e-08,-1.6412672870574174e-08,,,,
0.75,45,object_a,0,1,rigid_box,0.2405455293491962,3.580309954414212e-07,0.3999902640792718,2.6202876712310375e-08,-1.1695458982526538e-08,-8.161475734483216e-09,0.9999999999999996,0.6118664753317593,6.639679379222555e-07,-8.452090416444236e-11,1.7104171591159174e-08,-6.840709998668588e-09,-2.155680430738215e-08,,,,
0.75,45,object_b,1,1,rigid_box,0.5668851974772346,-9.832305123322922e-07,0.39999026426968187,1.0645862895677557e-08,-1.4447594461913029e-08,-1.694818057041541e-08,0.9999999999999997,0.7714728999834275,-1.8208861932510767e-06,-1.113567345972788e-10,1.3105093634691614e-10,6.241013803440718e-08,-1.645798021292206e-08,,,,
0.7666666666666667,46,object_a,0,1,rigid_box,0.25073690643995733,3.690901847961343e-07,0.39999026407786514,2.634538840720731e-08,-1.1752767734543884e-08,-8.341300011779715e-09,0.9999999999999996,0.6111441016562779,6.631839752273792e-07,-8.430337504472529e-11,1.7098941835149185e-08,-6.909029247005178e-09,-2.1598417809116043e-08,,,,
0.7666666666666667,46,object_b,1,1,rigid_box,0.5797344378649665,-1.0135582198680085e-06,0.39999026426783096,1.0646957726773303e-08,-1.3927530978734303e-08,-1.7085530360419627e-08,0.9999999999999997,0.7704972021789777,-1.8185832903810134e-06,-1.1082222292624344e-10,1.3167221161913483e-10,6.240539965562703e-08,-1.6503118937990773e-08,,,,
0.7833333333333333,47,object_a,0,1,rigid_box,0.2609162534420916,3.8013631838723313e-07,0.3999902640764616,2.6487856851341138e-08,-1.1810646972836523e-08,-8.521470974762773e-09,0.9999999999999996,0.6104227974747329,6.624011733281247e-07,-8.415192154220819e-11,1.7093798639374945e-08,-6.97765857327557e-09,-2.1640010233715588e-08,,,,
0.7833333333333333,47,object_b,1,1,rigid_box,0.5925674312514052,-1.043847580215564e-06,0.39999026426598966,1.064805773310581e-08,-1.340750684277327e-08,-1.7223255561713492e-08,0.9999999999999997,0.7695231559310619,-1.8162842854572802e-06,-1.1023075160987439e-10,1.3229302326285738e-10,6.240069271154461e-08,-1.6548089485061307e-08,,,,
0.8,48,object_a,0,1,rigid_box,0.27108358816033495,3.9116941553942925e-07,0.39999026407506105,2.6630282478910395e-08,-1.1869098115901798e-08,-8.701988448956018e-09,0.9999999999999996,0.6097025605109335,6.616195297542229e-07,-8.396613959682497e-11,1.708866643453886e-08,-7.046291084301263e-09,-2.1681581827951896e-08,,,,
0.8,48,object_b,1,1,rigid_box,0.6053842051265389,-1.0740986582558728e-06,0.39999026426415774,1.0649162910810331e-08,-1.288752179290226e-08,-1.736135477516002e-08,0.9999999999999997,0.7685507571810201,-1.8139891689008035e-06,-1.096463232708178e-10,1.3291337098421967e-10,6.239601701477945e-08,-1.6592892391888294e-08,,,,
0.8166666666666667,49,object_a,0,1,rigid_box,0.28123892836154435,4.021894955363259e-07,0.3999902640736636,2.6772665679140648e-08,-1.1928122397493307e-08,-8.882852261398161e-09,0.9999999999999996,0.6089833884951317,6.608390420424261e-07,-8.377282721683255e-11,1.7083608730647907e-08,-7.115184564433673e-09,-2.1723132772134093e-08,,,,
0.8166666666666667,49,object_b,1,1,rigid_box,0.6181847869128281,-1.1043115187104756e-06,0.3999902642623353,1.0650273256023122e-08,-1.236757556946431e-08,-1.7499826605461575e-08,0.9999999999999997,0.7675800018834659,-1.8116979311638375e-06,-1.0909756605059773e-10,1.335332551549154e-10,6.239137239386518e-08,-1.663752808425233e-08,,,,
0.8333333333333334,50,object_a,0,1,rigid_box,0.2913822917748044,4.1319657762053315e-07,0.39999026407226923,2.691500688610175e-08,-1.1987721232274374e-08,-9.064062241017297e-09,0.9999999999999994,0.6082652791639991,6.600597077364266e-07,-8.356316333335556e-11,1.7078615004632453e-08,-7.184296231204289e-09,-2.1764663255558256e-08,,,,
0.8333333333333334,50,object_b,1,1,rigid_box,0.6309692039654282,-1.13448622614206e-06,0.3999902642605222,1.0651388764879644e-08,-1.184766791429741e-08,-1.7638669661463762e-08,0.9999999999999997,0.766610886006234,-1.8094105627298391e-06,-1.0853081107431439e-10,1.341526754264654e-10,6.238675866787916e-08,-1.6681997083001466e-08,,,,
0.85,51,object_a,0,1,rigid_box,0.3015136960915343,4.241906809937843e-07,0.39999026407087784,2.705730654843944e-08,-1.2047896092532197e-08,-9.245618218282074e-09,0.9999999999999994,0.6075482302606052,6.592815243868496e-07,-8.338192636347941e-11,1.7073643290819372e-08,-7.253454810261658e-09,-2.1806173509272302e-08,,,,
0.85,51,object_b,1,1,rigid_box,0.643737483572408,-1.1646228449549796e-06,0.3999902642587185,1.0652509433517542e-08,-1.132779857069363e-08,-1.7777882555896193e-08,0.9999999999999997,0.7656434055303237,-1.8071270541133393e-06,-1.079563192313282e-10,1.347716324160158e-10,6.238217566911701e-08,-1.672629979244689e-08,,,,
0.8666666666666667,52,object_a,0,1,rigid_box,0.3116331589655939,4.3517182481705105e-07,0.3999902640694895,2.7199565093832714e-08,-1.2108648363597867e-08,-9.427520025473743e-09,0.9999999999999994,0.6068322395343941,6.585044895512524e-07,-8.323647673891266e-11,1.7068728940273588e-08,-7.322804147040058e-09,-2.1847663749365588e-08,,,,
0.8666666666666667,52,object_b,1,1,rigid_box,0.6564896529549691,-1.1947214393957716e-06,0.399990264256924,1.065363525807534e-08,-1.0807967283405843e-08,-1.791746390551912e-08,0.9999999999999997,0.7646775564498476,-1.8048473958598155e-06,-1.0739080458233019e-10,1.3539012611835033e-10,6.237762321485592e-08,-1.677043676836513e-08,,,,
0.8833333333333333,53,object_a,0,1,rigid_box,0.32174069801339017,4.461400282106584e-07,0.39999026406810423,2.7341782978053867e-08,-1.216997954353116e-08,-9.609767496488474e-09,0.9999999999999994,0.6061173047411619,6.57728600794069e-07,-8.303183314517515e-11,1.7063877571004097e-08,-7.392366959534725e-09,-2.188913412464488e-08,,,,
0.8833333333333333,53,object_b,1,1,rigid_box,0.6692257392676646,-1.2247820735536713e-06,0.3999902642551388,1.0654766234693632e-08,-1.0288173798655451e-08,-1.8057412331293707e-08,0.9999999999999997,0.7637133347719759,-1.8025715785455664e-06,-1.0686768657508505e-10,1.3600815675617452e-10,6.237310113666753e-08,-1.681440845461954e-08,,,,
0.9,54,object_a,0,1,rigid_box,0.33183633081398306,4.5709531025439964e-07,0.3999902640667219,2.7483960682058613e-08,-1.2231891232098871e-08,-9.792360467035708e-09,0.9999999999999994,0.605403423643035,6.569538556865861e-07,-8.286007123492478e-11,1.7059075377048757e-08,-7.462086673330764e-09,-2.1930584873755198e-08,,,,
0.9,54,object_b,1,1,rigid_box,0.6819457695986151,-1.2548048113611232e-06,0.3999902642533627,1.0655902359514338e-08,-9.768417864113664e-09,-1.8197726458304362e-08,0.9999999999999997,0.7627507365168847,-1.8002995927775878e-06,-1.0628413947555426e-10,1.366257244671853e-10,6.236860925093187e-08,-1.6858215434853e-08,,,,
0.9166666666666666,55,object_a,0,1,rigid_box,0.34192007490919013,4.6803768998765035e-07,0.3999902640653426,2.7626098668967898e-08,-1.2294384954664832e-08,-9.975298774572884e-09,0.9999999999999994,0.6046905940084473,6.561802518069479e-07,-8.266986400995435e-11,1.7054334767416117e-08,-7.532014018476153e-09,-2.197201626179268e-08,,,,
0.9166666666666666,55,object_b,1,1,rigid_box,0.6946497709697254,-1.2847897165942926e-06,0.39999026425159573,1.0657043628683545e-08,-9.248699228872447e-09,-1.833840491559275e-08,0.9999999999999997,0.7617897577177036,-1.7980314291934451e-06,-1.0573535623448205e-10,1.3724282996936855e-10,6.236414739815721e-08,-1.69018580916107e-08,,,,
0.9333333333333333,56,object_a,0,1,rigid_box,0.35199194780369214,4.789671864094817e-07,0.39999026406396626,2.776819743410476e-08,-1.2357462366867963e-08,-1.0158582258228042e-08,0.9999999999999994,0.6039788136121179,6.554077867401e-07,-8.250806461662652e-11,1.7049691763030286e-08,-7.602296640532766e-09,-2.201342841481455e-08,,,,
0.9333333333333333,56,object_b,1,1,rigid_box,0.7073377703369009,-1.3147368528769783e-06,0.39999026424983786,1.0664527024611022e-08,-8.75137812945372e-09,-1.847944633653965e-08,0.9999999999999997,0.7608303944204611,-1.795767081728366e-06,-1.0522195441342586e-10,1.2304872303081462e-08,1.942758209699795e-08,-1.694533736522708e-08,,,,
0.95,57,object_a,0,1,rigid_box,0.3620519669651371,4.898838184787746e-07,0.3999902640625929,2.7910257428647275e-08,-1.2421124941723623e-08,-1.0342210759012385e-08,0.9999999999999994,0.6032680802350295,6.546364580778127e-07,-8.229440739970784e-11,1.7045049189670014e-08,-7.672535388035343e-09,-2.205482157615641e-08,,,,
0.95,57,object_b,1,1,rigid_box,0.7200097945902608,-1.3446462843887904e-06,0.39999026424804,1.0811994430134717e-08,-8.748400714996161e-09,-1.862085570183188e-08,0.9999999999999997,0.7598726426840353,-1.79350660998376e-06,-1.0786843987475869e-10,1.7729069371327205e-08,1.9973579499707624e-10,-1.6990134512835752e-08,,,,
0.9666666666666667,58,object_a,0,1,rigid_box,0.3721001498242447,5.007876051143324e-07,0.3999902640612225,2.805227920443246e-08,-1.2485374564127345e-08,-1.0526184119625826e-08,0.9999999999999994,0.6025583916644057,6.538662634185663e-07,-8.21606116474527e-11,1.7040453145764363e-08,-7.742918993245894e-09,-2.2096195958243795e-08,,,,
0.9666666666666667,58,object_b,1,1,rigid_box,0.732665870554352,-1.3745180749817426e-06,0.39999026424624495,1.0959713408579077e-08,-8.747042959868214e-09,-1.8762638481234196e-08,0.9999999999999997,0.7589164985800954,-1.7912499326410955e-06,-1.0760021693090316e-10,1.7723786634779337e-08,1.3055028633006512e-10,-1.7034926329644315e-08,,,,
0.9833333333333333,59,object_a,0,1,rigid_box,0.3821365137749104,5.116785651949929e-07,0.3999902640598551,2.8194263289781898e-08,-1.2550213021499812e-08,-1.0710502184557533e-08,0.9999999999999994,0.6018497456936895,6.530972003676047e-07,-8.194685208184893e-11,1.7035989540175814e-08,-7.813801297550775e-09,-2.2137551812059346e-08,,,,
0.9833333333333333,59,object_b,1,1,rigid_box,0.7453060249883624,-1.4043522878115064e-06,0.3999902642444542,1.1107388685541857e-08,-8.746262957196312e-09,-1.8904794355125617e-08,0.9999999999999997,0.7579619581930583,-1.788997040306347e-06,-1.0732469600538419e-10,1.771858177048887e-08,6.107352149487203e-11,-1.7079679600533914e-08,,,,
1.0,60,object_a,0,1,rigid_box,0.39216107617430834,5.225567175597411e-07,0.39999026405849064,2.8336210175787554e-08,-1.2615641946486166e-08,-1.0895164800139452e-08,0.9999999999999994,0.6011421401225217,6.523292665369229e-07,-8.180068775121008e-11,1.7031563453362473e-08,-7.88479138617635e-09,-2.2178889345696758e-08,,,,
1.0,60,object_b,1,1,rigid_box,0.7579302845863332,-1.4341489858799403e-06,0.3999902642426678,1.1255019851762367e-08,-8.746059385841638e-09,-1.904732300296083e-08,0.9999999999999997,0.7570090176200315,-1.7867479237675006e-06,-1.0706220805734024e-10,1.7713259639347947e-08,-8.003135190651581e-12,-1.7124394525261394e-08,,,,
1.0166666666666666,61,object_a,0,1,rigid_box,0.4021738543429948,5.334220810078209e-07,0.3999902640571291,2.8478120405633815e-08,-1.2681663184835901e-08,-1.1080171814503097e-08,0.9999999999999994,0.6004355727567178,6.515624595451842e-07,-8.159027099774452e-11,1.7027229655138263e-08,-7.95611488229895e-09,-2.2220208706310093e-08,,,,
1.0166666666666666,61,object_b,1,1,rigid_box,0.7705386759773682,-1.4639082320356358e-06,0.39999026424088574,1.140260654691282e-08,-8.74643108961398e-09,-1.919022410528996e-08,0.9999999999999997,0.7560576729707625,-1.7845025738424002e-06,-1.0679959000503558e-10,1.7707884958161564e-08,-7.69073087037631e-11,-1.716907110786482e-08,,,,
1.0333333333333334,62,object_a,0,1,rigid_box,0.41217486556501065,5.442746742988466e-07,0.39999026405577054,2.8619994536165078e-08,-1.2748278637843787e-08,-1.1265523077737026e-08,0.9999999999999994,0.5997300414082485,6.507967770177221e-07,-8.144485259820033e-11,1.7022897065074682e-08,-8.027395383412933e-09,-2.2261510206579465e-08,,,,
1.0333333333333334,62,object_b,1,1,rigid_box,0.7831312257258461,-1.49363008897441e-06,0.399990264239108,1.1550148446801e-08,-8.747377033342937e-09,-1.9333497344031813e-08,0.9999999999999997,0.755107920367589,-1.7822609813786215e-06,-1.0654528474762781e-10,1.770252938237208e-08,-1.4589308900170442e-10,-1.7213709637581454e-08,,,,
1.05,63,object_a,0,1,rigid_box,0.42216412708798456,5.551145161529134e-07,0.39999026405441485,2.8761833090055768e-08,-1.2815490063656579e-08,-1.1451218441563044e-08,0.9999999999999994,0.5990255438952163,6.500322165865472e-07,-8.127935477442172e-11,1.7018649846006193e-08,-8.098980232189493e-09,-2.230279398962596e-08,,,,
1.05,63,object_b,1,1,rigid_box,0.7957079603316288,-1.5233146192398023e-06,0.39999026423733447,1.1697645174943756e-08,-8.748895988500836e-09,-1.9477142402377084e-08,0.9999999999999997,0.7541597559453859,-1.7800231372533055e-06,-1.0629378106863374e-10,1.7697030243617908e-08,-2.143809678485032e-10,-1.7258310218590578e-08,,,,
1.0666666666666667,64,object_a,0,1,rigid_box,0.4321416561232335,5.659416252507086e-07,0.3999902640530621,2.8903636696617596e-08,-1.288329966081506e-08,-1.1637257759649933e-08,0.9999999999999994,0.5983220780418351,6.492687758902344e-07,-8.10748638363501e-11,1.70144756347586e-08,-8.170818401102676e-09,-2.2344060341948783e-08,,,,
1.0666666666666667,64,object_b,1,1,rigid_box,0.8082689062302699,-1.5529618852235654e-06,0.3999902642355653,1.1845096424445616e-08,-8.75098696658415e-09,-1.9621158964777665e-08,0.9999999999999997,0.7532131758515174,-1.7777890323731013e-06,-1.0604413007431202e-10,1.7691573860013042e-08,-2.8303312146022653e-10,-1.7302873027210413e-08,,,,
1.0833333333333333,65,object_a,0,1,rigid_box,0.4421074698458659,5.767560202336215e-07,0.39999026405171223,2.904540592195965e-08,-1.2951709365392127e-08,-1.1823640887576904e-08,0.9999999999999994,0.5976196416784081,6.485064525740069e-07,-8.089129713284571e-11,1.701041705596034e-08,-8.24308674640506e-09,-2.2385309460762227e-08,,,,
1.0833333333333333,65,object_b,1,1,rigid_box,0.8208140897932228,-1.5825719491661558e-06,0.39999026423380035,1.1992501834258016e-08,-8.753648778905211e-09,-1.976554671697104e-08,0.9999999999999997,0.7522681762457841,-1.7755586576739848e-06,-1.0575402012436008e-10,1.7686080116847883e-08,-3.515636326254048e-10,-1.7347398164095634e-08,,,,
1.1,66,object_a,0,1,rigid_box,0.45206158539488206,5.875577197038527e-07,0.39999026405036525,2.9187141322509744e-08,-1.3020721071499699e-08,-1.2010367682726078e-08,0.9999999999999994,0.5969182326413066,6.47745244289682e-07,-8.071677701226854e-11,1.7006340605166484e-08,-8.315230756384465e-09,-2.242654158658364e-08,,,,
1.1,66,object_b,1,1,rigid_box,0.8333435373280472,-1.6121448731572235e-06,0.3999902642320396,1.2139861092286761e-08,-8.756880403897766e-09,-1.9910305346010585e-08,0.9999999999999997,0.7513247533003742,-1.7733320041211933e-06,-1.0555793392152957e-10,1.7680446660677334e-08,-4.196057373863116e-10,-1.7391885826578664e-08,,,,
1.1166666666666667,67,object_a,0,1,rigid_box,0.4620040198732757,5.98346742224525e-07,0.39999026404902116,2.9328843559012394e-08,-1.3090337105847406e-08,-1.2197438004555122e-08,0.9999999999999993,0.5962178487729496,6.469851486955695e-07,-8.056091904684592e-11,1.700241186300347e-08,-8.387938180413216e-09,-2.246775693444758e-08,,,,
1.1166666666666667,67,object_b,1,1,rigid_box,0.8458572750786151,-1.6416807191360959e-06,0.39999026423028317,1.228717391207713e-08,-8.7606809045744e-09,-2.0055434540161843e-08,0.9999999999999997,0.750382903199813,-1.7711090627090946e-06,-1.052747004154364e-10,1.767489387427977e-08,-4.879462181330226e-10,-1.743633616521005e-08,,,,
1.1333333333333333,68,object_a,0,1,rigid_box,0.4719347903481339,6.091231063197906e-07,0.39999026404767996,2.9470513211400008e-08,-1.3160559458005906e-08,-1.238485171430059e-08,0.9999999999999993,0.595518487921782,6.462261634565739e-07,-8.041068852437938e-11,1.6998526872066844e-08,-8.460776793900377e-09,-2.250895576578558e-08,,,,
1.1333333333333333,68,object_b,1,1,rigid_box,0.8583553292253161,-1.6711795488922638e-06,0.3999902642285309,1.2434439944296953e-08,-8.765049112001317e-09,-2.020093398905666e-08,0.9999999999999997,0.749442622140914,-1.7688898244610231e-06,-1.0500498387466806e-10,1.766927568708258e-08,-5.560620971702729e-10,-1.748074929041508e-08,,,,
1.15,69,object_a,0,1,rigid_box,0.4818539138507378,6.198868304749415e-07,0.39999026404634164,2.9612150905341923e-08,-1.3231390306283714e-08,-1.2572608675034409e-08,0.9999999999999993,0.5948201479422534,6.454682862440861e-07,-8.020123627716647e-11,1.6994748208688824e-08,-8.534007045704322e-09,-2.2550138280896872e-08,,,,
1.15,69,object_b,1,1,rigid_box,0.8708377258852628,-1.7006414240658632e-06,0.3999902642267828,1.258165892250004e-08,-8.76998414679375e-09,-2.0346803383565907e-08,0.9999999999999997,0.7485039063327281,-1.7666742804292422e-06,-1.0476857402463846e-10,1.7663620187419724e-08,-6.240530815748544e-10,-1.752512542047005e-08,,,,
1.1666666666666667,70,object_a,0,1,rigid_box,0.4917614073766622,6.306379331365165e-07,0.39999026404500615,2.975375731069097e-08,-1.3302832012900912e-08,-1.2760708752036543e-08,0.9999999999999993,0.5941228266947971,6.447115147359618e-07,-8.003567426861924e-11,1.699103570485658e-08,-8.607461468582263e-09,-2.2591304726188263e-08,,,,
1.1666666666666667,70,object_b,1,1,rigid_box,0.8833044911124919,-1.730066406148155e-06,0.3999902642250389,1.2728830548762588e-08,-8.775485009600835e-09,-2.0493042415635693e-08,0.9999999999999997,0.7475667519964958,-1.7644624216947662e-06,-1.0455757613880845e-10,1.7657926469295747e-08,-6.919149976171889e-10,-1.7569464683597042e-08,,,,
1.1833333333333333,71,object_a,0,1,rigid_box,0.5016572878858756,6.413764327124096e-07,0.39999026404367355,2.98953330463024e-08,-1.3374886725862898e-08,-1.2949151812385543e-08,0.9999999999999993,0.5934265220458103,6.439558466165635e-07,-7.990908802713026e-11,1.698739076505265e-08,-8.681145582033212e-09,-2.2632455313358667e-08,,,,
1.1833333333333333,71,object_b,1,1,rigid_box,0.8957556508981689,-1.7594545564820051e-06,0.39999026422329925,1.2875954517777878e-08,-8.781550668067355e-09,-2.0639650778850655e-08,0.9999999999999997,0.7466311553655981,-1.7622542393672567e-06,-1.0425634140720508e-10,1.7652178831208355e-08,-7.595904096524279e-10,-1.761376721712903e-08,,,,
1.2,72,object_a,0,1,rigid_box,0.5115415723028389,6.521023475719776e-07,0.3999902640423437,3.0036878820658214e-08,-1.344755696674316e-08,-1.3137937725138967e-08,0.9999999999999993,0.5927312318676321,6.43201279576642e-07,-7.971995286126798e-11,1.6983808413557934e-08,-8.755038335332036e-09,-2.2673590322627657e-08,,,,
1.2,72,object_b,1,1,rigid_box,0.9081912311707899,-1.78880593626236e-06,0.3999902642215637,1.3023030559271695e-08,-8.788180208279969e-09,-2.0786628167777037e-08,0.9999999999999997,0.7456971126855063,-1.7600497245849328e-06,-1.0403191849639448e-10,1.7646397419238678e-08,-8.271508030388624e-10,-1.765803316480498e-08,,,,
1.2166666666666666,73,object_a,0,1,rigid_box,0.5214142775166045,6.628156960461472e-07,0.3999902640410168,3.017839526642656e-08,-1.352084493916943e-08,-1.3327066361409825e-08,0.9999999999999993,0.5920369540385236,6.424478113134261e-07,-7.95348040899535e-11,1.6980348619660587e-08,-8.829390743541783e-09,-2.2714709975074188e-08,,,,
1.2166666666666666,73,object_b,1,1,rigid_box,0.9206112577963815,-1.8181206065367218e-06,0.3999902642198323,1.3170058428747278e-08,-8.795372802961968e-09,-2.0933974278433248e-08,0.9999999999999997,0.7447646202137349,-1.7578488685144488e-06,-1.0376686489232956e-10,1.7640615866296973e-08,-8.947168103293786e-10,-1.770226271761029e-08,,,,
1.2333333333333334,74,object_a,0,1,rigid_box,0.531275420380915,6.735164964275215e-07,0.3999902640396926,3.031988311418302e-08,-1.3594753255832163e-08,-1.351653759435096e-08,0.9999999999999993,0.591343686442647,6.416954395304845e-07,-7.934965184919207e-11,1.697695619510081e-08,-8.903971601261706e-09,-2.2755814507353713e-08,,,,
1.2333333333333334,74,object_b,1,1,rigid_box,0.9330157565787022,-1.84739862820562e-06,0.399990264218105,1.3317037829855173e-08,-8.803127430963698e-09,-2.108168880799166e-08,0.9999999999999997,0.7438336742197934,-1.755651662350739e-06,-1.0354554019764706e-10,1.7634818325803527e-08,-9.62230762913633e-10,-1.7746456002855482e-08,,,,
1.25,75,object_a,0,1,rigid_box,0.5411250177143008,6.842047669704867e-07,0.3999902640383713,3.046134304605913e-08,-1.3669284325427586e-08,-1.3706351299066394e-08,0.9999999999999993,0.5906514269700447,6.409441619377993e-07,-7.919339489736998e-11,1.6973654971317826e-08,-8.978880698593633e-09,-2.2796904159847086e-08,,,,
1.25,75,object_b,1,1,rigid_box,0.945404753259441,-1.876640062023084e-06,0.3999902642163819,1.3463968516307411e-08,-8.811443245142546e-09,-2.1229771455030525e-08,0.9999999999999997,0.7429042709851372,-1.753458097316962e-06,-1.0322082251434939e-10,1.762890535533127e-08,-1.0293322232376252e-09,-1.779061317217833e-08,,,,
1.2666666666666666,76,object_a,0,1,rigid_box,0.5509630863001782,6.94880525891318e-07,0.39999026403705273,3.060277580131808e-08,-1.3744440795567968e-08,-1.3896507352698569e-08,0.9999999999999993,0.58996017351662,6.401939762516741e-07,-7.90390582844358e-11,1.6970451160713114e-08,-9.054144217345313e-09,-2.2837979209668152e-08,,,,
1.2666666666666666,76,object_b,1,1,rigid_box,0.9577782735184172,-1.9058449685971113e-06,0.3999902642146629,1.3610850257510009e-08,-8.820319448512728e-09,-2.137822191921958e-08,0.9999999999999996,0.7419764068031218,-1.7512681646643675e-06,-1.0303598252381363e-10,1.7623062446646775e-08,-1.0966913690975885e-09,-1.7834734408736396e-08,,,,
1.2833333333333334,77,object_a,0,1,rigid_box,0.5607896428869471,7.055437913682858e-07,0.399990264035737,3.074418207876132e-08,-1.3820225143058585e-08,-1.408700563457631e-08,0.9999999999999993,0.5892699239841154,6.394448801947789e-07,-7.883047339896088e-11,1.6967278280624485e-08,-9.129481989167895e-09,-2.2879039852580323e-08,,,,
1.2833333333333334,77,object_b,1,1,rigid_box,0.9701363429737777,-1.935013408390133e-06,0.39999026421294787,1.3757682777954356e-08,-8.829755075137495e-09,-2.1527039901658602e-08,0.9999999999999996,0.741050077978952,-1.7490818556721495e-06,-1.0277524664648041e-10,1.7617118267661514e-08,-1.1636870972159798e-09,-1.7878819810822718e-08,,,,
1.3,78,object_a,0,1,rigid_box,0.5706047041880881,7.161945815417597e-07,0.39999026403442406,3.0885562677351524e-08,-1.3896640265526687e-08,-1.4277846026063613e-08,0.9999999999999993,0.5885806762800934,6.386968714960315e-07,-7.866618294272154e-11,1.6964264728272e-08,-9.205434846919435e-09,-2.292008643932421e-08,,,,
1.3,78,object_b,1,1,rigid_box,0.9824789871821935,-1.9641454417194833e-06,0.399990264211237,1.3904465873784856e-08,-8.839749412242324e-09,-2.167622510469659e-08,0.9999999999999996,0.7401252808296377,-1.7468991616474012e-06,-1.0252623056095089e-10,1.7611191843215114e-08,-1.230750170110233e-09,-1.7922869608833967e-08,,,,
1.3166666666666667,79,object_a,0,1,rigid_box,0.5804082868822589,7.268329145143147e-07,0.39999026403311383,3.102691831957099e-08,-1.3973688737515863e-08,-1.446902841054465e-08,0.9999999999999993,0.5878924283179159,6.37949947890696e-07,-7.854302451482109e-11,1.6961319777637713e-08,-9.281620369767491e-09,-2.2961119129664374e-08,,,,
1.3166666666666667,79,object_b,1,1,rigid_box,0.9948062316390573,-1.993241128757858e-06,0.3999902642095302,1.4051199302093004e-08,-8.85030159901415e-09,-2.1825777231891725e-08,0.9999999999999996,0.7392020116839453,-1.7447200739249425e-06,-1.0231296192209083e-10,1.760522038133238e-08,-1.2976519222626509e-09,-1.7966883892472202e-08,,,,
1.3333333333333333,80,object_a,0,1,rigid_box,0.5902004076133915,7.37458808350835e-07,0.39999026403180643,3.116824977520574e-08,-1.4051373332163993e-08,-1.4660552673644492e-08,0.9999999999999993,0.5872051780167236,6.372041071202759e-07,-7.839275929788503e-11,1.695845667162413e-08,-9.358094122175244e-09,-2.3002138192441244e-08,,,,
1.3333333333333333,80,object_b,1,1,rigid_box,1.0071181017786777,-2.0223005295337796e-06,0.39999026420782746,1.419788285043124e-08,-8.861410879083967e-09,-2.1975695988155942e-08,0.9999999999999996,0.7382802668823516,-1.7425445838672445e-06,-1.0200672771742969e-10,1.759921501528454e-08,-1.3644318633013337e-09,-1.8010862802065838e-08,,,,
1.35,81,object_a,0,1,rigid_box,0.599981082990788,7.480722810786188e-07,0.39999026403050175,3.130955786337313e-08,-1.4129697030400706e-08,-1.4852418703128208e-08,0.9999999999999992,0.5865189233014174,6.364593469324932e-07,-7.817605937598948e-11,1.695566496837559e-08,-9.434811682296622e-09,-2.3043143915437858e-08,,,,
1.35,81,object_b,1,1,rigid_box,1.0194146229744743,-2.0513237039320537e-06,0.3999902642061287,1.434451629267091e-08,-8.873076439907922e-09,-2.2125981079595884e-08,0.9999999999999996,0.7373600427769956,-1.7403726828643009e-06,-1.0179830936540846e-10,1.759317771807846e-08,-1.431096465279792e-09,-1.8054806557595376e-08,,,,
1.3666666666666667,82,object_a,0,1,rigid_box,0.6097503295892158,7.586733506874813e-07,0.39999026402919985,3.145084336248333e-08,-1.4208662640346752e-08,-1.5044626388902376e-08,0.9999999999999992,0.5858336621026372,6.357156650813247e-07,-7.801742932245226e-11,1.695298569581028e-08,-9.511946442266046e-09,-2.3084136545196502e-08,,,,
1.3666666666666667,82,object_b,1,1,rigid_box,1.031695820539173,-2.0803107116942322e-06,0.399990264204434,1.449109944088315e-08,-8.885297602097492e-09,-2.227663221364796e-08,0.9999999999999996,0.7364413357316338,-1.7382043623335396e-06,-1.0157899868468157e-10,1.7587159774991304e-08,-1.4978320610682478e-09,-1.8098715246656537e-08,,,,
1.3833333333333333,83,object_a,0,1,rigid_box,0.6195081639490043,7.692620351298585e-07,0.39999026402790067,3.159210713368597e-08,-1.4288273319624185e-08,-1.5237175622960194e-08,0.9999999999999992,0.5851493923567421,6.34973059326901e-07,-7.786544325982803e-11,1.695049157658799e-08,-9.5898072533101e-09,-2.312511641131613e-08,,,,
1.3833333333333333,83,object_b,1,1,rigid_box,1.0439617197249977,-2.1092616124190627e-06,0.3999902642027433,1.463763207818999e-08,-8.898073574698284e-09,-2.2427649099095653e-08,0.9999999999999996,0.7355241421215929,-1.7360396137196822e-06,-1.0129227838440169e-10,1.758106797342286e-08,-1.5642978125682269e-09,-1.8142589093969402e-08,,,,
1.4,84,object_a,0,1,rigid_box,0.6292546025761387,7.798383523209115e-07,0.3999902640266042,3.173334994606545e-08,-1.4368531835139108e-08,-1.5430066299709924e-08,0.9999999999999992,0.584466112005792,6.342315274355989e-07,-7.767908191680384e-11,1.6947972688092193e-08,-9.667503148783173e-09,-2.3166083612822107e-08,,,,
1.4,84,object_b,1,1,rigid_box,1.056212345723863,-2.1381764655629463e-06,0.3999902642010566,1.4784114012371974e-08,-8.911403650410942e-09,-2.257903144586533e-08,0.9999999999999996,0.7346084583337246,-1.7338784284946638e-06,-1.0108569190037109e-10,1.757494524778841e-08,-1.6306493489977904e-09,-1.8186428183945644e-08,,,,
1.4166666666666667,85,object_a,0,1,rigid_box,0.6389896619423557,7.904023201386264e-07,0.3999902640253105,3.187457273100237e-08,-1.444944164149894e-08,-1.5623298315563292e-08,0.9999999999999992,0.5837838189975264,6.334910671798512e-07,-7.755944324283615e-11,1.694564421414417e-08,-9.745947775353507e-09,-2.320703860288929e-08,,,,
1.4166666666666667,85,object_b,1,1,rigid_box,1.068447723667566,-2.1670553304403923e-06,0.3999902641993739,1.4930545087049702e-08,-8.92528724737436e-09,-2.273077896518635e-08,0.9999999999999996,0.7336942807663592,-1.7317207981575307e-06,-1.0082864577987127e-10,1.7568885442461146e-08,-1.6972300066836571e-09,-1.8230232708752648e-08,,,,
1.4333333333333333,86,object_a,0,1,rigid_box,0.6487133584852385,8.009539564239199e-07,0.39999026402401944,3.201577629448288e-08,-1.4531005660674555e-08,-1.581687156946424e-08,0.9999999999999992,0.5831025112853447,6.327516763383181e-07,-7.740522459109833e-11,1.6943380526881622e-08,-9.824607169365059e-09,-2.324798154746361e-08,,,,
1.4333333333333333,86,object_b,1,1,rigid_box,1.0806678786279773,-2.195898266224463e-06,0.3999902641976951,1.5076925097507266e-08,-8.939723600895296e-09,-2.288289136960199e-08,0.9999999999999996,0.7327816058292599,-1.7295667142342864e-06,-1.0061312373521591e-10,1.7562722009652298e-08,-1.7634287431470282e-09,-1.8274002780187436e-08,,,,
1.45,87,object_a,0,1,rigid_box,0.6584257086083091,8.114932789807383e-07,0.39999026402273113,3.215696152316795e-08,-1.461322715601002e-08,-1.6010785962340897e-08,0.9999999999999992,0.5824221868282888,6.320133526957278e-07,-7.720219602491696e-11,1.6941243261729816e-08,-9.903743466834395e-09,-2.3288912748983857e-08,,,,
1.45,87,object_b,1,1,rigid_box,1.0928728356172313,-2.224705331947229e-06,0.39999026419602035,1.5223253866688944e-08,-8.954712041761322e-09,-2.3035368372999285e-08,0.9999999999999996,0.7318704299435784,-1.7274161682778257e-06,-1.0036849476535714e-10,1.7556544563961306e-08,-1.8295732335765183e-09,-1.831773861172514e-08,,,,
1.4666666666666666,88,object_a,0,1,rigid_box,0.6681267286811241,8.220203055761627e-07,0.39999026402144555,3.22981293568607e-08,-1.4696109617228177e-08,-1.6205041397530312e-08,0.9999999999999992,0.5817428435910212,6.312760940428736e-07,-7.707872881623778e-11,1.693920125288532e-08,-9.983223848588402e-09,-2.332983248340287e-08,,,,
1.4666666666666666,88,object_b,1,1,rigid_box,1.1050626195879152,-2.2534765865002095e-06,0.39999026419434947,1.5369531231457627e-08,-8.970251945779905e-09,-2.318820969042542e-08,0.9999999999999996,0.7309607495418087,-1.7252691518678234e-06,-1.0012162626749088e-10,1.7550348766980423e-08,-1.895646797115752e-09,-1.8361440304623124e-08,,,,
1.4833333333333334,89,object_a,0,1,rigid_box,0.6778164350393677,8.325350539405065e-07,0.3999902640201626,3.2439280675609354e-08,-1.4779656278738277e-08,-1.6399637780717584e-08,0.9999999999999992,0.5810644795438072,6.305398981766689e-07,-7.688057308830043e-11,1.693724770761451e-08,-1.0063018921674211e-08,-2.3370740998064108e-08,,,,
1.4833333333333334,89,object_b,1,1,rigid_box,1.117237255433259,-2.282212088634825e-06,0.3999902641926826,1.5515757068453858e-08,-8.986342829837135e-09,-2.334141503829497e-08,0.9999999999999996,0.7300525610677429,-1.7231256566106383e-06,-9.994070675201083e-11,1.7544184595254806e-08,-1.9618330873690192e-09,-1.8405108067832152e-08,,,,
1.5,90,object_a,0,1,rigid_box,0.6874948439849439,8.430375417674193e-07,0.3999902640188823,3.258041641127311e-08,-1.486387059510125e-08,-1.659457501990736e-08,0.9999999999999992,0.5803870926624946,6.298047629000513e-07,-7.672703965233563e-11,1.6935430643779627e-08,-1.0143333855928501e-08,-2.341163864803801e-08,,,,
1.5,90,object_b,1,1,rigid_box,1.12939676798732,-2.3109118969628348e-06,0.3999902641910196,1.5661931207835276e-08,-9.002984034188383e-09,-2.349498413427985e-08,0.9999999999999996,0.7291458609764259,-1.7209856741391644e-06,-9.966388478388488e-11,1.7538006473034122e-08,-2.0279638138959213e-09,-1.844874199292604e-08,,,,
1.5166666666666666,91,object_a,0,1,rigid_box,0.6971619717860703,8.535277867139857e-07,0.39999026401760474,3.272153758601317e-08,-1.4948756406959913e-08,-1.6789853025562137e-08,0.9999999999999992,0.5797106809284954,6.290706860219355e-07,-7.657050341003391e-11,1.693378603265026e-08,-1.0224322917198226e-08,-2.345252568450215e-08,,,,
1.5166666666666666,91,object_b,1,1,rigid_box,1.1415411820251737,-2.339576069956781e-06,0.39999026418936046,1.580805346961736e-08,-9.020174855590983e-09,-2.3648916697315253e-08,0.9999999999999996,0.728240645734112,-1.7188491961127434e-06,-9.943201990936235e-11,1.753177268616797e-08,-2.0938843269025005e-09,-1.8492342293667816e-08,,,,
1.5333333333333334,92,object_a,0,1,rigid_box,0.706817834677371,8.640058064008265e-07,0.3999902640163298,3.286264508563029e-08,-1.503431697055824e-08,-1.698547171032813e-08,0.9999999999999992,0.5790352423287664,6.283376653573459e-07,-7.641825019999438e-11,1.6932189840814594e-08,-1.0305454912204193e-08,-2.349340236112016e-08,,,,
1.5333333333333334,92,object_b,1,1,rigid_box,1.1536705222630996,-2.3682046659504293e-06,0.3999902641877052,1.5954123753427606e-08,-9.037914879161418e-09,-2.3803212447658024e-08,0.9999999999999996,0.727336911818219,-1.7167162142171106e-06,-9.920111954109245e-11,1.7525510384025667e-08,-2.1596937156931986e-09,-1.8535909051686856e-08,,,,
1.55,93,object_a,0,1,rigid_box,0.7164624488599681,8.744716184121979e-07,0.39999026401505755,3.3003739907563644e-08,-1.512055601938321e-08,-1.718143098948736e-08,0.9999999999999992,0.57836077485579,6.276056987272285e-07,-7.627963712064645e-11,1.6930695928050355e-08,-1.0386960011486228e-08,-2.353426899398551e-08,,,,
1.55,93,object_b,1,1,rigid_box,1.1657848133587634,-2.396797743139206e-06,0.3999902641860539,1.6100141926255225e-08,-9.056203564364793e-09,-2.3957871106872884e-08,0.9999999999999996,0.7264346557172857,-1.7145867201642276e-06,-9.898751957004848e-11,1.751923236985728e-08,-2.2254387710514063e-09,-1.8579442511523977e-08,,,,
1.5666666666666667,94,object_a,0,1,rigid_box,0.7260958305015732,8.849252402960921e-07,0.3999902640137879,3.3144823109382265e-08,-1.520747754463395e-08,-1.7377730780667163e-08,0.9999999999999991,0.577687276507555,6.268747839584649e-07,-7.61116291519981e-11,1.6929377421871218e-08,-1.0469152245920212e-08,-2.3575125901407e-08,,,,
1.5666666666666667,94,object_b,1,1,rigid_box,1.1778840799114072,-2.4253553595806356e-06,0.3999902641844065,1.624610786025984e-08,-9.075040384165513e-09,-2.411289239770177e-08,0.9999999999999996,0.7255338739309272,-1.7124607056922031e-06,-9.871089362567531e-11,1.7512990651441816e-08,-2.291311689993074e-09,-1.8622942778065747e-08,,,,
1.5833333333333333,95,object_a,0,1,rigid_box,0.7357179957365808,8.953666895643353e-07,0.39999026401252086,3.328589567812286e-08,-1.5295085234182868e-08,-1.7574371003925665e-08,0.9999999999999991,0.5770147452875384,6.261449188839387e-07,-7.592038976655946e-11,1.692817094609943e-08,-1.0551759592114628e-08,-2.3615973374216346e-08,,,,
1.5833333333333333,95,object_b,1,1,rigid_box,1.1899683464620305,-2.453877573194774e-06,0.39999026418276284,1.639202143196372e-08,-9.094424822405836e-09,-2.4268276044255276e-08,0.9999999999999996,0.7246345629697913,-1.7103381625651843e-06,-9.849902490866036e-11,1.750671186266794e-08,-2.3570400086027677e-09,-1.866641000073778e-08,,,,
1.6,96,object_a,0,1,rigid_box,0.7453289606661572,9.057959836926877e-07,0.3999902640112565,3.342695865387875e-08,-1.538338300317924e-08,-1.777135158192342e-08,0.9999999999999991,0.5763431792046863,6.254161013424345e-07,-7.576837421363614e-11,1.6927052289209695e-08,-1.063467739204681e-08,-2.3656811674566713e-08,,,,
1.6,96,object_b,1,1,rigid_box,1.2020376374935726,-2.482364441764645e-06,0.39999026418112305,1.6537882536385382e-08,-9.11435642632719e-09,-2.4424021771963535e-08,0.9999999999999996,0.7237367193555159,-1.7082190825732683e-06,-9.826032869308943e-11,1.750035937060813e-08,-2.4224864507472494e-09,-1.8709844319385327e-08,,,,
1.6166666666666667,97,object_a,0,1,rigid_box,0.7549287413583335,9.162131401209409e-07,0.3999902640099947,3.356801312314032e-08,-1.5472374965897737e-08,-1.7968672439770065e-08,0.9999999999999991,0.5756725762733952,6.246883291786194e-07,-7.561032702718684e-11,1.69260902704398e-08,-1.0718201827800531e-08,-2.369764111250605e-08,,,,
1.6166666666666667,97,object_b,1,1,rigid_box,1.214091977431099,-2.5108160229366677e-06,0.39999026417948713,1.6683691082715963e-08,-9.134834790908295e-09,-2.4580129307580888e-08,0.9999999999999994,0.7228403396206835,-1.7061034575323924e-06,-9.807921488858007e-11,1.7494092656696707e-08,-2.4882436462143604e-09,-1.8753245947263135e-08,,,,
1.6333333333333333,98,object_a,0,1,rigid_box,0.7645173538480959,9.266181762530169e-07,0.39999026400873555,3.3709060170320465e-08,-1.556206522749131e-08,-1.8166333505195727e-08,0.9999999999999991,0.5750029345134932,6.239616002430572e-07,-7.546706141947634e-11,1.692526800061372e-08,-1.080226047628305e-08,-2.3738462078563784e-08,,,,
1.6333333333333333,98,object_b,1,1,rigid_box,1.2261313906419804,-2.539232374221089e-06,0.399990264177855,1.6829446938752958e-08,-9.155859351579442e-09,-2.473659837905971e-08,0.9999999999999994,0.7219454203087812,-1.7039912792842043e-06,-9.786037084846821e-11,1.7487751022538337e-08,-2.5537130045338493e-09,-1.879661500970545e-08,,,,
1.65,99,object_a,0,1,rigid_box,0.7740948141374752,9.370111094570658e-07,0.399990264007479,3.3850100886643246e-08,-1.5652457921591597e-08,-1.836433470845024e-08,0.9999999999999991,0.5743342519502211,6.232359123921813e-07,-7.532639616225634e-11,1.692455754372084e-08,-1.0886732358036665e-08,-2.3779274770605954e-08,,,,
1.65,99,object_b,1,1,rigid_box,1.238155901436076,-2.567613552992408e-06,0.3999902641762267,1.6975150048826923e-08,-9.177429823736096e-09,-2.4893428715644966e-08,0.9999999999999994,0.7210519579741556,-1.7018825396960254e-06,-9.759890985672204e-11,1.7481387861007678e-08,-2.6190923722167894e-09,-1.8839951660191273e-08,,,,
1.6666666666666667,100,object_a,0,1,rigid_box,0.7836611381956372,9.473919570655629e-07,0.399990264006225,3.3991136430572986e-08,-1.57435574719189e-08,-1.8562675982426172e-08,0.9999999999999991,0.5736665266142151,6.225112634882331e-07,-7.514534827723907e-11,1.6924050944778596e-08,-1.0972015675120037e-08,-2.3820079610762036e-08,,,,
1.6666666666666667,100,object_b,1,1,rigid_box,1.250165534065913,-2.595959616489811e-06,0.3999902641746021,1.7120800307443956e-08,-9.199545732158872e-09,-2.5050620047918436e-08,0.9999999999999994,0.7201599491819712,-1.6997772306606813e-06,-9.735053735360211e-11,1.7475048580073472e-08,-2.6845506470294137e-09,-1.888325599188977e-08,,,,
1.6833333333333333,101,object_a,0,1,rigid_box,0.7932163419589726,9.577607363754057e-07,0.3999902640049736,3.4132167916477414e-08,-1.5835368111057945e-08,-1.8761357262725208e-08,0.9999999999999991,0.5729997565414872,6.2178765139932e-07,-7.504850040029876e-11,1.6923625968879698e-08,-1.1057581532567817e-08,-2.3860876847514457e-08,,,,
1.6833333333333333,101,object_b,1,1,rigid_box,1.2621603127268666,-2.624270621817584e-06,0.39999026417298134,1.726639765949822e-08,-9.222206785063439e-09,-2.5208172107887058e-08,0.9999999999999994,0.719269390508168,-1.6976753440964559e-06,-9.714226818779981e-11,1.7468729342915282e-08,-2.750073671002606e-09,-1.8926528312336497e-08,,,,
1.7,102,object_a,0,1,rigid_box,0.8027604413311868,9.681174646480123e-07,0.3999902640037248,3.4273196512944784e-08,-1.592789430514327e-08,-1.8960378487521867e-08,0.9999999999999991,0.572333939773407,6.210650739993258e-07,-7.48955342189106e-11,1.692332624260238e-08,-1.1143618243142963e-08,-2.390166680497448e-08,,,,
1.7,102,object_b,1,1,rigid_box,1.2741402615573387,-2.6525466259455446e-06,0.39999026417136435,1.741194202940484e-08,-9.245412608814417e-09,-2.5366084628601577e-08,0.9999999999999994,0.7183802785394187,-1.6955768719469536e-06,-9.694191456521839e-11,1.746237123783914e-08,-2.8154401572969105e-09,-1.896976865493507e-08,,,,
1.7166666666666666,103,object_a,0,1,rigid_box,0.8122934521833884,9.78462159109416e-07,0.3999902640024785,3.44142234098935e-08,-1.602114061211245e-08,-1.9159739597665644e-08,0.9999999999999991,0.5716690743566842,6.203435291679147e-07,-7.47163077935431e-11,1.6923161072820363e-08,-1.1230165860765565e-08,-2.394244979541099e-08,,,,
1.7166666666666666,103,object_b,1,1,rigid_box,1.2861054046389386,-2.6807876857094607e-06,0.39999026416975114,1.7557433319366555e-08,-9.269162741865125e-09,-2.5524357344634587e-08,0.9999999999999994,0.7174926098730864,-1.693481806181e-06,-9.669488300334539e-11,1.7455948213867297e-08,-2.880551243151975e-09,-1.9012977160039086e-08,,,,
1.7333333333333334,104,object_a,0,1,rigid_box,0.8218153903541786,9.887948369503626e-07,0.3999902640012348,3.455524987311194e-08,-1.611511191901329e-08,-1.9359440536831307e-08,0.9999999999999991,0.5710051583433501,6.19623014790474e-07,-7.453855241368323e-11,1.69231935811425e-08,-1.1317498810925929e-08,-2.3983226246968622e-08,,,,
1.7333333333333334,104,object_b,1,1,rigid_box,1.2980557659966585,-2.7089938578114714e-06,0.3999902641681416,1.7702871530318893e-08,-9.293457087998272e-09,-2.5682989991733656e-08,0.9999999999999994,0.7166063811171848,-1.6913901387926054e-06,-9.644190307467326e-11,1.7449615443180483e-08,-2.945988986297374e-09,-1.905615408821554e-08,,,,
1.75,105,object_a,0,1,rigid_box,0.831326271649739,9.991155153264047e-07,0.39999026399999366,3.4696277072520434e-08,-1.6209812695643063e-08,-1.9559481251435455e-08,0.9999999999999991,0.5703421897907388,6.189035287582117e-07,-7.441792494733424e-11,1.6923337139384625e-08,-1.1405240354776702e-08,-2.4023996353990735e-08,,,,
1.75,105,object_b,1,1,rigid_box,1.3099913695990522,-2.737165198820502e-06,0.3999902641665358,1.784825657364857e-08,-9.318295210591418e-09,-2.5841982307113078e-08,0.9999999999999994,0.7157215888903335,-1.6893018618007686e-06,-9.62184238534336e-11,1.7443222953196514e-08,-3.0111896947645288e-09,-1.909929955419071e-08,,,,
1.7666666666666666,106,object_a,0,1,rigid_box,0.8408261118439206,1.0094242113579992e-06,0.399990263998755,3.483730634066915e-08,-1.6305248118457342e-08,-1.9759861690728143e-08,0.999999999999999,0.5696801667614695,6.181850689679601e-07,-7.426230463902783e-11,1.6923667366473605e-08,-1.149371967945245e-08,-2.4064760605513556e-08,,,,
1.7666666666666666,106,object_b,1,1,rigid_box,1.3219122393584088,-2.765301765172684e-06,0.3999902641649338,1.7993588422374005e-08,-9.343676899462844e-09,-2.6001334029123696e-08,0.9999999999999994,0.7148382298217191,-1.687216967249459e-06,-9.60389233417569e-11,1.743680433059863e-08,-3.0762785648797327e-09,-1.9142413704974318e-08,,,,
1.7833333333333334,107,object_a,0,1,rigid_box,0.8503149266783309,1.0197209421306012e-06,0.3999902639975189,3.4978338909593225e-08,-1.6401422925846178e-08,-1.9960581806884305e-08,0.999999999999999,0.5690190873234298,6.174676333223374e-07,-7.412836490472419e-11,1.6924143784833636e-08,-1.1582760343040295e-08,-2.4105519232318873e-08,,,,
1.7833333333333334,107,object_b,1,1,rigid_box,1.3338183991309334,-2.7934036131717686e-06,0.3999902641633354,1.813886702046032e-08,-9.369601830579472e-09,-2.6161044897515812e-08,0.9999999999999994,0.7139563005510534,-1.6851354472074698e-06,-9.584717741706328e-11,1.7430419661472204e-08,-3.1414813539031156e-09,-1.9185496646902023e-08,,,,
1.8,108,object_a,0,1,rigid_box,0.8597927318624226,1.0300057246947596e-06,0.39999026399628534,3.511937612739734e-08,-1.649834236100779e-08,-2.0161641554829996e-08,0.999999999999999,0.5683589495497556,6.16751219729577e-07,-7.391807131662542e-11,1.6924784693848228e-08,-1.1672442076568593e-08,-2.4146272606914112e-08,,,,
1.8,108,object_b,1,1,rigid_box,1.345709872716917,-2.821470798989537e-06,0.39999026416174077,1.8284092357766557e-08,-9.396069848353555e-09,-2.6321114653329795e-08,0.9999999999999994,0.7130757977285306,-1.683057293768363e-06,-9.557481715771754e-11,1.7423987342518267e-08,-3.2064899490188126e-09,-1.9228548637879427e-08,,,,
1.8166666666666667,109,object_a,0,1,rigid_box,0.8692595430735799,1.0402785760662098e-06,0.3999902639950543,3.526041929234488e-08,-1.6596011448881393e-08,-2.0363040892379344e-08,0.999999999999999,0.567699751518815,6.160358261036256e-07,-7.379187712264201e-11,1.6925544980105733e-08,-1.1762567603241126e-08,-2.4187021089318854e-08,,,,
1.8166666666666667,109,object_b,1,1,rigid_box,1.3575866838609134,-2.849503378666218e-06,0.39999026416014977,1.8429264429108165e-08,-9.423080811679195e-09,-2.6481543038946663e-08,0.9999999999999994,0.7121967180147883,-1.6809824990503504e-06,-9.533997202826328e-11,1.7417662383338305e-08,-3.2718894479688007e-09,-1.9271569763873162e-08,,,,
1.8333333333333333,110,object_a,0,1,rigid_box,0.8787153759572068,1.0505395132259698e-06,0.3999902639938257,3.540146980601899e-08,-1.6694435665206436e-08,-2.056477978045069e-08,0.999999999999999,0.5670414913141891,6.153214503640158e-07,-7.36444100146727e-11,1.692650278793821e-08,-1.1853478299928076e-08,-2.4227765051870155e-08,,,,
1.8333333333333333,110,object_b,1,1,rigid_box,1.369448856251913,-2.877501408110891e-06,0.3999902641585624,1.857438316270927e-08,-9.450634323222241e-09,-2.6642329798112986e-08,0.9999999999999994,0.7113190580808673,-1.678911055196157e-06,-9.515590745912128e-11,1.7411261527274804e-08,-3.33698681660913e-09,-1.931456022880709e-08,,,,
1.85,111,object_a,0,1,rigid_box,0.8881602461268117,1.0607885531204345e-06,0.3999902639925996,3.554252906992222e-08,-1.6793620484722055e-08,-2.0766858182782915e-08,0.999999999999999,0.5663841670246563,6.1460809043592e-07,-7.352216405132062e-11,1.6927662735678928e-08,-1.1945194830186834e-08,-2.426850488583221e-08,,,,
1.85,111,object_b,1,1,rigid_box,1.3812964135235144,-2.905464943101902e-06,0.3999902641569788,1.871944859667323e-08,-9.478730396839747e-09,-2.6803474675874026e-08,0.9999999999999994,0.7104428146081688,-1.6768429543730246e-06,-9.492542342448562e-11,1.7404861406103486e-08,-3.4020710626897248e-09,-1.9357520173020802e-08,,,,
1.8666666666666667,112,object_a,0,1,rigid_box,0.8975941691640963,1.0710257126614668e-06,0.3999902639913761,3.568359842588385e-08,-1.6893571119590422e-08,-2.096927606620291e-08,0.999999999999999,0.5657277767441731,6.138957442501708e-07,-7.334865353980646e-11,1.6928941677259993e-08,-1.2037352449975444e-08,-2.4309240812068453e-08,,,,
1.8666666666666667,112,object_b,1,1,rigid_box,1.3931293792540993,-2.9333940392872626e-06,0.3999902641553988,1.8864460692828072e-08,-9.507368753103482e-09,-2.6964977418573927e-08,0.9999999999999993,0.7095679842884165,-1.674778188772512e-06,-9.471260581372931e-11,1.7398394286953525e-08,-3.466884417354505e-09,-1.940044974600214e-08,,,,
1.8833333333333333,113,object_a,0,1,rigid_box,0.9070171606190403,1.0812510087264924e-06,0.39999026399015497,3.582467941246103e-08,-1.6994293643482143e-08,-2.1172033400617917e-08,0.999999999999999,0.565072318571857,6.131844097430661e-07,-7.320699255131125e-11,1.6930403780154167e-08,-1.2130232497585838e-08,-2.4349973386035472e-08,,,,
1.8833333333333333,113,object_b,1,1,rigid_box,1.4049477769670011,-2.961288752185063e-06,0.3999902641538224,1.9009419514992706e-08,-9.536549495449514e-09,-2.7126837773856738e-08,0.9999999999999993,0.708694563823615,-1.6727167506105003e-06,-9.447704424347947e-11,1.739206875260121e-08,-3.53221858960741e-09,-1.944334910491869e-08,,,,
1.9,114,object_a,0,1,rigid_box,0.9164292360099872,1.091464458158592e-06,0.39999026398893633,3.5965773479314964e-08,-1.7095793739846804e-08,-2.1375130159097824e-08,0.999999999999999,0.564417790611969,6.124740848565462e-07,-7.303706944794541e-11,1.693205209634377e-08,-1.2223848110730975e-08,-2.4390702860841048e-08,,,,
1.9,114,object_b,1,1,rigid_box,1.4167516301306786,-2.989149137183868e-06,0.39999026415224964,1.915432498351768e-08,-9.566272178022546e-09,-2.728905549078477e-08,0.9999999999999993,0.7078225499260096,-1.6706586321269624e-06,-9.428283848089691e-11,1.738563408206674e-08,-3.597120502796988e-09,-1.9486218436115443e-08,,,,
1.9166666666666667,115,object_a,0,1,rigid_box,0.9258304108237309,1.101666077766594e-06,0.3999902639877202,3.6106882114897864e-08,-1.719807726117725e-08,-2.1578566317885766e-08,0.9999999999999989,0.5637641909738959,6.117647675380885e-07,-7.291893651395487e-11,1.6933898759766503e-08,-1.231825282449067e-08,-2.4431429687777872e-08,,,,
1.9166666666666667,115,object_b,1,1,rigid_box,1.4285409621588832,-3.0169752495431256e-06,0.39999026415068045,1.929917722267359e-08,-9.596537126536599e-09,-2.745163031979228e-08,0.9999999999999993,0.7069519393180483,-1.668603825586062e-06,-9.403704551158576e-11,1.7379269599489464e-08,-3.662271783800045e-09,-1.952905792390257e-08,,,,
1.9333333333333333,116,object_a,0,1,rigid_box,0.9352207005155997,1.1118558843251679e-06,0.3999902639865065,3.624800687461079e-08,-1.7301150353257098e-08,-2.1782341856336955e-08,0.9999999999999989,0.5631115177721339,6.110564557406668e-07,-7.275910082760184e-11,1.6935935898937584e-08,-1.2413411920987996e-08,-2.44721542008032e-08,,,,
1.9333333333333333,116,object_b,1,1,rigid_box,1.4403157964108324,-3.044767144393563e-06,0.3999902641491149,1.944397614606886e-08,-9.627343859949896e-09,-2.761456201243541e-08,0.9999999999999993,0.7060827287323413,-1.6665523232758304e-06,-9.385044477672189e-11,1.7372856667528593e-08,-3.727219750132062e-09,-1.95718676006588e-08,,,,
1.95,117,object_a,0,1,rigid_box,0.9446001205095422,1.1220338945749136e-06,0.3999902639852952,3.638914929550163e-08,-1.7405019079881774e-08,-2.1986456757020727e-08,0.9999999999999989,0.5624597691262708,6.103491474227935e-07,-7.261111503731321e-11,1.693814909479279e-08,-1.250926173305197e-08,-2.4512876811739956e-08,,,,
1.95,117,object_b,1,1,rigid_box,1.452076156191375,-3.0725248767375885e-06,0.39999026414755295,1.9588721881184877e-08,-9.658692709122673e-09,-2.7777850321904625e-08,0.9999999999999993,0.705214914911621,-1.6645041175083071e-06,-9.358388196323286e-11,1.7366486156992353e-08,-3.792310879772568e-09,-1.961464780445798e-08,,,,
1.9666666666666666,118,object_a,0,1,rigid_box,0.9539686861982126,1.132200125222455e-06,0.3999902639840864,3.653031101723529e-08,-1.7509689956232222e-08,-2.2190911005877265e-08,0.9999999999999989,0.5618089431609689,6.096428405484167e-07,-7.248219732747252e-11,1.694056077167572e-08,-1.2605901020154139e-08,-2.45535979550559e-08,,,,
1.9666666666666666,118,object_b,1,1,rigid_box,1.463822064751164,-3.100248501449685e-06,0.39999026414599453,1.9733414398008465e-08,-9.690583399535242e-09,-2.794149500259182e-08,0.9999999999999993,0.7043484946087034,-1.6624592006192452e-06,-9.34274133751467e-11,1.7360114162105517e-08,-3.8573769526293305e-09,-1.9657398576214057e-08,,,,
1.9833333333333334,119,object_a,0,1,rigid_box,0.9633264129430528,1.142354592940532e-06,0.39999026398288,3.6671493618035816e-08,-1.7615169224933877e-08,-2.2395704592078167e-08,0.9999999999999989,0.5611590380059471,6.089375330870145e-07,-7.228856402363704e-11,1.694314890557239e-08,-1.2703232078254721e-08,-2.4594317933976615e-08,,,,
1.9833333333333334,119,object_b,1,1,rigid_box,1.4755535452868191,-3.1279380732768134e-06,0.3999902641444397,1.987805375992735e-08,-9.723016009181628e-09,-2.810549581016049e-08,0.9999999999999993,0.7034834645864493,-1.6604175649681553e-06,-9.320795350820088e-11,1.735374961033728e-08,-3.922451658402163e-09,-1.9700120101225324e-08,,,,
2.0,120,object_a,0,1,rigid_box,0.9726733160743788,1.1524973143680879e-06,0.399990263981676,3.681269880162351e-08,-1.772146368170214e-08,-2.2600837508278382e-08,0.9999999999999989,0.5605100517959655,6.082332230134477e-07,-7.219888055465251e-11,1.69459191318389e-08,-1.280127953627206e-08,-2.4635037238779343e-08,,,,
2.0,120,object_b,1,1,rigid_box,1.4872706209410975,-3.1555936468387985e-06,0.3999902641428884,2.0022640039425176e-08,-9.755990647678082e-09,-2.826985250177716e-08,0.9999999999999993,0.7026198216177253,-1.6583792029381684e-06,-9.296617989318356e-11,1.734736941529598e-08,-3.987446067535045e-09,-1.974281259200865e-08,,,,
2.0166666666666666,121,object_a,0,1,rigid_box,0.982009410891464,1.1626283061103634e-06,0.3999902639804744,3.695392827845264e-08,-1.7828580151202586e-08,-2.2806309750575454e-08,0.9999999999999989,0.5598619826708067,6.075299083080228e-07,-7.202793222971238e-11,1.6948973311713005e-08,-1.2900494363465558e-08,-2.4675756308324563e-08,,,,
2.0166666666666666,121,object_b,1,1,rigid_box,1.4989733148030588,-3.1832152766287282e-06,0.3999902641413407,2.016717326816955e-08,-9.789507264102721e-09,-2.8434564835876854e-08,0.9999999999999993,0.7017575624853652,-1.6563441069359164e-06,-9.278849216753926e-11,1.734097956391813e-08,-4.052382284774933e-09,-1.978547616159906e-08,,,,
2.033333333333333,122,object_a,0,1,rigid_box,0.9913347126626214,1.1727475847389857e-06,0.39999026397927523,3.709518375454245e-08,-1.793652543685977e-08,-2.3012121318520073e-08,0.9999999999999989,0.5592148287752601,6.068275869564828e-07,-7.188295098048414e-11,1.6952204090747418e-08,-1.3000401059889725e-08,-2.471647548399999e-08,,,,
2.033333333333333,122,object_b,1,1,rigid_box,1.5106616499082315,-3.210803017013338e-06,0.39999026413979644,2.0311653529459307e-08,-9.82356600178356e-09,-2.8599632572237916e-08,0.9999999999999993,0.7008966839821313,-1.6543122693914937e-06,-9.254486413312613e-11,1.7334637347411135e-08,-4.117479996125465e-09,-1.982811096625053e-08,,,,
2.05,123,object_a,0,1,rigid_box,1.00064923662529,1.1828551667920583e-06,0.39999026397807846,3.72364670012826e-08,-1.8045306629863337e-08,-2.3218272215109715e-08,0.9999999999999988,0.5585685882591039,6.061262569499386e-07,-7.172860569393258e-11,1.695562464472873e-08,-1.3101057481379335e-08,-2.4757195214854977e-08,,,,
2.05,123,object_b,1,1,rigid_box,1.5223356492387776,-3.238356922233408e-06,0.3999902641382558,2.0456080901758357e-08,-9.858166982319693e-09,-2.876505547219689e-08,0.9999999999999993,0.7000371829106766,-1.6522836827583348e-06,-9.230260132608858e-11,1.7328319225402902e-08,-4.1826487268243065e-09,-1.9870717205714192e-08,,,,
2.066666666666667,124,object_a,0,1,rigid_box,1.0099529979861137,1.192951068774251e-06,0.3999902639768841,3.737777983675051e-08,-1.8154931027212496e-08,-2.3424762447026253e-08,0.9999999999999988,0.5579232592770907,6.05425916284865e-07,-7.162908460811579e-11,1.6959272225187015e-08,-1.3202628703841377e-08,-2.4797915953302982e-08,,,,
2.066666666666667,124,object_b,1,1,rigid_box,1.5339953357236569,-3.265877046404149e-06,0.39999026413671857,2.0600455439229966e-08,-9.893310229561467e-09,-2.8930833298243003e-08,0.9999999999999993,0.6991790560835061,-1.6502583395131138e-06,-9.21253889146767e-11,1.732200724366717e-08,-4.247819040743531e-09,-1.9913295060864243e-08,,,,
2.0833333333333335,125,object_a,0,1,rigid_box,1.0192460119210272,1.2030353071568885e-06,0.3999902639756921,3.751912411337535e-08,-1.826540607673638e-08,-2.363159202447313e-08,0.9999999999999988,0.5572788399889278,6.047265629630909e-07,-7.141975726099314e-11,1.6963138636116183e-08,-1.3305078123066974e-08,-2.483863814190425e-08,,,,
2.0833333333333335,125,object_b,1,1,rigid_box,1.545640732238792,-3.293363443515585e-06,0.3999902641351849,2.0744777228285656e-08,-9.92899588794925e-09,-2.909696581436038e-08,0.9999999999999993,0.6983223003229387,-1.6482362321556843e-06,-9.189442089219124e-11,1.731566282507025e-08,-4.312841309985173e-09,-1.99558446292859e-08,,,,
2.1,126,object_a,0,1,rigid_box,1.0285282935753375,1.213107898378041e-06,0.39999026397450244,3.7660501711265165e-08,-1.837673934777432e-08,-2.3838760961475508e-08,0.9999999999999988,0.5566353285592621,6.040281949917853e-07,-7.130074482220028e-11,1.6967252621059486e-08,-1.3408533459231884e-08,-2.4879362214038526e-08,,,,
2.1,126,object_b,1,1,rigid_box,1.5572718616072296,-3.320816167432946e-06,0.3999902641336546,2.0889046380023348e-08,-9.965224193606803e-09,-2.926345278584694e-08,0.9999999999999993,0.6974669124610715,-1.6462173532089912e-06,-9.176060779270134e-11,1.730932433706e-08,-4.377862931238763e-09,-1.9998366123474023e-08,,,,
2.1166666666666667,127,object_a,0,1,rigid_box,1.0377998580638061,1.2231688588426096e-06,0.39999026397331516,3.780191454268635e-08,-1.8488938550740403e-08,-2.4046269275838366e-08,0.9999999999999988,0.5559927231576642,6.033308103834369e-07,-7.119602303540251e-11,1.697158529722329e-08,-1.3512865912143046e-08,-2.4920088637300256e-08,,,,
2.1166666666666667,127,object_b,1,1,rigid_box,1.5688887465993058,-3.3482352718970453e-06,0.3999902641321279,2.1033262987631593e-08,-1.0001995310139358e-08,-2.9430293979405695e-08,0.9999999999999993,0.696612889339739,-1.644201695218952e-06,-9.150269604518702e-11,1.7303044468353554e-08,-4.443087359583044e-09,-2.0040859692035945e-08,,,,
2.1333333333333333,128,object_a,0,1,rigid_box,1.0470607204707303,1.2332182049224204e-06,0.3999902639721303,3.794336458490815e-08,-1.860201168339643e-08,-2.4254116989033217e-08,0.9999999999999988,0.5553510219586099,6.026344071558126e-07,-7.100420772176985e-11,1.697613742117817e-08,-1.3618078287318218e-08,-2.4960817838998296e-08,,,,
2.1333333333333333,128,object_b,1,1,rigid_box,1.5804914099328058,-3.375620810524666e-06,0.3999902641306046,2.117742714907397e-08,-1.003930941616263e-08,-2.9597489163228868e-08,0.9999999999999992,0.6957602278104779,-1.6421892507543867e-06,-9.128124124624382e-11,1.7296756779289655e-08,-4.508257395715822e-09,-2.008332555354715e-08,,,,
2.15,129,object_a,0,1,rigid_box,1.056310895850025,1.2432559529563062e-06,0.39999026397094767,3.808485384705691e-08,-1.8715966883693045e-08,-2.4462304126516195e-08,0.9999999999999988,0.5547102231414656,6.019389833319623e-07,-7.087432203622956e-11,1.6980981380607418e-08,-1.372449372039614e-08,-2.5001550347044274e-08,,,,
2.15,129,object_b,1,1,rigid_box,1.5920798742731248,-3.4029728368089393e-06,0.3999902641290848,2.1321538988174354e-08,-1.007716678673523e-08,-2.9765038106757122e-08,0.9999999999999992,0.6949089247344895,-1.640180012406937e-06,-9.114477401983567e-11,1.7290505807000132e-08,-4.573545015422112e-09,-2.012576378971561e-08,,,,
2.1666666666666665,130,object_a,0,1,rigid_box,1.0655503992253053,1.2532821192501983e-06,0.39999026396976745,3.822638440921422e-08,-1.8830812604285925e-08,-2.4670830717599982e-08,0.9999999999999988,0.5540703248904711,6.012445369401753e-07,-7.074007178642372e-11,1.6986103491719775e-08,-1.383205130094258e-08,-2.5042286614657596e-08,,,,
2.1666666666666665,130,object_b,1,1,rigid_box,1.603654162233432,-3.4302914041197253e-06,0.3999902641275684,2.146559861607494e-08,-1.0115567644554165e-08,-2.9932940580913765e-08,0.9999999999999992,0.694058976982602,-1.6381739727909616e-06,-9.08682643019354e-11,1.7284224684653704e-08,-4.6386903654627345e-09,-2.0168174624981435e-08,,,,
2.183333333333333,131,object_a,0,1,rigid_box,1.0747792455899665,1.263296720077213e-06,0.39999026396858955,3.83679583101689e-08,-1.8946557110566108e-08,-2.4879696795680034e-08,0.9999999999999988,0.553431325394724,6.005510660140396e-07,-7.058288849226546e-11,1.69914062896861e-08,-1.3940314305508284e-08,-2.5083027039766366e-08,,,,
2.183333333333333,131,object_b,1,1,rigid_box,1.615214296374827,-3.4575765657039913e-06,0.39999026412605543,2.160960616203998e-08,-1.0154512279055212e-08,-3.010119635792589e-08,0.9999999999999992,0.6932103814352347,-1.6361711245434618e-06,-9.071992289333419e-11,1.7277985067234014e-08,-4.7039712341123836e-09,-2.0210558224460604e-08,,,,
2.2,132,object_a,0,1,rigid_box,1.0839974499072653,1.2732997716777382e-06,0.39999026396741394,3.850957774097635e-08,-1.90632093466253e-08,-2.5088902398193377e-08,0.9999999999999988,0.552793222848162,5.998585685922898e-07,-7.044862262994833e-11,1.6996949371405422e-08,-1.4049548828787962e-08,-2.512377223240234e-08,,,,
2.2,132,object_b,1,1,rigid_box,1.6267602992065033,-3.4848283746861863e-06,0.39999026412454586,2.175356177396005e-08,-1.0194001049236059e-08,-3.026980521157932e-08,0.9999999999999992,0.6923631349823602,-1.6341714603240009e-06,-9.04946256818917e-11,1.727174646225544e-08,-4.769229820626798e-09,-2.0252914759596954e-08,,,,
2.216666666666667,133,object_a,0,1,rigid_box,1.0932050271103988,1.2832912902595216e-06,0.39999026396624066,3.865124485986618e-08,-1.9180778106628538e-08,-2.5298447566598053e-08,0.9999999999999988,0.5521560154495484,5.991670427189177e-07,-7.034276806872075e-11,1.700283212880548e-08,-1.4160200310505687e-08,-2.5164522646450262e-08,,,,
2.216666666666667,133,object_b,1,1,rigid_box,1.638292193185903,-3.51204688406862e-06,0.39999026412303973,2.189746558048648e-08,-1.0234034235756647e-08,-3.0438766916966056e-08,0.9999999999999992,0.6915172345234681,-1.632174972814591e-06,-9.023814508124506e-11,1.7265509186386807e-08,-4.834466642982823e-09,-2.0295244355980733e-08,,,,
2.2333333333333334,134,object_a,0,1,rigid_box,1.1024019921025872,1.2932712919977554e-06,0.3999902639650697,3.8792961934624564e-08,-1.9299272673301706e-08,-2.550833234670118e-08,0.9999999999999988,0.5515197014024548,5.984764864430564e-07,-7.018633070565716e-11,1.700893872009774e-08,-1.4271748739280554e-08,-2.5205278762258822e-08,,,,
2.2333333333333334,134,object_b,1,1,rigid_box,1.6498100007188776,-3.5392321467318325e-06,0.39999026412153693,2.204131772853564e-08,-1.0274612187308655e-08,-3.060808125068774e-08,0.9999999999999992,0.6906726769675294,-1.6301816547196314e-06,-9.005489062796634e-11,1.725931419326269e-08,-4.899841128951016e-09,-2.033754721181811e-08,,,,
2.25,135,object_a,0,1,rigid_box,1.1115883597571525,1.3032397930351632e-06,0.399990263963901,3.893473126055439e-08,-1.9418702449922608e-08,-2.5718556788508408e-08,0.9999999999999987,0.550884278915246,5.977868978190193e-07,-7.00211468668277e-11,1.7015355615466793e-08,-1.438458211524678e-08,-2.5246041145025e-08,,,,
2.25,135,object_b,1,1,rigid_box,1.6613137441598451,-3.5663842154349665e-06,0.3999902641200376,2.2185118399467542e-08,-1.0315735383826604e-08,-3.0777747990652963e-08,0.9999999999999992,0.6898294592329589,-1.6281914987658307e-06,-8.984323875138589e-11,1.7253198800338995e-08,-4.965499348937975e-09,-2.037982355535742e-08,,,,
2.2666666666666666,136,object_a,0,1,rigid_box,1.1207641449175987,1.3131968094820875e-06,0.3999902639627346,3.907655516048824e-08,-1.9539076960068076e-08,-2.5929120946394295e-08,0.9999999999999987,0.5502497462010632,5.970982749062831e-07,-6.989648790312053e-11,1.7022033946193184e-08,-1.4498480325280503e-08,-2.5286810304125107e-08,,,,
2.2666666666666666,136,object_b,1,1,rigid_box,1.6728034458119465,-3.5935031428161427e-06,0.39999026411854155,2.2328867712972442e-08,-1.03574040611819e-08,-3.094776691626226e-08,0.9999999999999992,0.68898757824758,-1.6262044977020695e-06,-8.967425239869709e-11,1.7247012880904398e-08,-5.03085369964457e-09,-2.0422073491793913e-08,,,,
2.283333333333333,137,object_a,0,1,rigid_box,1.12992936239769,1.3231423574165724e-06,0.39999026396157056,3.921843604390485e-08,-1.9660406113450877e-08,-2.614002487914654e-08,0.9999999999999987,0.5496161014778083,5.9641061576943e-07,-6.976755978493898e-11,1.702899739776889e-08,-1.461354930114244e-08,-2.532758675449226e-08,,,,
2.283333333333333,137,object_b,1,1,rigid_box,1.6842791279272045,-3.620588981392824e-06,0.3999902641170489,2.2472565878777855e-08,-1.0399618804392542e-08,-3.11181378083668e-08,0.9999999999999992,0.6881470309485891,-1.6242206442993986e-06,-8.946193959247228e-11,1.724092394258974e-08,-5.096559386046858e-09,-2.046429720709246e-08,,,,
2.3,138,object_a,0,1,rigid_box,1.1390840269815319,1.333076452884451e-06,0.3999902639604087,3.936037634015016e-08,-1.9782699905204102e-08,-2.6351268649946266e-08,0.9999999999999987,0.5489833429681281,5.957239184781746e-07,-6.964138987708424e-11,1.7036252119823817e-08,-1.4729816192006272e-08,-2.5368371034910557e-08,,,,
2.3,138,object_b,1,1,rigid_box,1.695740812706676,-3.6476417835621873e-06,0.3999902641155596,2.2616213056034105e-08,-1.0442379997443493e-08,-3.12888604491942e-08,0.9999999999999991,0.68730781428252,-1.6222399313508796e-06,-8.929919304012657e-11,1.7234811136703727e-08,-5.162142581614038e-09,-2.0506494837431214e-08,,,,
2.316666666666667,139,object_a,0,1,rigid_box,1.1482281534236494,1.34299911189943e-06,0.39999026395924914,3.950237859289746e-08,-1.9905968842386802e-08,-2.6562852326758686e-08,0.9999999999999987,0.5483514688993993,5.950381811072825e-07,-6.950034991959342e-11,1.7043823245848266e-08,-1.4847394011527474e-08,-2.5409163747301798e-08,,,,
2.316666666666667,139,object_b,1,1,rigid_box,1.7071885223006102,-3.674661601601488e-06,0.3999902641140737,2.2759809419988616e-08,-1.0485688084459583e-08,-3.145993462252719e-08,0.9999999999999991,0.6864699252052069,-1.6202623516715323e-06,-8.904783160845753e-11,1.7228681826423166e-08,-5.227631291295684e-09,-2.0548666602433513e-08,,,,
2.3333333333333335,140,object_a,0,1,rigid_box,1.1573617564490646,1.3529103504431743e-06,0.39999026395809184,3.964444534083931e-08,-2.0030223404949584e-08,-2.6774775981971014e-08,0.9999999999999987,0.5477204775037113,5.943534017366366e-07,-6.932410895332808e-11,1.7051736263310907e-08,-1.49663975461495e-08,-2.5449965420997694e-08,,,,
2.3333333333333335,140,object_b,1,1,rigid_box,1.7186222788086025,-3.7016484876684255e-06,0.39999026411259103,2.2903355190538725e-08,-1.052954368202448e-08,-3.163136011353454e-08,0.9999999999999991,0.68563336068175,-1.618287898098273e-06,-8.886304365962605e-11,1.7222640319256905e-08,-5.29343524541563e-09,-2.0590812701877095e-08,,,,
2.35,141,object_a,0,1,rigid_box,1.1664848507533774,1.3628101844653917e-06,0.39999026395693676,3.978657924128124e-08,-2.0155474604589615e-08,-2.6987039692951567e-08,0.9999999999999987,0.5470903670178515,5.936695784511324e-07,-6.922933580566504e-11,1.7059968087207053e-08,-1.5086722181423283e-08,-2.5490776667179816e-08,,,,
2.35,141,object_b,1,1,rigid_box,1.7300421042797471,-3.7286024938015064e-06,0.39999026411111177,2.3046850560297812e-08,-1.0573947296816996e-08,-3.1803136708872636e-08,0.9999999999999991,0.6847981176864804,-1.6163165634897878e-06,-8.863818706794646e-11,1.7216631215312377e-08,-5.359336631294271e-09,-2.0632933280409435e-08,,,,
2.3666666666666667,142,object_a,0,1,rigid_box,1.1755974510028409,1.372698629883915e-06,0.39999026395578396,3.9928782955312686e-08,-2.0281733465036226e-08,-2.7199643541763988e-08,0.9999999999999986,0.5464611356832895,5.929867093407432e-07,-6.908716133902093e-11,1.706847107054543e-08,-1.520815116697516e-08,-2.5531597985770234e-08,,,,
2.3666666666666667,142,object_b,1,1,rigid_box,1.7414480207127936,-3.7555236719204096e-06,0.39999026410963573,2.3190295723633428e-08,-1.0618899439488719e-08,-3.197526419668463e-08,0.9999999999999991,0.6839641932029257,-1.614348340726468e-06,-8.84445450904936e-11,1.7210621859324076e-08,-5.425206350772727e-09,-2.0675028513622793e-08,,,,
2.3833333333333333,143,object_a,0,1,rigid_box,1.184699571834441,1.3825757025847889e-06,0.3999902639546334,4.007105924294041e-08,-2.0409011452574387e-08,-2.7412587615404846e-08,0.9999999999999986,0.5458327817461617,5.923047925004342e-07,-6.897193580157612e-11,1.7077358328572186e-08,-1.533119637256377e-08,-2.557243006522808e-08,,,,
2.3833333333333333,143,object_b,1,1,rigid_box,1.7528400500562966,-3.782412073826345e-06,0.3999902641081631,2.333369090965104e-08,-1.0664400754437238e-08,-3.214774236638898e-08,0.9999999999999991,0.6831315842237727,-1.6123832227103438e-06,-8.827280573164842e-11,1.7204623085940737e-08,-5.491086525333016e-09,-2.071709859040463e-08,,,,
2.4,144,object_a,0,1,rigid_box,1.1937912278559746,1.3924414184223504e-06,0.399990263953485,4.021341092119156e-08,-2.0537320286576296e-08,-2.7625872005970584e-08,0.9999999999999986,0.5452053034572554,5.916238260301764e-07,-6.8817522860809e-11,1.70865233657763e-08,-1.5455373978164032e-08,-2.5613273421715778e-08,,,,
2.4,144,object_b,1,1,rigid_box,1.764218214208771,-3.8092677512024135e-06,0.39999026410669364,2.3477036322745967e-08,-1.071045178626922e-08,-3.2320571009101813e-08,0.9999999999999991,0.6823002877508352,-1.6104212023649714e-06,-8.808916270031109e-11,1.7198698259402854e-08,-5.557227166812662e-09,-2.0759143630411888e-08,,,,
2.4166666666666665,145,object_a,0,1,rigid_box,1.202872433646125,1.4022957932193148e-06,0.39999026395233883,4.035584092984838e-08,-2.0666672237936442e-08,-2.7839496810640817e-08,0.9999999999999986,0.5445786990719944,5.909438080348824e-07,-6.872932258039643e-11,1.7096113781046327e-08,-1.558135349126068e-08,-2.565412878813086e-08,,,,
2.4166666666666665,145,object_b,1,1,rigid_box,1.7755825350188414,-3.836090755613965e-06,0.3999902641052275,2.362033221780931e-08,-1.075705327649301e-08,-3.249374991743374e-08,0.9999999999999991,0.6814703007950172,-1.6084622726353915e-06,-8.785190457050174e-11,1.7192717730662273e-08,-5.6231152213839395e-09,-2.080116389403623e-08,,,,
2.433333333333333,146,object_a,0,1,rigid_box,1.211943203754541,1.4121388427668565e-06,0.3999902639511949,4.0498352167922114e-08,-2.079707938607945e-08,-2.8053462131758475e-08,0.9999999999999986,0.5439529668504218,5.90264736624507e-07,-6.8587063112302e-11,1.7106028345499555e-08,-1.5708674374708163e-08,-2.569499673143634e-08,,,,
2.433333333333333,146,object_b,1,1,rigid_box,1.7869330342853946,-3.862881138508956e-06,0.39999026410376465,2.3763578808463403e-08,-1.0804205800564863e-08,-3.266727888537574e-08,0.9999999999999991,0.6806416203762815,-1.6065064264879973e-06,-8.767693689126776e-11,1.718684748998915e-08,-5.689407421709765e-09,-2.084315951682402e-08,,,,
2.45,147,object_a,0,1,rigid_box,1.2210035527019127,1.4219705828246924e-06,0.39999026395005316,4.064094767624831e-08,-2.0928554448119543e-08,-2.826776807699344e-08,0.9999999999999986,0.5433281050571866,5.895866099138992e-07,-6.847964036105214e-11,1.7116289342029934e-08,-1.5837436701088355e-08,-2.5735877858045722e-08,,,,
2.45,147,object_b,1,1,rigid_box,1.798269733757731,-3.889638951218308e-06,0.39999026410230504,2.3906776329827948e-08,-1.0851910016236286e-08,-3.284115770849394e-08,0.9999999999999991,0.679814243523612,-1.6045536569104904e-06,-8.75223973156869e-11,1.7180948553337988e-08,-5.755552714955752e-09,-2.088513068677017e-08,,,,
2.466666666666667,148,object_a,0,1,rigid_box,1.2300534949800488,1.431791029121164e-06,0.3999902639489136,4.078363058015419e-08,-2.1061110518831428e-08,-2.848241475932508e-08,0.9999999999999986,0.542704111961527,5.889094260228268e-07,-6.831375222449143e-11,1.7126963293618502e-08,-1.5967942651817263e-08,-2.5776772866349256e-08,,,,
2.466666666666667,148,object_b,1,1,rigid_box,1.8095926551357129,-3.916364244956254e-06,0.39999026410084865,2.4049925095411058e-08,-1.0900166890112171e-08,-3.3015386183812984e-08,0.9999999999999991,0.6789881672749812,-1.6026039569118306e-06,-8.728908221233844e-11,1.7175136997544105e-08,-5.822011516639035e-09,-2.0927077597294336e-08,,,,
2.4833333333333334,149,object_a,0,1,rigid_box,1.2390930450519506,1.441600197353319e-06,0.39999026394777626,4.092640408316404e-08,-2.119476104243692e-08,-2.8697402297428153e-08,0.9999999999999986,0.5420809858372572,5.882331830759644e-07,-6.820051468015009e-11,1.713804397150424e-08,-1.610016342757323e-08,-2.5817682479611275e-08,,,,
2.4833333333333334,149,object_b,1,1,rigid_box,1.820901820069915,-3.9430570708207e-06,0.39999026409939553,2.4193025319709782e-08,-1.0948976993151846e-08,-3.318996410984803e-08,0.9999999999999991,0.678163388677317,-1.6006573195220553e-06,-8.709478971358209e-11,1.7169332836177227e-08,-5.88846586104008e-09,-2.0969000408663503e-08,,,,
2.5,150,object_a,0,1,rigid_box,1.2481222173518924,1.4513981031869929e-06,0.3999902639466411,4.106927144609859e-08,-2.1329519716587576e-08,-2.891273081559858e-08,0.9999999999999984,0.5414587249627493,5.875578792028923e-07,-6.807361098426501e-11,1.714947627572175e-08,-1.623384635174134e-08,-2.5858607290665114e-08,,,,
2.5,150,object_b,1,1,rigid_box,1.832197250161773,-3.969717479793573e-06,0.3999902640979456,2.4336077265557493e-08,-1.0998341085713401e-08,-3.3364891286713456e-08,0.9999999999999991,0.6773399047864669,-1.5987137377922837e-06,-8.689783788373706e-11,1.7163537759131066e-08,-5.954921870340659e-09,-2.101089932682439e-08,,,,
2.5166666666666666,151,object_a,0,1,rigid_box,1.2571410262854943,1.4611847622568912e-06,0.3999902639455081,4.1212236017332135e-08,-2.1465400630188303e-08,-2.912840044386042e-08,0.9999999999999984,0.5408373276209211,5.868835125380572e-07,-6.795614591881272e-11,1.7161371806459076e-08,-1.6369500201266582e-08,-2.5899548050425948e-08,,,,
2.5166666666666666,151,object_b,1,1,rigid_box,1.8434789669637321,-3.9963455227411665e-06,0.3999902640964989,2.4479081246788535e-08,-1.104826012900553e-08,-3.354016751597943e-08,0.9999999999999991,0.6765177126671662,-1.5967732047946398e-06,-8.67179522634487e-11,1.7157822777451613e-08,-6.021662326738013e-09,-2.1052774530868917e-08,,,,
2.533333333333333,152,object_a,0,1,rigid_box,1.2661494862297973,1.47096019016667e-06,0.3999902639443772,4.135530120390826e-08,-2.16024181311085e-08,-2.9344411318105778e-08,0.9999999999999984,0.54021679209922,5.862100812207776e-07,-6.779052666439078e-11,1.7173594746794958e-08,-1.650650268562524e-08,-2.5940505390826095e-08,,,,
2.533333333333333,152,object_b,1,1,rigid_box,1.8547469919793946,-4.022941250414501e-06,0.3999902640950554,2.4622037514412223e-08,-1.1098734831524067e-08,-3.3715792600822144e-08,0.999999999999999,0.6756968093930042,-1.594835713622107e-06,-8.654003035013513e-11,1.715209799914144e-08,-6.088328330099996e-09,-2.1094626180679332e-08,,,,
2.55,153,object_a,0,1,rigid_box,1.2751476115333409,1.4807244024890155e-06,0.3999902639432485,4.1498470580627e-08,-2.174058732510636e-08,-2.956076358013106e-08,0.9999999999999984,0.5395971166896074,5.855375833951487e-07,-6.767657961814777e-11,1.718631955895867e-08,-1.6645651021771242e-08,-2.598148014987374e-08,,,,
2.55,153,object_b,1,1,rigid_box,1.8660013466636682,-4.0495047134496606e-06,0.3999902640936151,2.4764946367492837e-08,-1.1149766090741949e-08,-3.3891766345797735e-08,0.999999999999999,0.674877192046389,-1.5929012573885118e-06,-8.632496800720091e-11,1.7146433009774075e-08,-6.155197363779869e-09,-2.1136454454880278e-08,,,,
2.566666666666667,154,object_a,0,1,rigid_box,1.2841354165162369,1.4904774147657254e-06,0.39999026394212195,4.164174775753332e-08,-2.1879923470072352e-08,-2.977745737807826e-08,0.9999999999999984,0.538978299688545,5.848660172101209e-07,-6.750018773094002e-11,1.7199452452764772e-08,-1.678651458343788e-08,-2.602247300762364e-08,,,,
2.566666666666667,154,object_b,1,1,rigid_box,1.8772420524229114,-4.076035962368145e-06,0.39999026409217797,2.490780812395317e-08,-1.1201354877869429e-08,-3.406808855728442e-08,0.999999999999999,0.6740588577185165,-1.5909698292284327e-06,-8.615556011670744e-11,1.7140788927397077e-08,-6.222113807942681e-09,-2.117825957590596e-08,,,,
2.5833333333333335,155,object_a,0,1,rigid_box,1.2931129154702445,1.5002192425077897e-06,0.3999902639409975,4.178513645412777e-08,-2.2020442314431607e-08,-2.999449286604946e-08,0.9999999999999984,0.5383603393969791,5.84195380819431e-07,-6.740495314683237e-11,1.7213031811393004e-08,-1.6929267805217255e-08,-2.6063484724309164e-08,,,,
2.5833333333333335,155,object_b,1,1,rigid_box,1.8884691306150811,-4.102535047577213e-06,0.39999026409074406,2.5050623058743392e-08,-1.125350198931488e-08,-3.424475904295208e-08,0.999999999999999,0.6732418035093362,-1.5890414222970825e-06,-8.592446719413172e-11,1.7135137168503912e-08,-6.2889624348586125e-09,-2.1220041706303264e-08,,,,
2.6,156,object_a,0,1,rigid_box,1.302080122658846,1.50994990119547e-06,0.39999026393987525,4.192864048244346e-08,-2.216216002023489e-08,-3.02118702047527e-08,0.9999999999999984,0.5377432341203262,5.835256723815974e-07,-6.725119419681569e-11,1.7227112770469383e-08,-1.7074162580597483e-08,-2.6104516088640915e-08,,,,
2.6,156,object_b,1,1,rigid_box,1.8996826025498756,-4.129002019370226e-06,0.39999026408931326,2.5193391534187047e-08,-1.1306208569868192e-08,-3.44217776122431e-08,0.999999999999999,0.6724260265275184,-1.5871160297703085e-06,-8.574993146104326e-11,1.7129619652416284e-08,-6.356312463430826e-09,-2.126180109993188e-08,,,,
