time_s,frame,object_name,object_index,active,kind,x_m,y_m,z_m,qx,qy,qz,qw,vx_m_s,vy_m_s,vz_m_s,wx_rad_s,wy_rad_s,wz_rad_s,mesh_z_min_m,mesh_z_max_m,mesh_z_span_m,mesh_xy_radius_m
0.0,0,object_a,0,1,rigid_box,-0.38,0.0,0.39999999999999997,0.0,0.0,0.0,1.0,1.3299999999999998,0.0,0.0,0.0,0.0,0.0,,,,
0.0,0,object_b,1,1,rigid_box,0.38,0.0,0.39999999999999997,0.0,0.0,0.0,1.0,-1.0499999999999998,0.0,0.0,0.0,0.0,0.0,,,,
0.016666666666666666,1,object_a,0,1,rigid_box,-0.35785218629483717,-6.326545285828727e-14,0.3999907963926995,6.365086163530475e-09,-2.0407571311721385e-08,-1.2151820437236032e-10,0.9999999999999998,1.3278711216652193,-4.050492545718944e-12,-1.717772972475995e-11,7.628401910320582e-11,6.262654119482701e-08,-1.460455744178457e-08,,,,
0.016666666666666666,1,object_b,1,1,rigid_box,0.3625132723757038,-7.713768500989145e-14,0.3999907964577436,6.1483536093729945e-09,-2.0702759555327098e-08,1.192642473238216e-10,0.9999999999999998,-1.048501072148185,-4.928313086327152e-12,2.386775343338199e-10,9.450506398907253e-11,-6.15395789826503e-08,1.4287770476219793e-08,,,,
0.03333333333333333,2,object_a,0,1,rigid_box,-0.3357398116246901,-1.3080373070206968e-13,0.39999079639053625,6.365723683329986e-09,-1.9885708667091312e-08,-2.434400193411566e-10,0.9999999999999998,1.325747428437188,-4.053873471207821e-12,-1.2784815740796152e-10,7.669562175143133e-11,6.262085768846782e-08,-1.4653584839412473e-08,,,,
0.03333333333333333,2,object_b,1,1,rigid_box,0.34505150313745003,-1.5910327426810681e-13,0.3999907964598428,6.149140126416948e-09,-2.1215614502572248e-08,2.38114201180706e-10,0.9999999999999998,-1.0470052385646065,-4.908758735474189e-12,1.2789590740636125e-10,9.427261784206317e-11,-6.154526197782683e-08,1.4239224187382109e-08,,,,
0.05,3,object_a,0,1,rigid_box,-0.3136627860924952,-1.98397503727076e-13,0.39999079638841123,6.366364633054568e-09,-1.9363893200770942e-08,-3.65769631147457e-10,0.9999999999999998,1.3236288992736331,-4.0571580253498636e-12,-1.2718033744196777e-10,7.710719710373819e-11,6.261521318862623e-08,-1.470243893343713e-08,,,,
0.05,3,object_b,1,1,rigid_box,0.32761463715278094,-2.4074183338621593e-13,0.3999907964619802,6.149924696601701e-09,-2.1728516990350882e-08,3.565588533079315e-10,0.9999999999999997,-1.045512487509985,-4.8890772827033384e-12,1.2853876296681221e-10,9.403794804673204e-11,-6.15509836287183e-08,1.4190508023680837e-08,,,,
0.06666666666666667,4,object_a,0,1,rigid_box,-0.29162102379468513,-2.660451675937997e-13,0.39999079638629714,6.367009012406463e-09,-1.8842124612536684e-08,-4.885055912945073e-10,0.9999999999999998,1.3215155156463871,-4.060346417065102e-12,-1.2655565310992767e-10,7.751873611877604e-11,6.260960466533109e-08,-1.4751119358586742e-08,,,,
0.06666666666666667,4,object_b,1,1,rigid_box,0.3102026231287667,-3.2205123703972905e-13,0.39999079646412855,6.150707301275788e-09,-2.2241467318070186e-08,4.745967816817466e-10,0.9999999999999997,-1.044022809666533,-4.869267941118116e-12,1.2922371159240775e-10,9.380103606231825e-11,-6.155674134416248e-08,1.4141621095364146e-08,,,,
0.08333333333333333,5,object_a,0,1,rigid_box,-0.2696144391357115,-3.3374512144512844e-13,0.3999907963841939,6.367656821075293e-09,-1.8320402603491494e-08,-6.116464542049679e-10,0.9999999999999998,1.3194072591157493,-4.063438855254667e-12,-1.2586976252948467e-10,7.793023710855069e-11,6.260403191168155e-08,-1.4799626511549438e-08,,,,
0.08333333333333333,5,object_b,1,1,rigid_box,0.2928154099274426,-4.0302934664824944e-13,0.3999907964662878,6.151487921714382e-09,-2.2754465787162477e-08,5.922265619181276e-10,0.9999999999999997,-1.0425361957539185,-4.849329909246398e-12,1.298710167185746e-10,9.356187289045761e-11,-6.156253532390229e-08,1.4092563121081555e-08,,,,
0.1,6,object_a,0,1,rigid_box,-0.247642946826575,-4.0149576790463226e-13,0.3999907963821014,6.36830805873697e-09,-1.7798726876433853e-08,-7.351907773625966e-10,0.9999999999999998,1.3173041113300028,-4.066435548746011e-12,-1.25227356262414e-10,7.83416984489278e-11,6.259849473091316e-08,-1.4847960701260741e-08,,,,
0.1,6,object_b,1,1,rigid_box,0.2754529465651853,-4.836740103783612e-13,0.3999907964684582,6.1522665391174655e-09,-2.3267512700722273e-08,7.094467674362356e-10,0.9999999999999997,-1.0410526365291215,-4.82926239491172e-12,1.305554917646612e-10,9.332044962759471e-11,-6.156836576965252e-08,1.4043333831631922e-08,,,,
0.11666666666666667,7,object_a,0,1,rigid_box,-0.22570646188336252,-4.692955130752552e-13,0.3999907963800196,6.36896272505471e-09,-1.7277097135843323e-08,-8.591371213339866e-10,0.9999999999999998,1.3152060540248913,-4.069336706242433e-12,-1.2458075890342535e-10,7.875311860562945e-11,6.259299291835464e-08,-1.489612233557836e-08,,,,
0.11666666666666667,7,object_b,1,1,rigid_box,0.25811518221209323,-5.639830630995697e-13,0.3999907964706396,6.15304313461161e-09,-2.3780608363545595e-08,8.262559692769302e-10,0.9999999999999997,-1.039572122786244,-4.809064598948102e-12,1.312184978730091e-10,9.307675744299831e-11,-6.1574232891978e-08,1.3993932892507015e-08,,,,
0.13333333333333333,8,object_a,0,1,rigid_box,-0.20380489962579515,-5.371427665377498e-13,0.39999079637794843,6.3696208196793845e-09,-1.6755513087867907e-08,-9.83484049781642e-10,0.9999999999999998,1.313113069023096,-4.072142536346806e-12,-1.2398131132851375e-10,7.916449613611488e-11,6.258752627138109e-08,-1.4944111810800485e-08,,,,
0.13333333333333333,8,object_b,1,1,rigid_box,0.24080206619136854,-6.439543263484995e-13,0.39999079647283226,6.15381768924949e-09,-2.429375308210838e-08,9.4265273641657e-10,0.9999999999999997,-1.0380946453563271,-4.788735717689907e-12,1.318880907263953e-10,9.283078730662178e-11,-6.158013687536092e-08,1.3944360202537108e-08,,,,
0.15,9,object_a,0,1,rigid_box,-0.18193817567578346,-6.05035941348229e-13,0.39999079637588797,6.3702823422493466e-09,-1.623397444032257e-08,-1.108230129578273e-09,0.9999999999999998,1.3110251382337201,-4.0748532475400024e-12,-1.2328466893196666e-10,7.957582964743994e-11,6.258209459741343e-08,-1.499192946224219e-08,,,,
0.15,9,object_b,1,1,rigid_box,0.22351354797870412,-7.235856082943535e-13,0.39999079647503605,6.154590184010045e-09,-2.4806947164589935e-08,1.0586356357135358e-09,0.9999999999999997,-1.0366201951071645,-4.768274951500075e-12,1.325002902535788e-10,9.258253075409761e-11,-6.158607794614354e-08,1.3894615341683708e-08,,,,
0.16666666666666666,10,object_a,0,1,rigid_box,-0.16010620595599134,-6.729734540367955e-13,0.39999079637383794,6.370947292391506e-09,-1.571248090267592e-08,-1.233373930807327e-09,0.9999999999999999,1.3089422436517781,-4.077469048202424e-12,-1.2268677219984259e-10,7.998711762101142e-11,6.257669769301162e-08,-1.5039575709898073e-08,,,,
0.16666666666666666,10,object_b,1,1,rigid_box,0.20624957720167217,-8.028747036829053e-13,0.39999079647725116,6.155360599800099e-09,-2.5320190920873523e-08,1.1742032320609437e-09,0.9999999999999997,-1.0351487629431175,-4.747681490351309e-12,1.332444606039207e-10,9.233197898914874e-11,-6.159205629368462e-08,1.3844698207709456e-08,,,,
0.18333333333333332,11,object_a,0,1,rigid_box,-0.138308906688409,-7.409537246049128e-13,0.3999907963717984,6.3716156697214985e-09,-1.5191032186034366e-08,-1.358914026767534e-09,0.9999999999999999,1.3068643673576825,-4.079990146525431e-12,-1.220584119887569e-10,8.039835893485019e-11,6.257133536446656e-08,-1.508705093966404e-08,,,,
0.18333333333333332,11,object_b,1,1,rigid_box,0.1890101036391164,-8.818193937659984e-13,0.39999079647947766,6.15612891745351e-09,-2.5833484662567875e-08,1.2893540883352175e-09,0.9999999999999997,-1.0336803398049337,-4.726954524774479e-12,1.338991053451144e-10,9.207912308231845e-11,-6.159807213128734e-08,1.3794608505009222e-08,,,,
0.2,12,object_a,0,1,rigid_box,-0.11654619439293414,-8.089751765223567e-13,0.39999079636976925,6.372287473843781e-09,-1.4669628003151564e-08,-1.4848489941533609e-09,0.9999999999999999,1.3047914915167411,-4.082416750542447e-12,-1.2147821637498168e-10,8.080955199166156e-11,6.256600740885263e-08,-1.5134355594460778e-08,,,,
0.2,12,object_b,1,1,rigid_box,0.17179507722054735,-9.604174462763734e-13,0.39999079648171554,6.156895117732493e-09,-2.634682870299705e-08,1.4040867656496962e-09,0.9999999999999996,-1.0322149166695638,-4.706093241161238e-12,1.3458802648746993e-10,9.182395465412725e-11,-6.160412566921702e-08,1.3744346008439075e-08,,,,
0.21666666666666667,13,object_a,0,1,rigid_box,-0.09481798588596135,-8.770362367246979e-13,0.39999079636775053,6.372962704352278e-09,-1.4148268068409797e-08,-1.611177413029326e-09,0.9999999999999999,1.3027235983786525,-4.084749068111313e-12,-1.20824581242851e-10,8.122069577476315e-11,6.256071363862919e-08,-1.5181490032262955e-08,,,,
0.21666666666666667,13,object_b,1,1,rigid_box,0.15460444802554046,-1.0386666154074049e-12,0.39999079648396485,6.157659181327233e-09,-2.686022335720483e-08,1.5183998234496946e-09,0.9999999999999996,-1.030752484549984,-4.685096828609558e-12,1.3530284705132178e-10,9.156646520386931e-11,-6.161021710665417e-08,1.3693910576281176e-08,,,,
0.23333333333333334,14,object_a,0,1,rigid_box,-0.10131314391576712,-4.273121919730347e-08,0.3999907964345616,2.794357656379634e-08,-8.751973160291567e-08,2.3610306606754628e-07,0.9999999999999679,-0.9532968585449677,-3.4168145684005635e-06,-2.3349945050404886e-09,2.915815172656245e-11,-6.142259305649473e-08,1.4828972151112188e-08,,,,
0.23333333333333334,14,object_b,1,1,rigid_box,0.15505722421958504,2.6711977078408666e-08,0.3999907958966443,7.88776512071884e-08,-9.597710549103102e-08,-1.642235337974155e-07,0.9999999999999788,0.37958765340299283,2.1362300538627272e-06,9.902192499994245e-09,1.0491456443279822e-06,-4.290939445145771e-06,-3.609776826682352e-08,,,,
0.25,15,object_a,0,1,rigid_box,-0.11718986163290622,-9.963668343502536e-08,0.39999079643772517,2.794381739534789e-08,-8.803161899332818e-08,2.3622637255450166e-07,0.9999999999999678,-0.9519912856605017,-3.4121351109886852e-06,1.5592145456710949e-10,2.8696189760478832e-11,-6.14298753818403e-08,1.4768339503156425e-08,,,,
0.25,15,object_b,1,1,rigid_box,0.16138001645561725,6.229510050975246e-08,0.39999079609836424,8.508973304556055e-08,-1.1971659469349602e-07,-1.6452915934492174e-07,0.9999999999999757,0.3791733872033642,2.1338923805252895e-06,9.147708222856377e-09,3.498402547077988e-07,-1.2563619443070492e-06,-3.7126675901840066e-08,,,,
0.26666666666666666,16,object_a,0,1,rigid_box,-0.13304484217178691,-1.5646423689224505e-07,0.3999907964403303,2.7944054365920737e-08,-8.854356673914602e-08,2.3634917317628864e-07,0.9999999999999677,-0.9506882381300003,-3.407464704777337e-06,1.5660408386741764e-10,2.8231828605307974e-11,-6.143713694966125e-08,1.4707585856667456e-08,,,,
0.26666666666666666,16,object_b,1,1,rigid_box,0.1676959085535723,9.78393407872318e-08,0.39999079614911653,8.604258500389158e-08,-1.227714064609779e-07,-1.6484022348887248e-07,0.9999999999999751,0.37875960636307965,2.131562882768238e-06,4.894377160502561e-10,3.0465023756305825e-08,-5.163083573942833e-08,-3.741630576284503e-08,,,,
0.2833333333333333,17,object_a,0,1,rigid_box,-0.14887812755832736,-2.1321403019536632e-07,0.3999907964429471,2.794428745687727e-08,-8.905557516812803e-08,2.3647146705510217e-07,0.9999999999999677,-0.9493877088077641,-3.4028033241541846e-06,1.5734858208049651e-10,2.77652390204669e-11,-6.144443694959525e-08,1.4646728263108386e-08,,,,
0.2833333333333333,17,object_b,1,1,rigid_box,0.1740049085956224,1.333447905125243e-07,0.39999079615150623,8.621278697579164e-08,-1.228891638750852e-07,-1.651523902442481e-07,0.9999999999999751,0.3783463100790038,2.129236923049955e-06,4.402695916172483e-11,1.7562605941315566e-08,-3.4521421941578242e-09,-3.749474658107581e-08,,,,
0.3,18,object_a,0,1,rigid_box,-0.1646897596996061,-2.698862135448358e-07,0.39999079644557556,2.7944516649748357e-08,-8.956764460095594e-08,2.3659325333978758e-07,0.9999999999999676,-0.9480896905760001,-3.3981509436069228e-06,1.5806715138177996e-10,2.7296444076665378e-11,-6.145177547728278e-08,1.4585770134499785e-08,,,,
0.3,18,object_b,1,1,rigid_box,0.18030702465069948,1.688114987108741e-07,0.3999907961520852,8.63569229799983e-08,-1.2290973950369443e-07,-1.6546515896790928e-07,0.999999999999975,0.3779334975592934,2.1269137133949274e-06,3.249612558209325e-11,1.7230833692679596e-08,-2.2346901544032548e-09,-3.7565233192305355e-08,,,,
0.31666666666666665,19,object_a,0,1,rigid_box,-0.1804797803843089,-3.264809367167458e-07,0.3999907964482157,2.7944741926258854e-08,-9.007977535904035e-08,2.367145312088504e-07,0.9999999999999675,-0.9467941763436987,-3.3935075377192584e-06,1.5870618014224291e-10,2.6825467253210887e-11,-6.145915261643294e-08,1.452471512255947e-08,,,,
0.31666666666666665,19,object_b,1,1,rigid_box,0.1866022647745193,2.0423951083277892e-07,0.3999907961526316,8.650057428870907e-08,-1.2292868741519366e-07,-1.657785138754912e-07,0.9999999999999749,0.377521168010891,2.1245932228211003e-06,3.321125492672383e-11,1.7249186521102042e-08,-2.3252650940483328e-09,-3.7635551496753814e-08,,,,
0.3333333333333333,20,object_a,0,1,rigid_box,-0.19624823128317462,-3.829983490644302e-07,0.39999079645086766,2.7944963268333312e-08,-9.059196776465903e-08,2.3683529987052659e-07,0.9999999999999675,-0.9455011590465084,-3.3888730811704513e-06,1.5945759816726746e-10,2.6352332870131252e-11,-6.146656847859026e-08,1.4463566811956316e-08,,,,
0.3333333333333333,20,object_b,1,1,rigid_box,0.19289063700959327,2.396288721473531e-07,0.39999079615319477,8.664444229092181e-08,-1.2294862874963358e-07,-1.6609245496444144e-07,0.9999999999999749,0.3771093206423005,2.122275446146795e-06,3.4268228879530405e-11,1.727766809941783e-08,-2.453779611884764e-09,-3.770591701570208e-08,,,,
0.35,21,object_a,0,1,rigid_box,-0.21199515394943774,-4.394385995200536e-07,0.3999907964535314,2.7945180658102094e-08,-9.110422214099786e-08,2.3695555856366806e-07,0.9999999999999674,-0.9442106316466107,-3.384247548734869e-06,1.6017127034417822e-10,2.587706589516043e-11,-6.147402317799784e-08,1.440232890096049e-08,,,,
0.35,21,object_b,1,1,rigid_box,0.1991721493852565,2.7497962784656614e-07,0.39999079615377653,8.678855413124767e-08,-1.2296966569845167e-07,-1.6640698267551614e-07,0.9999999999999748,0.37669795466374095,2.1199603788996914e-06,3.544298188273842e-11,1.7307496769966505e-08,-2.5874191705905714e-09,-3.777633791890924e-08,,,,
0.36666666666666664,22,object_a,0,1,rigid_box,-0.22772058981926976,-4.958018365961919e-07,0.39999079645620694,2.794539407790662e-08,-9.161653881225389e-08,2.3707530655821186e-07,0.9999999999999672,-0.9429225871325948,-3.3796309152815472e-06,1.6086570964191083e-10,2.5399692157110334e-11,-6.14815168383678e-08,1.4341005171909185e-08,,,,
0.36666666666666664,22,object_b,1,1,rigid_box,0.2054468099176961,3.102918230481696e-07,0.39999079615437755,8.693291947532502e-08,-1.229918351516655e-07,-1.6672209748284257e-07,0.9999999999999747,0.37628706928714656,2.1176480166352755e-06,3.65870268109747e-11,1.733842935587006e-08,-2.7252777579829477e-09,-3.784681694981187e-08,,,,
0.38333333333333336,23,object_a,0,1,rigid_box,-0.24342458021221836,-5.520882083874064e-07,0.3999907964588943,2.7945603510305478e-08,-9.212891810374339e-08,2.3719454315565873e-07,0.9999999999999672,-0.9416370185193342,-3.3750231557737355e-06,1.6159945777360907e-10,2.4920237900186805e-11,-6.148904961212433e-08,1.427959935484032e-08,,,,
0.38333333333333336,23,object_b,1,1,rigid_box,0.21171462660997972,3.455655027959357e-07,0.39999079615499833,8.707754700730028e-08,-1.2301517035330425e-07,-1.6703779988269362e-07,0.9999999999999747,0.3758766637261622,2.115338354919676e-06,3.781913497646894e-11,1.7370356154477697e-08,-2.8669477568179332e-09,-3.791735675868824e-08,,,,
0.4,24,object_a,0,1,rigid_box,-0.25910716633164405,-6.082978625718103e-07,0.39999079646159363,2.794580893807989e-08,-9.264136034199189e-08,2.373132676897539e-07,0.9999999999999671,-0.9403539188478645,-3.3704242452684634e-06,1.6231966812330079e-10,2.4438730132284354e-11,-6.149662163208002e-08,1.4218115490678314e-08,,,,
0.4,24,object_b,1,1,rigid_box,0.2179756074520847,3.8080071205982875e-07,0.3999907961556395,8.722244494819881e-08,-1.2303970283698227e-07,-1.6735409039245886e-07,0.9999999999999746,0.375466737196139,2.1130313893291055e-06,3.908509800532034e-11,1.740325679272013e-08,-3.012355541137139e-09,-3.7987959824865406e-08,,,,
0.4166666666666667,25,object_a,0,1,rigid_box,-0.2747683892651557,-6.644309464126277e-07,0.3999907964643049,2.794601034423919e-08,-9.315386585488165e-08,2.3743147952679178e-07,0.999999999999967,-0.9390732811852599,-3.3658341589160975e-06,1.6301155217335328e-10,2.395519647461126e-11,-6.150423308500605e-08,1.4156557381037022e-08,,,,
0.4166666666666667,25,object_b,1,1,rigid_box,0.22422976042092552,4.1599749573617204e-07,0.39999079615630156,8.736762106680205e-08,-1.2306546246388448e-07,-1.676709695500601e-07,0.9999999999999746,0.3750572889141293,2.1107271154498213e-06,4.031030370610367e-11,1.7437056416121033e-08,-3.161223147736307e-09,-3.805862852761123e-08,,,,
0.43333333333333335,26,object_a,0,1,rigid_box,-0.2904082899850426,-7.204876067597453e-07,0.3999907964670282,2.794620771202559e-08,-9.366643497173258e-08,2.3754917806649766e-07,0.999999999999967,-0.9377950986245117,-3.3612528719599146e-06,1.6374669328800273e-10,2.3469665333694473e-11,-6.151188413922963e-08,1.4094929160592348e-08,,,,
0.43333333333333335,26,object_b,1,1,rigid_box,0.23047709348038284,4.511558986478145e-07,0.39999079615698513,8.751308276035218e-08,-1.2309247772235108e-07,-1.679884379128851e-07,0.9999999999999745,0.3746483180988823,2.108425528878015e-06,4.160378118400754e-11,1.7471729536336566e-08,-3.31345726882563e-09,-3.8129365231473065e-08,,,,
0.45,27,object_a,0,1,rigid_box,-0.306026909348706,-7.764679900512574e-07,0.39999079646976354,2.794640102492005e-08,-9.417906802349809e-08,2.3766636274209467e-07,0.9999999999999669,-0.9365193642844076,-3.356680359735658e-06,1.6448291340065424e-10,2.2982165544215654e-11,-6.151957500939285e-08,1.4033234796200124e-08,,,,
0.45,27,object_b,1,1,rigid_box,0.23671761458133128,4.862759655442959e-07,0.3999907961576906,8.765883709517428e-08,-1.231207758779049e-07,-1.683064960574226e-07,0.9999999999999744,0.37423982397083944,2.106126625219744e-06,4.293646514719196e-11,1.7507234655975922e-08,-3.468904340114265e-09,-3.820017214246009e-08,,,,
0.4666666666666667,28,object_a,0,1,rigid_box,-0.32162428809908805,-8.32372242315002e-07,0.399990796472511,2.794659026664709e-08,-9.469176534289203e-08,2.3778303302098182e-07,0.9999999999999668,-0.9352460713094115,-3.3521165976711063e-06,1.651903544508393e-10,2.2492726576576227e-11,-6.152730590351473e-08,1.3971478509099634e-08,,,,
0.4666666666666667,28,object_b,1,1,rigid_box,0.2429513316616679,5.213577411020102e-07,0.39999079615841854,8.780489084182652e-08,-1.2315038310295085e-07,-1.6862514457884475e-07,0.9999999999999744,0.3738318057521299,2.103830400090873e-06,4.4298252566132845e-11,1.754353739656415e-08,-3.627437277299655e-09,-3.8271051539148355e-08,,,,
0.48333333333333334,29,object_a,0,1,rigid_box,-0.337200466865098,-8.882005091700927e-07,0.3999907964752707,2.7946775421179397e-08,-9.520452726454537e-08,2.3789918840525743e-07,0.9999999999999668,-0.9339752128695443,-3.347561561285658e-06,1.659459410163766e-10,2.2001378594292447e-11,-6.153507707280917e-08,1.390966440401833e-08,,,,
0.48333333333333334,29,object_b,1,1,rigid_box,0.24917825264634016,5.564012699243689e-07,0.39999079615916944,8.795125055690823e-08,-1.2318132478188707e-07,-1.6894438409061156e-07,0.9999999999999742,0.3734242626665656,2.1015368491169616e-06,4.570730252617672e-11,1.7580611256367917e-08,-3.7889582888142e-09,-3.8342005513728406e-08,,,,
0.5,30,object_a,0,1,rigid_box,-0.3527554861620377,-9.439529358284406e-07,0.3999907964780427,2.7946956472742966e-08,-9.57173541252454e-08,2.3801482843169377e-07,0.9999999999999667,-0.9327067821602628,-3.3430152261898865e-06,1.6666920274466257e-10,2.1508152078626475e-11,-6.154288878340281e-08,1.3847796685446287e-08,,,,
0.5,30,object_b,1,1,rigid_box,0.25539838544737375,5.914065965419625e-07,0.39999079615994376,8.809792250791623e-08,-1.2321362522737292e-07,-1.6926421522418692e-07,0.9999999999999741,0.3730171939396373,2.0992459679333182e-06,4.7098831779113226e-11,1.7618431148026956e-08,-3.9533747668817424e-09,-3.8413036322539545e-08,,,,
0.5166666666666667,31,object_a,0,1,rigid_box,-0.3682893863920243,-9.996296670962707e-07,0.399990796480827,2.7947133405820468e-08,-9.623024626405045e-08,2.38129952672755e-07,0.9999999999999666,-0.9314407724023434,-3.3384775680851347e-06,1.6738650743253203e-10,2.1013078150505432e-11,-6.155074131080121e-08,1.3785879722419984e-08,,,,
0.5166666666666667,31,object_b,1,1,rigid_box,0.2616117379639007,6.263737654127203e-07,0.39999079616074196,8.824491284865796e-08,-1.2324730833725027e-07,-1.6958463862860925e-07,0.9999999999999741,0.37261059879850955,2.09695775218479e-06,4.860137119144792e-11,1.76569695093243e-08,-4.120584568001658e-09,-3.8484146030743904e-08,,,,
0.5333333333333333,32,object_a,0,1,rigid_box,-0.383802207844411,-1.055230847375631e-06,0.39999079648362384,2.7947306205156456e-08,-9.674320402255622e-08,2.3824456073654819e-07,0.9999999999999665,-0.9301771768417638,-3.3339485627630756e-06,1.6815142854509357e-10,2.0516188479666696e-11,-6.155863498824845e-08,1.3723917694155295e-08,,,,
0.5333333333333333,32,object_b,1,1,rigid_box,0.2678183180821876,6.613028209220721e-07,0.3999907961615646,8.839222750863597e-08,-1.2328239717794846e-07,-1.699056549705532e-07,0.999999999999974,0.37220447647201643,2.0946721975258574e-06,5.007541256651926e-11,1.7696211616876602e-08,-4.290533602619421e-09,-3.855533665598255e-08,,,,
0.55,33,object_a,0,1,rigid_box,-0.3992939906962064,-1.1107566206658935e-06,0.39999079648643326,2.794747485576056e-08,-9.72562277451058e-08,2.3835865226729877e-07,0.9999999999999665,-0.9289159887495866,-3.3294281861053084e-06,1.689455970954601e-10,2.0017515111043694e-11,-6.156657015305322e-08,1.3661914999108522e-08,,,,
0.55,33,object_b,1,1,rigid_box,0.27401813367566275,6.961938073831059e-07,0.39999079616241195,8.853987231448431e-08,-1.233189144394086e-07,-1.7022726493415697e-07,0.9999999999999739,0.3717988261906572,2.092389299620478e-06,5.153984530825717e-11,1.773615736012972e-08,-4.463222664206234e-09,-3.862661036458334e-08,,,,
0.5666666666666667,34,object_a,0,1,rigid_box,-0.4147647750124915,-1.16620713056525e-06,0.39999079648925534,2.7947639342911763e-08,-9.776931777907963e-08,2.384722269453303e-07,0.9999999999999664,-0.9276572014218415,-3.3249164140829298e-06,1.6969285525358924e-10,1.951709053674629e-11,-6.157454717183045e-08,1.3599876068609763e-08,,,,
0.5666666666666667,34,object_b,1,1,rigid_box,0.28021119260494404,7.310467690367267e-07,0.3999907961632847,8.868785295090063e-08,-1.2335688228714118e-07,-1.7054946922065895e-07,0.9999999999999739,0.37139364718659096,2.090109054142102e-06,5.308108466661743e-11,1.7776773416961112e-08,-4.6385275258532514e-09,-3.869796920762772e-08,,,,
0.5833333333333334,35,object_a,0,1,rigid_box,-0.4302146007468344,-1.2215825202722012e-06,0.39999079649209024,2.7947799652160903e-08,-9.828247447509826e-08,2.3858528448780586e-07,0.9999999999999662,-0.9264008081794106,-3.320413222756131e-06,1.7047149108995185e-10,1.901494746741117e-11,-6.158256646644697e-08,1.3537805212746115e-08,,,,
0.5833333333333334,35,object_b,1,1,rigid_box,0.2863975027178669,7.658617500518133e-07,0.39999079616418326,8.883617503879279e-08,-1.2339632265526803e-07,-1.7087226854879182e-07,0.9999999999999738,0.3709889386936332,2.0878314567735684e-06,5.4655292444638626e-11,1.7818061153346968e-08,-4.816454299480132e-09,-3.876941528798444e-08,,,,
0.6,36,object_a,0,1,rigid_box,-0.4456435077417039,-1.2768829325870355e-06,0.399990796494938,2.7947955769333843e-08,-9.879569818734494e-08,2.3869782464868e-07,0.9999999999999662,-0.9251468023679134,-3.3159185882737716e-06,1.712367001666104e-10,1.851111913187188e-11,-6.15906284741676e-08,1.3475706908230795e-08,,,,
0.6,36,object_b,1,1,rigid_box,0.29257707184951126,8.006387945253751e-07,0.39999079616510796,8.898484409273662e-08,-1.2343725708556634e-07,-1.7119566365436537e-07,0.9999999999999738,0.3705846999472508,2.085556503207124e-06,5.6236135539955434e-11,1.786000718520615e-08,-4.996953491973333e-09,-3.884095059256448e-08,,,,
0.6166666666666667,37,object_a,0,1,rigid_box,-0.4610515357288806,-1.3321085099133041e-06,0.39999079649779895,2.794810768053458e-08,-9.930898927388308e-08,2.3880984721882025e-07,0.9999999999999661,-0.9238951773575924,-3.311432486872981e-06,1.7202311276831583e-10,1.8005639097790142e-11,-6.15987336753661e-08,1.3413585623624894e-08,,,,
0.6166666666666667,37,object_b,1,1,rigid_box,0.2987499078222301,8.353779464827087e-07,0.3999907961660594,8.913386555837898e-08,-1.234797068674436e-07,-1.7151965529057201e-07,0.9999999999999737,0.37018093018455767,2.083284189144359e-06,5.783900788869367e-11,1.7902613407817536e-08,-5.180033107771957e-09,-3.891257729215552e-08,,,,
0.6333333333333333,38,object_a,0,1,rigid_box,-0.4764387243298662,-1.3872593942592896e-06,0.39999079650067304,2.7948255372147256e-08,-9.982234809697636e-08,2.3892135202622865e-07,0.999999999999966,-0.9226459265431984,-3.3069548948787445e-06,1.7284608813672442e-10,1.7498540969488408e-11,-6.160688259956331e-08,1.3351445771596381e-08,,,,
0.6333333333333333,38,object_b,1,1,rigid_box,0.3049160184456756,8.700792498775524e-07,0.3999907961670381,8.928324483860717e-08,-1.2352369313585886e-07,-1.7184424422818684e-07,0.9999999999999736,0.3697776286443104,2.081014510296155e-06,5.948199571781387e-11,1.794582921785844e-08,-5.365503225018798e-09,-3.898429742070189e-08,,,,
0.65,39,object_a,0,1,rigid_box,-0.49180511305629127,-1.4423357272394658e-06,0.39999079650356056,2.7948398830837195e-08,-1.0033577502344189e-07,2.390323389361487e-07,0.999999999999966,-0.9213990433438786,-3.3024857887035014e-06,1.7364065740821388e-10,1.698985866189526e-11,-6.161507581502261e-08,1.3289291821816326e-08,,,,
0.65,39,object_b,1,1,rigid_box,0.3110754115168273,9.047427485922414e-07,0.3999907961680444,8.943298734327442e-08,-1.2356923705806742e-07,-1.7216943125513552e-07,0.9999999999999735,0.3693747945669039,2.078747462382601e-06,6.116901776764827e-11,1.798972772084552e-08,-5.553640016086116e-09,-3.9056113095190643e-08,,,,
0.6666666666666666,40,object_a,0,1,rigid_box,-0.5071507413103205,-1.497337650075951e-06,0.3999907965064617,2.7948538043553537e-08,-1.0084927042502608e-07,2.3914280785116305e-07,0.9999999999999659,-0.920154521203063,-3.2980251448467396e-06,1.7443308429621052e-10,1.647962622055636e-11,-6.162331392366263e-08,1.3227128341658163e-08,,,,
0.6666666666666666,40,object_b,1,1,rigid_box,0.31722809482001907,9.39368486437861e-07,0.39999079616907884,8.958309839454122e-08,-1.2361635947655208e-07,-1.7249521717716894e-07,0.9999999999999735,0.3689724271943666,2.076483041133084e-06,6.28565428872907e-11,1.803425285989906e-08,-5.744232904860984e-09,-3.912802650399366e-08,,,,
0.6833333333333333,41,object_a,0,1,rigid_box,-0.5224756483850567,-1.5522653035999576e-06,0.3999907965093766,2.794867299752952e-08,-1.0136283467883158e-07,2.392527587110503e-07,0.9999999999999658,-0.9189123535883531,-3.293572939894597e-06,1.7527214228596488e-10,1.5967877832090488e-11,-6.163159760813404e-08,1.3164959679864896e-08,,,,
0.6833333333333333,41,object_b,1,1,rigid_box,0.3233740761269666,9.739565071544e-07,0.3999907961701419,8.973358337184276e-08,-1.2366508145509462e-07,-1.728216028180896e-07,0.9999999999999734,0.3685705257703563,2.0742212422860944e-06,6.464333408839895e-11,1.8079424677609644e-08,-5.937358066666368e-09,-3.920003979196153e-08,,,,
0.7,42,object_a,0,1,rigid_box,-0.5377798734649425,-1.6071188282532302e-06,0.39999079651230546,2.7948803680283336e-08,-1.0187646816775711e-07,2.393621914927169e-07,0.9999999999999658,-0.9176725339914105,-3.2891291505194536e-06,1.7616568273592925e-10,1.5454647788361666e-11,-6.163992758763363e-08,1.3102790301220681e-08,,,,
0.7,42,object_b,1,1,rigid_box,0.3295133631967937,1.0085068544109042e-06,0.399990796171234,8.988444762148511e-08,-1.2371542393755135e-07,-1.7314858901951614e-07,0.9999999999999732,0.3681690895401562,2.0719620615893115e-06,6.634058580257118e-11,1.8125244609636347e-08,-6.133021512270015e-09,-3.9272155073901576e-08,,,,
0.7166666666666667,43,object_a,0,1,rigid_box,-0.5530634556261605,-1.6618983640894803e-06,0.39999079651524855,2.7948930079618022e-08,-1.0239017128095899e-07,2.3947110621013527e-07,0.9999999999999657,-0.9164350559278456,-3.284693753479548e-06,1.770116171695424e-10,1.4939970104519726e-11,-6.16483046279337e-08,1.3040624730058579e-08,,,,
0.7166666666666667,43,object_b,1,1,rigid_box,0.3356459637760604,1.0430195718056276e-06,0.3999907961723558,9.003569650260034e-08,-1.2376740792086663e-07,-1.7347617664125192e-07,0.9999999999999732,0.3677681177506698,2.069705494799521e-06,6.814086274398168e-11,1.81716945097255e-08,-6.331155273344112e-09,-3.934437452447156e-08,,,,
0.7333333333333333,44,object_a,0,1,rigid_box,-0.5683264338370313,-1.7166040507758139e-06,0.39999079651820607,2.7949052183620687e-08,-1.0290394441431722e-07,2.395795029144344e-07,0.9999999999999656,-0.9151999129371092,-3.2802667256185747e-06,1.77878170526391e-10,1.4423878826674625e-11,-6.1656729567693e-08,1.2978467405027247e-08,,,,
0.7333333333333333,44,object_b,1,1,rigid_box,0.34177188559878924,1.0774947028661836e-06,0.3999907961735076,9.018733544394868e-08,-1.2382105466960304e-07,-1.7380436656187535e-07,0.9999999999999731,0.36736760965041687,2.067451537682528e-06,6.998590595941323e-11,1.821882263905854e-08,-6.53194222583503e-09,-3.9416700573155066e-08,,,,
0.75,45,object_a,0,1,rigid_box,-0.5835688469584096,-1.7712360275941525e-06,0.39999079652117836,2.794916998066245e-08,-1.0341778797101208e-07,2.396873816933788e-07,0.9999999999999655,-0.9139670985823805,-3.2758480438652936e-06,1.7874906763082343e-10,1.3906408133313466e-11,-6.166520332891607e-08,1.291632259629828e-08,,,,
0.75,45,object_b,1,1,rigid_box,0.3478911363864923,1.1119322910496974e-06,0.39999079617469,9.033936985675902e-08,-1.2387638538656978e-07,-1.7413315967867401e-07,0.999999999999973,0.3669675644895296,2.065200186013239e-06,7.180782704563349e-11,1.8266566169604565e-08,-6.735145456787895e-09,-3.948913526478599e-08,,,,
0.7666666666666667,46,object_a,0,1,rigid_box,-0.5987907337440799,-1.8257944334426475e-06,0.3999907965241657,2.7949283459396632e-08,-1.0393170236207973e-07,2.397947426712011e-07,0.9999999999999655,-0.9127366064504611,-3.271437685233134e-06,1.7967367524351907e-10,1.3387591612713137e-11,-6.167372687137065e-08,1.2854194787636606e-08,,,,
0.7666666666666667,46,object_b,1,1,rigid_box,0.35400372384819845,1.146332379742954e-06,0.3999907961759036,9.049180525140972e-08,-1.239334216536978e-07,-1.7446255690827525e-07,0.999999999999973,0.36656798151974695,2.062951435575498e-06,7.372632712665528e-11,1.8315002916580476e-08,-6.9410596025451345e-09,-3.956168102774039e-08,,,,
0.7833333333333333,47,object_a,0,1,rigid_box,-0.6139921328411477,-1.880279406837087e-06,0.39999079652716835,2.7949392608756733e-08,-1.0444568800700708e-07,2.3990158600837415e-07,0.9999999999999654,-0.9115084301516638,-3.267035626819819e-06,1.8058626642669662e-10,1.286746293078522e-11,-6.168230125243218e-08,1.2792088246889942e-08,,,,
0.7833333333333333,47,object_b,1,1,rigid_box,0.36010965568047953,1.180695012262549e-06,0.39999079617714883,9.06446471585535e-08,-1.2399218513394862e-07,-1.7479255918655176e-07,0.9999999999999729,0.3661688599944119,2.0607052821621576e-06,7.559068301854488e-11,1.8364094426896415e-08,-7.149539863980635e-09,-3.963434027197003e-08,,,,
0.8,48,object_a,0,1,rigid_box,-0.6291730827904312,-1.9346910859122986e-06,0.3999907965301866,2.794949741795478e-08,-1.0495974533438085e-07,2.400079119012269e-07,0.9999999999999653,-0.9102825633197077,-3.262641845806973e-06,1.8152171953056406e-10,1.2346055239462356e-11,-6.169092759792821e-08,1.273000728427769e-08,,,,
0.8,48,object_b,1,1,rigid_box,0.3662089395674772,1.215020231855039e-06,0.3999907961784263,9.079790120434219e-08,-1.240526978559813e-07,-1.7512316746949032e-07,0.9999999999999728,0.3657701991684666,2.0584617215749653e-06,7.756654693547027e-11,1.8413871926248806e-08,-7.36070487128748e-09,-3.9707115373622196e-08,,,,
0.8166666666666667,49,object_a,0,1,rigid_box,-0.6443336220268503,-1.989029608423543e-06,0.39999079653322095,2.7949597876477483e-08,-1.0547387478259181e-07,2.4011372058141415e-07,0.9999999999999653,-0.909058999611609,-3.2582563194597304e-06,1.8252152393649634e-10,1.1823401381449588e-11,-6.16996071362184e-08,1.2667956035873073e-08,,,,
0.8166666666666667,49,object_b,1,1,rigid_box,0.37230158318092954,1.249308081697088e-06,0.3999907961797365,9.095157305436537e-08,-1.241149820021117e-07,-1.7545438273315798e-07,0.9999999999999727,0.36537199829844746,2.056220749624609e-06,7.954920402952759e-11,1.8464338357906576e-08,-7.574566324945465e-09,-3.978000873832553e-08,,,,
0.8333333333333334,50,object_a,0,1,rigid_box,-0.6594737888798144,-2.043295111747903e-06,0.3999907965362717,2.794969397408416e-08,-1.0598807680053362e-07,2.40219012315687e-07,0.9999999999999651,-0.9078377327075754,-3.2538790251263594e-06,1.8353241322544012e-10,1.1299533887578335e-11,-6.170834115449483e-08,1.260593879464597e-08,,,,
0.8333333333333334,50,object_b,1,1,rigid_box,0.3783875941801981,1.2835586048956148e-06,0.39999079618107997,9.110566852302635e-08,-1.2417906032279332e-07,-1.757862059746035e-07,0.9999999999999727,0.36497425664248184,2.0539823621305705e-06,8.15460511616184e-11,1.8515490569544485e-08,-7.791112838338708e-09,-3.985302287984618e-08,,,,
0.85,51,object_a,0,1,rigid_box,-0.6745936215736075,-2.0974877328856663e-06,0.3999907965393392,2.7949785700802e-08,-1.0650235184837588e-07,2.403237874054258e-07,0.999999999999965,-0.9066187563109002,-3.2495099402378905e-06,1.8454856566541e-10,1.0774484612364482e-11,-6.171713106344548e-08,1.2543959602299585e-08,,,,
0.85,51,object_b,1,1,rigid_box,0.38446698021229336,1.3177718444879433e-06,0.39999079618245736,9.126019346921914e-08,-1.2424495574188938e-07,-1.7611863821191645e-07,0.9999999999999726,0.36457697346028245,2.0517465549212105e-06,8.359287047288166e-11,1.8567378497786303e-08,-8.010534224433757e-09,-3.992616049044991e-08,,,,
0.8666666666666667,52,object_a,0,1,rigid_box,-0.6896931582277713,-2.151607608461702e-06,0.39999079654242403,2.7949873046923168e-08,-1.0701670039843531e-07,2.404280461857898e-07,0.9999999999999649,-0.9054020641478572,-3.2451490423077257e-06,1.8560290804270352e-10,1.0248285111316132e-11,-6.172597835268609e-08,1.248202259197621e-08,,,,
0.8666666666666667,52,object_b,1,1,rigid_box,0.390539748911902,1.3519478434419485e-06,0.3999907961838692,9.141515384591749e-08,-1.243126915447147e-07,-1.764516804848627e-07,0.9999999999999725,0.364180148013145,2.049513323833699e-06,8.569507256583897e-11,1.861998310207714e-08,-8.232758985251622e-09,-3.9999424107454754e-08,,,,
0.8833333333333333,53,object_a,0,1,rigid_box,-0.704772436857489,-2.2056548747268266e-06,0.39999079654552655,2.794995600299953e-08,-1.0753112293598798e-07,2.405317890255991e-07,0.9999999999999649,-0.9041876499675954,-3.2407963089312756e-06,1.866484224122278e-10,9.720966405847967e-12,-6.173488464624133e-08,1.2420131650206876e-08,,,,
0.8833333333333333,53,object_b,1,1,rigid_box,0.39660590790141304,1.3860866446561992e-06,0.39999079618531613,9.157055578399017e-08,-1.243822916963498e-07,-1.767853338554068e-07,0.9999999999999725,0.3637837795639425,2.0472826647138964e-06,8.7818415733798e-11,1.8673301209355067e-08,-8.457775661832995e-09,-4.007281633759667e-08,,,,
0.9,54,object_a,0,1,rigid_box,-0.7198314953739642,-2.259629667559171e-06,0.39999079654864733,2.7950034559838737e-08,-1.0804561996021783e-07,2.4063501632662383e-07,0.9999999999999648,-0.9029755075420346,-3.2364517177855654e-06,1.8774144565358863e-10,9.192558842423765e-12,-6.174385165273287e-08,1.2358290800123413e-08,,,,
0.9,54,object_b,1,1,rigid_box,0.4026654647909437,1.4201882909601098e-06,0.3999907961867987,9.172640548789387e-08,-1.2445378044684377e-07,-1.7711959940832604e-07,0.9999999999999724,0.36338786737712125,2.0450545734164437e-06,8.996644228209671e-11,1.8727393571682748e-08,-8.685815432510524e-09,-4.014634011845574e-08,,,,
0.9166666666666666,55,object_a,0,1,rigid_box,-0.7348703715848003,-2.313532122465539e-06,0.39999079655178693,2.7950108708498823e-08,-1.0856019198518716e-07,2.4073772852308847e-07,0.9999999999999647,-0.9017656306657632,-3.232115246628887e-06,1.888911891484435e-10,8.663092299108741e-12,-6.175288122799173e-08,1.2296503812714256e-08,,,,
0.9166666666666666,55,object_b,1,1,rigid_box,0.4087184271783661,1.45425282511408e-06,0.3999907961883177,9.188270931056159e-08,-1.2452718261566557e-07,-1.7745447825162197e-07,0.9999999999999722,0.36299241071869753,2.0428290458046546e-06,9.218917643161184e-11,1.878224051917597e-08,-8.916804404821601e-09,-4.0219998130621055e-08,,,,
0.9333333333333333,56,object_a,0,1,rigid_box,-0.7498891031943774,-2.3673623745827515e-06,0.39999079655494585,2.79501784402847e-08,-1.0907483954089254e-07,2.4083992608100713e-07,0.9999999999999647,-0.9005580131559332,-3.2277868733004163e-06,1.9008487492366832e-10,8.13259596444336e-12,-6.176197532967304e-08,1.2234774576224319e-08,,,,
0.9333333333333333,56,object_b,1,1,rigid_box,0.41476480264933296,1.4882802898096413e-06,0.3999907961898736,9.203947376587568e-08,-1.2460252363991887e-07,-1.7778997151723782e-07,0.9999999999999721,0.3625974088562524,2.0406060777504847e-06,9.444371500133553e-11,1.883787808702135e-08,-9.150880203346771e-09,-4.029379338123182e-08,,,,
0.95,57,object_a,0,1,rigid_box,-0.7648877278042263,-2.4211205586789992e-06,0.39999079655812475,2.795024374674297e-08,-1.095895631743561e-07,2.4094160949770597e-07,0.9999999999999646,-0.8993526488521595,-3.2234665757198477e-06,1.9132163908697208e-10,7.601098752170463e-12,-6.177113608237619e-08,1.2173106702415864e-08,,,,
0.95,57,object_b,1,1,rigid_box,0.4208045987773039,1.5222707276696024e-06,0.39999079619146716,9.219670548596173e-08,-1.2467982941292837e-07,-1.7812608036173062e-07,0.9999999999999721,0.36220286105892807,2.038385665134551e-06,9.668070163892928e-11,1.8894346729624253e-08,-9.388197422738688e-09,-4.0367728828312984e-08,,,,
0.9666666666666667,58,object_a,0,1,rigid_box,-0.7798662829134035,-2.4748068091551773e-06,0.3999907965613243,2.7950304619657213e-08,-1.101043634507532e-07,2.410427793015683e-07,0.9999999999999645,-0.8981495316164169,-3.2191543318870282e-06,1.9255176619825676e-10,7.068628776590367e-12,-6.178036570704219e-08,1.211150405721991e-08,,,,
0.9666666666666667,58,object_b,1,1,rigid_box,0.42683782312357177,1.5562241812481904e-06,0.3999907961930991,9.235441130490824e-08,-1.247591266030584e-07,-1.7846280596690813e-07,0.999999999999972,0.3618087665974232,2.036167803846015e-06,9.9019651852994e-11,1.8951610752146882e-08,-9.628621406924926e-09,-4.0441807544337604e-08,,,,
0.9833333333333333,59,object_a,0,1,rigid_box,-0.794824805918862,-2.528421260046217e-06,0.3999907965645452,2.795036105104487e-08,-1.1061924095466671e-07,2.4114343605144626e-07,0.9999999999999644,-0.8969486553329388,-3.214850119881589e-06,1.9388479016724247e-10,6.535214071887739e-12,-6.178966663616916e-08,1.2049970067329938e-08,,,,
0.9833333333333333,59,object_b,1,1,rigid_box,0.43286448323728755,1.5901406930311951e-06,0.39999079619477,9.251259821490772e-08,-1.2484044248809812e-07,-1.788001495405939e-07,0.9999999999999719,0.3614151247439897,2.033952489782613e-06,1.0134720493382154e-10,1.900975085056226e-08,-9.872459929761341e-09,-4.0516032678244414e-08,,,,
1.0,60,object_a,0,1,rigid_box,-0.8097633341158221,-2.5819640450224162e-06,0.39999079656778824,2.79504130331536e-08,-1.1113419629136486e-07,2.412435803364457e-07,0.9999999999999644,-0.8957500139081167,-3.210553917862601e-06,1.952250566067404e-10,6.000881904912179e-12,-6.179904140009922e-08,1.1988508527912559e-08,,,,
1.0,60,object_b,1,1,rigid_box,0.4388845866554872,1.62402030543611e-06,0.39999079619648076,9.267127336437008e-08,-1.2492380494888127e-07,-1.7913811231706938e-07,0.9999999999999718,0.36102193477242733,2.031739718850629e-06,1.0379604120647201e-10,1.9068762779312442e-08,-1.0119698066982062e-08,-4.059040746972404e-08,,,,
1.0166666666666666,61,object_a,0,1,rigid_box,-0.8246819046981388,-2.6354352973907564e-06,0.3999907965710542,2.7950460558459688e-08,-1.1164923008816425e-07,2.413432127757701e-07,0.9999999999999643,-0.8945536012704003,-3.2062657040681957e-06,1.966275475773216e-10,5.465659759017079e-12,-6.180849273660723e-08,1.1927122964969782e-08,,,,
1.0166666666666666,61,object_b,1,1,rigid_box,0.44489814090311663,1.6578630608122757e-06,0.39999079619823197,9.283044415249457e-08,-1.2500924283020786e-07,-1.7947669555817088e-07,0.9999999999999717,0.36062919595808124,2.0295294869647716e-06,1.0624951266025029e-10,1.9128646208155166e-08,-1.0370335738750769e-08,-4.0664935218440595e-08,,,,
1.0333333333333334,62,object_a,0,1,rigid_box,-0.8395805547586696,-2.6888351500962185e-06,0.39999079657434383,2.7950503619666775e-08,-1.121643429958506e-07,2.4144233401880876e-07,0.9999999999999641,-0.8933594113701965,-3.2019854568152203e-06,1.9803313329458394e-10,4.929574867134309e-12,-6.181802354020907e-08,1.1865817041792006e-08,,,,
1.0333333333333334,62,object_b,1,1,rigid_box,0.4509051534930582,1.6916690014410186e-06,0.3999907962000245,9.29901181733053e-08,-1.2509678572928635e-07,-1.798159005540964e-07,0.9999999999999717,0.36023690757783605,2.027321790048214e-06,1.0872005552775565e-10,1.9189470047469495e-08,-1.0624636596690216e-08,-4.0739619464631586e-08,,,,
1.05,63,object_a,0,1,rigid_box,-0.8544593212896388,-2.742163735723093e-06,0.3999907965776582,2.7950542209707328e-08,-1.12679535690221e-07,2.415409447451568e-07,0.999999999999964,-0.8921674381797714,-3.1977131544988693e-06,1.9958081021176355e-10,4.392654866361816e-12,-6.18276369045928e-08,1.1804594377502205e-08,,,,
1.05,63,object_b,1,1,rigid_box,0.456905631926156,1.7254381695357931e-06,0.3999907962018591,9.3150303235718e-08,-1.2518646407334888e-07,-1.801557286244242e-07,0.9999999999999716,0.35984506891011275,2.025116624032542e-06,1.1124919561955604e-10,1.925123586458224e-08,-1.0882608090395897e-08,-4.081446367656352e-08,,,,
1.0666666666666667,64,object_a,0,1,rigid_box,-0.8693182411830015,-2.7954211864962816e-06,0.3999907965809982,2.795057632174523e-08,-1.1319480887363903e-07,2.4163904566530305e-07,0.999999999999964,-0.8909776756931514,-3.193448775592345e-06,2.0110834351994011e-10,3.854927839318272e-12,-6.183733610719039e-08,1.174345872843247e-08,,,,
1.0666666666666667,64,object_b,1,1,rigid_box,0.4628995836912409,1.7591706072423218e-06,0.3999907962037366,9.331100736051078e-08,-1.252783091093091e-07,-1.8049618111844358e-07,0.9999999999999715,0.35945367923486493,2.022913984857742e-06,1.1387663208239918e-10,1.9314000394918044e-08,-1.1144468001707076e-08,-4.0889471561535686e-08,,,,
1.0833333333333333,65,object_a,0,1,rigid_box,-0.8841573512308054,-2.8486076342825915e-06,0.3999907965843648,2.7950605949181226e-08,-1.1371016327673707e-07,2.4173663752123477e-07,0.9999999999999639,-0.8897901179260249,-3.1891922986464984e-06,2.0277546308733463e-10,3.3164224982469377e-12,-6.184712463351489e-08,1.1682413966153456e-08,,,,
1.0833333333333333,65,object_b,1,1,rigid_box,0.46888701626515694,1.7928663566387318e-06,0.3999907962056579,9.347223884145119e-08,-1.2537235313822895e-07,-1.8083725941662248e-07,0.9999999999999714,0.3590627378335739,2.0207138684721064e-06,1.1653633787134243e-10,1.9377747246424683e-08,-1.1410155587224e-08,-4.096464690113013e-08,,,,
1.1,66,object_a,0,1,rigid_box,-0.8989766881255502,-2.9017232105920314e-06,0.3999907965877592,2.7950631085662538e-08,-1.1422559966013341e-07,2.4183372108784117e-07,0.9999999999999638,-0.8886047589156442,-3.1849437022894783e-06,2.0448924671623292e-10,2.7771692020301564e-12,-6.185700619570435e-08,1.1621464037299653e-08,,,,
1.1,66,object_b,1,1,rigid_box,0.4748679371127863,1.8265254597356978e-06,0.39999079620762384,9.363400625362197e-08,-1.2546862954887132e-07,-1.8117896493156772e-07,0.9999999999999714,0.3586722439892453,2.0185162708322045e-06,1.1924374161698115e-10,1.9442563165681415e-08,-1.1680003502366257e-08,-4.103999362666158e-08,,,,
1.1166666666666667,67,object_a,0,1,rigid_box,-0.9137762884605469,-2.9547680465790935e-06,0.39999079659118253,2.795065172509473e-08,-1.147411188163103e-07,2.4193029717432247e-07,0.9999999999999637,-0.8874215927207295,-3.1807029652263932e-06,2.062152705539777e-10,2.2371997498924238e-12,-6.186698470809288e-08,1.1560613273661025e-08,,,,
1.1166666666666667,67,object_b,1,1,rigid_box,0.48084235368707484,1.8601479584765751e-06,0.39999079620963535,9.379631840166022e-08,-1.255671726219045e-07,-1.8152129910898998e-07,0.9999999999999712,0.3582821969864043,2.016321187902914e-06,1.2201777956077908e-10,1.9508427276872858e-08,-1.1953934127213919e-08,-4.111551564577567e-08,,,,
1.1333333333333333,68,object_a,0,1,rigid_box,-0.9285561887302747,-3.007742273044034e-06,0.39999079659463593,2.79506678616593e-08,-1.152567215714981e-07,2.4202636662666124e-07,0.9999999999999637,-0.8862406134213718,-3.1764700662389552e-06,2.080495220546652e-10,1.696548306957516e-12,-6.187706434642796e-08,1.1499866145872165e-08,,,,
1.1333333333333333,68,object_b,1,1,rigid_box,0.4868102734290568,1.8937338947375413e-06,0.39999079621169326,9.395918441692218e-08,-1.2566801790237135e-07,-1.818642634286339e-07,0.9999999999999711,0.35789259611109225,2.0141286156572913e-06,1.2481795978736e-10,1.9575424461211013e-08,-1.2232273641195819e-08,-4.119121726302886e-08,,,,
1.15,69,object_a,0,1,rigid_box,-0.943316425330736,-3.0606460204341468e-06,0.3999907965981208,2.7950679489836596e-08,-1.1577240878775398e-07,2.4212193033008457e-07,0.9999999999999636,-0.8850618151189368,-3.172244984185142e-06,2.1001343199211764e-10,1.155252397886627e-12,-6.188724952002249e-08,1.1439227595937642e-08,,,,
1.15,69,object_b,1,1,rigid_box,0.49277170376788093,1.9272833103277306e-06,0.3999907962137987,9.412261372860819e-08,-1.2577120209159376e-07,-1.822078594057074e-07,0.999999999999971,0.35750344065086254,2.0119385500765837e-06,1.276872444583299e-10,1.964357144071278e-08,-1.251508832686549e-08,-4.126710271119354e-08,,,,
1.1666666666666667,70,object_a,0,1,rigid_box,-0.9580570345598101,-3.113479418845031e-06,0.39999079660163844,2.7950686604435292e-08,-1.1628818136506007e-07,2.4221698921275344e-07,0.9999999999999635,-0.8838851919359695,-3.1680276979988496e-06,2.1200944298749302e-10,6.133533163470196e-13,-6.18975449084518e-08,1.1378702962944779e-08,,,,
1.1666666666666667,70,object_b,1,1,rigid_box,0.49872665212083495,1.960796246989369e-06,0.39999079621595257,9.428661610543724e-08,-1.258767632085123e-07,-1.825520885923034e-07,0.9999999999999709,0.35711472989477655,2.009750987150157e-06,1.3061429542104985e-10,1.971288033827803e-08,-1.2802427031199168e-08,-4.134317649732225e-08,,,,
1.1833333333333333,71,object_a,0,1,rigid_box,-0.9727780526176053,-3.1662425980218556e-06,0.39999079660677,2.795068925039332e-08,-1.168040445294303e-07,2.423115507073778e-07,0.9999999999999634,-0.882710738015792,-3.1638181866905125e-06,9.823961123756053e-10,1.3563408996191693e-13,-6.191352819949438e-08,1.1326697907388459e-08,,,,
1.1833333333333333,71,object_b,1,1,rigid_box,0.5046751258933713,1.9942727463979117e-06,0.399990796218156,9.445120166554287e-08,-1.259847406296844e-07,-1.8289695257810733e-07,0.9999999999999708,0.3567264631333993,2.007565922875467e-06,1.3363740669625201e-10,1.978346644388254e-08,-1.3094733207723731e-08,-4.1419443298504225e-08,,,,
1.2,72,object_a,0,1,rigid_box,-0.9874795156068064,-3.2189356873614393e-06,0.3999907966240747,2.7950690267037655e-08,-1.17320243855176e-07,2.424059844915912e-07,0.9999999999999634,-0.881538447523617,-3.1596164294636307e-06,1.03908362296401e-09,1.3572695691264917e-13,-6.197074336333539e-08,1.1336778418161941e-08,,,,
1.2,72,object_b,1,1,rigid_box,0.5106171324791311,2.027712850162174e-06,0.39999079622040995,9.461638084671909e-08,-1.2609517497797504e-07,-1.8324245299231963e-07,0.9999999999999708,0.35633863965879603,2.005383353258063e-06,1.3669975915120425e-10,1.9855270968716054e-08,-1.3391785072113018e-08,-4.149590782274352e-08,,,,
1.2166666666666666,73,object_a,0,1,rigid_box,-1.0021614595330348,-3.2715588159146774e-06,0.3999907966414015,2.79506912843505e-08,-1.1783692020500842e-07,2.425005023219244e-07,0.9999999999999633,-0.880368314644696,-3.1554224055437437e-06,1.0400541781974137e-09,1.358199191581082e-13,-6.202801067518587e-08,1.1346868328877156e-08,,,,
1.2166666666666666,73,object_b,1,1,rigid_box,0.5165526792599705,2.0611165998244708e-06,0.39999079622271566,9.478216454645701e-08,-1.2620810866061853e-07,-1.8358859150467675e-07,0.9999999999999707,0.35595125876452804,2.0032032743114167e-06,1.397984748796599e-10,1.9928460262088653e-08,-1.3694222203415015e-08,-4.1572575089097706e-08,,,,
1.2333333333333334,74,object_a,0,1,rigid_box,-1.0168239203051848,-3.3241121123860517e-06,0.3999907966587444,2.795069230233252e-08,-1.1835407401306938e-07,2.425951042767387e-07,0.9999999999999631,-0.8792003335853245,-3.1512360941648807e-06,1.041032326315472e-09,1.3591295992990671e-13,-6.208533009062287e-08,1.135696765270761e-08,,,,
1.2333333333333334,74,object_b,1,1,rigid_box,0.5224817736059846,2.094484036860744e-06,0.3999907962250743,9.494856399118774e-08,-1.2632358537190966e-07,-1.839353698273564e-07,0.9999999999999706,0.3555643197456485,2.001025682057042e-06,1.43014969658517e-10,2.0002998186155174e-08,-1.4001909938028414e-08,-4.164945022440081e-08,,,,
1.25,75,object_a,0,1,rigid_box,-1.0314669337357714,-3.3765957051346037e-06,0.3999907966761033,2.7950693320984374e-08,-1.1887170571373546e-07,2.426897904345607e-07,0.999999999999963,-0.8780344985725295,-3.147057474635388e-06,1.042013079988191e-09,1.3600610090767e-13,-6.214270164003046e-08,1.136707650022372e-08,,,,
1.25,75,object_b,1,1,rigid_box,0.5284044228755328,2.1278152026806944e-06,0.39999079622748696,9.511559091842827e-08,-1.2644165079320884e-07,-1.8428278971642945e-07,0.9999999999999705,0.3551778218986987,1.9988505725242714e-06,1.4630250136371536e-10,2.0078972013566875e-08,-1.4315186177019261e-08,-4.172653860531e-08,,,,
1.2666666666666666,76,object_a,0,1,rigid_box,-1.046090535541277,-3.4290097221751664e-06,0.3999907966934784,2.795069434030669e-08,-1.193898157417517e-07,2.42784560874019e-07,0.9999999999999629,-0.8768708038539555,-3.142886526337505e-06,1.042968459860627e-09,1.3609932892848004e-13,-6.220012539801159e-08,1.1377194733180659e-08,,,,
1.2666666666666666,76,object_b,1,1,rigid_box,0.534320634415263,2.16111013862792e-06,0.39999079622995504,9.528325749273729e-08,-1.2656235227457282e-07,-1.8463085297350905e-07,0.9999999999999704,0.35479176452170413,1.9966779417503283e-06,1.4964317979204722e-10,2.0156424674984715e-08,-1.4634219501232637e-08,-4.180384584451629e-08,,,,
1.2833333333333334,77,object_a,0,1,rigid_box,-1.0606947613424937,-3.481354291179598e-06,0.3999907967108697,2.7950695360300157e-08,-1.1990840453223522e-07,2.4287941567384267e-07,0.9999999999999629,-0.8757092436977714,-3.1387232287270292e-06,1.0439068949541497e-09,1.3619264150181444e-13,-6.225760138685663e-08,1.1387322364859386e-08,,,,
1.2833333333333334,77,object_b,1,1,rigid_box,0.5402304155601368,2.1943688859800398e-06,0.3999907962324798,9.545157632044173e-08,-1.2668573889431216e-07,-1.8497956144761737e-07,0.9999999999999702,0.3544061469141706,1.9945077857802845e-06,1.5310296433423964e-10,2.0235430585635662e-08,-1.4959299514594993e-08,-4.188137769241098e-08,,,,
1.3,78,object_a,0,1,rigid_box,-1.0752796466648624,-3.5336295394780002e-06,0.3999907967282771,2.7950696380965392e-08,-1.2042747252070132e-07,2.429743549126822e-07,0.9999999999999628,-0.8745498123925799,-3.1345675613330076e-06,1.044906196290274e-09,1.3628604817657022e-13,-6.231512965042216e-08,1.1397459491179122e-08,,,,
1.3,78,object_b,1,1,rigid_box,0.546133773633454,2.2275914859488243e-06,0.3999907962350626,9.562056059770001e-08,-1.268118620301685e-07,-1.8532891703697608e-07,0.9999999999999702,0.3540209683770804,1.9923401006668772e-06,1.5659740171258818e-10,2.031603147277206e-08,-1.529059097063503e-08,-4.195914013849809e-08,,,,
1.3166666666666667,79,object_a,0,1,rigid_box,-1.0898452269388161,-3.5858355940599384e-06,0.39999079674570065,2.795069740230306e-08,-1.209470201430196e-07,2.4306937866916417e-07,0.9999999999999627,-0.8733925042473263,-3.130419503757391e-06,1.0458619456588103e-09,1.3637954584354494e-13,-6.237271024042812e-08,1.1407606034983085e-08,,,,
1.3166666666666667,79,object_b,1,1,rigid_box,0.5520307159468771,2.2607779796803244e-06,0.3999907962377049,9.579022403527148e-08,-1.2694077507507846e-07,-1.8567892169116418e-07,0.9999999999999701,0.3536362282128881,1.990174882470568e-06,1.602241950227068e-10,2.039833550091755e-08,-1.5628513979973098e-08,-4.2037139564173695e-08,,,,
1.3333333333333333,80,object_a,0,1,rigid_box,-1.1043915375001159,-3.6379725815756547e-06,0.39999079676314037,2.79506984243138e-08,-1.2146704783542518e-07,2.4316448702245314e-07,0.9999999999999627,-0.8722373135912083,-3.1262790356747235e-06,1.046812254934526e-09,1.3647313939137032e-13,-6.243034320674789e-08,1.141776209754774e-08,,,,
1.3333333333333333,80,object_b,1,1,rigid_box,0.557921249800456,2.293928408255001e-06,0.39999079624040806,9.596058090880116e-08,-1.2707253363411509e-07,-1.8602957741339944e-07,0.99999999999997,0.353251925725517,1.9880121272594673e-06,1.6394042547107635e-10,2.0482373878461235e-08,-1.5973193901137242e-08,-4.211538243166668e-08,,,,
1.35,81,object_a,0,1,rigid_box,-1.1189186135901867,-3.6900406283372722e-06,0.39999079678059635,2.7950699446998272e-08,-1.2198755603457212e-07,2.4325968005136485e-07,0.9999999999999626,-0.8710842347735853,-3.122146136831809e-06,1.047795362627002e-09,1.365668089869481e-13,-6.24880285899748e-08,1.1427927590927093e-08,,,,
1.35,81,object_b,1,1,rigid_box,0.5638053824826519,2.327042812687852e-06,0.39999079624317385,9.613164614713393e-08,-1.2720719586802497e-07,-1.863808862626123e-07,0.9999999999999699,0.3528680602203551,1.9858518311092132e-06,1.677487159595925e-10,2.056822768538254e-08,-1.6324947977300135e-08,-4.219387558768236e-08,,,,
1.3666666666666667,82,object_a,0,1,rigid_box,-1.1334264903564562,-3.7420398603200007e-06,0.39999079679806854,2.795070047035713e-08,-1.2250854517744167e-07,2.433549578350099e-07,0.9999999999999625,-0.8699332621638892,-3.1180207870473993e-06,1.048789881330503e-09,1.3666057489226644e-13,-6.25457664392562e-08,1.1438102616440856e-08,,,,
1.3666666666666667,82,object_b,1,1,rigid_box,0.5696831212703624,2.360121233928533e-06,0.39999079624600375,9.630343530463338e-08,-1.2734482239187455e-07,-1.867328503556934e-07,0.9999999999999698,0.35248463100425115,1.9836939901029816e-06,1.7163383214668926e-10,2.065602214799446e-08,-1.6684263750752102e-08,-4.227262615208082e-08,,,,
1.3833333333333333,83,object_a,0,1,rigid_box,-1.1479152028526842,-3.7939704031633286e-06,0.3999907968155569,2.795070149439103e-08,-1.2303001570139647e-07,2.4345032045253606e-07,0.9999999999999624,-0.8687843901515359,-3.1139029662118687e-06,1.0497345215298992e-09,1.3675443595769025e-13,-6.260355678518762e-08,1.1448287141046725e-08,,,,
1.3833333333333333,83,object_b,1,1,rigid_box,0.5755544734289455,2.393163712861488e-06,0.3999907962488995,9.647596465354828e-08,-1.2748547663512972e-07,-1.8708547187050468e-07,0.9999999999999697,0.3521016373855112,1.981538600331355e-06,1.7562728008013728e-10,2.0745765014447193e-08,-1.705117797253765e-08,-4.235164152803549e-08,,,,
1.4,84,object_a,0,1,rigid_box,-1.1623847860392984,-3.8458323821722175e-06,0.39999079683306155,2.795070251910061e-08,-1.2355196804421534e-07,2.435457679829855e-07,0.9999999999999623,-0.8676376131458355,-3.1097926542869007e-06,1.0507415701410672e-09,1.3684838100689697e-13,-6.266139968556805e-08,1.145848111920626e-08,,,,
1.4,84,object_b,1,1,rigid_box,0.5814194462122435,2.4261702903060645e-06,0.3999907962518628,9.66492512035715e-08,-1.2762922492254408e-07,-1.8743875304821086e-07,0.9999999999999696,0.351719078673894,1.9793856578922874e-06,1.7975862465213766e-10,2.0837598505280133e-08,-1.7426244866368312e-08,-4.2430929522729646e-08,,,,
1.4166666666666667,85,object_a,0,1,rigid_box,-1.1768352747837239,-3.897625922318282e-06,0.3999907968505824,2.7950703544486518e-08,-1.240744026440047e-07,2.436413005056799e-07,0.9999999999999623,-0.8664929255759053,-3.105689831305171e-06,1.0517181084357397e-09,1.3694242166866668e-13,-6.271929518230417e-08,1.1468684663856481e-08,,,,
1.4166666666666667,85,object_b,1,1,rigid_box,0.5872780468626081,2.4591410070166456e-06,0.39999079625489564,9.682331276056048e-08,-1.2777613670607262e-07,-1.8779269619626796e-07,0.9999999999999695,0.35133695418060845,1.9772351588910157e-06,1.839401356923398e-10,2.093165317664284e-08,-1.7809974871246407e-08,-4.2510498304139066e-08,,,,
1.4333333333333333,86,object_a,0,1,rigid_box,-1.1912667038607114,-3.949351148240979e-06,0.3999907968681196,2.795070457054943e-08,-1.245973199392971e-07,2.4373691809988766e-07,0.9999999999999621,-0.8653503218905816,-3.101594477370027e-06,1.0526762465185024e-09,1.3703654670917693e-13,-6.277724331327691e-08,1.1478897730323325e-08,,,,
1.4333333333333333,86,object_b,1,1,rigid_box,0.5931302826109234,2.492075903682763e-06,0.3999907962579999,9.699816799230457e-08,-1.279262848246347e-07,-1.8814730369198847e-07,0.9999999999999694,0.35095526321830856,1.9750870994399547e-06,1.883202066510492e-10,2.102798106688633e-08,-1.820257710287735e-08,-4.2590356390831604e-08,,,,
1.45,87,object_a,0,1,rigid_box,-1.2056791079526672,-4.0010081842487765e-06,0.3999907968856731,2.7950705597289986e-08,-1.251207203689552e-07,2.4383262084511967e-07,0.999999999999962,-0.8642097965583324,-3.0975065726551873e-06,1.0536931657062487e-09,1.3713076445207102e-13,-6.283524414261223e-08,1.148912027845799e-08,,,,
1.45,87,object_b,1,1,rigid_box,0.5989761606766305,2.5249750209292197e-06,0.39999079626117756,9.717383646891055e-08,-1.2807974566670156e-07,-1.8850257798515017e-07,0.9999999999999692,0.35057400510108994,1.9729414756586414e-06,1.9275827461973094e-10,2.112671532845059e-08,-1.8604573659501156e-08,-4.267051268598117e-08,,,,
1.4666666666666666,88,object_a,0,1,rigid_box,-1.220072521649978,-4.052597154320322e-06,0.3999907969032429,2.7950706624708837e-08,-1.2564460437224168e-07,2.439284088207455e-07,0.9999999999999619,-0.863071344067171,-3.093426097404423e-06,1.0546674540645729e-09,1.3722507380371768e-13,-6.289329771156367e-08,1.1499352421224708e-08,,,,
1.4666666666666666,88,object_b,1,1,rigid_box,0.6048156882677523,2.557838399316204e-06,0.3999907962644309,9.735033870898727e-08,-1.282365993558783e-07,-1.8885852160217348e-07,0.9999999999999691,0.3501931791444866,1.9707982836736572e-06,1.973591238352279e-10,2.1227930776207514e-08,-1.901626287033063e-08,-4.27509765023688e-08,,,,
1.4833333333333334,89,object_a,0,1,rigid_box,-1.2344469794513366,-4.104118182105618e-06,0.399990796920829,2.795070765280664e-08,-1.2616897238879487e-07,2.440242821063333e-07,0.9999999999999618,-0.86193495892457,-3.0893530319312488e-06,1.055610694342124e-09,1.3731946472157704e-13,-6.295140403281256e-08,1.1509594109418986e-08,,,,
1.4833333333333334,89,object_b,1,1,rigid_box,0.6106488725809156,2.590666079339412e-06,0.3999907962677621,9.752769631972199e-08,-1.2839693029905363e-07,-1.8921513714958352e-07,0.9999999999999691,0.34981278466546667,1.9686575196184476e-06,2.020981611228212e-10,2.1331819856575274e-08,-1.943839744371591e-08,-4.283175784641662e-08,,,,
1.5,90,object_a,0,1,rigid_box,-1.248802515764066,-4.155571390927165e-06,0.3999907969384314,2.7950708681584033e-08,-1.2669382485862394e-07,2.441202407815565e-07,0.9999999999999617,-0.8608006356573745,-3.085287356618616e-06,1.0566032476039267e-09,1.3741395106850533e-13,-6.300956319580556e-08,1.1519845307431603e-08,,,,
1.5,90,object_b,1,1,rigid_box,0.616475720801377,2.623458101430155e-06,0.3999907962711736,9.77059319934577e-08,-1.2856082718252588e-07,-1.8957242731823034e-07,0.999999999999969,0.34943282098242884,1.966519179633305e-06,2.0699661082423937e-10,2.1438523937155007e-08,-1.987153452784027e-08,-4.291286694510782e-08,,,,
1.5166666666666666,91,object_a,0,1,rigid_box,-1.2631391649044401,-4.2069569037811285e-06,0.3999907969560502,2.795070971104166e-08,-1.2721916222213966e-07,2.442162849260944e-07,0.9999999999999617,-0.8596683688117185,-3.0812290519186084e-06,1.0575534562656808e-09,1.3750853691394052e-13,-6.306777522265447e-08,1.1530106129023344e-08,,,,
1.5166666666666666,91,object_b,1,1,rigid_box,0.6222962401030446,2.656214505955477e-06,0.3999907962746679,9.788506963856541e-08,-1.2872838348656235e-07,-1.89930394887387e-07,0.9999999999999689,0.34905328741519837,1.964383259865203e-06,2.1204934683161092e-10,2.1548155393186578e-08,-2.031612065000747e-08,-4.299431474190396e-08,,,,
1.5333333333333334,92,object_a,0,1,rigid_box,-1.2774569610980047,-4.258274843338488e-06,0.3999907969736854,2.7950710741180173e-08,-1.2774498492011805e-07,2.443124146197124e-07,0.9999999999999616,-0.8585381529529372,-3.0771780983521373e-06,1.0586082010988207e-09,1.3760319570373173e-13,-6.312604015932329e-08,1.1540376517944622e-08,,,,
1.5333333333333334,92,object_b,1,1,rigid_box,0.6281104376485037,2.688935333218262e-06,0.3999907962782476,9.806513446602521e-08,-1.2889969783065287e-07,-1.902890427303128e-07,0.9999999999999687,0.3486741832850239,1.9622497564676754e-06,2.1720013114456815e-10,2.1660867981755726e-08,-2.077276321023271e-08,-4.3076112751469496e-08,,,,
1.55,93,object_a,0,1,rigid_box,-1.2917559384798978,-4.309525331946176e-06,0.39999079699133694,2.7950711772000245e-08,-1.282712933936695e-07,2.4440862994230155e-07,0.9999999999999615,-0.8574099826654857,-3.073134476508636e-06,1.059559339572358e-09,1.3769796120189484e-13,-6.318435806689221e-08,1.1550656451071698e-08,,,,
1.55,93,object_b,1,1,rigid_box,0.6339183205890396,2.7216206234573447e-06,0.3999907962819155,9.824615307293968e-08,-1.2907487430767397e-07,-1.9064837381838778e-07,0.9999999999999687,0.34829550791457303,1.960118665600698e-06,2.2262846600951125e-10,2.177687364006358e-08,-2.124229579366138e-08,-4.315827305246282e-08,,,,
1.5666666666666667,94,object_a,0,1,rigid_box,-1.3060361310951674,-4.360708491628222e-06,0.39999079700900486,2.795071280350251e-08,-1.287980880843504e-07,2.4450493097370793e-07,0.9999999999999614,-0.8562838525528526,-3.069098167045763e-06,1.0605289667287021e-09,1.3779279665981592e-13,-6.324272896353072e-08,1.1560946019849795e-08,,,,
1.5666666666666667,94,object_b,1,1,rigid_box,0.6397198960646606,2.7542704168476135e-06,0.39999079628567447,9.842815356606555e-08,-1.2925402297414088e-07,-1.910083912268863e-07,0.9999999999999686,0.3479172606279289,1.9579899834305277e-06,2.2815218117533398e-10,2.1896347947251518e-08,-2.1725413356816815e-08,-4.32408084847266e-08,,,,
1.5833333333333333,95,object_a,0,1,rigid_box,-1.3202975728990871,-4.411824444086883e-06,0.3999907970266892,2.7950713835687624e-08,-1.2932536943406255e-07,2.4460131779395555e-07,0.9999999999999613,-0.8551597572374781,-3.065069150689102e-06,1.061549084746538e-09,1.3788773325108764e-13,-6.330115291870149e-08,1.1571245197922422e-08,,,,
1.5833333333333333,95,object_b,1,1,rigid_box,0.6455151712041232,2.7868847535001166e-06,0.39999079628952783,9.861116566527865e-08,-1.2943726026437999e-07,-1.9136909814114362e-07,0.9999999999999685,0.3475394407505865,1.9558637061295707e-06,2.339047028981911e-10,2.2019476376307492e-08,-2.222285076829084e-08,-4.33237325258072e-08,,,,
1.6,96,object_a,0,1,rigid_box,-1.3345402977574716,-4.462873310703777e-06,0.39999079704439,2.795071486855623e-08,-1.298531378850957e-07,2.4469779048314255e-07,0.9999999999999613,-0.8540376913606692,-3.0610474082318605e-06,1.0624888677202016e-09,1.3798276239000907e-13,-6.335962997608629e-08,1.1581553937616392e-08,,,,
1.6,96,object_b,1,1,rigid_box,0.6513041531249534,2.819463673462162e-06,0.3999907962934788,9.879522089213467e-08,-1.2962470973543882e-07,-1.9173049786299747e-07,0.9999999999999682,0.3471620476094492,1.953739829876141e-06,2.3986967793987457e-10,2.214649403897561e-08,-2.2735536830299027e-08,-4.3407059594819135e-08,,,,
1.6166666666666667,97,object_a,0,1,rigid_box,-1.3487643394469906,-4.513855212541002e-06,0.3999907970621072,2.7950715902108993e-08,-1.3038139388011115e-07,2.447943491213837e-07,0.9999999999999611,-0.8529176495825186,-3.0570329205345745e-06,1.0635019392912781e-09,1.3807788165385495e-13,-6.34181601718533e-08,1.1591872354918383e-08,,,,
1.6166666666666667,97,object_b,1,1,rigid_box,0.6570868489334726,2.8520072167174135e-06,0.39999079629753087,9.89803526968804e-08,-1.2981650257604413e-07,-1.920925938175022e-07,0.9999999999999682,0.34678508053282486,1.9516183508542966e-06,2.460441607399222e-10,2.2277643593081427e-08,-2.3264431808934518e-08,-4.3490804921804e-08,,,,
1.6333333333333333,98,object_a,0,1,rigid_box,-1.362969731655481,-4.564770270342262e-06,0.39999079707984087,2.7950716936346568e-08,-1.3091013786216108e-07,2.4489099378892783e-07,0.999999999999961,-0.8517996265818214,-3.053025668524816e-06,1.0644843981971741e-09,1.381730924922575e-13,-6.347674353738751e-08,1.1602200391386267e-08,,,,
1.6333333333333333,98,object_b,1,1,rigid_box,0.6628632657248189,2.884515423185986e-06,0.3999907963016878,9.91665965402467e-08,-1.3001277794232267e-07,-1.9245538956063543e-07,0.9999999999999681,0.34640853885042183,1.949499265253726e-06,2.524160585409829e-10,2.2413180867344868e-08,-2.3810549368980677e-08,-4.35749845626912e-08,,,,
1.65,99,object_a,0,1,rigid_box,-1.3771565079822587,-4.6156186045339785e-06,0.399990797097591,2.7950717971269568e-08,-1.3143937027467784e-07,2.449877245660576e-07,0.9999999999999609,-0.8506836170559946,-3.049025633196899e-06,1.065458783700013e-09,1.3826838592082737e-13,-6.35353801610877e-08,1.1612538028334393e-08,,,,
1.65,99,object_b,1,1,rigid_box,0.6686334105829718,2.9169883327245353e-06,0.39999079630595363,9.935399022997633e-08,-1.3021368428216763e-07,-1.9281888878738408e-07,0.9999999999999679,0.3460324218933458,1.9473825692693463e-06,2.5908879382197103e-10,2.255335082596476e-08,-2.4374863723683702e-08,-4.365961578468562e-08,,,,
1.6666666666666667,100,object_a,0,1,rigid_box,-1.3913247019384265,-4.6664003352263975e-06,0.3999907971153577,2.795071900687871e-08,-1.3196909156144374e-07,2.450845415331487e-07,0.9999999999999608,-0.8495696157209935,-3.045032795611581e-06,1.0664346055538898e-09,1.3836377607845713e-13,-6.359407004481639e-08,1.162288540675249e-08,,,,
1.6666666666666667,100,object_b,1,1,rigid_box,0.6743972905807747,2.949425985126347e-06,0.3999907963103326,9.954257403369933e-08,-1.3041937979680744e-07,-1.9318309534118677e-07,0.9999999999999678,0.3456567289940965,1.9452682591011527e-06,2.660068536969318e-10,2.2698525048904557e-08,-2.4958842659725006e-08,-4.3744716878185497e-08,,,,
1.6833333333333333,101,object_a,0,1,rigid_box,-1.4054743469471835,-4.717115582214699e-06,0.3999907971331408,2.7950720043174583e-08,-1.3249930216666425e-07,2.451814447706121e-07,0.9999999999999608,-0.8484576173112325,-3.0410471368957857e-06,1.0674841670332835e-09,1.3845925515492008e-13,-6.365281325742549e-08,1.1633242391396854e-08,,,,
1.6833333333333333,101,object_b,1,1,rigid_box,0.6801549127799582,2.981828420121414e-06,0.39999079631482914,9.973239096244223e-08,-1.306300335663277e-07,-1.935480132234703e-07,0.9999999999999677,0.34528145948656325,1.943156330953872e-06,2.7320163666078034e-10,2.284903466772e-08,-2.556380085544361e-08,-4.383030748551776e-08,,,,
1.7,102,object_a,0,1,rigid_box,-1.419605476344132,-4.767764464980098e-06,0.3999907971509405,2.795072108015784e-08,-1.3303000253490374e-07,2.45278434358959e-07,0.9999999999999607,-0.8473476165795043,-3.0370686382423082e-06,1.0684529112153784e-09,1.3855482076981517e-13,-6.371160984502822e-08,1.1643609000211473e-08,,,,
1.7,102,object_b,1,1,rigid_box,0.6859062842311635,3.0141956773765123e-06,0.3999907963194482,9.99234869412893e-08,-1.3084582624126917e-07,-1.9391364660439767e-07,0.9999999999999676,0.3449066127060214,1.9410467810367493e-06,2.806611418965099e-10,2.300522076851464e-08,-2.6191095189388394e-08,-4.3916408373877834e-08,,,,
1.7166666666666666,103,object_a,0,1,rigid_box,-1.4337181233775826,-4.81834710269093e-06,0.3999907971687567,2.795072211782916e-08,-1.3356119311109133e-07,2.4537551037889553e-07,0.9999999999999606,-0.8462396082968991,-3.0330972809095246e-06,1.0694665101423917e-09,1.3865047702287753e-13,-6.377045984103718e-08,1.1653985283570529e-08,,,,
1.7166666666666666,103,object_b,1,1,rigid_box,0.691651411973965,3.04652779649528e-06,0.399990796324195,1.0011591126015014e-07,-1.3106695182521565e-07,-1.942799998350396e-07,0.9999999999999675,0.3445321879891296,1.938939605563012e-06,2.884889497428711e-10,2.3167523535490487e-08,-2.6842471364368382e-08,-4.400304204131846e-08,,,,
1.7333333333333334,104,object_a,0,1,rigid_box,-1.4478123212088605,-4.868863614203758e-06,0.3999907971865894,2.795072315618918e-08,-1.340928743405594e-07,2.454726729110198e-07,0.9999999999999605,-0.8451335872527257,-3.0291330462211084e-06,1.0704389093868505e-09,1.3874622698409242e-13,-6.382936330306003e-08,1.166437129648476e-08,,,,
1.7333333333333334,104,object_b,1,1,rigid_box,0.6973903030368938,3.078824817018272e-06,0.3999907963290752,1.0030971678424555e-07,-1.3129361853012166e-07,-1.9464707746024583e-07,0.9999999999999674,0.3441581846739249,1.93683480074961e-06,2.9666957952756423e-10,2.3336383941729203e-08,-2.751968305156936e-08,-4.409023252196197e-08,,,,
1.75,105,object_a,0,1,rigid_box,-1.4618881029126038,-4.91931411806444e-06,0.3999907972044387,2.795072419523857e-08,-1.3462504666903145e-07,2.455699220361289e-07,0.9999999999999604,-0.8440295482544317,-3.025175915565744e-06,1.0714130138644862e-09,1.3884205661307728e-13,-6.388832026178049e-08,1.167476700584219e-08,,,,
1.75,105,object_b,1,1,rigid_box,0.7031229644374608,3.111086778423022e-06,0.3999907963340947,1.0050496035109643e-07,-1.3152605036084517e-07,-1.9501488423303912e-07,0.9999999999999672,0.3437846020998205,1.9347323628167394e-06,3.052095746275407e-10,2.351231698322515e-08,-2.8224776914530393e-08,-4.4178005613769337e-08,,,,
1.7666666666666666,106,object_a,0,1,rigid_box,-1.4759455014770708,-4.969698732509224e-06,0.39999079722230463,2.7950725234977956e-08,-1.351577105425994e-07,2.456672578349329e-07,0.9999999999999603,-0.8429274861275246,-3.0212258703968485e-06,1.0724020074737162e-09,1.3893799107629517e-13,-6.39473307845327e-08,1.1685172420234936e-08,,,,
1.7666666666666666,106,object_b,1,1,rigid_box,0.7088494031821788,3.1433137201240923e-06,0.3999907963392601,1.007017033183749e-07,-1.3176448929320857e-07,-1.9538342513089608e-07,0.9999999999999671,0.3434114396076009,1.932632287987191e-06,3.1414600087931177e-10,2.3695856492413458e-08,-2.895987907888294e-08,-4.426638926113943e-08,,,,
1.7833333333333334,107,object_a,0,1,rigid_box,-1.4899845498044364,-5.02001757546582e-06,0.3999907972401871,2.7950726275407997e-08,-1.356908664077239e-07,2.457646803884389e-07,0.9999999999999601,-0.8418273957154937,-3.0172828922322968e-06,1.073411122140544e-09,1.390340016722552e-13,-6.400639489319142e-08,1.169558754450206e-08,,,,
1.7833333333333334,107,object_b,1,1,rigid_box,0.714569626266586,3.1755056814731103e-06,0.3999907963445784,1.0090001191797084e-07,-1.3200919670666047e-07,-1.95752705373475e-07,0.999999999999967,0.3430386965394195,1.9305345724859284e-06,3.235319876587761e-10,2.3887650925065248e-08,-2.9727568520624547e-08,-4.435541360434825e-08,,,,
1.8,108,object_a,0,1,rigid_box,-1.5040052807110924,-5.070270764554469e-06,0.3999907972580862,2.7950727316529323e-08,-1.362245147112532e-07,2.458621897776401e-07,0.9999999999999601,-0.8407292718797317,-3.0133469626541245e-06,1.0744093063147497e-09,1.391301107694316e-13,-6.406551265092766e-08,1.1706012338540695e-08,,,,
1.8,108,object_b,1,1,rigid_box,0.7202836406752684,3.207662701758801e-06,0.3999907963500573,1.0109995791670656e-07,-1.322604560184246e-07,-1.9612273044237052e-07,0.9999999999999669,0.34266637223879426,1.928439212539308e-06,3.333739360955601e-10,2.4088386246846224e-08,-3.0530578465523016e-08,-4.444511125440729e-08,,,,
1.8166666666666667,109,object_a,0,1,rigid_box,-1.518007726927945,-5.120458417089009e-06,0.3999907972760019,2.7950728358342615e-08,-1.3675865590044394e-07,2.4595978608346274e-07,0.9999999999999599,-0.8396331094994571,-3.009418063308256e-06,1.0754054573930416e-09,1.3922630380469078e-13,-6.412468409956602e-08,1.1716446915316654e-08,,,,
1.8166666666666667,109,object_b,1,1,rigid_box,0.725991453381883,3.239784820207001e-06,0.399990796355705,1.0130161925354594e-07,-1.3251857523770017e-07,-1.9649350610356494e-07,0.9999999999999668,0.34229446605060465,1.9263462043743267e-06,3.437794406785377e-10,2.4298845907358513e-08,-3.1372031107914087e-08,-4.453551765673489e-08,,,,
1.8333333333333333,110,object_a,0,1,rigid_box,-1.5319919211007118,-5.170580650077949e-06,0.3999907972939343,2.7950729400848505e-08,-1.3729329042290198e-07,2.4605746938716266e-07,0.9999999999999599,-0.8385389034716376,-3.005496175904239e-06,1.0764103150484594e-09,1.393226012295848e-13,-6.418390929636418e-08,1.1726891229326616e-08,,,,
1.8333333333333333,110,object_b,1,1,rigid_box,0.7316930713491798,3.2718720759806626e-06,0.3999907963615306,1.0150508081846779e-07,-1.3278389008462926e-07,-1.9686503843213907e-07,0.9999999999999666,0.3419229773210874,1.9242555442177015e-06,3.5471158822686366e-10,2.451992443230804e-08,-3.225549243516193e-08,-4.4626671474355905e-08,,,,
1.85,111,object_a,0,1,rigid_box,-1.5459578957902147,-5.220637580225511e-06,0.3999907973118833,2.7950730444047656e-08,-1.378284187266389e-07,2.4615523976996313e-07,0.9999999999999598,-0.8374466487109122,-3.001581282214958e-06,1.0774142567698819e-09,1.3941897361140328e-13,-6.424318825643403e-08,1.1737345297032124e-08,,,,
1.85,111,object_b,1,1,rigid_box,0.7373885015290254,3.303924508179839e-06,0.3999907963675441,1.0171043541218167e-07,-1.3305676783023078e-07,-1.972373338408694e-07,0.9999999999999665,0.34155190539783414,1.922167228294749e-06,3.663116251301224e-10,2.4752632870876725e-08,-3.318499562707966e-08,-4.471861501101154e-08,,,,
1.8666666666666667,112,object_a,0,1,rigid_box,-1.5599056834726779,-5.270629323932691e-06,0.399990797329849,2.7950731487940698e-08,-1.3836404126004194e-07,2.4625309731298337e-07,0.9999999999999597,-0.8363563401495154,-2.99767336407636e-06,1.078387171227213e-09,1.3951544068662537e-13,-6.430252105315727e-08,1.1747809115437136e-08,,,,
1.8666666666666667,112,object_b,1,1,rigid_box,0.7430777508624239,3.3359421558416545e-06,0.3999907963737562,1.019177845720816e-07,-1.3333761063329261e-07,-1.9761039911149595e-07,0.9999999999999664,0.341181249629787,1.9200812528284137e-06,3.785193356670158e-10,2.4998075146936014e-08,-3.4164951102073535e-08,-4.4811394329520364e-08,,,,
1.8833333333333333,113,object_a,0,1,rigid_box,-1.573835316540017,-5.3205559972983105e-06,0.3999907973478314,2.7950732532528288e-08,-1.389001584718756e-07,2.463510420975921e-07,0.9999999999999596,-0.8352679727372011,-2.9937724033871906e-06,1.0793873069653293e-09,1.3961200529325131e-13,-6.436190772350574e-08,1.1758282656842503e-08,,,,
1.8833333333333333,113,object_b,1,1,rigid_box,0.7487608262795411,3.367925057940246e-06,0.39999079638017887,1.0212724011854564e-07,-1.3362686171079345e-07,-1.9798424143159252e-07,0.9999999999999662,0.3408110093672349,1.917997614037458e-06,3.914991681536195e-10,2.5257511665112187e-08,-3.5200397602346035e-08,-4.490506043954772e-08,,,,
1.9,114,object_a,0,1,rigid_box,-1.5877468273001307,-5.370417716120057e-06,0.3999907973658305,2.79507335778111e-08,-1.3943677081130438e-07,2.46449074205288e-07,0.9999999999999595,-0.8341815414411671,-2.989878382108709e-06,1.0804499326472206e-09,1.3970864763113935e-13,-6.4421348316701e-08,1.1768766022605939e-08,,,,
1.9,114,object_b,1,1,rigid_box,0.7544377346997259,3.399873253386683e-06,0.3999907963868255,1.0233892539656054e-07,-1.339250103492845e-07,-1.983588684356593e-07,0.9999999999999661,0.34044118396181106,1.9159163081350154e-06,4.053280905358392e-10,2.5532503621032773e-08,-3.6297569871359366e-08,-4.4999669546032434e-08,,,,
1.9166666666666667,115,object_a,0,1,rigid_box,-1.6016402479771932,-5.420214595895521e-06,0.3999907973838463,2.7950734623789726e-08,-1.3997387872783486e-07,2.4654719371769856e-07,0.9999999999999594,-0.8330970412459788,-2.9859912822644337e-06,1.0814591323154987e-09,1.3980538061736056e-13,-6.448084287252957e-08,1.1779259124824726e-08,,,,
1.9166666666666667,115,object_b,1,1,rigid_box,0.7601084830315333,3.431786781028853e-06,0.3999907963937106,1.0255297710018155e-07,-1.3423259922684504e-07,-1.9873428825291826e-07,0.999999999999966,0.3400717727664888,1.9138373313264543e-06,4.201013825005928e-10,2.5824687633902792e-08,-3.746302298908814e-08,-4.5095283848997735e-08,,,,
1.9333333333333333,116,object_a,0,1,rigid_box,-1.615515610711939,-5.469946751823236e-06,0.3999907974018788,2.7950735670464858e-08,-1.4051148267140756e-07,2.4664540071633814e-07,0.9999999999999593,-0.8320144671534959,-2.9821110859398645e-06,1.0824232656025945e-09,1.3990221175719573e-13,-6.454039143281837e-08,1.1789762067969342e-08,,,,
1.9333333333333333,116,object_b,1,1,rigid_box,0.7657730781727459,3.4636656796513168e-06,0.3999907964008506,1.0276954738179975e-07,-1.345502328938706e-07,-1.9911050956214518e-07,0.9999999999999658,0.33970277513557795,1.911760679806925e-06,4.359217414123817e-10,2.613608820550316e-08,-3.870485935191371e-08,-4.5191972741611494e-08,,,,
1.95,117,object_a,0,1,rigid_box,-1.629372947561955,-5.519614298803705e-06,0.3999907974199281,2.7950736717837138e-08,-1.4104958309231265e-07,2.4674369528277163e-07,0.9999999999999593,-0.8309338141827973,-2.978237775282214e-06,1.0833990544967254e-09,1.3999912597523373e-13,-6.459999405433416e-08,1.1800274815059559e-08,,,,
1.95,117,object_b,1,1,rigid_box,0.7714315270103967,3.4955099879751053e-06,0.39999079640826374,1.0298880635298745e-07,-1.3487858784162272e-07,-1.994875416555825e-07,0.9999999999999657,0.33933419042472224,1.9096863497584393e-06,4.528275081294719e-10,2.6469024555499875e-08,-4.00323724379158e-08,-4.5289813816013873e-08,,,,
1.9666666666666666,118,object_a,0,1,rigid_box,-1.6432122905019642,-5.569217351440433e-06,0.39999079743799415,2.7950737765907194e-08,-1.4158818044125493e-07,2.468420774987964e-07,0.999999999999959,-0.8298550773701062,-2.9743713325001527e-06,1.08442256042951e-09,1.4009612949733665e-13,-6.465965079157996e-08,1.181079737237044e-08,,,,
1.9666666666666666,118,object_b,1,1,rigid_box,0.7770838364207917,3.5273197446574743e-06,0.3999907964159707,1.0321094530133133e-07,-1.352184254455997e-07,-1.9986539451390254e-07,0.9999999999999656,0.3389660179908946,1.907614337346125e-06,4.711023862680186e-10,2.6826258985909324e-08,-4.1456637277579703e-08,-4.5388894419094415e-08,,,,
1.9833333333333334,119,object_a,0,1,rigid_box,-1.6570336714241098,-5.618756024040943e-06,0.39999079745607696,2.7950738814675715e-08,-1.4212727516930376e-07,2.469405474462331e-07,0.999999999999959,-0.8287782517687173,-2.97051173986353e-06,1.0854447132779832e-09,1.401932325606643e-13,-6.471936166573395e-08,1.182132975326315e-08,,,,
1.9833333333333334,119,object_b,1,1,rigid_box,0.7827300132695306,3.559094988291586e-06,0.3999907964239947,1.0343618024227209e-07,-1.355706063133157e-07,-2.0024407889376486e-07,0.9999999999999654,0.3385982571923953,1.9055446387140824e-06,4.90826506174824e-10,2.7210932507044913e-08,-4.29902703228449e-08,-4.548931299329076e-08,,,,
2.0,120,object_a,0,1,rigid_box,-1.670837122138243,-5.668230430617796e-06,0.39999079747417665,2.7950739864143307e-08,-1.4266686772790878e-07,2.4703910520700903e-07,0.9999999999999589,-0.8277033324489238,-2.9666589797031266e-06,1.086470843847387e-09,1.4029042199783682e-13,-6.477912674344558e-08,1.1831871966345404e-08,,,,
2.0,120,object_b,1,1,rigid_box,0.7883700644115307,3.5908357574061074e-06,0.39999079643236246,1.0366475695746099e-07,-1.3593611058017237e-07,-2.0062360643243894e-07,0.9999999999999653,0.3382309073888468,1.9034772499795157e-06,5.122865569251456e-10,2.7626997986998116e-08,-4.464914448529331e-08,-4.559118195697539e-08,,,,
2.0166666666666666,121,object_a,0,1,rigid_box,-1.6846226743722004,-5.717640684889601e-06,0.39999079749229305,2.7950740914310637e-08,-1.4320695856891487e-07,2.4713775086294723e-07,0.9999999999999588,-0.8266303144979428,-2.962813034410382e-06,1.0874636087454537e-09,1.4038769665470465e-13,-6.483894606211083e-08,1.1842423966964027e-08,,,,
2.0166666666666666,121,object_b,1,1,rigid_box,0.794003996691048,3.6225420904647048e-06,0.39999079644110436,1.0389695677800825e-07,-1.3631606129038904e-07,-2.0100398977283496e-07,0.9999999999999651,0.337863967941192,1.90141216722599e-06,5.35631953721416e-10,2.8079084954857627e-08,-4.645188159486173e-08,-4.569462986999682e-08,,,,
2.033333333333333,122,object_a,0,1,rigid_box,-1.69839035977209,-5.766986900282031e-06,0.3999907975104263,2.795074196517834e-08,-1.4374754814456248e-07,2.472364844961931e-07,0.9999999999999587,-0.8255591930198446,-2.9589738864371362e-06,1.088478173913443e-09,1.4048506147427677e-13,-6.4898819667674e-08,1.1852985916748e-08,,,,
2.033333333333333,122,object_b,1,1,rigid_box,0.7996318169416983,3.6542140258654094e-06,0.3999907964502556,1.0413310410212915e-07,-1.3671175480245617e-07,-2.0138524271419614e-07,0.9999999999999649,0.33749743821168937,1.8993493864946678e-06,5.613155131672931e-10,2.8572861436077558e-08,-4.842130249751951e-08,-4.5799805020652384e-08,,,,
2.05,123,object_a,0,1,rigid_box,-1.7121402099025702,-5.816269189928815e-06,0.39999079752857647,2.795074301674708e-08,-1.4428863690744795e-07,2.4733530618888073e-07,0.9999999999999586,-0.824489963135479,-2.9551415182953764e-06,1.0894595781074656e-09,1.4058252208642597e-13,-6.495874761133019e-08,1.1863557629628035e-08,,,,
2.05,123,object_b,1,1,rigid_box,0.8052535319864809,3.6858516019398112e-06,0.3999907964598572,1.0437357621151504e-07,-1.3712470052478244e-07,-2.0176738039631924e-07,0.9999999999999648,0.33713131756391024,1.8972889037728588e-06,5.895558954222002e-10,2.9115272098148004e-08,-5.0585404605277835e-08,-4.590688012981222e-08,,,,
2.066666666666667,124,object_a,0,1,rigid_box,-1.7258722562471263,-5.8654876666727525e-06,0.39999079754674344,2.7950744069017523e-08,-1.4483022531059094e-07,2.4743421602319497e-07,0.9999999999999585,-0.8234226199824045,-2.9513159125569705e-06,1.0904661271182725e-09,1.4068006995984535e-13,-6.501872993933744e-08,1.1874139258744482e-08,,,,
2.066666666666667,124,object_b,1,1,rigid_box,0.8108691486377994,3.717454856952043e-06,0.3999907964699574,1.0461881579375468e-07,-1.3755667170907398e-07,-2.0215041952655923e-07,0.9999999999999646,0.33676560536273575,1.8952307149794019e-06,6.210156798525102e-10,2.9715063297409664e-08,-5.297948605621773e-08,-4.601605799184632e-08,,,,
2.0833333333333335,125,object_a,0,1,rigid_box,-1.739586530208351,-5.914642443066703e-06,0.3999907975649272,2.7950745121990302e-08,-1.453723138073595e-07,2.4753321408139204e-07,0.9999999999999584,-0.8223571587148166,-2.9474970518534235e-06,1.0914718382576405e-09,1.4077770862275892e-13,-6.507876669520366e-08,1.1884730764842826e-08,,,,
2.0833333333333335,125,object_b,1,1,rigid_box,0.8164786736974831,3.7490238290974642e-06,0.39999079648061353,1.048693478543236e-07,-1.38009774114769e-07,-2.025343786637205e-07,0.9999999999999645,0.33640030097435286,1.8931748159449226e-06,6.562462778053613e-10,3.0383247044788823e-08,-5.564805758419823e-08,-4.612757928867315e-08,,,,
2.1,126,object_a,0,1,rigid_box,-1.7532830631082215,-5.9637336313745706e-06,0.399990797583128,2.795074617566604e-08,-1.459149028515375e-07,2.476323004459091e-07,0.9999999999999583,-0.8212935745034763,-2.943684918875612e-06,1.0925311818427152e-09,1.4087543364622444e-13,-6.513885792031413e-08,1.1895332151975232e-08,,,,
2.1,126,object_b,1,1,rigid_box,0.82208211395681,3.7805585565009767e-06,0.3999907964918945,1.0512580200677681e-07,-1.3848653672920571e-07,-2.029192785771684e-07,0.9999999999999643,0.33603540376625146,1.8911212023857835e-06,6.958711974702769e-10,3.1133899361686255e-08,-5.864811285982144e-08,-4.6241732875026386e-08,,,,
2.1166666666666667,127,object_a,0,1,rigid_box,-1.766961886188372,-6.012761343572301e-06,0.39999079760134565,2.79507472300454e-08,-1.4645799289728622e-07,2.4773147519901713e-07,0.9999999999999581,-0.8202318625356397,-2.9398794963735307e-06,1.0935408273349267e-09,1.4097325460507622e-13,-6.519900367030796e-08,1.190594339161985e-08,,,,
2.1166666666666667,127,object_b,1,1,rigid_box,0.8276794761965277,3.8120590772148126e-06,0.3999907965038843,1.0538894363220944e-07,-1.3899003876655175e-07,-2.033051427095887e-07,0.9999999999999641,0.33567091310722047,1.8890698698676484e-06,7.410999695867115e-10,3.198541680933545e-08,-6.20542748095201e-08,-4.635887027896336e-08,,,,
2.1333333333333333,128,object_a,0,1,rigid_box,-1.7806230306103716,-6.061725691348865e-06,0.39999079761958023,2.795074828512901e-08,-1.4700158439915198e-07,2.4783073842336697e-07,0.999999999999958,-0.819172018014987,-2.9360807671560492e-06,1.094525473727126e-09,1.4107115304779216e-13,-6.525920399352114e-08,1.1916564585237308e-08,,,,
2.1333333333333333,128,object_b,1,1,rigid_box,0.8332707671868745,3.843525429215599e-06,0.39999079651668684,1.0565971720914109e-07,-1.3952408673309968e-07,-2.0369199778288895e-07,0.9999999999999639,0.335306828367345,1.8870208137547763e-06,7.932252528430883e-10,3.296242398795541e-08,-6.59666286615832e-08,-4.647942588066275e-08,,,,
2.15,129,object_a,0,1,rigid_box,-1.7942665274559946,-6.11062678610723e-06,0.39999079763783174,2.7950749340917542e-08,-1.4754567781206603e-07,2.479300902014305e-07,0.999999999999958,-0.8181140361615536,-2.9322887140906548e-06,1.0955817451169247e-09,1.4116915119587994e-13,-6.53194589152163e-08,1.192719569432519e-08,,,,
2.15,129,object_b,1,1,rigid_box,0.8388559936876021,3.874957650400393e-06,0.39999079653043307,1.0593930849077185e-07,-1.4009346921480426e-07,-2.040798746080945e-07,0.9999999999999637,0.3349431489180023,1.8849740291372054e-06,8.541868306427558e-10,3.4098227576391324e-08,-7.052090972868388e-08,-4.660394544050385e-08,,,,
2.1666666666666665,130,object_a,0,1,rigid_box,-1.807892407727494,-6.159464738965338e-06,0.3999907976561002,2.795075039741165e-08,-1.480902735913688e-07,2.4802953061590817e-07,0.9999999999999579,-0.81705791221166,-2.928503320103196e-06,1.096607873951605e-09,1.412672425868153e-13,-6.537976850149437e-08,1.1937836719067532e-08,,,,
2.1666666666666665,130,object_b,1,1,rigid_box,0.8444351624479965,3.906355778581215e-06,0.39999079654529124,1.0622923668750373e-07,-1.4070433580441301e-07,-2.0446880919262474e-07,0.9999999999999636,0.33457987413185913,1.8829295107226967e-06,9.264672692216314e-10,3.543962521356727e-08,-7.590836969535225e-08,-4.673312940318792e-08,,,,
2.183333333333333,131,object_a,0,1,rigid_box,-1.821500702347871,-6.208239660757078e-06,0.3999907976743856,2.795075145461195e-08,-1.4863537219273587e-07,2.481290597495506e-07,0.9999999999999578,-0.8160036414178417,-2.924724568177646e-06,1.0976206315377324e-09,1.4136541679962922e-13,-6.544013279963408e-08,1.1948487677312878e-08,,,,
2.183333333333333,131,object_b,1,1,rigid_box,0.8500082802069007,3.937719851839996e-06,0.399990796558353,1.0648166561905242e-07,-1.411694311030996e-07,-2.0485881190460797e-07,0.9999999999999634,0.33421700338302057,1.8808873110911669e-06,6.313162353999147e-10,2.757592621458906e-08,-4.537218695059543e-08,-4.685443556992855e-08,,,,
2.2,132,object_a,0,1,rigid_box,-1.8350914421611464,-6.256951662033253e-06,0.399990797692688,2.7950752512519106e-08,-1.4918097407228627e-07,2.4822867768521123e-07,0.9999999999999576,-0.8149512190487812,-2.920952441355855e-06,1.0986242922339517e-09,1.414636834269507e-13,-6.550055185605911e-08,1.1959148587033061e-08,,,,
2.2,132,object_b,1,1,rigid_box,0.8555753536927337,3.969049908923212e-06,0.39999079656891207,1.0671119837610992e-07,-1.41549379170111e-07,-2.0524975301151776e-07,0.9999999999999633,0.33385453604645526,1.878847409495628e-06,6.391199167121719e-10,2.7552020685197728e-08,-4.5941445291503934e-08,-4.6964560496885464e-08,,,,
2.216666666666667,133,object_a,0,1,rigid_box,-1.848664657932628,-6.305600853062539e-06,0.39999079771100743,2.795075357113376e-08,-1.497270796864686e-07,2.4832838450569494e-07,0.9999999999999576,-0.813900640389239,-2.917186922737293e-06,1.0996317294231783e-09,1.4156203923806322e-13,-6.556102570288058e-08,1.1969819389711631e-08,,,,
2.216666666666667,133,object_b,1,1,rigid_box,0.8611363896235125,4.000345987728034e-06,0.39999079657968084,1.0694089563805393e-07,-1.419357501817571e-07,-2.056416125665869e-07,0.999999999999963,0.33349247149879785,1.8768097753617751e-06,6.522855727775223e-10,2.7570963556391975e-08,-4.673466378699208e-08,-4.7074873743694794e-08,,,,
2.2333333333333334,134,object_a,0,1,rigid_box,-1.8622203803491773,-6.354187343832445e-06,0.3999907977293438,2.7950754630456556e-08,-1.5027368949220227e-07,2.4842818029402443e-07,0.9999999999999575,-0.8128519007399857,-2.913427995478817e-06,1.1006310411676434e-09,1.4166048324133438e-13,-6.562155440427993e-08,1.1980500254637851e-08,,,,
2.2333333333333334,134,object_b,1,1,rigid_box,0.8666913947068744,4.031608126015012e-06,0.399990796590667,1.0717065981648521e-07,-1.4232861977147583e-07,-2.060343921704176e-07,0.9999999999999629,0.33313080911784365,1.8747744053031711e-06,6.651760670051132e-10,2.7568886748368614e-08,-4.7501146238194145e-08,-4.7185348602111485e-08,,,,
2.25,135,object_a,0,1,rigid_box,-1.8757586400194783,-6.402711244050268e-06,0.3999907977476973,2.7950755690488157e-08,-1.5082080394671281e-07,2.4852806513329354e-07,0.9999999999999574,-0.8118049954177337,-2.90967564279442e-06,1.1016644992090097e-09,1.417590181894539e-13,-6.5682137985991e-08,1.199119099122881e-08,,,,
2.25,135,object_b,1,1,rigid_box,0.8722403756400986,4.0628363614896955e-06,0.3999907966018637,1.0740030379176668e-07,-1.4272772749347477e-07,-2.064280927873458e-07,0.9999999999999627,0.332769548282658,1.872741296045524e-06,6.775465466457575e-10,2.7543131090755652e-08,-4.823250055915074e-08,-4.729589690705514e-08,,,,
2.2666666666666666,136,object_a,0,1,rigid_box,-1.889279467474298,-6.451172663144041e-06,0.3999907977660678,2.795075675122919e-08,-1.5136842350766963e-07,2.4862803910655495e-07,0.9999999999999573,-0.8107599197550692,-2.905929847954999e-06,1.1026938927932717e-09,1.4185764852331092e-13,-6.574277651942898e-08,1.2001891757150427e-08,,,,
2.2666666666666666,136,object_b,1,1,rigid_box,0.8777833391101261,4.094030731803357e-06,0.399990796613262,1.0762961796533644e-07,-1.4313273997625134e-07,-2.0682271459705618e-07,0.9999999999999626,0.3324086883735757,1.870710444347912e-06,6.89364752781696e-10,2.749086994270746e-08,-4.891925251712769e-08,-4.740641910085202e-08,,,,
2.283333333333333,137,object_a,0,1,rigid_box,-1.9027828931667563,-6.499571710263483e-06,0.39999079778445534,2.7950757812680307e-08,-1.5191654863311123e-07,2.4872810229701266e-07,0.9999999999999571,-0.8097166691003865,-2.9021905942880974e-06,1.1037147307213502e-09,1.4195635625940623e-13,-6.580347003514621e-08,1.2012602510941362e-08,,,,
2.283333333333333,137,object_b,1,1,rigid_box,0.8833202917935813,4.12519127455356e-06,0.39999079662485015,1.0785836903945543e-07,-1.43543242040885e-07,-2.072182568951023e-07,0.9999999999999624,0.33204822877219836,1.8686818470042137e-06,7.003575931002759e-10,2.740933291956794e-08,-4.955162578832301e-08,-4.7516803361540656e-08,,,,
2.3,138,object_a,0,1,rigid_box,-1.9162689474725838,-6.547908494280937e-06,0.39999079780286,2.795075887484215e-08,-1.5246517978144348e-07,2.4882825478799253e-07,0.999999999999957,-0.8086752388178197,-2.8984578651776853e-06,1.1047445094142239e-09,1.4205515901376387e-13,-6.586421858051674e-08,1.2023323262025306e-08,,,,
2.3,138,object_b,1,1,rigid_box,0.8888512403567935,4.156318027284746e-06,0.3999907966366141,1.080862997599041e-07,-1.4395873054122983e-07,-2.0761471799122482e-07,0.9999999999999623,0.33168816886139135,1.8666555008433947e-06,7.10491481620279e-10,2.729550463934692e-08,-5.0118148239045575e-08,-4.7626925465102654e-08,,,,
2.316666666666667,139,object_a,0,1,rigid_box,-1.9297376606903867,-6.596183123792307e-06,0.3999907978212817,2.7950759937715348e-08,-1.530143174114986e-07,2.489284966627818e-07,0.9999999999999569,-0.8076356242871764,-2.8947316440638998e-06,1.105775153734112e-09,1.421540604496049e-13,-6.592502221546842e-08,1.203405402207894e-08,,,,
2.316666666666667,139,object_b,1,1,rigid_box,0.894376191455817,4.187411027486188e-06,0.3999907966486175,1.0831460187251611e-07,-1.4438479227661782e-07,-2.0801209529747042e-07,0.999999999999962,0.3313285080252521,1.864631400985799e-06,7.870612616506234e-10,2.8853691371685425e-08,-5.777397270372707e-08,-4.773697861674612e-08,,,,
2.3333333333333335,140,object_a,0,1,rigid_box,-1.9431890630419049,-6.644395707118001e-06,0.3999907978397206,2.7950761001300566e-08,-1.5356396198248133e-07,2.490288280048754e-07,0.9999999999999568,-0.8065978209038727,-2.891011914442822e-06,1.1067893285893193e-09,1.4225304202036298e-13,-6.598588097409192e-08,1.204479479831976e-08,,,,
2.3333333333333335,140,object_b,1,1,rigid_box,0.8998951517364514,4.218470312187356e-06,0.39999079666595905,1.0858328516811885e-07,-1.4498909847889415e-07,-2.0841046634264687e-07,0.9999999999999618,0.3309692456490635,1.8626094966547432e-06,1.1772871271603647e-09,3.40577298655535e-08,-8.05623876481688e-08,-4.786768000391688e-08,,,,
2.35,141,object_a,0,1,rigid_box,-1.9566231846722748,-6.692546352303851e-06,0.39999079785817654,2.7950762065598437e-08,-1.5411411395398829e-07,2.49129248897807e-07,0.9999999999999567,-0.805561824078865,-2.887298659866244e-06,1.1078595592989293e-09,1.4235210921840417e-13,-6.604679490413937e-08,1.2055545600127359e-08,,,,
2.35,141,object_b,1,1,rigid_box,0.9054081278342662,4.249495918022894e-06,0.39999079668706067,1.0887707893550893e-07,-1.4570646298614096e-07,-2.088099984426892e-07,0.9999999999999616,0.33061038111967783,1.8605898025874016e-06,1.3386643859386593e-09,3.6236100328344474e-08,-9.066851586197758e-08,-4.8012584246988846e-08,,,,
2.3666666666666667,142,object_a,0,1,rigid_box,-1.9700400556502844,-6.740635167122044e-06,0.39999079787664965,2.7950763130609616e-08,-1.5466477378602126e-07,2.492297594251352e-07,0.9999999999999566,-0.8045276292385873,-2.8835918639414225e-06,1.108879479558289e-09,1.4245127646939303e-13,-6.610776406098807e-08,1.2066306390586936e-08,,,,
2.3666666666666667,142,object_b,1,1,rigid_box,0.9109151263746185,4.280487881914154e-06,0.39999079671078536,1.0918856359939298e-07,-1.4650729684427264e-07,-2.092107801624963e-07,0.9999999999999614,0.33025191382488805,1.8585723241726571e-06,1.5026701202791592e-09,3.8440281477991636e-08,-1.0118347648772047e-07,-4.816702340046411e-08,,,,
2.3833333333333333,143,object_a,0,1,rigid_box,-1.9834397059686326,-6.788662259072044e-06,0.3999907978951399,2.7950764196334734e-08,-1.552159419389318e-07,2.493303596704259e-07,0.9999999999999565,-0.8034952318248839,-2.879891510330847e-06,1.1099029820216266e-09,1.4255053448034945e-13,-6.616878848047412e-08,1.2077077268858547e-08,,,,
2.3833333333333333,143,object_b,1,1,rigid_box,0.9164161539726742,4.3114462407366975e-06,0.3999907967375556,1.0952034649345244e-07,-1.4740597515625207e-07,-2.0961289549358336e-07,0.9999999999999611,0.32989384315381276,1.8565570549155924e-06,1.7050412037117324e-09,4.111587127347201e-08,-1.1419554847853272e-07,-4.833233015634872e-08,,,,
2.4,144,object_a,0,1,rigid_box,-1.9968221655441851,-6.836627735381513e-06,0.3999907979136474,2.7950765262774433e-08,-1.557676188734957e-07,2.4943104971760623e-07,0.9999999999999564,-0.8024646272949447,-2.8761975827520187e-06,1.1109576696088919e-09,1.4264987015145596e-13,-6.622986820595058e-08,1.2087858204139457e-08,,,,
2.4,144,object_b,1,1,rigid_box,0.921911217233429,4.342371031231886e-06,0.399990796768172,1.098772175676205e-07,-1.4842828876264565e-07,-2.1001644589994222e-07,0.9999999999999609,0.3295361684968215,1.8545439857391362e-06,1.963520054881762e-09,4.444551986263154e-08,-1.3080772426180292e-07,-4.851110177408142e-08,,,,
2.4166666666666665,145,object_a,0,1,rigid_box,-2.0101874642182285,-6.884531703007221e-06,0.399990797932172,2.795076632992939e-08,-1.5631980505087806e-07,2.4953182965048647e-07,0.9999999999999563,-0.8014358111212421,-2.8725100649772047e-06,1.1119655456831579e-09,1.427493091742221e-13,-6.629100329044531e-08,1.2098649202819335e-08,,,,
2.4166666666666665,145,object_b,1,1,rigid_box,0.9274003227517293,4.373262289976303e-06,0.39999079680371924,1.1026515096762531e-07,-1.4960879562267433e-07,-2.1042155788985516e-07,0.9999999999999606,0.32917888924552574,1.8525331061689599e-06,2.294570866645529e-09,4.8527384965601286e-08,-1.5201460797888679e-07,-4.870665591142264e-08,,,,
2.433333333333333,146,object_a,0,1,rigid_box,-2.023535631756727,-6.932374268635958e-06,0.39999079795071385,2.7950767397800218e-08,-1.5687250093262435e-07,2.496326995528643e-07,0.9999999999999561,-0.800408778791465,-2.8688289408332135e-06,1.1129772121282189e-09,1.4284883033022057e-13,-6.635219379440316e-08,1.210945027656342e-08,,,,
2.433333333333333,146,object_b,1,1,rigid_box,0.932883477112292,4.404120053232045e-06,0.3999907968479842,1.1070884141511017e-07,-1.5107747371110813e-07,-2.1082841310218e-07,0.9999999999999603,0.3288220047926579,1.850524383444053e-06,3.005476428494247e-09,5.736780616344518e-08,-1.9823827775969432e-07,-4.8931522162394464e-08,,,,
2.45,147,object_a,0,1,rigid_box,-2.0368666978505736,-6.980155538685445e-06,0.39999079796927295,2.7950768466387563e-08,-1.5742570698067184e-07,2.497336595088715e-07,0.999999999999956,-0.7993835258084567,-2.8651541942011692e-06,1.1140237395762531e-09,1.4294844126449944e-13,-6.641343975172438e-08,1.2120261432576053e-08,,,,
2.45,147,object_b,1,1,rigid_box,0.938360686889725,4.434944356708908e-06,0.39999079690419065,1.112178420233934e-07,-1.5291876193350845e-07,-2.112373137444448e-07,0.9999999999999598,0.32846551453247674,1.8485178029177426e-06,3.674285197277638e-09,6.375729476396955e-08,-2.3939984006873237e-07,-4.919347209194906e-08,,,,
2.466666666666667,148,object_a,0,1,rigid_box,-2.0501806921158408,-7.027875619305232e-06,0.3999907979878492,2.7950769535692063e-08,-1.5797942365735936e-07,2.498347096024764e-07,0.9999999999999559,-0.7983600476901497,-2.8614858090162843e-06,1.1150728344150318e-09,1.430481427800016e-13,-6.647474120966446e-08,1.2131082680309787e-08,,,,
2.466666666666667,148,object_b,1,1,rigid_box,0.9438319586485518,4.465735236413671e-06,0.39999079696934664,1.1175612956980999e-07,-1.5502525336636636e-07,-2.1164850286921416e-07,0.9999999999999594,0.32810941786040954,1.8465134042901265e-06,4.036832937370782e-09,6.397001383745423e-08,-2.59150746758179e-07,-4.947524209754028e-08,,,,
2.4833333333333334,149,object_a,0,1,rigid_box,-2.0634776440940366,-7.075534616377599e-06,0.39999079800644277,2.795077060571436e-08,-1.5853365142541178e-07,2.4993584991789123e-07,0.9999999999999558,-0.7973383399695033,-2.857823769267625e-06,1.1160592103265365e-09,1.4314793715581223e-13,-6.653609821755444e-08,1.2141913977448654e-08,,,,
2.4833333333333334,149,object_b,1,1,rigid_box,0.9492972989432313,4.4964927293757695e-06,0.3999907970347277,1.12253160329636e-07,-1.5710432918517578e-07,-2.120619983660595e-07,0.9999999999999588,0.327753714173167,1.8445112684494131e-06,3.6904492500128283e-09,5.429892941959513e-08,-2.3267096078680689e-07,-4.974058032603896e-08,,,,
2.5,150,object_a,0,1,rigid_box,-2.0767575832523466,-7.123132635518458e-06,0.3999907980250536,2.795077167645511e-08,-1.5908839074793707e-07,2.500370805391395e-07,0.9999999999999557,-0.7963183981944407,-2.854168058997891e-06,1.1171288009231839e-09,1.4324780386687523e-13,-6.659751081486267e-08,1.215275548872331e-08,,,,
2.5,150,object_b,1,1,rigid_box,0.9547567143181768,4.527216874093015e-06,0.39999079708770174,1.1263747003842871e-07,-1.5876103418496245e-07,-2.1247747343219838e-07,0.9999999999999585,0.3273984028685129,1.8425114773008417e-06,2.662726634669599e-09,3.869497562000111e-08,-1.6549768175183052e-07,-4.99488825585293e-08,,,,
2.5166666666666666,151,object_a,0,1,rigid_box,-2.0900205389838895,-7.1706697820782325e-06,0.3999907980436817,2.795077274791493e-08,-1.5964364208844993e-07,2.5013840155071934e-07,0.9999999999999556,-0.7953002179277856,-2.850518662303193e-06,1.1181932220438728e-09,1.4334777997902686e-13,-6.66589790590715e-08,1.2163607016533532e-08,,,,
2.5166666666666666,151,object_b,1,1,rigid_box,0.9602102113077728,4.557907709842817e-06,0.3999907971222127,1.1289847605612284e-07,-1.5983176856090326e-07,-2.1289438051785406e-07,0.9999999999999581,0.3270434833451891,1.8405140398451868e-06,1.5908545279719188e-09,2.5653125479287047e-08,-9.88578605759067e-08,-5.009000463801508e-08,,,,
2.533333333333333,152,object_a,0,1,rigid_box,-2.103266540607962,-7.218146161142754e-06,0.3999907980623271,2.7950773820094497e-08,-1.601994059108518e-07,2.5023981303692027e-07,0.9999999999999555,-0.7942837947472015,-2.8468755633328215e-06,1.1191997675852328e-09,1.434478429412058e-13,-6.672050299493894e-08,1.2174468731006034e-08,,,,
2.533333333333333,152,object_b,1,1,rigid_box,0.9656577964363944,4.5885652754420715e-06,0.39999079714202124,1.1307538799201273e-07,-1.6045201493407793e-07,-2.1331223464943647e-07,0.999999999999958,0.32668895500324246,1.8385189054756792e-06,8.983732559947333e-10,1.810728120143446e-08,-5.6918544707028845e-08,-5.018328801554054e-08,,,,
2.55,153,object_a,0,1,rigid_box,-2.116495617370286,-7.265561877534148e-06,0.3999907980809898,2.795077489299441e-08,-1.6075568267944165e-07,2.50341315082187e-07,0.9999999999999554,-0.7932691242451279,-2.8432387462890355e-06,1.1202473289284587e-09,1.4354798360159893e-13,-6.678208267297088e-08,1.218534058134036e-08,,,,
2.55,153,object_b,1,1,rigid_box,0.9710994762184292,4.619189608796874e-06,0.39999079715355046,1.132080004203299e-07,-1.6082309637666088e-07,-2.1373073988884393e-07,0.9999999999999578,0.3263348172441184,1.836526022943571e-06,5.504846006115782e-10,1.4400637829557436e-08,-3.606911868016169e-08,-5.0250863573485825e-08,,,,
2.566666666666667,154,object_a,0,1,rigid_box,-2.129707798443257,-7.312917035811708e-06,0.3999907980996699,2.795077596661535e-08,-1.6131247285889136e-07,2.5044290777113093e-07,0.9999999999999551,-0.7922562020287197,-2.839608195426834e-06,1.1213202987664372e-09,1.4364822631150557e-13,-6.684371812718033e-08,1.2196222574761967e-08,,,,
2.566666666666667,154,object_b,1,1,rigid_box,0.9765352571583009,4.649780747138247e-06,0.39999079716113944,1.133190863872854e-07,-1.6107610179588817e-07,-2.141497469921653e-07,0.9999999999999576,0.3259810694705242,1.8345353614696891e-06,3.906115864787951e-10,1.257044992925636e-08,-2.646149309621706e-08,-5.0305994706898114e-08,,,,
2.5833333333333335,155,object_a,0,1,rigid_box,-2.1429031129261813,-7.360211740272776e-06,0.3999907981183673,2.795077704095791e-08,-1.6186977691427843e-07,2.505445911884171e-07,0.9999999999999551,-0.7912450237197854,-2.8359838950537423e-06,1.1223575714647271e-09,1.4374855317888909e-13,-6.690540941681289e-08,1.2207114731434385e-08,,,,
2.5833333333333335,155,object_b,1,1,rigid_box,0.9819651457504889,4.680338727330009e-06,0.39999079716689695,1.1341890228398417e-07,-1.6127371511246148e-07,-2.1456918284547273e-07,0.9999999999999575,0.3256277110863564,1.8325469053348726e-06,3.1351068269236393e-10,1.1530096191777658e-08,-2.1755839857274586e-08,-5.035478663792773e-08,,,,
2.6,156,object_a,0,1,rigid_box,-2.1560815898455292,-7.407446094953618e-06,0.3999907981370821,2.7950778116022767e-08,-1.6242759531107273e-07,2.50646365418701e-07,0.999999999999955,-0.7902355849547268,-2.8323658295295775e-06,1.1233489468492897e-09,1.4384896852535218e-13,-6.69671565817223e-08,1.2218017055532813e-08,,,,
2.6,156,object_b,1,1,rigid_box,0.9873891484795475,4.710863586046731e-06,0.39999079717171065,1.1351167696215476e-07,-1.6144217095912866e-07,-2.1498900737012914e-07,0.9999999999999574,0.32527474149669544,1.8305606460821657e-06,2.702522060304968e-10,1.0814574114356233e-08,-1.9046154651035194e-08,-5.0399770545311435e-08,,,,
