time_s,frame,object_name,object_index,active,kind,x_m,y_m,z_m,qx,qy,qz,qw,vx_m_s,vy_m_s,vz_m_s,wx_rad_s,wy_rad_s,wz_rad_s,mesh_z_min_m,mesh_z_max_m,mesh_z_span_m,mesh_xy_radius_m
0.0,0,object_a,0,1,rigid_box,-0.38,0.0,0.39999999999999997,0.0,0.0,0.0,1.0,0.57,0.0,0.0,0.0,0.0,0.0,,,,
0.0,0,object_b,1,1,rigid_box,0.38,0.0,0.39999999999999997,0.0,0.0,0.0,1.0,-0.44999999999999996,0.0,0.0,0.0,0.0,0.0,,,,
0.016666666666666666,1,object_a,0,1,rigid_box,-0.37050585500316074,-1.4764678404663885e-13,0.39999079639267643,6.366256588584672e-09,-2.040814919405464e-08,-1.2152975734526364e-10,0.9999999999999998,0.5693384624624727,-9.454773197978154e-12,-1.781327689520662e-11,1.7791410586314536e-10,6.262659587448426e-08,-1.4605912109604432e-08,,,,
0.016666666666666666,1,object_b,1,1,rigid_box,0.3725044250285397,-1.800154321794595e-13,0.39999079645771446,6.1497632438182264e-09,-2.0703329544388217e-08,1.1928814130694725e-10,0.9999999999999998,-0.4494999169901472,-1.1502848305806656e-11,2.3788348200992626e-10,2.204406536198805e-10,-6.153964909826607e-08,1.4290414226284887e-08,,,,
0.03333333333333333,2,object_a,0,1,rigid_box,-0.36102273092874393,-3.0533422834444554e-13,0.3999907963905019,6.367743098675695e-09,-1.9886286235501816e-08,-2.434640067720166e-10,0.9999999999999998,0.5686778698324823,-9.466919951392001e-12,-1.2850838795874786e-10,1.7879384151692975e-10,6.262088036319536e-08,-1.465519835074312e-08,,,,
0.03333333333333333,2,object_b,1,1,rigid_box,0.3650171828155927,-3.7136011958821514e-13,0.39999079645979935,6.151597536140812e-09,-2.121618489609376e-08,2.381615669918237e-10,0.9999999999999998,-0.4490004690121893,-1.1461073392043591e-11,1.2699792259485143e-10,2.1982655811563046e-10,-6.154529144937092e-08,1.424219331091711e-08,,,,
0.05,3,object_a,0,1,rigid_box,-0.3515506083999801,-4.632219341397428e-13,0.3999907963883656,6.369236936817933e-09,-1.936447072158868e-08,-3.65808211966145e-10,0.9999999999999998,0.5680182178732334,-9.478820098012568e-12,-1.2789180478534057e-10,1.7967286705618595e-10,6.26152039418597e-08,-1.4704311722765219e-08,,,,
0.05,3,object_b,1,1,rigid_box,0.3575382591417181,-5.620057949667503e-13,0.3999907964619224,6.153426690559582e-09,-2.1729087448896823e-08,3.5663240230800713e-10,0.9999999999999997,-0.4485016526384065,-1.1418986115849075e-11,1.2769773433118914e-10,2.1920782408589213e-10,-6.15509722892496e-08,1.4193802500781229e-08,,,,
0.06666666666666667,4,object_a,0,1,rigid_box,-0.34208947175602067,-6.213057970486667e-13,0.39999079638624024,6.370738096941227e-09,-1.8842702351382122e-08,-4.885609278673708e-10,0.9999999999999998,0.5673595046658348,-9.49047428489908e-12,-1.2719014383377747e-10,1.8055116419354332e-10,6.260956358650977e-08,-1.4753251808772092e-08,,,,
0.06666666666666667,4,object_b,1,1,rigid_box,0.35006764349018876,-7.519472378701938e-13,0.39999079646405644,6.155250668149925e-09,-2.224203750080254e-08,4.746992249542607e-10,0.9999999999999997,-0.44800346673873687,-1.1376584849087143e-11,1.283534077634041e-10,2.1858441105073445e-10,-6.155668902469154e-08,1.4145240886822857e-08,,,,
0.08333333333333333,5,object_a,0,1,rigid_box,-0.3326393053679529,-7.795817234673909e-13,0.39999079638412577,6.372246572969287e-09,-1.8320980825282007e-08,-6.117207123367707e-10,0.9999999999999998,0.5667017282965554,-9.501883158557811e-12,-1.2654856502980483e-10,1.8142873148670582e-10,6.260395908367613e-08,-1.4802019035171726e-08,,,,
0.08333333333333333,5,object_b,1,1,rigid_box,0.3426053253630887,-9.411792007211746e-13,0.3999907964662013,6.157069429843188e-09,-2.2755035351881473e-08,5.923606098721416e-10,0.9999999999999997,-0.4475059101857586,-1.133386796524644e-11,1.2898316616161143e-10,2.1795630121858658e-10,-6.156244186064649e-08,1.4096508144402785e-08,,,,
0.1,6,object_a,0,1,rigid_box,-0.32320009363871394,-9.380456305624034e-13,0.39999079638202206,6.373762358817054e-09,-1.779930584537983e-08,-7.352861262349023e-10,0.9999999999999998,0.5660448868568512,-9.513047364915221e-12,-1.259422375415875e-10,1.823055681147136e-10,6.259839023662768e-08,-1.4850613719074245e-08,,,,
0.1,6,object_b,1,1,rigid_box,0.3351512942812689,-1.129696408774599e-12,0.3999907964683572,6.158882936421754e-09,-2.3268081303840366e-08,7.096151299349452e-10,0.9999999999999997,-0.44700898185472726,-1.1290833829850564e-11,1.296298485220504e-10,2.173234775203097e-10,-6.156823100444869e-08,1.4047603949871032e-08,,,,
0.11666666666666667,7,object_a,0,1,rigid_box,-0.31377182100300444,-1.0966934462593251e-12,0.39999079637992907,6.3752854483926235e-09,-1.727767711543361e-08,-8.592557333405571e-10,0.9999999999999998,0.5653889784433476,-9.52396754923248e-12,-1.2527695200659217e-10,1.8318167357895815e-10,6.259285684818796e-08,-1.4899036204089556e-08,,,,
0.11666666666666667,7,object_b,1,1,rigid_box,0.3277055397843025,-1.317493559979245e-12,0.39999079647052416,6.1606911485225865e-09,-2.3781175660101156e-08,8.264613554470403e-10,0.9999999999999997,-0.4465126806235668,-1.1247480801510197e-11,1.3032826901016037e-10,2.1668592176910247e-10,-6.157405664492961e-08,1.399852813708267e-08,,,,
0.13333333333333333,8,object_a,0,1,rigid_box,-0.30435447192720166,-1.2555211092318453e-12,0.39999079637784674,6.376815835596739e-09,-1.6756094340888156e-08,-9.836281006337284e-10,0.9999999999999998,0.5647340011578215,-9.534644356038198e-12,-1.246266805032814e-10,1.8405704636877053e-10,6.258735870670414e-08,-1.4947286948511167e-08,,,,
0.13333333333333333,8,object_b,1,1,rigid_box,0.32026805143043996,-1.5045653249125758e-12,0.3999907964727022,6.162494026636073e-09,-2.4294318725769812e-08,9.428978545283323e-10,0.9999999999999997,-0.4460170053728628,-1.1203807236476792e-11,1.310037807400466e-10,2.1604361685761644e-10,-6.157991899808552e-08,1.3949280340047952e-08,,,,
0.15,9,object_a,0,1,rigid_box,-0.29494803090927507,-1.4145245688899237e-12,0.39999079637577506,6.378353514325202e-09,-1.623455722883604e-08,-1.1084017981047065e-09,0.9999999999999998,0.5640799531071853,-9.545078429183347e-12,-1.2400726452643784e-10,1.849316865936676e-10,6.258189562396915e-08,-1.4995366244671595e-08,,,,
0.15,9,object_b,1,1,rigid_box,0.31283881879656544,-1.6909063466507094e-12,0.39999079647489144,6.164291531107177e-09,-2.4807510807641722e-08,1.058923193216736e-09,0.9999999999999997,-0.44552195498585384,-1.1159811481241626e-11,1.3169300025483999e-10,2.153965451695081e-10,-6.158581826208083e-08,1.389986034889798e-08,,,,
0.16666666666666666,10,object_a,0,1,rigid_box,-0.2855524824786997,-1.5736997853675378e-12,0.39999079637371393,6.379898478468323e-09,-1.57130654880343e-08,-1.2335753990110903e-09,0.9999999999999999,0.5634268324034682,-9.555270411753046e-12,-1.2337052907041013e-10,1.8580559322792534e-10,6.25764673945815e-08,-1.5043274537247613e-08,,,,
0.16666666666666666,10,object_b,1,1,rigid_box,0.3054178314781521,-1.8765112406941058e-12,0.39999079647709196,6.166083622138648e-09,-2.5320752214247133e-08,1.1745359352456275e-09,0.9999999999999997,-0.44502752834842374,-1.1115491878133328e-11,1.323726874641329e-10,2.147446899287189e-10,-6.159175465019089e-08,1.3850267861483631e-08,,,,
0.18333333333333332,11,object_a,0,1,rigid_box,-0.27616781119637207,-1.7330427295098856e-12,0.3999907963716633,6.381450721913181e-09,-1.519161882887108e-08,-1.3591474797198233e-09,0.9999999999999999,0.5627746371637989,-9.565220946012908e-12,-1.2273449270794323e-10,1.8667876621713956e-10,6.257107382895447e-08,-1.509101215631607e-08,,,,
0.18333333333333332,11,object_b,1,1,rigid_box,0.2980050790892186,-2.061374594896673e-12,0.39999079647930375,6.167870259789165e-09,-2.583404325581643e-08,1.2897346424628145e-09,0.9999999999999997,-0.44453372434909383,-1.1070846767484696e-11,1.330027789292476e-10,2.1408803355481374e-10,-6.159772835796504e-08,1.3800502718785992e-08,,,,
0.2,12,object_a,0,1,rigid_box,-0.2667940016545245,-1.892549382858924e-12,0.39999079636962304,6.383010238543482e-09,-1.4670216963377392e-08,-1.4851166199227806e-09,0.9999999999999999,0.5621233655103895,-9.574930673431988e-12,-1.2212031212655017e-10,1.8755120499005065e-10,6.25657147284433e-08,-1.513857951818889e-08,,,,
0.2,12,object_b,1,1,rigid_box,0.2906005512622847,-2.245490969364728e-12,0.3999907964815269,6.169651403975221e-09,-2.634738424429574e-08,1.404517874857706e-09,0.9999999999999996,-0.4440405418790153,-1.1025874481257027e-11,1.3373415916340115e-10,2.1342655926365166e-10,-6.160373959556855e-08,1.3750564682130537e-08,,,,
0.21666666666666667,13,object_a,0,1,rigid_box,-0.25743103847664117,-2.0522157376406876e-12,0.3999907963675932,6.384577022240165e-09,-1.4148859605216297e-08,-1.6114814026643654e-09,0.9999999999999999,0.5614730155705172,-9.584400234582145e-12,-1.2149885091072843e-10,1.884229095753535e-10,6.256038989947904e-08,-1.5185977016567856e-08,,,,
0.21666666666666667,13,object_b,1,1,rigid_box,0.28320423764832797,-2.4288548963533324e-12,0.39999079648376146,6.171427014474476e-09,-2.6860775493384958e-08,1.5188841903993215e-09,0.9999999999999996,-0.4435479798319616,-1.0980573345283526e-11,1.344052126539541e-10,2.1276025048493073e-10,-6.160978857352227e-08,1.3700453511281466e-08,,,,
0.23333333333333334,14,object_a,0,1,rigid_box,-0.24807890631737345,-2.2120377967490795e-12,0.3999907963655737,6.3861510668827135e-09,-1.3627546469672011e-08,-1.7382404143652113e-09,0.9999999999999999,0.5608235854765078,-9.593630269170941e-12,-1.2086527091670352e-10,1.892938793960363e-10,6.255509914165159e-08,-1.523320510852118e-08,,,,
0.23333333333333334,14,object_b,1,1,rigid_box,0.2758161279167398,-2.6114608802057816e-12,0.39999079648600755,6.173197050924286e-09,-2.7374217318506312e-08,1.6328321454460834e-09,0.9999999999999996,-0.44305603710431957,-1.093494168296849e-11,1.3507091799203064e-10,2.120890906868838e-10,-6.161587550424992e-08,1.3650168974558868e-08,,,,
0.25,15,object_a,0,1,rigid_box,-0.23873758986245602,-2.372011573732198e-12,0.39999079636356444,6.387732366349395e-09,-1.310627727364108e-08,-1.865392244859474e-09,0.9999999999999999,0.5601750733657189,-9.602621416010511e-12,-1.2025286842687333e-10,1.9016411446016707e-10,6.254984226506247e-08,-1.528026418046008e-08,,,,
0.25,15,object_b,1,1,rigid_box,0.26843621175528215,-2.7933033972433376e-12,0.39999079648826513,6.174961472823914e-09,-2.7887710036836134e-08,1.7463602946426902e-09,0.9999999999999996,-0.4425647125950832,-1.0888977810564908e-11,1.3577766341810182e-10,2.1141306309478535e-10,-6.162200059733545e-08,1.3599710885638612e-08,,,,
0.26666666666666666,16,object_a,0,1,rigid_box,-0.2294070738286232,-2.5321330927763826e-12,0.3999907963615654,6.3893209145191935e-09,-1.2585051735614271e-08,-1.992935487360751e-09,0.9999999999999999,0.5595274773805221,-9.611374312924555e-12,-1.1965012487735738e-10,1.9103361503188984e-10,6.254461908160394e-08,-1.532715461523159e-08,,,,
0.26666666666666666,16,object_b,1,1,rigid_box,0.26106447887004397,-2.9743768956629466e-12,0.3999907964905344,6.176720239536403e-09,-2.8401253967311095e-08,1.8594671910255194e-09,0.9999999999999996,-0.4420740052058448,-1.0842680037527162e-11,1.3647308456932183e-10,2.1073215115839303e-10,-6.162816405810309e-08,1.3549079105990473e-08,,,,
0.2833333333333333,17,object_a,0,1,rigid_box,-0.22008734296352553,-2.6923983886892902e-12,0.3999907963595765,6.390916705270829e-09,-1.2063869575695999e-08,-2.1208687387317105e-09,0.9999999999999999,0.5588807956682867,-9.619889596706718e-12,-1.1905370439491136e-10,1.9190238106396945e-10,6.25394293956022e-08,-1.5373876878791067e-08,,,,
0.2833333333333333,17,object_b,1,1,rigid_box,0.25370091898539815,-3.154675795488305e-12,0.39999079649281527,6.178473310288309e-09,-2.8914849430610662e-08,1.9721513863209524e-09,0.9999999999999996,-0.441583913840788,-1.0796046672566697e-11,1.3720884151080526e-10,2.1004633871059163e-10,-6.163436609491072e-08,1.3498273493793067e-08,,,,
0.3,18,object_a,0,1,rigid_box,-0.21077838204564664,-2.8528035068832984e-12,0.3999907963575977,6.3925197324849804e-09,-1.1542730515560203e-08,-2.249190599223004e-09,0.9999999999999999,0.558235026381364,-9.628167903208991e-12,-1.1846978432983324e-10,1.9277041304406318e-10,6.253427301959883e-08,-1.5420431372129738e-08,,,,
0.3,18,object_b,1,1,rigid_box,0.2463455218439581,-3.3341944884945e-12,0.3999907964951079,6.180220644173027e-09,-2.9428496749201734e-08,2.0844114307530795e-09,0.9999999999999996,-0.44109443740668014,-1.0749076017458742e-11,1.3791564244802768e-10,2.093556106249238e-10,-6.164060693698761e-08,1.344729376144067e-08,,,,
0.31666666666666665,19,object_a,0,1,rigid_box,-0.2014801758842202,-3.013344503358661e-12,0.39999079635562895,6.394129990043063e-09,-1.102163427848096e-08,-2.377899672839471e-09,0.9999999999999999,0.5575901676770677,-9.636209867189065e-12,-1.1784347456189614e-10,1.9363771080184575e-10,6.252914976221508e-08,-1.5466818550458873e-08,,,,
0.31666666666666665,19,object_b,1,1,rigid_box,0.2389982772065352,-3.5129273380981208e-12,0.3999907964974123,6.181962200150975e-09,-2.994219624732059e-08,2.196245873351298e-09,0.9999999999999996,-0.44060557481286394,-1.0701766366750967e-11,1.386186807700307e-10,2.0865995014246166e-10,-6.164688678466109e-08,1.33961398699398e-08,,,,
0.3333333333333333,20,object_a,0,1,rigid_box,-0.1921927093191477,-3.1740174446862026e-12,0.39999079635367013,6.395747471830056e-09,-1.0500580589299518e-08,-2.5069945671693955e-09,0.9999999999999999,0.55694621771766,-9.644016122383323e-12,-1.1722718108730934e-10,1.945042749921132e-10,6.25240594381178e-08,-1.5513038824583163e-08,,,,
0.3333333333333333,20,object_b,1,1,rigid_box,0.23165917485209553,-3.6908686792398916e-12,0.39999079649972863,6.183697937052223e-09,-3.0455948250990124e-08,2.3076532619797472e-09,0.9999999999999994,-0.4401173249712508,-1.0654116013348079e-11,1.393156631723791e-10,2.0795934169777335e-10,-6.165320584884552e-08,1.3344811709988912e-08,,,,
0.35,21,object_a,0,1,rigid_box,-0.18291596722091577,-3.334818407989793e-12,0.3999907963517213,6.397372171734367e-09,-9.979569174402119e-09,-2.636473893298913e-09,0.9999999999999999,0.5563031746703339,-9.651587301487244e-12,-1.1667589290553781e-10,1.9537010588313193e-10,6.25190018546852e-08,-1.5559092678996854e-08,,,,
0.35,21,object_b,1,1,rigid_box,0.2243282045777174,-3.8680128184167436e-12,0.3999907965020569,6.1854278135773545e-09,-3.0969753088027055e-08,2.418632143450372e-09,0.9999999999999994,-0.43962968679631237,-1.0606123247008424e-11,1.4003773314563706e-10,2.072537703449158e-10,-6.165956435854708e-08,1.3293309067344663e-08,,,,
0.36666666666666664,22,object_a,0,1,rigid_box,-0.1736499344905142,-3.495743480926962e-12,0.3999907963497823,6.399004083647844e-09,-9.458599761754155e-09,-2.7663362662145935e-09,0.9999999999999999,0.5556610367071967,-9.658924035965994e-12,-1.1607077625430673e-10,1.9623520391678024e-10,6.251397683186696e-08,-1.560498051119994e-08,,,,
0.36666666666666664,22,object_b,1,1,rigid_box,0.2170053561985486,-4.044354033504091e-12,0.3999907965043971,6.187151788298911e-09,-3.148361108804895e-08,2.529181063636311e-09,0.9999999999999994,-0.4391426592050737,-1.0557786345505038e-11,1.4076947073282664e-10,2.0654322076834544e-10,-6.166596252360218e-08,1.3241631884841696e-08,,,,
0.38333333333333336,23,object_a,0,1,rigid_box,-0.16439459605935447,-3.6568502685234394e-12,0.39999079634785123,6.4351622905557975e-09,-9.054904406876882e-09,-2.8965803900413605e-09,0.9999999999999999,0.5550198020052539,-9.690418601407739e-12,-1.1627291837679188e-10,1.7844300647815623e-08,2.5687653431041404e-09,-1.5650789210935114e-08,,,,
0.38333333333333336,23,object_b,1,1,rigid_box,0.20969061954776383,-4.219886573711207e-12,0.3999907965067494,6.18886981966322e-09,-3.1997522582469075e-08,2.6392985676869716e-09,0.9999999999999994,-0.4386562411171057,-1.0509103590357611e-11,1.414806882760189e-10,2.058276777376675e-10,-6.167240055777979e-08,1.3189780095351285e-08,,,,
0.4,24,object_a,0,1,rigid_box,-0.15514993688918788,-3.81934197833529e-12,0.3999907963459148,6.5844273139579194e-09,-9.035792950795839e-09,-3.0272079500058425e-09,0.9999999999999999,0.5543794687463911,-9.801599280678476e-12,-1.1604392620434556e-10,1.791099161624372e-08,2.255434068240835e-09,-1.569693372304844e-08,,,,
0.4,24,object_b,1,1,rigid_box,0.20238398447652275,-4.394604659510086e-12,0.3999907965091138,6.190581865993137e-09,-3.25114879045328e-08,2.748983199925202e-09,0.9999999999999994,-0.4381704314545171,-1.0460073254125205e-11,1.4218880760308306e-10,2.0510712665548538e-10,-6.167887868977327e-08,1.3137753542572173e-08,,,,
0.4166666666666667,25,object_a,0,1,rigid_box,-0.14591594197202465,-3.98368450064207e-12,0.3999907963439832,6.733670183230684e-09,-9.01732985879763e-09,-3.1582198570771963e-09,0.9999999999999999,0.5537400351173607,-9.912527643411083e-12,-1.157606562690594e-10,1.7907456854253816e-08,2.180588138355901e-09,-1.5743035092331298e-08,,,,
0.4166666666666667,25,object_b,1,1,rigid_box,0.19508544085392718,-4.56850248255128e-12,0.3999907965114904,6.192287885488003e-09,-3.302550738929124e-08,2.858233504228137e-09,0.9999999999999994,-0.4376852291419475,-1.041069360275118e-11,1.429466874730556e-10,2.0438155227505132e-10,-6.168539712350897e-08,1.3085552284833834e-08,,,,
0.43333333333333335,26,object_a,0,1,rigid_box,-0.13669259633005282,-4.149873550137399e-12,0.3999907963420564,6.882883543604055e-09,-8.99949048463085e-09,-3.2896157508365496e-09,0.9999999999999999,0.5531014993097629,-1.002319859721392e-11,-1.1547228798147735e-10,1.7903934571137596e-08,2.1056590514780283e-09,-1.578909326396859e-08,,,,
0.43333333333333335,26,object_b,1,1,rigid_box,0.1877949785669794,-4.7415742055498435e-12,0.3999907965138793,6.193987836227497e-09,-3.353958137363638e-08,2.9670480239376947e-09,0.9999999999999994,-0.43720063310656015,-1.0360962902832117e-11,1.4370081513614963e-10,2.0365094119509565e-10,-6.16919560924334e-08,1.3033176169964572e-08,,,,
0.45,27,object_a,0,1,rigid_box,-0.12747988501555751,-4.317904833520541e-12,0.39999079634013446,7.032066729268427e-09,-8.982272893278838e-09,-3.4213952722492344e-09,0.9999999999999999,0.5524638595200313,-1.0133611775592382e-11,-1.1522425721888219e-10,1.7900291488866056e-08,2.0311019613336205e-09,-1.5835108419119857e-08,,,,
0.45,27,object_b,1,1,rigid_box,0.18051258752054,-4.9138139623156695e-12,0.39999079651628044,6.195681676173007e-09,-3.405371019629477e-08,3.0754253020980726e-09,0.9999999999999993,-0.4367166422780337,-1.0310879413455188e-11,1.444127820798835e-10,2.0291527859229527e-10,-6.169855580880744e-08,1.2980625229594292e-08,,,,
0.4666666666666667,28,object_a,0,1,rigid_box,-0.11827779311084091,-4.487774051928424e-12,0.39999079633821727,7.1812191508309686e-09,-8.965675399681012e-09,-3.553558063592706e-09,0.9999999999999999,0.5518271139494156,-1.0243766863989878e-11,-1.1489021366217766e-10,1.7896529446094577e-08,1.9569124382475125e-09,-1.5881080740386242e-08,,,,
0.4666666666666667,28,object_b,1,1,rigid_box,0.173238257637286,-5.085215857580868e-12,0.399990796518694,6.197369363168657e-09,-3.4567894197830787e-08,3.1833638816185385e-09,0.9999999999999993,-0.43623325558855547,-1.0260441392176072e-11,1.4515815459359427e-10,2.0217455104924357e-10,-6.170519649545695e-08,1.2927899445679259e-08,,,,
0.48333333333333334,29,object_a,0,1,rigid_box,-0.10908630572814147,-4.659476901013663e-12,0.39999079633630485,7.330340232139965e-09,-8.949696353938381e-09,-3.686103768381504e-09,0.9999999999999999,0.5511912608039661,-1.0353663554875852e-11,-1.1461173329840868e-10,1.789275920950626e-08,1.882713105903348e-09,-1.5927010372550237e-08,,,,
0.48333333333333334,29,object_b,1,1,rigid_box,0.16597197885766918,-5.255773967013752e-12,0.39999079652112,6.199050854945118e-09,-3.5082133720665e-08,3.2908623053238737e-09,0.9999999999999993,-0.4357504719728142,-1.0209647089560623e-11,1.4592153353698567e-10,2.0142874491774897e-10,-6.171187837955399e-08,1.2874998783557475e-08,,,,
0.5,30,object_a,0,1,rigid_box,-0.09990540800955468,-4.833009070999932e-12,0.3999907963343972,7.479429326921339e-09,-8.934333856150725e-09,-3.819032031603707e-09,0.9999999999999999,0.5505562982945174,-1.046330148852177e-11,-1.1434594590631342e-10,1.788885796033872e-08,1.8089254565629096e-09,-1.5972897462139658e-08,,,,
0.5,30,object_b,1,1,rigid_box,0.15871374113987435,-5.425482337113034e-12,0.39999079652355857,6.200726109119905e-09,-3.559642910908651e-08,3.397919116052616e-09,0.9999999999999993,-0.43526829036799203,-1.0158494758051298e-11,1.466632249674804e-10,2.006778465461912e-10,-6.171860168447073e-08,1.2821923262620508e-08,,,,
0.5166666666666667,31,object_a,0,1,rigid_box,-0.09073508512695312,-5.008366246696065e-12,0.39999079633249435,7.628485907657416e-09,-8.919586402855451e-09,-3.9523424994870715e-09,0.9999999999999999,0.5499222246366723,-1.0572680387427055e-11,-1.1405451583179627e-10,1.7884967237832482e-08,1.7350655371454378e-09,-1.6018742194107245e-08,,,,
0.5166666666666667,31,object_b,1,1,rigid_box,0.15146353445977803,-5.594334985138633e-12,0.3999907965260097,6.202395083202232e-09,-3.611078070924297e-08,3.504532856941753e-09,0.9999999999999993,-0.43478670971375805,-1.0106982636179031e-11,1.4744245234454834e-10,1.9992184345794715e-10,-6.172536663474212e-08,1.276867291864605e-08,,,,
0.5333333333333333,32,object_a,0,1,rigid_box,-0.08736840228408578,8.555745346813462e-09,0.3999907962402315,2.2578970960101572e-08,-3.6941152784472015e-08,-4.818634253171691e-09,0.999999999999999,0.12167107678303632,6.318777541201676e-07,-1.4175030073337869e-10,6.111909365675006e-10,6.217945656349619e-08,-1.8362990676444003e-08,,,,
0.5333333333333333,32,object_b,1,1,rigid_box,0.160151715180267,-2.355076339635346e-08,0.399990796512614,1.5726131267931033e-08,-7.428594094535448e-08,-1.1345821693747686e-08,0.999999999999997,0.7415626889305555,-1.7379077082235345e-06,7.669142768756965e-10,6.518453184123057e-11,6.293774874581284e-08,-1.200061507680354e-08,,,,
0.55,33,object_a,0,1,rigid_box,-0.08534193509175324,1.907985307634988e-08,0.39999079623839784,2.2584080769899753e-08,-3.6423011392737045e-08,-4.9718718089564315e-09,0.999999999999999,0.12151477656681012,6.310660187684642e-07,-1.1024773975687463e-10,6.1493097271066e-10,6.217477539026669e-08,-1.8410989539740602e-08,,,,
0.55,33,object_b,1,1,rigid_box,0.17250289539822114,-5.249667965290381e-08,0.39999079650934827,1.572667774935102e-08,-7.376149803635922e-08,-1.1446103059671519e-08,0.9999999999999971,0.7406370443259211,-1.735738419094791e-06,-1.8064897668035318e-10,6.592790774397879e-11,6.292912186758539e-08,-1.2062996998357085e-08,,,,
0.5666666666666667,34,object_a,0,1,rigid_box,-0.08331807175644129,2.9590437848323477e-08,0.39999079623656575,2.258922172975529e-08,-3.590490887557645e-08,-5.125508548429998e-09,0.9999999999999991,0.12135860582517215,6.302549569929695e-07,-1.0965950369978827e-10,6.186672115989404e-10,6.217012549022814e-08,-1.8458806362665353e-08,,,,
0.5666666666666667,34,object_b,1,1,rigid_box,0.18483866175835204,-8.140647284909218e-08,0.399990796506346,1.5727230427660774e-08,-7.32371265793774e-08,-1.1546903769750763e-08,0.9999999999999971,0.7397129297554136,-1.7335727154590826e-06,-1.79728306889948e-10,6.667167264624485e-11,6.29205710243264e-08,-1.2125258858489424e-08,,,,
0.5833333333333334,35,object_a,0,1,rigid_box,-0.08129681012147796,4.008751088254861e-08,0.3999907962347433,2.2594393808187136e-08,-3.5386844966102256e-08,-5.279542957959607e-09,0.9999999999999991,0.12120256441836257,6.294445680647797e-07,-1.0907595139608706e-10,6.223996715681745e-10,6.216550752815554e-08,-1.8506441724790726e-08,,,,
0.5833333333333334,35,object_b,1,1,rigid_box,0.19715903972875926,-1.1028020266704454e-07,0.399990796503359,1.5727789305167104e-08,-7.271282615570495e-08,-1.1648222760749649e-08,0.9999999999999971,0.7387903415534128,-1.7314105887260522e-06,-1.7881139104114485e-10,6.74157024033467e-11,6.29120706744925e-08,-1.2187392099845864e-08,,,,
0.6,36,object_a,0,1,rigid_box,-0.07927814803251872,5.057108338670142e-08,0.39999079623293043,2.2599596973716522e-08,-3.486881939884421e-08,-5.4339735266169126e-09,0.9999999999999991,0.12104665220683002,6.286348512560764e-07,-1.0847925856205531e-10,6.261283537611284e-10,6.216092134491343e-08,-1.8553895959888383e-08,,,,
0.6,36,object_b,1,1,rigid_box,0.20946405471654603,-1.39117928645942e-07,0.3999907965003871,1.572835438395342e-08,-7.218859634556e-08,-1.1750058949994485e-08,0.9999999999999972,0.7378692760656073,-1.7292520303318556e-06,-1.779092932002735e-10,6.815996937767573e-11,6.290362059839356e-08,-1.2249394247666811e-08,,,,
0.6166666666666667,37,object_a,0,1,rigid_box,-0.07726208333754304,6.104116655633672e-08,0.39999079623112715,2.2604831194868144e-08,-3.435083190969472e-08,-5.588798746705425e-09,0.9999999999999991,0.12089086905121954,6.278258058400623e-07,-1.0792145128946107e-10,6.29853260344771e-10,6.215636678005716e-08,-1.8601169441956692e-08,,,,
0.6166666666666667,37,object_b,1,1,rigid_box,0.22175373206801327,-1.6791971018247675e-07,0.39999079649743025,1.5728925665873306e-08,-7.166443673107334e-08,-1.185241123515319e-08,0.9999999999999972,0.736949729649328,-1.7270970317399448e-06,-1.769966326281569e-10,6.890444571510245e-11,6.289522055602171e-08,-1.231126305519457e-08,,,,
0.6333333333333333,38,object_a,0,1,rigid_box,-0.0752486138868513,7.149777157490512e-08,0.39999079622933337,2.2610096440177426e-08,-3.383288223589291e-08,-5.744017113713393e-09,0.9999999999999991,0.12073521481237183,6.2701743109096e-07,-1.0735387752369707e-10,6.335743912359854e-10,6.215184367201652e-08,-1.864826254872033e-08,,,,
0.6333333333333333,38,object_b,1,1,rigid_box,0.2340280970688537,-1.9668560653130607e-07,0.3999907964944884,1.5729503152556123e-08,-7.114034689624269e-08,-1.1955278494627984e-08,0.9999999999999972,0.7360316986735026,-1.7249455844409577e-06,-1.761169300673604e-10,6.964910517878514e-11,6.28868703305224e-08,-1.2372996202606671e-08,,,,
0.65,39,object_a,0,1,rigid_box,-0.0732377375330615,8.19409096137699e-08,0.39999079622754896,2.261539267819743e-08,-3.3314970116033635e-08,-5.899627126494318e-09,0.9999999999999991,0.12057968935132304,6.262097262840085e-07,-1.0679128588375608e-10,6.372917504369321e-10,6.214735185603247e-08,-1.869517571180747e-08,,,,
0.65,39,object_b,1,1,rigid_box,0.24628717494434435,-2.2541567680550433e-07,0.3999907964915615,1.5730086845410843e-08,-7.061632642692937e-08,-1.2058659588237022e-08,0.9999999999999973,0.7351151795186082,-1.722797679952608e-06,-1.752180189135144e-10,7.039392139604436e-11,6.28785696957153e-08,-1.243459151538569e-08,,,,
0.6666666666666666,40,object_a,0,1,rigid_box,-0.0712294521311059,9.237059183222406e-08,0.399990796225774,2.2620719877498626e-08,-3.27970952900574e-08,-6.05562728726001e-09,0.9999999999999991,0.12042429252930438,6.254026906954643e-07,-1.0624665383596188e-10,6.410053383988979e-10,6.214289116806577e-08,-1.874190936719682e-08,,,,
0.6666666666666666,40,object_b,1,1,rigid_box,0.25853099085953885,-2.5410997997701356e-07,0.3999907964886495,1.5730676745631238e-08,-7.009237491085948e-08,-1.216255335790321e-08,0.9999999999999973,0.7342001685766261,-1.7206533098195802e-06,-1.7432739453371315e-10,7.113886916230014e-11,6.287031843188259e-08,-1.2496046855797716e-08,,,,
0.6833333333333333,41,object_a,0,1,rigid_box,-0.0692237555382279,1.0278682937750713e-07,0.39999079622400835,2.2626078006686546e-08,-3.227925749923766e-08,-6.212016101567952e-09,0.9999999999999992,0.12026902420774185,6.245963236025978e-07,-1.0570565776857332e-10,6.447151607596619e-10,6.213846145213354e-08,-1.878846388058414e-08,,,,
0.6833333333333333,41,object_b,1,1,rigid_box,0.27075956991945876,-2.827685748770917e-07,0.39999079648575225,1.5731272854200852e-08,-6.956849193758393e-08,-1.2266958628035015e-08,0.9999999999999973,0.7332866622509965,-1.7185124656134208e-06,-1.7340859997938551e-10,7.188392286333213e-11,6.286211631597902e-08,-1.255736018853064e-08,,,,
0.7,42,object_a,0,1,rigid_box,-0.06722064561397877,1.1318963338482216e-07,0.3999907962222521,2.2631467034390576e-08,-3.17614564862067e-08,-6.368792078646758e-09,0.9999999999999992,0.1201138842482558,6.237906242836919e-07,-1.0509333334129956e-10,6.48421220921643e-10,6.213406254725178e-08,-1.8834839684874073e-08,,,,
0.7,42,object_b,1,1,rigid_box,0.28297293716928396,-3.1139152019675976e-07,0.3999907964828698,1.5731875171896868e-08,-6.904467709846391e-08,-1.237187420606277e-08,0.9999999999999974,0.7323746569565719,-1.7163751389324327e-06,-1.7253135031758404e-10,7.262905862575544e-11,6.285396314425379e-08,-1.2618529414598627e-08,,,,
0.7166666666666667,43,object_a,0,1,rigid_box,-0.06522012022021433,1.235790149773525e-07,0.39999079622050504,2.263688692928429e-08,-3.124369199492371e-08,-6.525953731187651e-09,0.9999999999999992,0.11995887251266073,6.229855920180431e-07,-1.0457353559478744e-10,6.521235250610535e-10,6.212969429376187e-08,-1.8881037195407636e-08,,,,
0.7166666666666667,43,object_b,1,1,rigid_box,0.2951711175945427,-3.399788744872462e-07,0.399990796480002,1.5732483699295615e-08,-6.852092998666493e-08,-1.247729888302935e-08,0.9999999999999974,0.7314641491195726,-1.7142413214015678e-06,-1.7166547003344412e-10,7.337425217183297e-11,6.284585868446535e-08,-1.2679552711021458e-08,,,,
0.7333333333333333,44,object_a,0,1,rigid_box,-0.06322217722109179,1.3395498526627874e-07,0.39999079621876715,2.2642337660077344e-08,-3.072596377069341e-08,-6.683499575617765e-09,0.9999999999999992,0.11980398886296477,6.221812260859553e-07,-1.04019244606679e-10,6.558220763067904e-10,6.212535652837958e-08,-1.8927056890655435e-08,,,,
0.7333333333333333,44,object_b,1,1,rigid_box,0.30735413612130064,-3.685306961604307e-07,0.3999907964771488,1.5733098436776342e-08,-6.799725019713603e-08,-1.2583231434046657e-08,0.9999999999999974,0.7305551351775423,-1.712111004672321e-06,-1.7078674065251764e-10,7.411948055440715e-11,6.283780273201272e-08,-1.2740428135105573e-08,,,,
0.75,45,object_a,0,1,rigid_box,-0.061226814483066536,1.4431755535079545e-07,0.3999907962170385,2.2647819195530238e-08,-3.020827156014682e-08,-6.841428131999803e-09,0.9999999999999992,0.11964923316136948,6.21377525768742e-07,-1.0345231095387764e-10,6.595168809139696e-10,6.212104908918874e-08,-1.8972899232567714e-08,,,,
0.75,45,object_b,1,1,rigid_box,0.3195220176163488,-3.970470434892854e-07,0.3999907964743102,1.5733719384526426e-08,-6.74736373265963e-08,-1.2689670618794836e-08,0.9999999999999976,0.7296476115793022,-1.709984180422626e-06,-1.6989247335341684e-10,7.486472048290583e-11,6.282979507402947e-08,-1.280115387645001e-08,,,,
0.7666666666666667,46,object_a,0,1,rigid_box,-0.059234029874888884,1.54666736318128e-07,0.3999907962153189,2.265333150444993e-08,-2.9690615111257874e-08,-6.999737924277182e-09,0.9999999999999992,0.11949460527026952,6.205744903487238e-07,-1.0291669252926461e-10,6.632079464284815e-10,6.211677182300109e-08,-1.9018564616018442e-08,,,,
0.7666666666666667,46,object_b,1,1,rigid_box,0.33167478688739177,-4.255279746083149e-07,0.39999079647148605,1.5734346542544387e-08,-6.695009097354589e-08,-1.2796615182176061e-08,0.9999999999999976,0.7287415747849065,-1.7078608403567491e-06,-1.6904423000285718e-10,7.560994988179648e-11,6.282183550124529e-08,-1.2861728150771215e-08,,,,
0.7833333333333333,47,object_a,0,1,rigid_box,-0.05724382126760085,1.6500253924354946e-07,0.3999907962136084,2.2658874555705244e-08,-2.9172994173313755e-08,-7.158427480088313e-09,0.9999999999999992,0.11934010505225211,6.197721191092258e-07,-1.0235999894914194e-10,6.668952783302156e-10,6.211252456234101e-08,-1.9064053587442818e-08,,,,
0.7833333333333333,47,object_b,1,1,rigid_box,0.34381246868323373,-4.5397354751399345e-07,0.3999907964686763,1.5734979910646043e-08,-6.642661073821545e-08,-1.2904063854514011e-08,0.9999999999999976,0.7278370212655988,-1.705740976205189e-06,-1.682223665921967e-10,7.635514678515535e-11,6.281392379454588e-08,-1.2922149330501363e-08,,,,
0.8,48,object_a,0,1,rigid_box,-0.055256186534532944,1.7532497519039708e-07,0.3999907962119069,2.266444831821609e-08,-2.865540849695781e-08,-7.317495331249332e-09,0.9999999999999993,0.11918573237009694,6.189704113345774e-07,-1.0185067199353082e-10,6.705788839921829e-10,6.210830715000807e-08,-1.9109366592800985e-08,,,,
0.8,48,object_b,1,1,rigid_box,0.35593508769396537,-4.823838200652023e-07,0.399990796465881,1.5735619488467007e-08,-6.590319622260993e-08,-1.3012015352422278e-08,0.9999999999999976,0.7269339475037665,-1.7036245797245662e-06,-1.6732373819827728e-10,7.710029009188401e-11,6.280605975483672e-08,-1.2982415699580474e-08,,,,
0.8166666666666667,49,object_a,0,1,rigid_box,-0.05327112355130101,1.8563405521008915e-07,0.3999907962102144,2.2670052760974837e-08,-2.8137857834133814e-08,-7.476940013322171e-09,0.9999999999999993,0.11903148708677572,6.181693663101092e-07,-1.0130550218145906e-10,6.742587737337751e-10,6.210411943423875e-08,-1.9154504053475055e-08,,,,
0.8166666666666667,49,object_b,1,1,rigid_box,0.36804266855114876,-5.10758849983663e-07,0.39999079646309993,1.573626527546832e-08,-6.537984703044686e-08,-1.3120468378877772e-08,0.9999999999999977,0.7260323499928988,-1.7015116426975266e-06,-1.6645871313281102e-10,7.784535909422591e-11,6.279824317260084e-08,-1.304252567769277e-08,,,,
0.8333333333333334,50,object_a,0,1,rigid_box,-0.05128863019580299,1.9592979034214164e-07,0.3999907962085308,2.267568785303776e-08,-2.762034193810688e-08,-7.636760065879761e-09,0.9999999999999993,0.11887736906545181,6.173689833221533e-07,-1.0077122122864601e-10,6.779349527176467e-10,6.209996124936418e-08,-1.91994665208722e-08,,,,
0.8333333333333334,50,object_b,1,1,rigid_box,0.38013523582800185,-5.390986948543715e-07,0.39999079646033314,1.5736917270939728e-08,-6.485656276719221e-08,-1.3229421624010662e-08,0.9999999999999977,0.725132225237541,-1.6994021569326345e-06,-1.6564587722311952e-10,7.85903331800539e-11,6.279047383208663e-08,-1.310247779259712e-08,,,,
0.85,51,object_a,0,1,rigid_box,-0.04930870434821573,2.0621219161418497e-07,0.39999079620685607,2.2681353563535212e-08,-2.7102860563463746e-08,-7.7969540326067e-09,0.9999999999999993,0.11872337816948003,6.165692616580401e-07,-1.0024175933764923e-10,6.816074322574613e-10,6.20958324377324e-08,-1.92442544849322e-08,,,,
0.85,51,object_b,1,1,rigid_box,0.39221281403958297,-5.674034121260279e-07,0.3999907964575805,1.57375754740041e-08,-6.433334304002129e-08,-1.3338873765323362e-08,0.9999999999999977,0.7242335697532525,-1.6972961142642719e-06,-1.6471279895569069e-10,7.93351927412777e-11,6.2782751538261e-08,-1.3162270494731042e-08,,,,
0.8666666666666667,52,object_a,0,1,rigid_box,-0.04733134389099183,2.1648127004198056e-07,0.3999907962051902,2.268704986167247e-08,-2.658541346610386e-08,-7.957520461289463e-09,0.9999999999999993,0.11856951426240611,6.157702006060981e-07,-9.970314331086971e-11,6.852762218428622e-10,6.209173285089029e-08,-1.9288868355370515e-08,,,,
0.8666666666666667,52,object_b,1,1,rigid_box,0.40427542764297314,-5.956730591114669e-07,0.399990796454842,1.5738239883621077e-08,-6.381018745783976e-08,-1.344882346832447e-08,0.9999999999999978,0.7233363800665623,-1.6951935065525361e-06,-1.6389698452579093e-10,8.007991860354698e-11,6.277507608199184e-08,-1.3221902369287432e-08,,,,
0.8833333333333333,53,object_a,0,1,rigid_box,-0.0453565467088564,2.2673703662943743e-07,0.39999079620353306,2.2692776716733983e-08,-2.606800040324158e-08,-8.118457903918084e-09,0.9999999999999993,0.11841577720796657,6.149717994556506e-07,-9.920928488449388e-11,6.889413292734571e-10,6.208766232201785e-08,-1.9333308720485554e-08,,,,
0.8833333333333333,53,object_b,1,1,rigid_box,0.41632310103745984,-6.23907692988085e-07,0.39999079645211755,1.573891049859138e-08,-6.328709563124056e-08,-1.3559269386704947e-08,0.9999999999999978,0.7224406527149265,-1.6930943256831384e-06,-1.6307332220688586e-10,8.082449138982679e-11,6.276744724491966e-08,-1.3281372148507796e-08,,,,
0.9,54,object_a,0,1,rigid_box,-0.04338431068880397,2.3697950236862883e-07,0.3999907962018847,2.2698534098091267e-08,-2.5550621133385676e-08,-8.27976491657523e-09,0.9999999999999993,0.1182621668700882,6.14174057497016e-07,-9.869127737260897e-11,6.92602766007145e-10,6.20836206975414e-08,-1.9377576068606056e-08,,,,
0.9,54,object_b,1,1,rigid_box,0.4283558585647171,-6.521073707982666e-07,0.3999907964494071,1.5739587317560677e-08,-6.276406717254233e-08,-1.3670210163082872e-08,0.9999999999999978,0.7215463842466856,-1.6909985635673045e-06,-1.622235904635838e-10,8.156889315048739e-11,6.27598648451373e-08,-1.3340678343117254e-08,,,,
0.9166666666666666,55,object_a,0,1,rigid_box,-0.04141463372009522,2.4720867823980876e-07,0.3999907962002451,2.2704321975198044e-08,-2.5033275416368817e-08,-8.441440059796387e-09,0.9999999999999993,0.11810868311288779,6.13376974021505e-07,-9.811431007922256e-11,6.962605418073514e-10,6.20796078213168e-08,-1.9421670912644514e-08,,,,
0.9166666666666666,55,object_b,1,1,rigid_box,0.4403737245089873,-6.802721494498083e-07,0.3999907964467106,1.574027033902336e-08,-6.224110169574115e-08,-1.3781644429095583e-08,0.9999999999999979,0.7206535712210204,-1.6889062121416725e-06,-1.6138466778226057e-10,8.231310590639416e-11,6.275232867110009e-08,-1.3399819736878489e-08,,,,
0.9333333333333333,56,object_a,0,1,rigid_box,-0.03944751369425391,2.574245752114285e-07,0.39999079619861405,2.271014031760438e-08,-2.451596301330259e-08,-8.603481898208134e-09,0.9999999999999993,0.11795532580067197,6.125805483214201e-07,-9.759145921939272e-11,6.999146691963888e-10,6.207562353821452e-08,-1.946559375892747e-08,,,,
0.9333333333333333,56,object_b,1,1,rigid_box,0.4523767230972623,-7.084020857163416e-07,0.3999907964440279,1.5740959561326218e-08,-6.17181988165582e-08,-1.3893570806205774e-08,0.9999999999999979,0.719762210207911,-1.686817263368194e-06,-1.605934135673337e-10,8.305711213942515e-11,6.274483851236015e-08,-1.3458795155507433e-08,,,,
0.95,57,object_a,0,1,rigid_box,-0.03748294850506368,2.6762720424015305e-07,0.39999079619699157,2.2715989094948906e-08,-2.3998683686612504e-08,-8.765889000953867e-09,0.9999999999999993,0.11780209479793667,6.117847796900527e-07,-9.712550555485144e-11,7.03565158411927e-10,6.207166768911837e-08,-1.9509345163748396e-08,,,,
0.95,57,object_b,1,1,rigid_box,0.46436487849946156,-7.364972362377541e-07,0.3999907964413591,1.5741654982671548e-08,-6.119535815239527e-08,-1.4005987905797953e-08,0.9999999999999979,0.7188722977880936,-1.6847317092340342e-06,-1.5971652819746218e-10,8.380089447603463e-11,6.273739417144127e-08,-1.3517603386237114e-08,,,,
0.9666666666666667,58,object_a,0,1,rigid_box,-0.035520936048564884,2.778165762708778e-07,0.39999079619537775,2.272186827697077e-08,-2.348143720000411e-08,-8.928659941441733e-09,0.9999999999999994,0.11764898996936672,6.109896674216815e-07,-9.661454622444943e-11,7.072120229440501e-10,6.20677401256287e-08,-1.9552925602114683e-08,,,,
0.9666666666666667,58,object_b,1,1,rigid_box,0.47633821482861194,-7.645576575206083e-07,0.399990796438704,1.5742356601121863e-08,-6.067257932233235e-08,-1.4118894329574083e-08,0.9999999999999979,0.7179838305530186,-1.6826495417514735e-06,-1.5888666944630092e-10,8.454443652255521e-11,6.272999544271481e-08,-1.3576243321752524e-08,,,,
0.9833333333333333,59,object_a,0,1,rigid_box,-0.03356147422305143,2.879927022367449e-07,0.39999079619377237,2.272777783351058e-08,-2.296422331846945e-08,-9.091793297477671e-09,0.9999999999999994,0.11749601117983574,6.101952108115729e-07,-9.606335518719256e-11,7.108552724432654e-10,6.206384069070647e-08,-1.959633562729159e-08,,,,
0.9833333333333333,59,object_b,1,1,rigid_box,0.48829675614102586,-7.9258340593856e-07,0.3999907964360626,1.5743064414603164e-08,-6.014986194714358e-08,-1.4232288670094513e-08,0.999999999999998,0.7170968051048092,-1.6805707529578105e-06,-1.5809508389919014e-10,8.528772221104444e-11,6.272264213291732e-08,-1.3634713806353808e-08,,,,
1.0,60,object_a,0,1,rigid_box,-0.031604560929067736,2.9815559305915945e-07,0.3999907961921755,2.2733717734510585e-08,-2.2447041808291707e-08,-9.25528765138517e-09,0.9999999999999994,0.11734315829440585,6.094014091559768e-07,-9.559490525556935e-11,7.144949226354844e-10,6.205996922941866e-08,-1.96395757840129e-08,,,,
1.0,60,object_b,1,1,rigid_box,0.5002405264364782,-8.205745377327737e-07,0.3999907964334349,1.574377842090745e-08,-5.962720564929714e-08,-1.4346169511173193e-08,0.999999999999998,0.7162112180562185,-1.6784953349152584e-06,-1.572700043112052e-10,8.603073535716704e-11,6.271533402814016e-08,-1.3693013898104205e-08,,,,
1.0166666666666666,61,object_a,0,1,rigid_box,-0.029650194069405434,3.083052596478064e-07,0.39999079619058703,2.2739687950020666e-08,-2.1929892437035553e-08,-9.41914159000018e-09,0.9999999999999994,0.11719043117832703,6.086082617521274e-07,-9.509577847399697e-11,7.181309835413811e-10,6.205612558659291e-08,-1.9682646632453328e-08,,,,
1.0166666666666666,61,object_b,1,1,rigid_box,0.512169549658384,-8.485311090123376e-07,0.3999907964308207,1.5744498617698114e-08,-5.910461005291237e-08,-1.4460535427941202e-08,0.999999999999998,0.7153270660305888,-1.6764232797108544e-06,-1.564359457945086e-10,8.677346102884352e-11,6.270807093447666e-08,-1.3751142549895858e-08,,,,
1.0333333333333334,62,object_a,0,1,rigid_box,-0.027698371549100393,3.1844171290066633e-07,0.3999907961890069,2.2745688450198343e-08,-2.1412774973538944e-08,-9.583353704646843e-09,0.9999999999999994,0.11703782969703701,6.0781576789824e-07,-9.45635358212682e-11,7.217634703154986e-10,6.205230961586921e-08,-1.972554865856975e-08,,,,
1.0333333333333334,62,object_b,1,1,rigid_box,0.524083849693974,-8.764531757546767e-07,0.39999079642822005,1.5745225002510922e-08,-5.8582074783822894e-08,-1.4575384987705362e-08,0.999999999999998,0.71444434566181,-1.6743545794563588e-06,-1.5567575874231299e-10,8.751588388998051e-11,6.270085264690329e-08,-1.3809098825260043e-08,,,,
1.05,63,object_a,0,1,rigid_box,-0.0257490912754295,3.285649637040322e-07,0.3999907961874351,2.2751719205318448e-08,-2.0895689187900092e-08,-9.747922591090872e-09,0.9999999999999994,0.11688535371616098,6.0702392689351e-07,-9.405897762049253e-11,7.253923966292843e-10,6.204852115872431e-08,-1.9768282461983104e-08,,,,
1.05,63,object_b,1,1,rigid_box,0.5359834503744701,-9.043407938059629e-07,0.39999079642563284,1.5745957572759798e-08,-5.805959946949389e-08,-1.4690716749696483e-08,0.9999999999999981,0.7135630535942784,-1.672289226288158e-06,-1.5485703518114402e-10,8.825798956254843e-11,6.269367896896578e-08,-1.3866881791061772e-08,,,,
1.0666666666666667,64,object_a,0,1,rigid_box,-0.02380235115790756,3.386750229325257e-07,0.3999907961858716,2.2757780185769582e-08,-2.0378634851494454e-08,-9.912846849782595e-09,0.9999999999999994,0.11673300310151112,6.062327380381116e-07,-9.361152651654603e-11,7.2901777453431e-10,6.204476006386654e-08,-1.98108485903591e-08,,,,
1.0666666666666667,64,object_b,1,1,rigid_box,0.5478683754752602,-9.321940188815252e-07,0.399990796423059,1.5746696325737847e-08,-5.753718373909974e-08,-1.4806529266013986e-08,0.9999999999999981,0.7126831864828559,-1.670227212367171e-06,-1.5405022743553154e-10,8.899976378204513e-11,6.268654969409742e-08,-1.3924490620276965e-08,,,,
1.0833333333333333,65,object_a,0,1,rigid_box,-0.021858149108284205,3.4877190144911326e-07,0.3999907961843163,2.2763871362056646e-08,-1.986161173696075e-08,-1.0078125085791516e-08,0.9999999999999994,0.11658077771908638,6.054422006331955e-07,-9.307890395937601e-11,7.326396218300627e-10,6.204102618490829e-08,-1.985324756022537e-08,,,,
1.0833333333333333,65,object_b,1,1,rigid_box,0.5597386487160724,-9.60012906566258e-07,0.39999079642049856,1.574744125862181e-08,-5.701482722346442e-08,-1.4922821081528886e-08,0.9999999999999981,0.7118047409928291,-1.6681685298787531e-06,-1.5323159234525985e-10,8.974119267612278e-11,6.267946462893054e-08,-1.3981924429328641e-08,,,,
1.1,66,object_a,0,1,rigid_box,-0.019916483040540747,3.588556101051223e-07,0.3999907961827692,2.2769992704804458e-08,-1.9344619618203234e-08,-1.0243755908887904e-08,0.9999999999999994,0.11642867743507208,6.046523139808876e-07,-9.264727006408346e-11,7.362579497990502e-10,6.203731936421785e-08,-1.9895479982518154e-08,,,,
1.1,66,object_b,1,1,rigid_box,0.5715942937611479,-9.877975123150274e-07,0.3999907964179513,1.5748192368475116e-08,-5.649252955509824e-08,-1.5039590734509037e-08,0.9999999999999981,0.7109277137998687,-1.666113171032597e-06,-1.524566983074349e-10,9.048226291479471e-11,6.267242357155455e-08,-1.4039182440342468e-08,,,,
1.1166666666666667,67,object_a,0,1,rigid_box,-0.017977350870887112,3.68926159740258e-07,0.39999079618123035,2.2776144184767748e-08,-1.8827658270356898e-08,-1.040973793329284e-08,0.9999999999999994,0.11627670211583968,6.038630773842875e-07,-9.209276917443443e-11,7.398727763291215e-10,6.203363946179679e-08,-1.9937546337121473e-08,,,,
1.1166666666666667,67,object_b,1,1,rigid_box,0.5834353342194143,-1.0155478914530752e-06,0.39999079641541735,1.5748949652250552e-08,-5.597029036817658e-08,-1.5156836756795366e-08,0.9999999999999981,0.7100521015899891,-1.6640611280626429e-06,-1.5165320388366155e-10,9.122296142173113e-11,6.266542631554944e-08,-1.4096263954757159e-08,,,,
1.1333333333333333,68,object_a,0,1,rigid_box,-0.016040750517758724,3.7898356118261884e-07,0.3999907961796995,2.2782325772821396e-08,-1.831072746982381e-08,-1.0576069778078492e-08,0.9999999999999994,0.11612485162794633,6.030744901474677e-07,-9.159402403202677e-11,7.434841139514522e-10,6.202998631527197e-08,-1.997944729766324e-08,,,,
1.1333333333333333,68,object_b,1,1,rigid_box,0.5952617936446578,-1.043264099176423e-06,0.39999079641289653,1.574971310679381e-08,-5.54481092985279e-08,-1.5274557674030535e-08,0.9999999999999982,0.7091779010595081,-1.6620123932269808e-06,-1.508775812619767e-10,9.19632752918034e-11,6.265847266888834e-08,-1.4153168192729301e-08,,,,
1.15,69,object_a,0,1,rigid_box,-0.014106679901813395,3.890278252487132e-07,0.39999079617817673,2.2788537439968955e-08,-1.7793826994248757e-08,-1.0742750067018399e-08,0.9999999999999994,0.11597312583813475,6.022865515754701e-07,-9.116234329920037e-11,7.470919791356433e-10,6.202635978273666e-08,-2.0021183362968897e-08,,,,
1.15,69,object_b,1,1,rigid_box,0.6070736955356933,-1.0709461905522744e-06,0.39999079641038876,1.5750482728845918e-08,-5.492598598366235e-08,-1.5392752006206228e-08,0.9999999999999982,0.7083051089150074,-1.6599669588077566e-06,-1.501202166048765e-10,9.270319248091714e-11,6.265156242795438e-08,-1.4209894512122796e-08,,,,
1.1666666666666667,70,object_a,0,1,rigid_box,-0.012175136945928262,3.990589627434755e-07,0.399990796176662,2.2794779157348836e-08,-1.727695662250323e-08,-1.0909777428495487e-08,0.9999999999999994,0.11582152461333264,6.014992609743066e-07,-9.063957570609738e-11,7.50696388922229e-10,6.202275971729258e-08,-2.0062755089922173e-08,,,,
1.1666666666666667,70,object_b,1,1,rigid_box,0.6188710633365363,-1.0985942205194143e-06,0.3999907964078941,1.575125851504724e-08,-5.44039200627299e-08,-1.5511418267652508e-08,0.9999999999999982,0.7074337218732919,-1.6579248171110822e-06,-1.493398911478483e-10,9.344270065613424e-11,6.26446953917298e-08,-1.4266442283951846e-08,,,,
1.1833333333333333,71,object_a,0,1,rigid_box,-0.010246119575196704,4.090769844602821e-07,0.3999907961751552,2.2801050896227125e-08,-1.6760116134710962e-08,-1.1077150495808127e-08,0.9999999999999996,0.11567004782065253,6.007126176509564e-07,-9.021648879337096e-11,7.542973593752881e-10,6.201918597004585e-08,-2.0104163053957744e-08,,,,
1.1833333333333333,71,object_b,1,1,rigid_box,0.6306539204365733,-1.126208243888607e-06,0.39999079640541235,1.5752040461938157e-08,-5.38819111765654e-08,-1.5630554967687023e-08,0.9999999999999982,0.7065637366613507,-1.6558859604669373e-06,-1.4851912408242463e-10,9.418178834194822e-11,6.263787136305713e-08,-1.4322810888136952e-08,,,,
1.2,72,object_a,0,1,rigid_box,-0.008319625716925244,4.1908190118096767e-07,0.39999079617365635,2.2807352628009024e-08,-1.624330531221616e-08,-1.1244867906946906e-08,0.9999999999999996,0.11551869532739147,5.999266209133637e-07,-8.972061461831604e-11,7.578949037690201e-10,6.201563838837318e-08,-2.0145407890017917e-08,,,,
1.2,72,object_b,1,1,rigid_box,0.642422290170729,-1.1537883153429943e-06,0.39999079640294355,1.575282856596381e-08,-5.335995896767875e-08,-1.5750160610843418e-08,0.9999999999999983,0.7056951500163174,-1.6538503812290829e-06,-1.4774180837062723e-10,9.492044395532775e-11,6.263109013946496e-08,-1.4378999768257299e-08,,,,
1.2166666666666666,73,object_a,0,1,rigid_box,-0.0063956533006305,4.290737236758412e-07,0.39999079617216543,2.2813684324235765e-08,-1.572652393759088e-08,-1.1412928304711048e-08,0.9999999999999996,0.11536746700103058,5.991412700704374e-07,-8.923493888257639e-11,7.6148904266058e-10,6.201211683256245e-08,-2.0186490103536166e-08,,,,
1.2166666666666666,73,object_b,1,1,rigid_box,0.654176195819638,-1.18133448943849e-06,0.39999079640048757,1.575362282347697e-08,-5.283806308020424e-08,-1.587023369676727e-08,0.9999999999999983,0.7048279586854307,-1.6518180717749625e-06,-1.4700819728208359e-10,9.565865684388555e-11,6.262435152365495e-08,-1.4435008378348141e-08,,,,
1.2333333333333334,74,object_a,0,1,rigid_box,-0.004474200258036104,4.3905246270370194e-07,0.3999907961706823,2.282004595658847e-08,-1.5209771794622583e-08,-1.1581330336662101e-08,0.9999999999999996,0.11521636270923492,5.983565644320496e-07,-8.874891620214154e-11,7.650797897969152e-10,6.200862115001495e-08,-2.0227410333354526e-08,,,,
1.2333333333333334,74,object_b,1,1,rigid_box,0.6659156606098112,-1.2088468206041742e-06,0.3999907963980444,1.5754423230739017e-08,-5.231622315995609e-08,-1.5990772720933783e-08,0.9999999999999983,0.7039621594259962,-1.6497890245056141e-06,-1.4626221414570928e-10,9.63964160474617e-11,6.261765532417281e-08,-1.4490836153131437e-08,,,,
1.25,75,object_a,0,1,rigid_box,-0.0025552645230696473,4.490181290118555e-07,0.39999079616920696,2.2826437496889626e-08,-1.4693048668319307e-08,-1.1750072655240348e-08,0.9999999999999996,0.11506538231985299,5.975725033090331e-07,-8.832642950373781e-11,7.686671640953099e-10,6.200515119950535e-08,-2.0268169108643266e-08,,,,
1.25,75,object_b,1,1,rigid_box,0.6776407077138024,-1.2363253631426869e-06,0.399990796395614,1.5755229783924302e-08,-5.179443885439091e-08,-1.6111776174633283e-08,0.9999999999999983,0.7030977490053458,-1.6477632318455789e-06,-1.454640574660715e-10,9.71337112711929e-11,6.26110013322082e-08,-1.4546482706267288e-08,,,,
1.2666666666666666,76,object_a,0,1,rigid_box,-0.0006388440318596233,4.589707333361299e-07,0.39999079616773936,2.2832858917105307e-08,-1.4176354344899808e-08,-1.1919153917738518e-08,0.9999999999999996,0.11491452570091645,5.967890860131798e-07,-8.782325040812555e-11,7.72251183913735e-10,6.200170683629587e-08,-2.0308767025494264e-08,,,,
1.2666666666666666,76,object_b,1,1,rigid_box,0.6893513602503766,-1.263770171230617e-06,0.39999079639319635,1.5756042479121618e-08,-5.127270981264718e-08,-1.6233242545552145e-08,0.9999999999999984,0.7022347242008005,-1.6457406862428102e-06,-1.4469219052071214e-10,9.787053250683727e-11,6.260438935071238e-08,-1.4601947569774867e-08,,,,
1.2833333333333334,77,object_a,0,1,rigid_box,0.0012750632772676206,4.6891028640089155e-07,0.39999079616627947,2.283931018934798e-08,-1.3659688611781684e-08,-1.20885727862285e-08,0.9999999999999996,0.11476379272063991,5.960063118572402e-07,-8.73771454495964e-11,7.758318639290074e-10,6.199828791699643e-08,-2.03492046415613e-08,,,,
1.2833333333333334,77,object_b,1,1,rigid_box,0.7010476412846763,-1.2911812989188928e-06,0.3999907963907912,1.575686131233734e-08,-5.075103568550388e-08,-1.635517031771583e-08,0.9999999999999984,0.7013730817996311,-1.643721380168582e-06,-1.4395088593355254e-10,9.860686992120988e-11,6.259781918287016e-08,-1.4657230324618752e-08,,,,
1.3,78,object_a,0,1,rigid_box,0.0031864594637909323,4.788367989190611e-07,0.3999907961648273,2.2845791285876417e-08,-1.314305125758531e-08,-1.2258327927683793e-08,0.9999999999999996,0.11461318324742056,5.952241801549213e-07,-8.692457170722534e-11,7.794092241499046e-10,6.199489429433419e-08,-2.0389482586436842e-08,,,,
1.3,78,object_b,1,1,rigid_box,0.7127295738283855,-1.3185588001331701e-06,0.3999907963883987,1.5757686279497685e-08,-5.0229416125386545e-08,-1.6477557971796366e-08,0.9999999999999984,0.7005128185990198,-1.6417053061173982e-06,-1.431890474246078e-10,9.934271389962614e-11,6.25912906318736e-08,-1.4712330578954842e-08,,,,
1.3166666666666667,79,object_a,0,1,rigid_box,0.005095346584997394,4.887502815921295e-07,0.39999079616338273,2.285230217909774e-08,-1.2626442072134754e-08,-1.2428418014047628e-08,0.9999999999999996,0.11446269714983776,5.94442690220884e-07,-8.645011095875788e-11,7.829832812794741e-10,6.199152582599008e-08,-2.0429601439501352e-08,,,,
1.3166666666666667,79,object_b,1,1,rigid_box,0.7243971808398959,-1.3459027286742173e-06,0.39999079638601864,1.5758517376451218e-08,-4.9707850786388375e-08,-1.6600403985534725e-08,0.9999999999999984,0.6996539314060225,-1.6396924566069056e-06,-1.4244378419847603e-10,1.0007805552364777e-10,6.25848034956479e-08,-1.4767248006375573e-08,,,,
1.3333333333333333,80,object_a,0,1,rigid_box,0.0070017266959853525,4.98650745110174e-07,0.3999907961619457,2.2858842841571523e-08,-1.2109860846428284e-08,-1.2598841721988069e-08,0.9999999999999996,0.11431233429665284,5.936618413707426e-07,-8.599527166752718e-11,7.865540533847633e-10,6.198818236820145e-08,-2.0469561798496516e-08,,,,
1.3333333333333333,80,object_b,1,1,rigid_box,0.7360504852244701,-1.3732131382183014e-06,0.39999079638365104,1.5759354598971255e-08,-4.91863393242444e-08,-1.672370683378486e-08,0.9999999999999984,0.6987964170375301,-1.6376828241778034e-06,-1.4168850641371744e-10,1.0081288562030786e-10,6.257835757905163e-08,-1.482198226072104e-08,,,,
1.35,81,object_a,0,1,rigid_box,0.008905601849667457,5.085382001518731e-07,0.3999907961605163,2.2865413246009006e-08,-1.1593307372662967e-08,-1.2769597733227187e-08,0.9999999999999996,0.11416209455680877,5.928816329210637e-07,-8.553683455980732e-11,7.901215601108298e-10,6.198486378129986e-08,-2.0509364226852535e-08,,,,
1.35,81,object_b,1,1,rigid_box,0.7476895098344064,-1.4004900823175717e-06,0.39999079638129587,1.5760197942757808e-08,-4.866488139635114e-08,-1.68474649889122e-08,0.9999999999999986,0.6979402723202311,-1.6356764013937525e-06,-1.4097583864169927e-10,1.0154719570413958e-10,6.257195268247546e-08,-1.4876533059990038e-08,,,,
1.3666666666666667,82,object_a,0,1,rigid_box,0.010806974096773673,5.184126573845241e-07,0.39999079615909433,2.28720133652774e-08,-1.1076781444203277e-08,-1.2940684734270823e-08,0.9999999999999996,0.11401197779942968,5.921020641893632e-07,-8.509734410189207e-11,7.936858198633605e-10,6.198156992745164e-08,-2.054900928464199e-08,,,,
1.3666666666666667,82,object_b,1,1,rigid_box,0.7593142774692001,-1.4277336144004404e-06,0.39999079637895296,1.5761047403440893e-08,-4.814347666174068e-08,-1.6971676920831626e-08,0.9999999999999986,0.697085494090574,-1.633673180841291e-06,-1.4025068086065406e-10,1.0228097748434813e-10,6.256558860666073e-08,-1.493090014639903e-08,,,,
1.3833333333333333,83,object_a,0,1,rigid_box,0.012705845485854303,5.282741274640574e-07,0.39999079615767985,2.2878643172399254e-08,-1.0560282855594472e-08,-1.311210141661467e-08,0.9999999999999996,0.11386198389382088,5.913231344941061e-07,-8.468101220238111e-11,7.972468498207432e-10,6.197830065782355e-08,-2.0588497641297004e-08,,,,
1.3833333333333333,83,object_b,1,1,rigid_box,0.7709248108757076,-1.4549437877719642e-06,0.3999907963766223,1.57619029765819e-08,-4.762212478109795e-08,-1.7096341097373597e-08,0.9999999999999986,0.6962320791947296,-1.6316731551297414e-06,-1.3949363365794998e-10,1.0301422271217941e-10,6.255926515729151e-08,-1.4985083251804636e-08,,,,
1.4,84,object_a,0,1,rigid_box,0.014602218063283058,5.381226172677299e-07,0.3999907961561565,2.3017665717598528e-08,-1.056511512545221e-08,-1.3283861865301738e-08,0.9999999999999996,0.11371211270947149,5.905443871019142e-07,-9.242838265588471e-11,1.7939255003427547e-08,-5.5696302127443485e-09,-2.0631807372896746e-08,,,,
1.4,84,object_b,1,1,rigid_box,0.7825211327483067,-1.4821206556142232e-06,0.39999079637430396,1.5762764657675567e-08,-4.710082541676428e-08,-1.7221455984542713e-08,0.9999999999999986,0.6953800244885535,-1.6296763168911298e-06,-1.387520463108638e-10,1.0374692387239819e-10,6.255298213809294e-08,-1.503908214957608e-08,,,,
1.4166666666666667,85,object_a,0,1,rigid_box,0.016496093873259923,5.479581330066895e-07,0.3999907961546179,2.3167132858458552e-08,-1.0611845250066453e-08,-1.3455987867150379e-08,0.9999999999999996,0.11356236411604129,5.897662415301638e-07,-9.217996851940136e-11,1.793328391882271e-08,-5.6413197844638375e-09,-2.0675686241413345e-08,,,,
1.4166666666666667,85,object_b,1,1,rigid_box,0.7941032657290584,-1.509264270986698e-06,0.3999907963719977,1.5763632442153194e-08,-4.657957823271347e-08,-1.7347020046550555e-08,0.9999999999999986,0.6945293268375493,-1.627682658780091e-06,-1.3806046410269612e-10,1.0447907314350117e-10,6.25467393474865e-08,-1.5092896678025626e-08,,,,
1.4333333333333333,86,object_a,0,1,rigid_box,0.01838747495781428,5.577806852965282e-07,0.39999079615308286,2.331655028734814e-08,-1.0659172903392574e-08,-1.3628479411236116e-08,0.9999999999999996,0.11341273798337978,5.889887332636877e-07,-9.203484155340114e-11,1.7927293526196285e-08,-5.712917257243985e-09,-2.0719539137082004e-08,,,,
1.4333333333333333,86,object_b,1,1,rigid_box,0.8056712324078679,-1.5363746868266458e-06,0.3999907963697036,1.576450632538366e-08,-4.6058382894567004e-08,-1.7473031746161084e-08,0.9999999999999987,0.6936799831168314,-1.6256921734737862e-06,-1.3729348560809207e-10,1.0521066306067343e-10,6.254053658615637e-08,-1.514652669658105e-08,,,,
1.45,87,object_a,0,1,rigid_box,0.02027636335680788,5.675902847530216e-07,0.39999079615155136,2.3465918212544648e-08,-1.0707098773814734e-08,-1.3801336281814294e-08,0.9999999999999996,0.11326323418151299,5.8821186162722e-07,-9.183244789601197e-11,1.7921397333659814e-08,-5.784870612634312e-09,-2.0763366262911618e-08,,,,
1.45,87,object_b,1,1,rigid_box,0.8172250553226428,-1.5634519559494763e-06,0.39999079636742146,1.5765386302676798e-08,-4.553723906957728e-08,-1.7599489544760606e-08,0.9999999999999987,0.6928319902110879,-1.6237048536718159e-06,-1.366051733536766e-10,1.0594168685881399e-10,6.253437366381294e-08,-1.519997200059823e-08,,,,
1.4666666666666666,88,object_a,0,1,rigid_box,0.022162761107937835,5.77386941980696e-07,0.3999907961500233,2.3615236857323636e-08,-1.0755623606043815e-08,-1.397455826496865e-08,0.9999999999999996,0.11311385258064632,5.87435625946382e-07,-9.159239339195935e-11,1.7915471943292253e-08,-5.856691597991733e-09,-2.0807167767538722e-08,,,,
1.4666666666666666,88,object_b,1,1,rigid_box,0.8287647569594542,-1.5904961310491223e-06,0.3999907963651513,1.576627236928366e-08,-4.501614642664256e-08,-1.7726391902699934e-08,0.9999999999999987,0.6919853450145445,-1.6217206920961333e-06,-1.3588029312838756e-10,1.0667213780539723e-10,6.252825038360579e-08,-1.525323247549361e-08,,,,
1.4833333333333334,89,object_a,0,1,rigid_box,0.02404667024673959,5.871706675728474e-07,0.3999907961484988,2.3764506476330367e-08,-1.080474826581552e-08,-1.4148145148320504e-08,0.9999999999999996,0.11296459305116444,5.866600255476215e-07,-9.138880277537176e-11,1.7909621847768312e-08,-5.9287935864516436e-09,-2.0850943918071967e-08,,,,
1.4833333333333334,89,object_b,1,1,rigid_box,0.8402903597526941,-1.6175072646984145e-06,0.3999907963628931,1.5767164520400172e-08,-4.449510463630369e-08,-1.7853737279469612e-08,0.9999999999999987,0.691140044430928,-1.6197396814909604e-06,-1.351684632278083e-10,1.0740200892795084e-10,6.25221665469504e-08,-1.5306308042750114e-08,,,,
1.5,90,object_a,0,1,rigid_box,0.025928092806589927,5.969414721115544e-07,0.3999907961469778,2.3913727311632498e-08,-1.085447356595941e-08,-1.4322096721023371e-08,0.9999999999999996,0.11281545546363063,5.858850597583626e-07,-9.113231176638426e-11,1.7903765082194248e-08,-6.000851208363808e-09,-2.089469483016117e-08,,,,
1.5,90,object_b,1,1,rigid_box,0.851801886085233,-1.64448540934945e-06,0.3999907963606467,1.5768062751167948e-08,-4.397411337073532e-08,-1.7981524133831327e-08,0.9999999999999987,0.6902960853734299,-1.6177618146227003e-06,-1.3444995290712303e-10,1.0813129414833229e-10,6.251612195450457e-08,-1.535919865327447e-08,,,,
1.5166666666666666,91,object_a,0,1,rigid_box,0.027807030818709933,6.06699366167693e-07,0.39999079614546024,2.406289962275566e-08,-1.0904800385982582e-08,-1.4496412774077553e-08,0.9999999999999996,0.11266643968878687,5.851107279069026e-07,-9.096647393680435e-11,1.7897954040974327e-08,-6.073072107474004e-09,-2.0938420792068764e-08,,,,
1.5166666666666666,91,object_b,1,1,rigid_box,0.8632993582885796,-1.6714306173339614e-06,0.39999079635841217,1.5768967056676655e-08,-4.345317230373479e-08,-1.8109750923923688e-08,0.9999999999999988,0.6894534647646697,-1.6157870842798546e-06,-1.3372768691011228e-10,1.0885998721749688e-10,6.251011641726646e-08,-1.54119041934828e-08,,,,
1.5333333333333334,92,object_a,0,1,rigid_box,0.02968348631216796,6.164443603009538e-07,0.39999079614394617,2.4212023668984338e-08,-1.0955729600931412e-08,-1.467109309983027e-08,0.9999999999999996,0.11251754559755313,5.843370293224693e-07,-9.076642909500166e-11,1.7892206964653264e-08,-6.1455285606880416e-09,-2.0982121898881877e-08,,,,
1.5333333333333334,92,object_b,1,1,rigid_box,0.8747827986430352,-1.698342940863685e-06,0.39999079635618934,1.5769877431965897e-08,-4.2932281110739477e-08,-1.8238416107601472e-08,0.9999999999999988,0.68861217953666,-1.6138154832729367e-06,-1.3302990306551798e-10,1.095880822420206e-10,6.250414973319508e-08,-1.5464424684660223e-08,,,,
1.55,93,object_a,0,1,rigid_box,0.03155746131388261,6.261764650598534e-07,0.39999079614243555,2.4361099741700953e-08,-1.1007262211136164e-08,-1.4846137492472774e-08,0.9999999999999996,0.1123687730610274,5.83563963335108e-07,-9.055523345069538e-11,1.7886432337263516e-08,-6.217855973462986e-09,-2.102579842162825e-08,,,,
1.55,93,object_b,1,1,rigid_box,0.8862522293778513,-1.7252224320307262e-06,0.39999079635397816,1.577079387202742e-08,-4.241143946880535e-08,-1.836751814245142e-08,0.9999999999999988,0.6877722266307692,-1.6118470044343913e-06,-1.3235895365837358e-10,1.1031557368467187e-10,6.249822171707978e-08,-1.551676002747692e-08,,,,
1.5666666666666667,94,object_a,0,1,rigid_box,0.03342895784862569,6.358956909817522e-07,0.39999079614092836,2.451012809063858e-08,-1.1059399047935287e-08,-1.502154574777346e-08,0.9999999999999996,0.11222012195048518,5.827915292759364e-07,-9.034084591519331e-11,1.7880724922941493e-08,-6.290431242783784e-09,-2.106945048795449e-08,,,,
1.5666666666666667,94,object_b,1,1,rigid_box,0.8977076726713843,-1.752069142807926e-06,0.39999079635177864,1.577171637180569e-08,-4.189064705662859e-08,-1.8497055486155157e-08,0.9999999999999988,0.6869336029976869,-1.6098816406185068e-06,-1.3166517355556184e-10,1.1104245568035386e-10,6.249233215982116e-08,-1.5568910350603636e-08,,,,
1.5833333333333333,95,object_a,0,1,rigid_box,0.035297977939025164,6.45602048592869e-07,0.3999907961394246,2.4659109072392863e-08,-1.1112141366413793e-08,-1.5197317663163626e-08,0.9999999999999996,0.11207159213737933,5.82019726476625e-07,-9.013549975844803e-11,1.787510287379855e-08,-6.3633273146473716e-09,-2.1113078385419073e-08,,,,
1.5833333333333333,95,object_b,1,1,rigid_box,0.9091491506512513,-1.7788831250492218e-06,0.3999907963495907,1.577264492620094e-08,-4.1369903554522485e-08,-1.8627026596483742e-08,0.9999999999999988,0.6860963055973887,-1.6079193847013351e-06,-1.309378664521299e-10,1.1176872332370052e-10,6.248648087508976e-08,-1.5620875608292514e-08,,,,
1.6,96,object_a,0,1,rigid_box,0.03716452360556811,6.552955484082943e-07,0.39999079613792426,2.4808042926350786e-08,-1.1165489950868506e-08,-1.5373453037723625e-08,0.9999999999999994,0.1119231834933395,5.812485542701771e-07,-8.994674970119743e-11,1.786944274132145e-08,-6.436050296571287e-09,-2.1156682238671726e-08,,,,
1.6,96,object_b,1,1,rigid_box,0.9205766853944849,-1.8056644304900105e-06,0.3999907963474143,1.5773579530070026e-08,-4.0849208644415484e-08,-1.8757429931456832e-08,0.9999999999999988,0.6852603313991005,-1.6059602295806066e-06,-1.3025370365626898e-10,1.124943715325446e-10,6.248066767304674e-08,-1.567265581222441e-08,,,,
1.6166666666666667,97,object_a,0,1,rigid_box,0.03902859686660369,6.649762009320067e-07,0.39999079613642735,2.4956930004171876e-08,-1.1219446031692673e-08,-1.5549951672246313e-08,0.9999999999999994,0.1117748958901722,5.80478011990127e-07,-8.973310462734307e-11,1.7863831918163342e-08,-6.508949119460193e-09,-2.120026230806336e-08,,,,
1.6166666666666667,97,object_b,1,1,rigid_box,0.9319902989276851,-1.8324131107475101e-06,0.3999907963452493,1.5774520178228394e-08,-4.0328562009859374e-08,-1.8888263949593696e-08,0.9999999999999989,0.6844256773812626,-1.6040041681756495e-06,-1.2961172933534382e-10,1.1321939502927691e-10,6.247489234618443e-08,-1.5724251125280815e-08,,,,
1.6333333333333333,98,object_a,0,1,rigid_box,0.040890199738346025,6.746440166568873e-07,0.3999907961349338,2.5105770594446375e-08,-1.1274010584503343e-08,-1.5726813369307853e-08,0.9999999999999994,0.11162672919986018,5.797080989711503e-07,-8.950989775768914e-11,1.7858271673946437e-08,-6.582028603977993e-09,-2.124381873567393e-08,,,,
1.6333333333333333,98,object_b,1,1,rigid_box,0.9433900132271746,-1.859129217321117e-06,0.39999079634309576,1.5775466865451788e-08,-3.980796333602527e-08,-1.9019527110056184e-08,0.9999999999999989,0.6835923405314956,-1.6020511934273054e-06,-1.2888179412584577e-10,1.1394378950080733e-10,6.246915471044636e-08,-1.5775661564277232e-08,,,,
1.65,99,object_a,0,1,rigid_box,0.042749334234877236,6.842990060647338e-07,0.39999079613344374,2.5254565066117682e-08,-1.1329184904087412e-08,-1.5904037932967987e-08,0.9999999999999994,0.11147868329456229,5.789388145485587e-07,-8.933392220411562e-11,1.7852779197953463e-08,-6.655357793621588e-09,-2.128735176678978e-08,,,,
1.65,99,object_b,1,1,rigid_box,0.9547758502191511,-1.8858128015927653e-06,0.39999079634095347,1.5776419586477847e-08,-3.928741230968608e-08,-1.9151217872659698e-08,0.9999999999999989,0.6827603178465651,-1.6001012982978507e-06,-1.2819446025547077e-10,1.1466755040449459e-10,6.246345457084719e-08,-1.5826887229547775e-08,,,,
1.6666666666666667,100,object_a,0,1,rigid_box,0.04460600236815025,6.93941179626276e-07,0.399990796131957,2.5403313761248263e-08,-1.1384970175417423e-08,-1.60816251690884e-08,0.9999999999999994,0.11133075804661301,5.781701580586764e-07,-8.911673135547638e-11,1.7847285789689825e-08,-6.728660428210113e-09,-2.1330861631165293e-08,,,,
1.6666666666666667,100,object_b,1,1,rigid_box,0.9661478317798387,-1.9124639148272828e-06,0.3999907963388225,1.5777378336007512e-08,-3.876690861923418e-08,-1.928333469820267e-08,0.9999999999999989,0.6819296063323473,-1.5981544757709128e-06,-1.2752389942638498e-10,1.1539067345883105e-10,6.245779173942461e-08,-1.5877928197617215e-08,,,,
1.6833333333333333,101,object_a,0,1,rigid_box,0.046460206147991824,7.035705478011896e-07,0.3999907961304736,2.5552016999965485e-08,-1.1441367492757449e-08,-1.6259574885304743e-08,0.9999999999999994,0.11118295332852239,5.774021288388218e-07,-8.891530393906333e-11,1.784183467647995e-08,-6.802109574780962e-09,-2.13743484730544e-08,,,,
1.6833333333333333,101,object_b,1,1,rigid_box,0.9775059797356398,-1.939082608172746e-06,0.39999079633670276,1.5778343108706773e-08,-3.824645195465875e-08,-1.9415876048433907e-08,0.9999999999999989,0.6811002030037949,-1.5962107188513899e-06,-1.2688235358215838e-10,1.1611315424893548e-10,6.245216600965037e-08,-1.5928784717756625e-08,,,,
1.7,102,object_a,0,1,rigid_box,0.04831194758210543,7.131871210381128e-07,0.3999907961289936,2.5700675175372992e-08,-1.1498378241659925e-08,-1.6437886890948404e-08,0.9999999999999994,0.11103526901297563,5.766347262269683e-07,-8.868714963805591e-11,1.7836460752037034e-08,-6.875845870364811e-09,-2.1417812568680533e-08,,,,
1.7,102,object_b,1,1,rigid_box,0.9888503158632865,-1.9656689326608357e-06,0.3999907963345942,1.5779313899208095e-08,-3.772604200756262e-08,-1.9548840386361066e-08,0.999999999999999,0.6802721048849014,-1.5942700205653693e-06,-1.262032995469342e-10,1.1683498921535885e-10,6.24465772031786e-08,-1.597945682391209e-08,,,,
1.7166666666666666,103,object_a,0,1,rigid_box,0.05016122867607415,7.227909097746576e-07,0.39999079612751687,2.5849288656466556e-08,-1.1556003708603543e-08,-1.6616560997148783e-08,0.9999999999999994,0.1108877049728327,5.75867949562089e-07,-8.849962429557934e-11,1.7831130457246187e-08,-6.949733808909721e-09,-2.1461254047321283e-08,,,,
1.7166666666666666,103,object_b,1,1,rigid_box,1.0001808618899906,-1.9922229392071847e-06,0.39999079633249673,1.5780290702111565e-08,-3.720567847113443e-08,-1.9682226176163986e-08,0.999999999999999,0.6794453090086678,-1.5923323739600498e-06,-1.2556035031141555e-10,1.1755617454613711e-10,6.244102512708404e-08,-1.6029944682065155e-08,,,,
1.7333333333333334,104,object_a,0,1,rigid_box,0.052008051433363664,7.32381924437428e-07,0.39999079612604355,2.5997857805214593e-08,-1.1614245149034341e-08,-1.679559701665141e-08,0.9999999999999994,0.1107402610811282,5.751017981840921e-07,-8.831925121799422e-11,1.78257985368103e-08,-7.023590227409705e-09,-2.1504673200722914e-08,,,,
1.7333333333333334,104,object_b,1,1,rigid_box,1.0114976394935928,-2.0187446786117356e-06,0.39999079633041035,1.5781273511986704e-08,-3.668536104017845e-08,-1.981603188361799e-08,0.999999999999999,0.6786198124170688,-1.5903977721036597e-06,-1.2488189649051407e-10,1.1827670621974824e-10,6.243550957813483e-08,-1.6080248576968498e-08,,,,
1.75,105,object_a,0,1,rigid_box,0.05385241785532506,7.419601754420325e-07,0.3999907961245735,2.6146383035206485e-08,-1.1673104024786619e-08,-1.6974994763990134e-08,0.9999999999999994,0.11059293721107087,5.743362714336125e-07,-8.813660565265558e-11,1.782055727538677e-08,-7.097787659347443e-09,-2.154807015091838e-08,,,,
1.75,105,object_b,1,1,rigid_box,1.0228006703027137,-2.0452342015590847e-06,0.3999907963283349,1.5782262323373667e-08,-3.6165089411062474e-08,-1.995025597578989e-08,0.999999999999999,0.677795612161018,-1.588466208085377e-06,-1.242147201069299e-10,1.1899658117136043e-10,6.243003037739935e-08,-1.61303685949056e-08,,,,
1.7666666666666666,106,object_a,0,1,rigid_box,0.055694329941197794,7.515256731930988e-07,0.3999907961231068,2.6294864756253665e-08,-1.1732581780859567e-08,-1.7154754055578472e-08,0.9999999999999994,0.11044573323604354,5.735713686522061e-07,-8.7925179290127e-11,1.7815376063193166e-08,-7.172202612644777e-09,-2.1591445209216685e-08,,,,
1.7666666666666666,106,object_b,1,1,rigid_box,1.0340899758968995,-2.071691558618834e-06,0.39999079632627044,1.5783257130785142e-08,-3.564486328177033e-08,-2.008489692165049e-08,0.999999999999999,0.6769727053003353,-1.5865376750152516e-06,-1.2354316181184544e-10,1.197157962486538e-10,6.242458733365412e-08,-1.6180304951237598e-08,,,,
1.7833333333333334,107,object_a,0,1,rigid_box,0.057533789688112555,7.610784280842889e-07,0.3999907961216434,2.6443303356688954e-08,-1.1792679772918607e-08,-1.7334874709581178e-08,0.9999999999999994,0.11029864902960243,5.728070891824122e-07,-8.771689798126037e-11,1.7810222555164783e-08,-7.246703487725407e-09,-2.1634798511082627e-08,,,,
1.7833333333333334,107,object_b,1,1,rigid_box,1.0453655778067739,-2.0981168002459346e-06,0.3999907963242168,1.578425792870671e-08,-3.512468235185996e-08,-2.0219953191852364e-08,0.999999999999999,0.676151088903712,-1.5846121660241262e-06,-1.2292497054977591e-10,1.2043434795712133e-10,6.241918024793008e-08,-1.6230057938619485e-08,,,,
1.8,108,object_a,0,1,rigid_box,0.05937079909109422,7.70618450498313e-07,0.3999907961201833,2.6591699294083577e-08,-1.1853399635404262e-08,-1.751535654589879e-08,0.9999999999999994,0.1101516844654774,5.720434323674274e-07,-8.74881399964833e-11,1.7805134332541525e-08,-7.321442652562076e-09,-2.1678130346828565e-08,,,,
1.8,108,object_b,1,1,rigid_box,1.0566274975141825,-2.1245099767810397e-06,0.39999079632217405,1.578526471159845e-08,-3.4604546322478696e-08,-2.0355423259017714e-08,0.9999999999999991,0.6753307600486786,-1.582689674263558e-06,-1.2224787154790917e-10,1.2115223355372637e-10,6.241380894111346e-08,-1.6279627709717866e-08,,,,
1.8166666666666667,109,object_a,0,1,rigid_box,0.061205360143064644,7.801457508069449e-07,0.39999079611872645,2.6740052967547928e-08,-1.1914742763379411e-08,-1.7696199386229715e-08,0.9999999999999993,0.11000483941757125,5.712803975515602e-07,-8.73214504176767e-11,1.7800076802859807e-08,-7.396279125032509e-09,-2.172144087652682e-08,,,,
1.8166666666666667,109,object_b,1,1,rigid_box,1.0678757564523427,-2.1508711384508415e-06,0.39999079632014206,1.5786277473897096e-08,-3.4084454896344415e-08,-2.0491305597710575e-08,0.9999999999999991,0.6745117158215704,-1.5807701929057396e-06,-1.2162838791685004e-10,1.2186945012401825e-10,6.240847321754487e-08,-1.632901455627061e-08,,,,
1.8333333333333333,110,object_a,0,1,rigid_box,0.06303747483484566,7.896603393710344e-07,0.3999907961172729,2.6888364871765905e-08,-1.1976710938987526e-08,-1.7877403054227345e-08,0.9999999999999993,0.10985811375995941,5.705179840796802e-07,-8.713568755425172e-11,1.7795129117797596e-08,-7.471535080909493e-09,-2.176473036845567e-08,,,,
1.8333333333333333,110,object_b,1,1,rigid_box,1.0791103760059857,-2.1772003353684184e-06,0.3999907963181208,1.578729621001647e-08,-3.35644077777415e-08,-2.0627598684552777e-08,0.9999999999999991,0.673693953317495,-1.5788537151434192e-06,-1.2098976681640394e-10,1.2258599513743573e-10,6.24031728888657e-08,-1.637821874714422e-08,,,,
1.85,111,object_a,0,1,rigid_box,0.0648671451551618,7.991622265405237e-07,0.3999907961158226,2.7036635421691755e-08,-1.203930561781709e-08,-1.8058967375275395e-08,0.9999999999999993,0.10971150736688992,5.6975619129784e-07,-8.693354196231962e-11,1.7790159364067605e-08,-7.546672559941828e-09,-2.1807998955682388e-08,,,,
1.85,111,object_b,1,1,rigid_box,1.0903313775115078,-2.2034976175335756e-06,0.3999907963161101,1.5788320914348867e-08,-3.304440467253103e-08,-2.076430099844272e-08,0.9999999999999991,0.6728774696402994,-1.5769402341898295e-06,-1.2035882360206251e-10,1.233018660484292e-10,6.23979077704984e-08,-1.6427240515747932e-08,,,,
1.8666666666666667,112,object_a,0,1,rigid_box,0.0666943730906433,8.086514226544608e-07,0.39999079611437555,2.718486508975425e-08,-1.2102528487567015e-08,-1.824089217659266e-08,0.9999999999999993,0.10956502011278288,5.689950185527866e-07,-8.670116534437167e-11,1.7785285778782938e-08,-7.622173522094477e-09,-2.1851246944358754e-08,,,,
1.8666666666666667,112,object_b,1,1,rigid_box,1.101538782257112,-2.229763034833187e-06,0.3999907963141101,1.5789351581265758e-08,-3.2524445288158193e-08,-2.0901411020762695e-08,0.9999999999999991,0.6720622619025364,-1.5750297432786065e-06,-1.1969316683624331e-10,1.2401706056755598e-10,6.239267767600066e-08,-1.64760801470477e-08,,,,
1.8833333333333333,113,object_a,0,1,rigid_box,0.0685191606258289,8.181279380410138e-07,0.39999079611293176,2.7333054388043546e-08,-1.2166381396487356e-08,-1.8423177287274287e-08,0.9999999999999993,0.10941865187223043,5.682344651920215e-07,-8.655016633940527e-11,1.7780448212490836e-08,-7.697792139360584e-09,-2.1894474513481418e-08,,,,
1.8833333333333333,113,object_b,1,1,rigid_box,1.1127326114829552,-2.255996637041532e-06,0.39999079631212064,1.579038820512053e-08,-3.200452933359108e-08,-2.103892723497811e-08,0.9999999999999991,0.671248327225433,-1.5731222356637125e-06,-1.1906081676116287e-10,1.247315760996496e-10,6.238748240875715e-08,-1.652473800252336e-08,,,,
1.9,114,object_a,0,1,rigid_box,0.0703415097431687,8.275917830174855e-07,0.39999079611149113,2.7481203794025862e-08,-1.22308660499336e-08,-1.8605822538319502e-08,0.9999999999999993,0.10927240251999613,5.674745305640647e-07,-8.635786877264628e-11,1.7775719097926527e-08,-7.773824770344236e-09,-2.1937681950640808e-08,,,,
1.9,114,object_b,1,1,rigid_box,1.12391288638129,-2.2821984738206388e-06,0.39999079631014167,1.579143078024709e-08,-3.1484656519393916e-08,-2.1176848127409094e-08,0.9999999999999991,0.6704356627388569,-1.5712177046193595e-06,-1.184247717250786e-10,1.2544541088487867e-10,6.238232179077157e-08,-1.6573214326315262e-08,,,,
1.9166666666666667,115,object_a,0,1,rigid_box,0.07216142242302719,8.370429678903266e-07,0.39999079611005384,2.762931377760918e-08,-1.2295984120178146e-08,-1.8788827762598997e-08,0.9999999999999993,0.10912627193101482,5.667152140183573e-07,-8.613961627323974e-11,1.7770971912150228e-08,-7.849752638812917e-09,-2.1980869359857194e-08,,,,
1.9166666666666667,115,object_b,1,1,rigid_box,1.1350796280966104,-2.308368594720615e-06,0.3999907963081731,1.579247930096376e-08,-3.096482655765336e-08,-2.131517218672044e-08,0.9999999999999991,0.6696242655812848,-1.5693161434399364e-06,-1.178150701997005e-10,1.2615856273709203e-10,6.23771956366001e-08,-1.6621509428344267e-08,,,,
1.9333333333333333,116,object_a,0,1,rigid_box,0.07397890064368577,8.464815029551515e-07,0.39999079610861965,2.7777384922936874e-08,-1.2361737746504869e-08,-1.8972192794935035e-08,0.9999999999999993,0.10898025998039232,5.659565149048215e-07,-8.595869675775969e-11,1.7766345718815567e-08,-7.926145925310212e-09,-2.2024037135154606e-08,,,,
1.9333333333333333,116,object_b,1,1,rigid_box,1.1462328577257943,-2.3345070491799868e-06,0.3999907963062149,1.5793533761572007e-08,-3.04450391620228e-08,-2.145389790443467e-08,0.9999999999999991,0.6688141328997692,-1.5674175454399299e-06,-1.1719617117045278e-10,1.26871030069441e-10,6.237210375328083e-08,-1.6669623699471426e-08,,,,
1.95,117,object_a,0,1,rigid_box,0.07579394638134589,8.559073984967519e-07,0.3999907961071887,2.792541769584565e-08,-1.2428128581173143e-08,-1.9155917471944622e-08,0.9999999999999993,0.10883436654340524,5.651984325746958e-07,-8.578412633020172e-11,1.776179550065442e-08,-8.00281985377279e-09,-2.2067185354412787e-08,,,,
1.95,117,object_b,1,1,rigid_box,1.1573725963182453,-2.3606138865260334e-06,0.3999907963042671,1.5794594156359436e-08,-2.992529404768323e-08,-2.1593023774719092e-08,0.9999999999999991,0.6680052618499076,-1.565521903953852e-06,-1.1657077386706405e-10,1.2758281121821783e-10,6.23670459669714e-08,-1.6717557386538085e-08,,,,
1.9666666666666666,118,object_a,0,1,rigid_box,0.07760656161013174,8.653206647891091e-07,0.39999079610576094,2.807341265930064e-08,-1.2495158673688437e-08,-1.9340001632241823e-08,0.9999999999999993,0.10868859149550052,5.644409663797576e-07,-8.5585852641068e-11,1.7757270076928834e-08,-8.079563889582132e-09,-2.2110314350592358e-08,,,,
1.9666666666666666,118,object_b,1,1,rigid_box,1.168498864876037,-2.3866891559751184e-06,0.39999079630232953,1.579566047959945e-08,-2.940559093136563e-08,-2.1732548294705035e-08,0.9999999999999992,0.6671976495958093,-1.5636292123361614e-06,-1.1593141550914066e-10,1.282939041366687e-10,6.236202208000831e-08,-1.6765310950891652e-08,,,,
1.9833333333333334,119,object_a,0,1,rigid_box,0.07941674830209319,8.747213120954115e-07,0.39999079610433635,2.8221370368898638e-08,-1.256283004207255e-08,-1.9524445116323372e-08,0.9999999999999993,0.10854293471229526,5.636841156726976e-07,-8.537483740800322e-11,1.775283878028236e-08,-8.156663000324453e-09,-2.215342431020517e-08,,,,
1.9833333333333334,119,object_b,1,1,rigid_box,1.1796116843540527,-2.4127329066330224e-06,0.39999079630040213,1.579673272555283e-08,-2.8885929531332398e-08,-2.1872469964445067e-08,0.9999999999999992,0.6663912933100644,-1.5617394639611928e-06,-1.1537827464269679e-10,1.2900430778242353e-10,6.235703191923202e-08,-1.6812884648631165e-08,,,,
2.0,120,object_a,0,1,rigid_box,0.08122450842720852,8.84109350668065e-07,0.39999079610291494,2.836929140066004e-08,-1.2631144787499765e-08,-1.970924776676443e-08,0.9999999999999993,0.1083973960695763,5.629278798070192e-07,-8.52158170416839e-11,1.77485159800131e-08,-8.23417686477553e-09,-2.2196515508960963e-08,,,,
2.0,120,object_b,1,1,rigid_box,1.190711075660127,-2.4387451874952756e-06,0.39999079629848494,1.5797810888468604e-08,-2.836630956737574e-08,-2.2012787287030255e-08,0.9999999999999992,0.6655861901737118,-1.5598526522230802e-06,-1.1477617294086695e-10,1.297140206969841e-10,6.235207529939106e-08,-1.6860278878788093e-08,,,,
2.0166666666666666,121,object_a,0,1,rigid_box,0.08302984395338725,8.934847907487095e-07,0.3999907961014967,2.851717632108791e-08,-1.270010497054332e-08,-1.9894409428067347e-08,0.9999999999999993,0.10825197544330002,5.621722581371432e-07,-8.501165917051967e-11,1.7744191108716078e-08,-8.311648750293474e-09,-2.223958813397308e-08,,,,
2.0166666666666666,121,object_b,1,1,rigid_box,1.2017970596551866,-2.4647260474474825e-06,0.39999079629657786,1.5798894962584885e-08,-2.7846730760815007e-08,-2.2153498768674766e-08,0.9999999999999992,0.6647823373762071,-1.5579687705356826e-06,-1.1414137170151495e-10,1.304230413156024e-10,6.234715202862334e-08,-1.6907494099038106e-08,,,,
2.033333333333333,122,object_a,0,1,rigid_box,0.08483275684647308,9.028476425682317e-07,0.39999079610008154,2.8665025668330618e-08,-1.2769712532848474e-08,-2.007992994673728e-08,0.9999999999999993,0.10810667270959211,5.614172500184763e-07,-8.481934252180245e-11,1.7739945025721586e-08,-8.389412080892507e-09,-2.2282642434086896e-08,,,,
2.033333333333333,122,object_b,1,1,rigid_box,1.21286965715339,-2.490675535265653e-06,0.3999907962946808,1.5799984942130392e-08,-2.7327192834479534e-08,-2.2294602918685874e-08,0.9999999999999992,0.6639797321153924,-1.5560878123325128e-06,-1.1355635702592348e-10,1.3113136921175216e-10,6.234226193992191e-08,-1.6954530551671775e-08,,,,
2.05,123,object_a,0,1,rigid_box,0.08663324907024661,9.12197916346779e-07,0.39999079609866955,2.8812840150285936e-08,-1.2839970117143629e-08,-2.0265809171267477e-08,0.9999999999999993,0.10796148774474718,5.606628548066905e-07,-8.460345098104671e-11,1.7735820340194752e-08,-8.467643569791416e-09,-2.2325678718558895e-08,,,,
2.05,123,object_b,1,1,rigid_box,1.2239288889222666,-2.5165936996165306e-06,0.3999907962927938,1.5801080821324855e-08,-2.6807695512713437e-08,-2.2436098249628274e-08,0.9999999999999992,0.6631783715974645,-1.5542097710666639e-06,-1.1294612294043826e-10,1.318390026716238e-10,6.233740484233363e-08,-1.7001388722794905e-08,,,,
2.066666666666667,124,object_a,0,1,rigid_box,0.0884313225864282,9.215356222937749e-07,0.39999079609726074,2.896062028363097e-08,-1.2910879573446121e-08,-2.045204695209837e-08,0.9999999999999992,0.10781642042522853,5.599090718590302e-07,-8.44235254621184e-11,1.7731698399333523e-08,-8.545851230778332e-09,-2.2368697132954556e-08,,,,
2.066666666666667,124,object_b,1,1,rigid_box,1.234974775682857,-2.5424805890579167e-06,0.3999907962909167,1.58021825943795e-08,-2.6288238521383967e-08,-2.257798327750317e-08,0.9999999999999992,0.6623782530369428,-1.552334640210731e-06,-1.1234504299073578e-10,1.3254594110992385e-10,6.233258055599148e-08,-1.7048069001357493e-08,,,,
2.0833333333333335,125,object_a,0,1,rigid_box,0.0902269793546807,9.308607706079305e-07,0.399990796095855,2.9108366747196614e-08,-1.2982443422515134e-08,-2.0638643141858513e-08,0.9999999999999992,0.10767147062766776,5.591559005330301e-07,-8.42322184224642e-11,1.7727688255067843e-08,-8.62448698265522e-09,-2.2411697959762483e-08,,,,
2.0833333333333335,125,object_b,1,1,rigid_box,1.24600733810985,-2.5683362520389917e-06,0.3999907962890495,1.580329025549929e-08,-2.5768821587843036e-08,-2.2720256521528595e-08,0.9999999999999992,0.6615793736566399,-1.5504624132567464e-06,-1.1173215651305579e-10,1.3325218391038023e-10,6.232778890525754e-08,-1.709457175994098e-08,,,,
2.1,126,object_a,0,1,rigid_box,0.09202022133261235,9.401733714772595e-07,0.39999079609445237,2.925608019006144e-08,-1.305466406092908e-08,-2.082559759510929e-08,0.9999999999999992,0.10752663822886466,5.584033401872078e-07,-8.404693434271859e-11,1.772379284662495e-08,-8.703563596533231e-09,-2.245468149694684e-08,,,,
2.1,126,object_b,1,1,rigid_box,1.2570265968317214,-2.594160736900644e-06,0.39999079628719214,1.5804403798882423e-08,-2.5249444440953592e-08,-2.2862916504477614e-08,0.9999999999999992,0.6607817306876302,-1.5485930837161017e-06,-1.1117213920275315e-10,1.3395773008477964e-10,6.232302970656889e-08,-1.714089744968776e-08,,,,
2.1166666666666667,127,object_a,0,1,rigid_box,0.09381105047577952,9.494734350790931e-07,0.3999907960930528,2.940376124494206e-08,-1.3127543816497851e-08,-2.101291016863128e-08,0.9999999999999992,0.10738192310578674,5.576513901810157e-07,-8.387389047181948e-11,1.771990856379841e-08,-8.782649845307618e-09,-2.2497647953535545e-08,,,,
2.1166666666666667,127,object_b,1,1,rigid_box,1.2680325724308705,-2.6199540918757888e-06,0.39999079628534456,1.580552321872169e-08,-2.4730106811071976e-08,-2.3005961752639597e-08,0.9999999999999992,0.6599853213692188,-1.5467266451194775e-06,-1.1057270377090589e-10,1.346625790574663e-10,6.231830278109677e-08,-1.718704649594977e-08,,,,
2.1333333333333333,128,object_a,0,1,rigid_box,0.09559946873768953,9.587609715800916e-07,0.3999907960916564,2.9551410589921737e-08,-1.3201085204004635e-08,-2.1200580721021342e-08,0.9999999999999992,0.10723732513556897,5.569000498746137e-07,-8.371997539668996e-11,1.7716160389027025e-08,-8.862265699303455e-09,-2.2540597541121612e-08,,,,
2.1333333333333333,128,object_b,1,1,rigid_box,1.2790252854437587,-2.6457163650896914e-06,0.3999907962835067,1.5806648509205577e-08,-2.4210808430037207e-08,-2.3149390795823896e-08,0.9999999999999993,0.6591901429489108,-1.5448630910167728e-06,-1.1003699687539559e-10,1.3536673025475793e-10,6.23136079454091e-08,-1.7233019370409323e-08,,,,
2.15,129,object_a,0,1,rigid_box,0.09738547806980347,9.680359911362593e-07,0.399990796090263,2.969902891002201e-08,-1.3275290767104365e-08,-2.1388609113338453e-08,0.9999999999999992,0.10709284419551365,5.56149318629008e-07,-8.348821287085251e-11,1.7712472036115905e-08,-8.942093551172112e-09,-2.258353060657368e-08,,,,
2.15,129,object_b,1,1,rigid_box,1.2900047563610444,-2.671447604560281e-06,0.39999079628167855,1.5807779664518487e-08,-2.3691549031174915e-08,-2.3293202167512273e-08,0.9999999999999993,0.6583961926823817,-1.543002414977031e-06,-1.094079063457265e-10,1.3607018362691265e-10,6.230894503585848e-08,-1.727881640338252e-08,,,,
2.1666666666666665,130,object_a,0,1,rigid_box,0.09916908042153882,9.772985038929575e-07,0.3999907960888727,2.984661693455752e-08,-1.3350163233237038e-08,-2.157699520858252e-08,0.9999999999999992,0.10694848016309005,5.553991958059124e-07,-8.329708277299286e-11,1.7708912581217476e-08,-9.022421614284575e-09,-2.2626447348831746e-08,,,,
2.1666666666666665,130,object_b,1,1,rigid_box,1.300971005627719,-2.697147858198476e-06,0.39999079627986006,1.5808916678841753e-08,-2.3172328349290106e-08,-2.3437394404885534e-08,0.9999999999999993,0.6576034678334464,-1.5411446105883726e-06,-1.0883777559755892e-10,1.3677293838064922e-10,6.23043138614346e-08,-1.732443815268418e-08,,,,
2.183333333333333,131,object_a,0,1,rigid_box,0.10095027774027253,9.865485199849184e-07,0.39999079608748545,2.99941753184735e-08,-1.34257050180819e-08,-2.176573887183084e-08,0.9999999999999992,0.10680423291593413,5.546496807681814e-07,-8.317120429868208e-11,1.770536886703733e-08,-9.102776685492551e-09,-2.2669347997874696e-08,,,,
2.183333333333333,131,object_b,1,1,rigid_box,1.3119240536432437,-2.722817173808498e-06,0.39999079627805106,1.581005954635503e-08,-2.2653146120649538e-08,-2.358196604878555e-08,0.9999999999999993,0.6568119656740292,-1.5392896714579212e-06,-1.0827044816252851e-10,1.3747499458116386e-10,6.229971425437132e-08,-1.7369884995001955e-08,,,,
2.2,132,object_a,0,1,rigid_box,0.10272907197134351,9.957860495362584e-07,0.3999907960861013,3.014170483393731e-08,-1.3501919026858761e-08,-2.1954839970485007e-08,0.9999999999999992,0.10666010233184801,5.539007728791062e-07,-8.297157579051362e-11,1.770190819538234e-08,-9.183439757841157e-09,-2.2712232858977544e-08,,,,
2.2,132,object_b,1,1,rigid_box,1.3228639207616828,-2.7484555990881893e-06,0.39999079627625167,1.5811208261235878e-08,-2.2134002082998868e-08,-2.3726915643963056e-08,0.9999999999999993,0.6560216834841343,-1.5374375912117347e-06,-1.0767208999395983e-10,1.3817635217334138e-10,6.229514603864599e-08,-1.741515739795334e-08,,,,
2.216666666666667,133,object_a,0,1,rigid_box,0.10450546505805552,1.005011102660493e-06,0.3999907960847201,3.028920620936991e-08,-1.3578807981096199e-08,-2.2144298374052216e-08,0.9999999999999992,0.10651608828880012,5.531524715030045e-07,-8.276378887783764e-11,1.7698611811345345e-08,-9.26475161984993e-09,-2.2755102189217804e-08,,,,
2.216666666666667,133,object_b,1,1,rigid_box,1.3337906272918376,-2.7740631816293243e-06,0.39999079627446166,1.5812362817661354e-08,-2.161489597553204e-08,-2.3872241738900514e-08,0.9999999999999993,0.6552326185518152,-1.5355883634947354e-06,-1.0714774727194065e-10,1.388770107223795e-10,6.229060903060626e-08,-1.746025589889941e-08,,,,
2.2333333333333334,134,object_a,0,1,rigid_box,0.10627945894168,1.0142236894605488e-06,0.399990796083342,3.0436680227658224e-08,-1.3656374830166675e-08,-2.2334113954316505e-08,0.9999999999999992,0.10637219066492465,5.524047760048572e-07,-8.261225904748759e-11,1.7695380667381216e-08,-9.34629718621878e-09,-2.2797956277548784e-08,,,,
2.2333333333333334,134,object_b,1,1,rigid_box,1.344704193497383,-2.799639968917929e-06,0.39999079627268114,1.581352320980866e-08,-2.109582753889676e-08,-2.401794288597394e-08,0.9999999999999993,0.6544447681731451,-1.5337419819706379e-06,-1.0658875691793579e-10,1.395769708516233e-10,6.228610306762684e-08,-1.750518086619364e-08,,,,
2.25,135,object_a,0,1,rigid_box,0.1080510555614587,1.0234238200287771e-06,0.39999079608196686,3.0584127621963424e-08,-1.3734622313801883e-08,-2.2524286585205196e-08,0.9999999999999991,0.10622840933852122,5.516576857506898e-07,-8.245031740683473e-11,1.7692215111340456e-08,-9.428077315049496e-09,-2.2840795349476096e-08,,,,
2.25,135,object_b,1,1,rigid_box,1.355604639596998,-2.8251860083345883e-06,0.39999079627090994,1.5814689431855013e-08,-2.057679651520525e-08,-2.4164017641638055e-08,0.9999999999999993,0.6536581296521873,-1.5318984403218824e-06,-1.0598947587647789e-10,1.4027623206078767e-10,6.228162797030185e-08,-1.7549932829142556e-08,,,,
2.2666666666666666,136,object_a,0,1,rigid_box,0.10982025685460646,1.032611504446967e-06,0.39999079608059473,3.073154920204554e-08,-1.3813553492784319e-08,-2.2714816142875006e-08,0.9999999999999991,0.1060847441880548,5.50911200107107e-07,-8.221902672578274e-11,1.7689150871396975e-08,-9.510242003530064e-09,-2.288361968230168e-08,,,,
2.2666666666666666,136,object_b,1,1,rigid_box,1.366491985764501,-2.8507013471547627e-06,0.3999907962691481,1.5815861477979444e-08,-2.005780264799887e-08,-2.4310464566204937e-08,0.9999999999999993,0.6528727003009659,-1.5300577322495644e-06,-1.0543784421945812e-10,1.409747946959539e-10,6.227718356411367e-08,-1.7594512279962534e-08,,,,
2.283333333333333,137,object_a,0,1,rigid_box,0.11158706475631404,1.0417867527863608e-06,0.3999907960792256,3.0878945769843384e-08,-1.3893171394838417e-08,-2.290570250586515e-08,0.9999999999999991,0.1059411950921554,5.501653184416011e-07,-8.20490828057352e-11,1.768618654102223e-08,-9.592785267796404e-09,-2.292642952140723e-08,,,,
2.283333333333333,137,object_b,1,1,rigid_box,1.3773662521289802,-2.8761860325490915e-06,0.3999907962673955,1.5817039342362708e-08,-1.9538845682259837e-08,-2.4457282224052032e-08,0.9999999999999993,0.6520884774394365,-1.5282198514733664e-06,-1.0491800483958258e-10,1.4167265947677385e-10,6.227276968288657e-08,-1.7638919654736087e-08,,,,
2.3,138,object_a,0,1,rigid_box,0.11335148119975084,1.050949575107664e-06,0.3999907960778595,3.102631818022863e-08,-1.3973479270370623e-08,-2.309694555495763e-08,0.9999999999999991,0.10579776192961754,5.494200401223263e-07,-8.189249278700572e-11,1.7683335924739513e-08,-9.675765644828687e-09,-2.2969225262654585e-08,,,,
2.3,138,object_b,1,1,rigid_box,1.388227458774927,-2.9016401115837084e-06,0.39999079626565215,1.5818223019188262e-08,-1.9019925364401796e-08,-2.460446918363148e-08,0.9999999999999993,0.6513054583954564,-1.5263847917314884e-06,-1.0436172065420024e-10,1.4236982611727357e-10,6.226838615029237e-08,-1.768315548440088e-08,,,,
2.316666666666667,139,object_a,0,1,rigid_box,0.11511350811606764,1.0600999814610608e-06,0.39999079607649635,3.117366725692204e-08,-1.4054480238026215e-08,-2.328854517321863e-08,0.9999999999999991,0.10565444457940024,5.486753645184066e-07,-8.167640869194415e-11,1.7680619088681857e-08,-9.759267907278414e-09,-2.3012007087027752e-08,,,,
2.316666666666667,139,object_b,1,1,rigid_box,1.3990756257423649,-2.9270636312205477e-06,0.39999079626391787,1.5819412502642708e-08,-1.8501041442261635e-08,-2.475202401748392e-08,0.9999999999999993,0.650523640504756,-1.5245525467805807e-06,-1.0379937014082241e-10,1.4306629546346887e-10,6.226403279723035e-08,-1.7727220255564347e-08,,,,
2.3333333333333335,140,object_a,0,1,rigid_box,0.11687314743439922,1.0692379818862272e-06,0.3999907960751362,3.1320993835338063e-08,-1.4136177465044641e-08,-2.348050124603794e-08,0.9999999999999991,0.10551124292062666,5.479312909997788e-07,-8.150661222339206e-11,1.7677954068544768e-08,-9.842945510922882e-09,-2.3054775283899277e-08,,,,
2.3333333333333335,140,object_b,1,1,rigid_box,1.4099107730269853,-2.952456638317649e-06,0.3999907962621928,1.5820607786916313e-08,-1.7982193665105415e-08,-2.489994530239145e-08,0.9999999999999994,0.6497430211109094,-1.5227231103956733e-06,-1.0323777423215663e-10,1.4376206775758118e-10,6.225970945046478e-08,-1.777111449744659e-08,,,,
2.35,141,object_a,0,1,rigid_box,0.1186304010818673,1.0783635864123436e-06,0.39999079607377896,3.1468298793109304e-08,-1.4218574296738139e-08,-2.3672813661223247e-08,0.9999999999999991,0.10536815683258376,5.471878189370758e-07,-8.133130974252722e-11,1.7675404988982227e-08,-9.927069377023392e-09,-2.3097530130822623e-08,,,,
2.35,141,object_b,1,1,rigid_box,1.4207329205802735,-2.9778191796294657e-06,0.39999079626047673,1.5821808866204075e-08,-1.7463381783601123e-08,-2.5048231619218686e-08,0.9999999999999994,0.6489635975653065,-1.5208964763701132e-06,-1.0267187620927043e-10,1.4445714378195182e-10,6.225541594744669e-08,-1.7814838645894723e-08,,,,
2.3666666666666667,142,object_a,0,1,rigid_box,0.12038527098358313,1.0874768050581086e-06,0.39999079607242466,3.161558306700111e-08,-1.4301674328988518e-08,-2.3865482308988848e-08,0.9999999999999991,0.10522518619472214,5.46444947701561e-07,-8.118987253336041e-11,1.7672976691075872e-08,-1.0011660245984611e-08,-2.3140271953565956e-08,,,,
2.3666666666666667,142,object_b,1,1,rigid_box,1.4315420883096397,-3.003151301807169e-06,0.3999907962587697,1.5823015734705556e-08,-1.694460554983972e-08,-2.519688155319609e-08,0.9999999999999994,0.6481853672271227,-1.5190726385154924e-06,-1.0215785335720984e-10,1.4515152396556288e-10,6.225115211257349e-08,-1.785839328124417e-08,,,,
2.3833333333333333,143,object_a,0,1,rigid_box,0.12213775906265029,1.0965776478317505e-06,0.39999079607107335,3.176284751821905e-08,-1.4385480836890105e-08,-2.4058507081886406e-08,0.9999999999999991,0.10508233088665567,5.457026766656292e-07,-8.099526258020795e-11,1.7670633123431053e-08,-1.0096564998327288e-08,-2.318300101031092e-08,,,,
2.3833333333333333,143,object_b,1,1,rigid_box,1.4423382960785514,-3.0284530513989503e-06,0.3999907962570716,1.5824228386626624e-08,-1.6425864717280576e-08,-2.534589369350801e-08,0.9999999999999994,0.6474083274632915,-1.5172515906615831e-06,-1.016691505290046e-10,1.4584520938205868e-10,6.224691778794065e-08,-1.790177881759011e-08,,,,
2.4,144,object_a,0,1,rigid_box,0.12388786724016733,1.1056661247310424e-06,0.399990796069725,3.191009309808589e-08,-1.4469997477595435e-08,-2.4251887874918177e-08,0.9999999999999991,0.1049395907881612,5.449610052021877e-07,-8.079748849143531e-11,1.7668458240242896e-08,-1.0182140475101792e-08,-2.3225717637769932e-08,,,,
2.4,144,object_b,1,1,rigid_box,1.4531215637066575,-3.0537244748503242e-06,0.3999907962553825,1.5825446816177818e-08,-1.5907159040827407e-08,-2.549526663408725e-08,0.9999999999999994,0.646632475648476,-1.51543332665627e-06,-1.0112969663078619e-10,1.4653820014890061e-10,6.224271279360052e-08,-1.7944995900578126e-08,,,,
2.4166666666666665,145,object_a,0,1,rigid_box,0.12563559743523048,1.1147422457433126e-06,0.3999907960683795,3.205732073789157e-08,-1.455522782302254e-08,-2.444562458561518e-08,0.9999999999999991,0.10479696577917838,5.442199326850651e-07,-8.064119164097328e-11,1.7666334687514145e-08,-1.0267887429140931e-08,-2.3268422050747348e-08,,,,
2.4166666666666665,145,object_b,1,1,rigid_box,1.4638919109699213,-3.078965618504431e-06,0.3999907962537022,1.582667101757818e-08,-1.538848827672588e-08,-2.5644998972750426e-08,0.9999999999999994,0.6458578091650401,-1.513617840365486e-06,-1.0056917972012247e-10,1.472304974827844e-10,6.223853696850647e-08,-1.7988045000013304e-08,,,,
2.433333333333333,146,object_a,0,1,rigid_box,0.12738095156493642,1.1238060208454604e-06,0.3999907960670369,3.2204531429930845e-08,-1.4641175704433589e-08,-2.4639717113899343e-08,0.999999999999999,0.10465445573980928,5.434794584887077e-07,-8.046636447434086e-11,1.7664373856161294e-08,-1.035428011701261e-08,-2.3311114639490413e-08,,,,
2.433333333333333,146,object_b,1,1,rigid_box,1.4746493576007462,-3.1041765286023347e-06,0.3999907962520307,1.5827900985052525e-08,-1.4869852182635078e-08,-2.5795089311946464e-08,0.9999999999999994,0.6450843254030203,-1.511805125673143e-06,-1.0003643746703261e-10,1.4792210261139755e-10,6.223439015409909e-08,-1.8030926568234025e-08,,,,
2.45,147,object_a,0,1,rigid_box,0.12912393154438512,1.1328574600039678e-06,0.39999079606569726,3.235172613345332e-08,-1.472784481236061e-08,-2.4834165362282935e-08,0.999999999999999,0.10451206055031818,5.42739581988528e-07,-8.026413908512886e-11,1.7662494971549277e-08,-1.044097417381797e-08,-2.335379565366129e-08,,,,
2.45,147,object_b,1,1,rigid_box,1.4853939232881035,-3.129357251283325e-06,0.399990796250368,1.5829136712833778e-08,-1.4351250517578092e-08,-2.594553625838876e-08,0.9999999999999994,0.6443120217600977,-1.5099951764810681e-06,-9.95315288521148e-11,1.4861301561005504e-10,6.223027217243949e-08,-1.8073641255754132e-08,,,,
2.466666666666667,148,object_a,0,1,rigid_box,0.13086453928668218,1.1418965731749106e-06,0.3999907960643605,3.249890589957331e-08,-1.4815239229009863e-08,-2.5028969235751248e-08,0.999999999999999,0.10436978009113136,5.420003025604372e-07,-8.011505868432689e-11,1.7660753114499713e-08,-1.0528204516952164e-08,-2.3396465416245542e-08,,,,
2.466666666666667,148,object_b,1,1,rigid_box,1.4961256276776604,-3.15450783258521e-06,0.399990796248714,1.5830378195162967e-08,-1.3832683041955599e-08,-2.6096338423268282e-08,0.9999999999999994,0.6435408956415704,-1.5081879867089366e-06,-9.8991020242023e-11,1.4930323825617276e-10,6.222618286770254e-08,-1.8116189518162766e-08,,,,
2.4833333333333334,149,object_a,0,1,rigid_box,0.1326027767029418,1.1509233703039738e-06,0.39999079606302657,3.264607168731096e-08,-1.490336264332319e-08,-2.522412864195404e-08,0.999999999999999,0.10422761424283658,5.412616195815324e-07,-7.996879027027948e-11,1.7659130213477437e-08,-1.0615893999495949e-08,-2.3439124237328784e-08,,,,
2.4833333333333334,149,object_b,1,1,rigid_box,1.5068444903719058,-3.1796283184446195e-06,0.3999907962470687,1.5831625426289595e-08,-1.331414951752553e-08,-2.624749442213804e-08,0.9999999999999994,0.6427709444603247,-1.506383550294208e-06,-9.849065660261225e-11,1.4999277132839406e-10,6.222212207907347e-08,-1.815857186420667e-08,,,,
2.5,150,object_a,0,1,rigid_box,0.13433864570228948,1.1599378613264636e-06,0.3999907960616956,3.2793224593887185e-08,-1.499221933452978e-08,-2.5419643490976236e-08,0.999999999999999,0.10408556288618308,5.405235324292296e-07,-7.979718448514195e-11,1.7657652095942962e-08,-1.0704153221871708e-08,-2.348177243625351e-08,,,,
2.5,150,object_b,1,1,rigid_box,1.5175505309302786,-3.204718754697297e-06,0.399990796245432,1.5832878400472616e-08,-1.2795649707411712e-08,-2.6399002875092506e-08,0.9999999999999994,0.6420021656368085,-1.5045818611920591e-06,-9.796577958576247e-11,1.506816160176592e-10,6.221808963737374e-08,-1.8200788894465757e-08,,,,
2.5166666666666666,151,object_a,0,1,rigid_box,0.13607214819186453,1.1689400561673186e-06,0.3999907960603674,3.2940365677641495e-08,-1.5081813416207e-08,-2.561551369573695e-08,0.999999999999999,0.10394362590208112,5.397860404819301e-07,-7.961439146830784e-11,1.765628100600257e-08,-1.079282038129591e-08,-2.3524410307400017e-08,,,,
2.5166666666666666,151,object_b,1,1,rigid_box,1.5282437688692898,-3.2297791870783967e-06,0.39999079624380385,1.5834137111980633e-08,-1.2277183376086675e-08,-2.6550862406679844e-08,0.9999999999999994,0.641234556599003,-1.5027829133753222e-06,-9.741927056716726e-11,1.5136977335504513e-10,6.221408538251688e-08,-1.824284112691417e-08,,,,
2.533333333333333,152,object_a,0,1,rigid_box,0.13780328607682288,1.1779299647411246e-06,0.39999079605904214,3.3087496011206355e-08,-1.5172149062591526e-08,-2.5811739171586488e-08,0.999999999999999,0.10380180317160191,5.390491431188158e-07,-7.942564141105724e-11,1.765506965056294e-08,-1.0882121560073076e-08,-2.3567038173335715e-08,,,,
2.533333333333333,152,object_b,1,1,rigid_box,1.5389242236626512,-3.2548096612227755e-06,0.3999907962421842,1.5835401555091694e-08,-1.1758750289366897e-08,-2.67030716459332e-08,0.9999999999999994,0.6404681147823956,-1.50098670083442e-06,-9.693298073931711e-11,1.520572447539632e-10,6.221010915598625e-08,-1.828472908290835e-08,,,,
2.55,153,object_a,0,1,rigid_box,0.13953206126033976,1.1869075969521248e-06,0.39999079605771964,3.323461674506325e-08,-1.5263230782543796e-08,-2.6008319836763433e-08,0.999999999999999,0.10366009457597712,5.383128397196096e-07,-7.929227066605371e-11,1.765396888166227e-08,-1.0971845925453932e-08,-2.360965642476883e-08,,,,
2.55,153,object_b,1,1,rigid_box,1.549591914741399,-3.279810222665282e-06,0.3999907962405731,1.583667172409504e-08,-1.1240350214403665e-08,-2.6855629226382284e-08,0.9999999999999994,0.6397028376299515,-1.4991932175772977e-06,-9.642504850138067e-11,1.5274403102129495e-10,6.220616079093059e-08,-1.8326453365485304e-08,,,,
2.566666666666667,154,object_a,0,1,rigid_box,0.14125847564361244,1.1958729626942348e-06,0.39999079605640003,3.338172895827848e-08,-1.5355062777851856e-08,-2.6205255612105544e-08,0.999999999999999,0.1035184999965987,5.375771296651377e-07,-7.908749523333203e-11,1.7653031370181654e-08,-1.106221967512824e-08,-2.365226528246401e-08,,,,
2.566666666666667,154,object_b,1,1,rigid_box,1.5602468614940177,-3.304780916841058e-06,0.3999907962389704,1.5837947613289817e-08,-1.0721982919693434e-08,-2.7008533786215486e-08,0.9999999999999994,0.6389387225920883,-1.4974024576293626e-06,-9.589042580804286e-11,1.5343013439466909e-10,6.220224014005158e-08,-1.836801441030803e-08,,,,
2.5833333333333335,155,object_a,0,1,rigid_box,0.14298253112586268,1.204826071851053e-06,0.39999079605508325,3.352883384719612e-08,-1.5447649754733353e-08,-2.6402546421216606e-08,0.9999999999999989,0.10337701931501869,5.368420123366128e-07,-7.894200397540185e-11,1.765220525509449e-08,-1.1153019690061573e-08,-2.3694865121424322e-08,,,,
2.5833333333333335,155,object_b,1,1,rigid_box,1.5708890832665645,-3.3297217890858182e-06,0.39999079623737605,1.5839229216987548e-08,-1.0203648175045548e-08,-2.716178396806236e-08,0.9999999999999994,0.6381757671266474,-1.495614415033422e-06,-9.540165706034553e-11,1.5411555523245518e-10,6.21983470285292e-08,-1.8409412913263646e-08,,,,
2.6,156,object_a,0,1,rigid_box,0.14470422960433954,1.2137669342958742e-06,0.39999079605376925,3.367593259085619e-08,-1.5540996345600807e-08,-2.6600192190593866e-08,0.9999999999999989,0.10323565241294877,5.361074871161432e-07,-7.874159831111616e-11,1.7651523225356472e-08,-1.1244386793087518e-08,-2.373745634639619e-08,,,,
2.6,156,object_b,1,1,rigid_box,1.5815185993627934,-3.3546328846361466e-06,0.39999079623579004,1.5840516529510465e-08,-9.68534575160194e-09,-2.7315378419257143e-08,0.9999999999999994,0.6374139686988671,-1.4938290838496157e-06,-9.491520937265907e-11,1.548002958881187e-10,6.219448131352893e-08,-1.8450649281546808e-08,,,,
