time_s,frame,object_name,object_index,active,kind,x_m,y_m,z_m,qx,qy,qz,qw,vx_m_s,vy_m_s,vz_m_s,wx_rad_s,wy_rad_s,wz_rad_s,mesh_z_min_m,mesh_z_max_m,mesh_z_span_m,mesh_xy_radius_m
0.0,0,object_a,0,1,rigid_box,-0.38,0.0,0.39999999999999997,0.0,0.0,0.0,1.0,0.57,0.0,0.0,0.0,0.0,0.0,,,,
0.0,0,object_b,1,1,rigid_box,0.38,0.0,0.39999999999999997,0.0,0.0,0.0,1.0,-0.44999999999999996,0.0,0.0,0.0,0.0,0.0,,,,
0.016666666666666666,1,object_a,0,1,rigid_box,-0.37050585478974046,-1.5594502478295772e-13,0.39999026434797835,8.298296530463918e-09,-2.6763480203721403e-08,-1.2151571647153247e-10,0.9999999999999996,0.5693384625042434,-1.0084647441122302e-11,-1.323430011412885e-10,1.6609565763819326e-10,6.262213870503191e-08,-1.460429014121545e-08,,,,
0.016666666666666666,1,object_b,1,1,rigid_box,0.3725044248151035,-1.9013402435935868e-13,0.39999026441311153,8.012033077117052e-09,-2.6821087301182592e-08,1.1927226260072456e-10,0.9999999999999996,-0.44949991703294795,-1.2271064949315992e-11,1.2955043635076713e-10,2.0597406821021382e-10,-6.153572676409742e-08,1.4286633113322528e-08,,,,
0.03333333333333333,2,object_a,0,1,rigid_box,-0.3610227307146288,-3.241238419010273e-13,0.399990264345779,8.299684569006668e-09,-2.62416551319509e-08,-2.434418259274322e-10,0.9999999999999997,0.5686778698741486,-1.0096055699210439e-11,-1.3164943961363473e-10,1.6697905397934728e-10,6.261625286778382e-08,-1.4654789433650485e-08,,,,
0.03333333333333333,2,object_b,1,1,rigid_box,0.36501718260144433,-3.9427428281624013e-13,0.3999902644152763,8.013746655109317e-09,-2.7333910755015923e-08,2.3810885911115453e-10,0.9999999999999996,-0.44900046905489127,-1.2228380910083204e-11,1.3021469839891164e-10,2.0532375236351384e-10,-6.154154486406933e-08,1.423720921556046e-08,,,,
0.05,3,object_a,0,1,rigid_box,-0.35155060818517103,-4.924905641140971e-13,0.399990264343591,8.301079965846302e-09,-2.5719878942724822e-08,-3.6578797805709055e-10,0.9999999999999997,0.5680182179148403,-1.010721191451582e-11,-1.3094214774966861e-10,1.6786169831177054e-10,6.261040451939316e-08,-1.4705111491997429e-08,,,,
0.05,3,object_b,1,1,rigid_box,0.3575382589268585,-5.977003138069405e-13,0.3999902644174523,8.015454792646363e-09,-2.7846782856272897e-08,3.56532820085809e-10,0.9999999999999996,-0.44850165268105435,-1.218537734836155e-11,1.308980424052919e-10,2.0466865747252092e-10,-6.15473998699583e-08,1.4187611430142354e-08,,,,
0.06666666666666667,4,object_a,0,1,rigid_box,-0.34208947154051855,-6.610409965379079e-13,0.3999902643414142,8.302482714705162e-09,-2.519815132453533e-08,-4.885526969057984e-10,0.9999999999999997,0.5673595047073824,-1.0118116745284051e-11,-1.303012316100638e-10,1.6874358793047038e-10,6.260459345298714e-08,-1.4755256570383873e-08,,,,
0.06666666666666667,4,object_b,1,1,rigid_box,0.35006764327461876,-8.004067772872428e-13,0.3999902644196395,8.017157449826692e-09,-2.8359703913389556e-08,4.745426955573811e-10,0.9999999999999996,-0.4480034667813308,-1.2142052606803238e-11,1.3153579440927654e-10,2.040087665165372e-10,-6.155329198369658e-08,1.4137839543102839e-08,,,,
0.08333333333333333,5,object_a,0,1,rigid_box,-0.33263930515175877,-8.297709552574849e-13,0.39999026433924867,8.303892809287283e-09,-2.4676471967604583e-08,-6.117345088423789e-10,0.9999999999999997,0.566701728338044,-1.012877084966366e-11,-1.296071444611968e-10,1.6962472117198996e-10,6.259881946559069e-08,-1.480522492967238e-08,,,,
0.08333333333333333,5,object_b,1,1,rigid_box,0.34260532514680947,-1.0023883055395833e-12,0.399990264421838,8.01885458660784e-09,-2.8872674236461855e-08,5.921370340778065e-10,0.9999999999999996,-0.44750591022829883,-1.20984050221419e-11,1.3221437486499177e-10,2.03344062761817e-10,-6.155922140332815e-08,1.4087893397174258e-08,,,,
0.1,6,object_a,0,1,rigid_box,-0.323200093421829,-9.986762673252987e-13,0.3999902643370943,8.305310243279387e-09,-2.415484056386775e-08,-7.353319425511816e-10,0.9999999999999997,0.5660448868982807,-1.0139174885576365e-11,-1.2897314986826114e-10,1.7050509589715583e-10,6.259308235101243e-08,-1.4855016851944727e-08,,,,
0.1,6,object_b,1,1,rigid_box,0.33515129406428124,-1.2036395030602385e-12,0.39999026442404784,8.02054616281083e-09,-2.9385694137303145e-08,7.093143824056634e-10,0.9999999999999996,-0.44700898189721366,-1.2054432923591814e-11,1.3291523090486201e-10,2.0267452966149988e-10,-6.156518833872182e-08,1.403777275646443e-08,,,,
0.11666666666666667,7,object_a,0,1,rigid_box,-0.3137718207854295,-1.1677527707573843e-12,0.39999026433495094,8.306735010352036e-09,-2.363325680697213e-08,-8.593435291775425e-10,0.9999999999999997,0.5653889784847181,-1.0149329510684727e-11,-1.282987154016535e-10,1.7138471006079914e-10,6.258738190014536e-08,-1.4904632676516773e-08,,,,
0.11666666666666667,7,object_b,1,1,rigid_box,0.3277055395666072,-1.4041549464839834e-12,0.3999902644262691,8.02223213812112e-09,-2.9898763929458275e-08,8.260732855495387e-10,0.9999999999999996,-0.4465126806659997,-1.2010134638893135e-11,1.3362197806565668e-10,2.020001515148839e-10,-6.157119299402564e-08,1.3987477446000855e-08,,,,
0.13333333333333333,8,object_a,0,1,rigid_box,-0.30435447170893765,-1.3369963145265767e-12,0.3999902643328187,8.308167104159992e-09,-2.3111720392276872e-08,-9.837678024529618e-10,0.9999999999999997,0.5647340011991334,-1.0159235382219478e-11,-1.2764083713590058e-10,1.7226356215782504e-10,6.258171791244492e-08,-1.4954072679367377e-08,,,,
0.13333333333333333,8,object_b,1,1,rigid_box,0.32026805121203794,-1.6039291845002805e-12,0.3999902644285019,8.023912472088018e-09,-3.0411883928151215e-08,9.424122873396932e-10,0.9999999999999994,-0.44601700541524214,-1.196550848742379e-11,1.3429469342129963e-10,2.0132091145428917e-10,-6.157723556814408e-08,1.3937007353466521e-08,,,,
0.15,9,object_a,0,1,rigid_box,-0.29494803069032294,-1.5064027585575327e-12,0.3999902643306974,8.309606518344522e-09,-2.259023101682894e-08,-1.1086032986444763e-09,0.9999999999999997,0.5640799531484386,-1.016889315714988e-11,-1.26980153822287e-10,1.7314165024903812e-10,6.2576090180821e-08,-1.5003337207047903e-08,,,,
0.15,9,object_b,1,1,rigid_box,0.3128388185774575,-1.8029567378119056e-12,0.3999902644307462,8.0255871241277e-09,-3.0925054450356597e-08,1.05832993001878e-09,0.9999999999999994,-0.4455219550281797,-1.1920552790112395e-11,1.3497811375551283e-10,2.0063679425608477e-10,-6.15833162857031e-08,1.3886362183855225e-08,,,,
0.16666666666666666,10,object_a,0,1,rigid_box,-0.28555248225906055,-1.6759679737206137e-12,0.399990264328587,8.31105324653364e-09,-2.2068788379360536e-08,-1.2338485566615613e-09,0.9999999999999997,0.5634268324446631,-1.017830349205102e-11,-1.263319292926779e-10,1.7401897321433954e-10,6.25704985118113e-08,-1.5052426515302057e-08,,,,
0.16666666666666666,10,object_b,1,1,rigid_box,0.30541783125833927,-2.0012320989631165e-12,0.3999902644330021,8.02725605352563e-09,-3.1438275814784105e-08,1.173824754529469e-09,0.9999999999999994,-0.44502752839069626,-1.1875265851459159e-11,1.357152532716066e-10,1.9994778389508003e-10,-6.158943534247368e-08,1.3835541888608542e-08,,,,
0.18333333333333332,11,object_a,0,1,rigid_box,-0.2761678109760469,-1.845687841825016e-12,0.3999902643264875,8.312507282343689e-09,-2.154739218028914e-08,-1.3595021181958244e-09,0.9999999999999998,0.5627746372049351,-1.018746704298964e-11,-1.256316318337669e-10,1.7489552907793373e-10,6.256494269227964e-08,-1.5101341036889585e-08,,,,
0.18333333333333332,11,object_b,1,1,rigid_box,0.29800507886870153,-2.198749732332276e-12,0.39999026443526964,8.028919219436535e-09,-3.195154834187469e-08,1.2888953007010198e-09,0.9999999999999994,-0.4445337243913131,-1.1829645982136024e-11,1.363971574575018e-10,1.992538646037135e-10,-6.159559294708687e-08,1.378454633568751e-08,,,,
0.2,12,object_a,0,1,rigid_box,-0.2667940014335144,-2.0155582556101984e-12,0.3999902643243987,8.313968619380186e-09,-2.1026042121697028e-08,-1.4855625276726497e-09,0.9999999999999998,0.5621233655514672,-1.0196384465567527e-11,-1.2504468294149973e-10,1.757713172297991e-10,6.25594225322455e-08,-1.5150081016572613e-08,,,,
0.2,12,object_b,1,1,rigid_box,0.2906005510410646,-2.395504074011988e-12,0.399990264437549,8.03057658088553e-09,-3.246487235380794e-08,1.4035401073647339e-09,0.9999999999999994,-0.44404054192118153,-1.178369148096461e-11,1.3710267122990505e-10,1.9855502178625828e-10,-6.160178931923043e-08,1.3733375327749625e-08,,,,
0.21666666666666667,13,object_a,0,1,rigid_box,-0.25743103825494673,-2.1855751187367347e-12,0.39999026432232065,8.315437251238875e-09,-2.0504737907339515e-08,-1.6120283324664184e-09,0.9999999999999998,0.561473015611537,-1.0205056414709553e-11,-1.2436722658659694e-10,1.76646336353503e-10,6.255393782783984e-08,-1.5198646851755082e-08,,,,
0.21666666666666667,13,object_b,1,1,rigid_box,0.2832042374264056,-2.5914895317661714e-12,0.39999026443984004,8.032228096772365e-09,-3.297824817452915e-08,1.5177577123067005e-09,0.9999999999999994,-0.44354797987407457,-1.1737400648756613e-11,1.3783478525208892e-10,1.9785123921849693e-10,-6.160802465243172e-08,1.3682028891587782e-08,,,,
0.23333333333333334,14,object_a,0,1,rigid_box,-0.24807890609499575,-2.3557343457766882e-12,0.3999902643202533,8.316913171505469e-09,-1.998347924263199e-08,-1.7388980828970684e-09,0.9999999999999998,0.5608235855174698,-1.0213483544983061e-11,-1.2374096712564064e-10,1.7752058531109774e-10,6.254848838200341e-08,-1.5247038880541302e-08,,,,
0.23333333333333334,14,object_b,1,1,rigid_box,0.27581612769411595,-2.786700484951736e-12,0.399990264442143,8.033873725870799e-09,-3.349167612973884e-08,1.6315466525194197e-09,0.9999999999999994,-0.44305603714637964,-1.1690771776065733e-11,1.3852795820168406e-10,1.971425030537246e-10,-6.16142991774693e-08,1.363050678755258e-08,,,,
0.25,15,object_a,0,1,rigid_box,-0.23873758963939612,-2.526031862205799e-12,0.39999026431819656,8.318396373758993e-09,-1.9462265834631535e-08,-1.86617033222485e-09,0.9999999999999998,0.5601750734066229,-1.0221666510193887e-11,-1.2310682161176256e-10,1.7839406294990697e-10,6.254307399245075e-08,-1.529525750707225e-08,,,,
0.25,15,object_b,1,1,rigid_box,0.26843621153195785,-2.981131284428544e-12,0.3999902644444579,8.035513426831114e-09,-3.400515654689515e-08,1.7449054643635572e-09,0.9999999999999993,-0.44256471263709035,-1.1643803153639911e-11,1.3923058019005286e-10,1.9642879793048884e-10,-6.162061309716222e-08,1.3578809009680267e-08,,,,
0.26666666666666666,16,object_a,0,1,rigid_box,-0.22940707360488205,-2.696463604389815e-12,0.39999026431615037,8.319886851570651e-09,-1.8941097392049592e-08,-1.9938436368675376e-09,0.9999999999999998,0.5595274774213684,-1.0229605963454251e-11,-1.2246536250370976e-10,1.7926676911407682e-10,6.25376944691485e-08,-1.534330304839496e-08,,,,
0.26666666666666666,16,object_b,1,1,rigid_box,0.26106447864602,-3.174776252495084e-12,0.3999902644467847,8.037147158182298e-09,-3.451868975523097e-08,1.857832683607055e-09,0.9999999999999993,-0.4420740052477993,-1.1596493062731782e-11,1.3995493652885216e-10,1.9571010952264644e-10,-6.16269666227142e-08,1.3526935513848463e-08,,,,
0.2833333333333333,17,object_a,0,1,rigid_box,-0.2200873427391042,-2.867025519575116e-12,0.39999026431411466,8.321384598506392e-09,-1.841997362521365e-08,-2.121916556206155e-09,0.9999999999999998,0.5588807957090759,-1.0237302557312497e-11,-1.2185724304614176e-10,1.8013870260962753e-10,6.25323496142609e-08,-1.539117589611085e-08,,,,
0.2833333333333333,17,object_b,1,1,rigid_box,0.25370091876067546,-3.3676296827671158e-12,0.3999902644491236,8.038774878333634e-09,-3.503227608575384e-08,1.9703268456073347e-09,0.9999999999999993,-0.44158391388269,-1.1548839782903156e-11,1.406868441189424e-10,1.9498642332936117e-10,-6.163335996551679e-08,1.347488626922096e-08,,,,
0.3,18,object_a,0,1,rigid_box,-0.21077838182054603,-3.037713565875976e-12,0.3999902643120894,8.32288960812562e-09,-1.789889424609674e-08,-2.250387652952495e-09,0.9999999999999998,0.5582350264220954,-1.0244756943442462e-11,-1.2122405336489894e-10,1.810098633091821e-10,6.252703923402731e-08,-1.543887643133536e-08,,,,
0.3,18,object_b,1,1,rigid_box,0.2463455216185375,-3.5596858401855337e-12,0.3999902644514746,8.04039654557794e-09,-3.5545915871288333e-08,2.0823864851660944e-09,0.9999999999999993,-0.44109443744852966,-1.1500841589361965e-11,1.4141462653660675e-10,1.9425772617309473e-10,-6.163979335243235e-08,1.3422661157402043e-08,,,,
0.31666666666666665,19,object_a,0,1,rigid_box,-0.20148017565844137,-3.2085237122613667e-12,0.3999902643100745,8.3244018739845e-09,-1.7377858968279764e-08,-2.3792554929523386e-09,0.9999999999999998,0.557590167717742,-1.0251969772772268e-11,-1.206323790858832e-10,1.818802500409403e-10,6.252176312798652e-08,-1.5486405088820557e-08,,,,
0.31666666666666665,19,object_b,1,1,rigid_box,0.23899827698041762,-3.750938960860694e-12,0.3999902644538378,8.042012118091294e-09,-3.6059609446404195e-08,2.194010137275103e-09,0.9999999999999993,-0.440605574854661,-1.145249675253374e-11,1.4213357400760795e-10,1.935240037230268e-10,-6.164626698874543e-08,1.3370260236991479e-08,,,,
0.3333333333333333,20,object_a,0,1,rigid_box,-0.19219270909269145,-3.379451938542775e-12,0.39999026430806994,8.325921389634445e-09,-1.685686750697614e-08,-2.50851864551304e-09,0.9999999999999998,0.5569462177582769,-1.0258941695464013e-11,-1.1998721460848571e-10,1.8274986314560335e-10,6.251652111020959e-08,-1.553376222160419e-08,,,,
0.3333333333333333,20,object_b,1,1,rigid_box,0.23165917462528182,-3.941383252093382e-12,0.39999026445621316,8.043621553937277e-09,-3.6573357147494314e-08,2.305196336700176e-09,0.9999999999999993,-0.4401173250129953,-1.1403803539952705e-11,1.4283231021539056e-10,1.927852426718018e-10,-6.165278109182552e-08,1.3317683501503919e-08,,,,
0.35,21,object_a,0,1,rigid_box,-0.18291596699378307,-3.5504942353586594e-12,0.39999026430607565,8.32744814862559e-09,-1.6335919578980043e-08,-2.6381756830799965e-09,0.9999999999999998,0.5563031747108935,-1.0265673360740146e-11,-1.1934646326761111e-10,1.8361870189412039e-10,6.251131298485777e-08,-1.558094825570117e-08,,,,
0.35,21,object_b,1,1,rigid_box,0.22432820435020842,-4.131012892218708e-12,0.3999902644586009,8.04522481106871e-09,-3.708715931276172e-08,2.415943618279921e-09,0.9999999999999992,-0.4396296868380047,-1.1354760214563697e-11,1.4360491962239763e-10,1.920414297675958e-10,-6.165933588493731e-08,1.3264930935137272e-08,,,,
0.36666666666666664,22,object_a,0,1,rigid_box,-0.17364993426270603,-3.721646604161876e-12,0.39999026430409157,8.32898214450547e-09,-1.5815014902688614e-08,-2.7682251815376912e-09,0.9999999999999998,0.5556610367476993,-1.0272165417065676e-11,-1.1876354760742558e-10,1.844867663944732e-10,6.250613856370792e-08,-1.562796357320759e-08,,,,
0.36666666666666664,22,object_b,1,1,rigid_box,0.21700535597034518,-4.319822030647171e-12,0.399990264461001,8.046821847329078e-09,-3.760101628221616e-08,2.5262505171396403e-09,0.9999999999999992,-0.43914265924671386,-1.1305365038391354e-11,1.443421025065783e-10,1.9129255195150803e-10,-6.166593157841526e-08,1.3212002623404593e-08,,,,
0.38333333333333336,23,object_a,0,1,rigid_box,-0.16439459583087176,-3.892905057204017e-12,0.3999902643021177,8.330523370820233e-09,-1.5294153198101062e-08,-2.8986657203236847e-09,0.9999999999999999,0.5550198020456991,-1.0278418511920819e-11,-1.1810645517140728e-10,1.853540562696991e-10,6.250099765356676e-08,-1.567480862293865e-08,,,,
0.38333333333333336,23,object_b,1,1,rigid_box,0.20969061931886696,-4.5078047877487735e-12,0.3999902644634135,8.048412620456432e-09,-3.811492839768195e-08,2.636115568842296e-09,0.9999999999999992,-0.43865624115869356,-1.125561626505174e-11,1.4509981063892674e-10,1.9053859711155992e-10,-6.167256839636416e-08,1.3158898585220749e-08,,,,
0.4,24,object_a,0,1,rigid_box,-0.15514993666003157,-4.064265617519758e-12,0.39999026430015383,8.332071821116455e-09,-1.4773334186779209e-08,-3.0294958821916785e-09,0.9999999999999999,0.5543794687867797,-1.0284433291848268e-11,-1.1754734859092952e-10,1.8622057153404234e-10,6.249589006390998e-08,-1.5721483825678778e-08,,,,
0.4,24,object_b,1,1,rigid_box,0.2023839842469332,-4.694955254777301e-12,0.3999902644658385,8.049997088084802e-09,-3.862889600281964e-08,2.7455373094211756e-09,0.9999999999999992,-0.438170431496053,-1.120551214724641e-11,1.458401351073224e-10,1.897795522493492e-10,-6.167924654941647e-08,1.310561896052747e-08,,,,
0.4166666666666667,25,object_a,0,1,rigid_box,-0.14591594174219574,-4.2357243189109354e-12,0.39999026429820006,8.333627488940407e-09,-1.425255759187798e-08,-3.1607142535982154e-09,0.9999999999999999,0.5537400351576924,-1.029021040237812e-11,-1.1693085562314298e-10,1.8708631254899102e-10,6.249081560967428e-08,-1.5767989586728836e-08,,,,
0.4166666666666667,25,object_b,1,1,rigid_box,0.1950854406236459,-4.881267493798615e-12,0.39999026446827607,8.051575207747276e-09,-3.914291944311478e-08,2.8545142756744293e-09,0.9999999999999992,-0.43768522918343167,-1.1155050932044972e-11,1.4659407542028102e-10,1.8901540613931635e-10,-6.168596626796014e-08,1.3052163768497347e-08,,,,
0.43333333333333335,26,object_a,0,1,rigid_box,-0.1366925960995522,-4.407277205929038e-12,0.3999902642962562,8.335190367840195e-09,-1.3731823138101545e-08,-3.292319424423684e-09,0.9999999999999999,0.553101499350038,-1.029575048805786e-11,-1.1631181087712328e-10,1.8795127942380002e-10,6.248577410279984e-08,-1.5814326335640954e-08,,,,
0.43333333333333335,26,object_b,1,1,rigid_box,0.18779497833600722,-5.066735537675484e-12,0.3999902644707263,8.053146936877584e-09,-3.965699906587549e-08,2.963045005394277e-09,0.9999999999999992,-0.4372006331479924,-1.1104230866824578e-11,1.4735116252162506e-10,1.8824614663623308e-10,-6.16927277689754e-08,1.2998533150363755e-08,,,,
0.45,27,object_a,0,1,rigid_box,-0.12747988478438627,-4.578920333859667e-12,0.39999026429432233,8.33676045136517e-09,-1.3211130551728883e-08,-3.4243099883022944e-09,0.9999999999999999,0.5524638595602499,-1.0301054192462243e-11,-1.157880822472146e-10,1.888154723996229e-10,6.248076535786874e-08,-1.5860494501690607e-08,,,,
0.45,27,object_b,1,1,rigid_box,0.18051258728887773,-5.251353389996862e-12,0.39999026447318914,8.054712232814808e-09,-4.0171135220284076e-08,3.071128037190593e-09,0.9999999999999991,-0.43671664231941415,-1.1053050190096678e-11,1.4811805081060836e-10,1.8747176252655701e-10,-6.169953127059378e-08,1.2944727273025809e-08,,,,
0.4666666666666667,28,object_a,0,1,rigid_box,-0.11827779287899982,-4.750649768703914e-12,0.39999026429239837,8.338337733067528e-09,-1.2690479560583182e-08,-3.5566845424762145e-09,0.9999999999999999,0.5518271139895775,-1.0306122157931746e-11,-1.1518105046126603e-10,1.8967889187232133e-10,6.24757891878337e-08,-1.5906494540736896e-08,,,,
0.4666666666666667,28,object_b,1,1,rigid_box,0.1732382574049345,-5.435115025007312e-12,0.3999902644756648,8.056271052804073e-09,-4.068532825735564e-08,3.1787619110241728e-09,0.9999999999999991,-0.43623325562988413,-1.1001507146860463e-11,1.4888905039422973e-10,1.8669224259437933e-10,-6.170637699982448e-08,1.2890746252294866e-08,,,,
0.48333333333333334,29,object_a,0,1,rigid_box,-0.10908630549563157,-4.922461587160431e-12,0.3999902642904842,8.3399222065034e-09,-1.216986989401902e-08,-3.6894416877759846e-09,0.9999999999999999,0.5511912608440714,-1.0310955025901377e-11,-1.1457904416922737e-10,1.9054153773297363e-10,6.247084540082884e-08,-1.5952326953700965e-08,,,,
0.48333333333333334,29,object_b,1,1,rigid_box,0.16597197862462926,-5.61801438764759e-12,0.3999902644781533,8.05782335400182e-09,-4.119957852997614e-08,3.2859451681437794e-09,0.9999999999999991,-0.43575047201409123,-1.0949599969328978e-11,1.496630250286124e-10,1.8590757693161995e-10,-6.17132651859513e-08,1.2836590224048932e-08,,,,
0.5,30,object_a,0,1,rigid_box,-0.09990540777637684,-5.09435187660778e-12,0.39999026428857976,8.341513865231412e-09,-1.1649301282950255e-08,-3.822580028971364e-09,0.9999999999999999,0.5505562983345662,-1.031555343661335e-11,-1.1394092266914235e-10,1.9140341128606265e-10,6.24659338239174e-08,-1.599799210866735e-08,,,,
0.5,30,object_b,1,1,rigid_box,0.1587137409061469,-5.8000453933664815e-12,0.39999026448065467,8.05936909347608e-09,-4.1713886392885475e-08,3.3926763514389204e-09,0.9999999999999991,-0.4352682904092176,-1.089732689287689e-11,1.5044281272136306e-10,1.8511775425102464e-10,-6.172019604007372e-08,1.2782259480825909e-08,,,,
0.5166666666666667,31,object_a,0,1,rigid_box,-0.0907350848931083,-5.266316735084684e-12,0.39999026428668505,8.343112702815802e-09,-1.1128773459805496e-08,-3.956098174487253e-09,0.9999999999999999,0.5499222246766652,-1.0319918029121652e-11,-1.1342672287528721e-10,1.9226451271345358e-10,6.246105426969862e-08,-1.6043490478211007e-08,,,,
0.5166666666666667,31,object_b,1,1,rigid_box,0.15146353422536396,-5.981201928206127e-12,0.399990264483169,8.060908228211292e-09,-4.222825220269499e-08,3.4989540055411876e-09,0.9999999999999991,-0.4347867097549323,-1.0844686148426346e-11,1.5120717351824187e-10,1.8432276542836378e-10,-6.172716979694662e-08,1.2727754167667003e-08,,,,
0.5333333333333333,32,object_a,0,1,rigid_box,-0.09084297835790361,-4.640130795337955e-08,0.39999026418727934,2.6753469168408707e-08,-3.2267968189900325e-08,2.2856547647957257e-07,0.999999999999973,-0.13479159803672908,-3.4245673495073806e-06,8.848676999462235e-11,5.382586977193595e-10,-6.089108019183914e-08,2.0014917650328637e-08,,,,
0.5333333333333333,32,object_b,1,1,rigid_box,0.1500141563582843,2.9000139119306327e-08,0.3999902642717863,9.741774388302523e-08,-1.264067209312018e-07,-1.3492503465380797e-07,0.9999999999999781,-0.00668326444338646,2.132890493524558e-06,1.7023889894995925e-08,3.0774977421722114e-07,-1.2895012033702226e-06,4.301230725775307e-08,,,,
0.55,33,object_a,0,1,rigid_box,-0.09308802362784305,-1.0343979463741026e-07,0.3999902641887495,2.6757946551576533e-08,-3.2775409534605985e-08,2.2873208810738783e-07,0.9999999999999729,-0.1346243131640909,-3.4203172789722302e-06,8.845815399616264e-11,5.36450313351767e-10,-6.089462627312553e-08,1.997437394912284e-08,,,,
0.55,33,object_b,1,1,rigid_box,0.14990338706510067,6.435059344042093e-08,0.3999902643146962,9.770504947422061e-08,-1.2803740469147636e-07,-1.3456565139910225e-07,0.9999999999999779,-0.006613423618398454,2.1105742672777494e-06,5.841804765621683e-10,1.303999065144345e-10,-6.160602357160913e-08,4.312968337427079e-08,,,,
0.5666666666666667,34,object_a,0,1,rigid_box,-0.09533028206961616,-1.6040747863969286e-07,0.39999026419022804,2.6762408797541434e-08,-3.328288055078709e-08,2.2889836107449745e-07,0.9999999999999729,-0.1344571697872181,-3.416070802411088e-06,8.894137856763074e-11,5.346267099360685e-10,-6.089819963695808e-08,1.9933650200469467e-08,,,,
0.5666666666666667,34,object_b,1,1,rigid_box,0.14979378136813287,9.932950139856928e-08,0.3999902643245208,9.770599854158484e-08,-1.285509305410302e-07,-1.3420632490990359e-07,0.9999999999999779,-0.006543629948496961,2.088289957608773e-06,5.941725011310295e-10,9.929205205403684e-11,-6.163826785715702e-08,4.3109989885236324e-08,,,,
0.5833333333333334,35,object_a,0,1,rigid_box,-0.0975697560400962,-2.173044198244438e-07,0.39999026419171496,2.676685577910686e-08,-3.3790381466228155e-08,2.2906429387751663e-07,0.9999999999999728,-0.13429016774920816,-3.4118279158323287e-06,8.947319100893747e-11,5.32787804243457e-10,-6.090180040513211e-08,1.989274577030272e-08,,,,
0.5833333333333334,35,object_b,1,1,rigid_box,0.14968533848170584,1.3393713752105754e-07,0.39999026433451396,9.770668839038806e-08,-1.2906472763007926e-07,-1.3384715991087148e-07,0.9999999999999779,-0.006473883401929215,2.0660207039568347e-06,6.044251488201979e-10,6.819091499209008e-11,-6.167108739931871e-08,4.3090892225264485e-08,,,,
0.6,36,object_a,0,1,rigid_box,-0.09980644789354325,-2.741306779894031e-07,0.39999026419321027,2.677128736836921e-08,-3.429791250997858e-08,2.2922988500789215e-07,0.9999999999999728,-0.1341233068933849,-3.407588615250063e-06,8.997046857528446e-11,5.309335096853242e-10,-6.090542873298371e-08,1.985165999741104e-08,,,,
0.6,36,object_b,1,1,rigid_box,0.14957805762076992,1.6817375263267152e-07,0.3999902643446799,9.770711918153991e-08,-1.295788008145936e-07,-1.3348815133512636e-07,0.9999999999999779,-0.006404183940396346,2.0437664940304903e-06,6.148648916404209e-10,3.712031862458645e-11,-6.170449627854629e-08,4.307241340457977e-08,,,,
0.6166666666666667,37,object_a,0,1,rigid_box,-0.10204035998160825,-3.3088631286593e-07,0.39999026419471406,2.677570343672528e-08,-3.480547391236238e-08,2.2939513295187082e-07,0.9999999999999727,-0.133956587063299,-3.403352896684138e-06,9.045349885772325e-11,5.290637436006571e-10,-6.09090847680491e-08,1.9810392315573377e-08,,,,
0.6166666666666667,37,object_b,1,1,rigid_box,0.14947193800091338,2.0203959735334458e-07,0.3999902643550227,9.770729127768977e-08,-1.3009315506897925e-07,-1.331292939242553e-07,0.9999999999999779,-0.0063345315256383775,2.0215273155387986e-06,6.2562884733941e-10,6.1048132943130654e-12,-6.173850882239573e-08,4.305457639001658e-08,,,,
0.6333333333333333,38,object_a,0,1,rigid_box,-0.10427149465333663,-3.875713841190987e-07,0.39999026419622635,2.6780103854867908e-08,-3.531306590497789e-08,2.2956003619056372e-07,0.9999999999999727,-0.1337900081027277,-3.399120756160117e-06,9.098841992349893e-11,5.271784209466245e-10,-6.091276866994756e-08,1.9768942046548694e-08,,,,
0.6333333333333333,38,object_b,1,1,rigid_box,0.1493669788383617,2.3553492209816305e-07,0.39999026436554663,9.770720524948473e-08,-1.3060779548782747e-07,-1.3277058222894142e-07,0.9999999999999778,-0.006264926119434365,1.9993031561909704e-06,6.366220432763026e-10,-2.483028957686708e-11,-6.177313952791029e-08,4.303740391611934e-08,,,,
0.65,39,object_a,0,1,rigid_box,-0.10649985425517208,-4.4418595134779346e-07,0.3999902641977472,2.6784488492784403e-08,-3.5820688720681076e-08,2.2972459320017734e-07,0.9999999999999726,-0.13362356985567375,-3.3948921897092773e-06,9.149701309107972e-11,5.25277458060847e-10,-6.091648058450957e-08,1.9727308660927835e-08,,,,
0.65,39,object_b,1,1,rigid_box,0.14926317934997949,2.6865997703987555e-07,0.3999902643822419,9.770697858074035e-08,-1.311228113306344e-07,-1.3241190136025613e-07,0.9999999999999778,-0.0061953676834477925,1.9770939973403796e-06,1.0338827693273656e-09,-2.7229113040414065e-11,-6.182881105719053e-08,4.3047463946588164e-08,,,,
0.6666666666666666,40,object_a,0,1,rigid_box,-0.10872544113096039,-5.007300740848033e-07,0.39999026419927664,2.678885721976101e-08,-3.632834259361156e-08,2.2988880245182844e-07,0.9999999999999726,-0.13345727216636563,-3.3906671933685905e-06,9.202117887130434e-11,5.233607688503517e-10,-6.092022066631367e-08,1.968549153838744e-08,,,,
0.6666666666666666,40,object_b,1,1,rigid_box,0.14916053875326282,3.014150119936507e-07,0.3999902643994818,9.770675195293071e-08,-1.3163830587878773e-07,-1.3205311752820874e-07,0.9999999999999778,-0.006125856179848423,1.9548998192602094e-06,1.0348558555223208e-09,-2.7190888409668505e-11,-6.188630489951553e-08,4.305987817183662e-08,,,,
0.6833333333333333,41,object_a,0,1,rigid_box,-0.11094825762195304,-5.572038117969174e-07,0.3999902642008147,2.679320990438343e-08,-3.6836027759177484e-08,2.3005266241176243e-07,0.9999999999999725,-0.13329111487925682,-3.3864457631807267e-06,9.247319056326919e-11,5.214282713947999e-10,-6.092398906907155e-08,1.9643490084355353e-08,,,,
0.6833333333333333,41,object_b,1,1,rigid_box,0.14905905626634505,3.3380027652988256e-07,0.3999902644167372,9.770652566371257e-08,-1.3215427979193654e-07,-1.3169422996393157e-07,0.9999999999999778,-0.006056391570373286,1.932720609678374e-06,1.0357577902991855e-09,-2.7148111020868416e-11,-6.194385515758969e-08,4.307235601917708e-08,,,,
0.7,42,object_a,0,1,rigid_box,-0.11316830606681118,-6.136072238850197e-07,0.39999026420236145,2.679754641453382e-08,-3.734374445407119e-08,2.3021617154127143e-07,0.9999999999999725,-0.1331250978390251,-3.382227895194027e-06,9.306004924991562e-11,5.19479879802105e-10,-6.092778594992374e-08,1.9601303692852098e-08,,,,
0.7,42,object_b,1,1,rigid_box,0.1489587311079945,3.658160200155422e-07,0.399990264434008,9.770629975219935e-08,-1.3267073354085655e-07,-1.3133523812852978e-07,0.9999999999999778,-0.005986973816956601,1.910556356398856e-06,1.036689621300435e-09,-2.7100513103439415e-11,-6.200146197239527e-08,4.308489941497599e-08,,,,
0.7166666666666667,43,object_a,0,1,rigid_box,-0.11538558880160914,-6.699403696841833e-07,0.399990264203917,2.680186661739452e-08,-3.785149291625655e-08,2.3037932829687517e-07,0.9999999999999724,-0.13295922089057308,-3.378013585462508e-06,9.355371338726215e-11,5.17515511668927e-10,-6.093161145646285e-08,1.955893182419535e-08,,,,
0.7166666666666667,43,object_b,1,1,rigid_box,0.14885956249761367,3.974624916144344e-07,0.3999902644512942,9.770607425981226e-08,-1.3318766759761814e-07,-1.3097614146695106e-07,0.9999999999999778,-0.005917602881571339,1.8884070472370435e-06,1.0375949179713961e-09,-2.704780947955003e-11,-6.205912552086595e-08,4.30975104318458e-08,,,,
0.7333333333333333,44,object_a,0,1,rigid_box,-0.11760010815983842,-7.262033084637648e-07,0.3999902642054812,2.6806170379449164e-08,-3.835927338498705e-08,2.3054213113023497e-07,0.9999999999999724,-0.13279348387902676,-3.3738028300458453e-06,9.410933143882971e-11,5.155350813058479e-10,-6.093546574605512e-08,1.9516373887645517e-08,,,,
0.7333333333333333,44,object_b,1,1,rigid_box,0.1487615496552385,4.2873994028738765e-07,0.3999902644685959,9.770584923043127e-08,-1.3370508243562407e-07,-1.3061693940710076e-07,0.9999999999999778,-0.005848278726229063,1.866272670019637e-06,1.0385181603567162e-09,-2.698969616027309e-11,-6.21168459434759e-08,4.311019101933032e-08,,,,
0.75,45,object_a,0,1,rigid_box,-0.11981186647241106,-7.823960994274992e-07,0.3999902642070543,2.6810457566479836e-08,-3.886708610077467e-08,2.3070457848851577e-07,0.9999999999999722,-0.13262788664973585,-3.3695956250093606e-06,9.464672622028214e-11,5.135385069111193e-10,-6.093934897200089e-08,1.947362931775497e-08,,,,
0.75,45,object_b,1,1,rigid_box,0.1486646918015376,4.5964861479244217e-07,0.399990264485913,9.77056247105572e-08,-1.3422297852963106e-07,-1.30257631359299e-07,0.9999999999999777,-0.005779001312979943,1.8441532125846435e-06,1.0394829667165206e-09,-2.6925849105454606e-11,-6.217462342451836e-08,4.312294338980871e-08,,,,
0.7666666666666667,46,object_a,0,1,rigid_box,-0.12202086606766374,-8.385188017135934e-07,0.39999026420863626,2.6814728043574513e-08,-3.9374931305438494e-08,2.308666688139882e-07,0.9999999999999722,-0.13246242904827274,-3.3653919664240127e-06,9.518744993608497e-11,5.115257025089873e-10,-6.094326128200572e-08,1.9430697624839628e-08,,,,
0.7666666666666667,46,object_b,1,1,rigid_box,0.14856898815781175,4.90188763685038e-07,0.3999902645032455,9.770540074948637e-08,-1.3474135635576474e-07,-1.2989821671518793e-07,0.9999999999999777,-0.00570977060391273,1.822048662781324e-06,1.0403972839495568e-09,-2.6855922573815837e-11,-6.223245810877277e-08,4.313576990526657e-08,,,,
0.7833333333333333,47,object_a,0,1,rigid_box,-0.1242271092713613,-8.945714743948201e-07,0.39999026421022715,2.6818981675124276e-08,-3.98828092420651e-08,2.3102840054449056e-07,0.9999999999999721,-0.13229711092043284,-3.3611918503663925e-06,9.571248481277106e-11,5.094965855941332e-10,-6.094720283288709e-08,1.9387578234336386e-08,,,,
0.7833333333333333,47,object_b,1,1,rigid_box,0.14847443794599346,5.203606353182016e-07,0.3999902645205934,9.770517739949854e-08,-1.3526021639147989e-07,-1.2953869484673996e-07,0.9999999999999777,-0.005640586561154617,1.799959008470123e-06,1.0413062599690104e-09,-2.6779547410369608e-11,-6.229035016647261e-08,4.3148672834132145e-08,,,,
0.8,48,object_a,0,1,rigid_box,-0.12643059840670037,-9.505541764786116e-07,0.399990264211827,2.6823218324823753e-08,-4.0390720155016285e-08,2.3118977211342585e-07,0.9999999999999721,-0.1321319321122336,-3.3569952729187097e-06,9.624348193404408e-11,5.074510748072797e-10,-6.095117378759802e-08,1.9344270518942697e-08,,,,
0.8,48,object_b,1,1,rigid_box,0.14838104038864586,5.501644778427333e-07,0.39999026453795666,9.770495471605962e-08,-1.3577955911563324e-07,-1.2917906510571238e-07,0.9999999999999777,-0.005571449146871236,1.7778842375226562e-06,1.0422582762126265e-09,-2.6696329369316947e-11,-6.234829976871059e-08,4.316165482388878e-08,,,,
0.8166666666666667,49,object_a,0,1,rigid_box,-0.12863133579431324,-1.006466966907153e-06,0.3999902642134358,2.6827437855678606e-08,-4.089866428995037e-08,2.3135078194963097e-07,0.999999999999972,-0.13196689246991433,-3.3528022301687774e-06,9.680249483945413e-11,5.053890848543956e-10,-6.09551742888186e-08,1.9300774060696865e-08,,,,
0.8166666666666667,49,object_b,1,1,rigid_box,0.1482887947089624,5.796005392073918e-07,0.3999902645553353,9.770473275804022e-08,-1.3629938500847866e-07,-1.2881932682213404e-07,0.9999999999999776,-0.005502358323266667,1.755824337821673e-06,1.0431773240365816e-09,-2.6605846922089324e-11,-6.240630708025634e-08,4.3174718381517626e-08,,,,
0.8333333333333334,50,object_a,0,1,rigid_box,-0.1308293237522715,-1.0623099045574768e-06,0.39999026421505374,2.6831640130000317e-08,-4.140664189379187e-08,2.315114284777427e-07,0.999999999999972,-0.13180199183993577,-3.3486127182100127e-06,9.731594002859723e-11,5.033105338066648e-10,-6.095920449305275e-08,1.925708832022749e-08,,,,
0.8333333333333334,50,object_b,1,1,rigid_box,0.1481977001307661,6.086690671590794e-07,0.39999026457272935,9.770451158795151e-08,-1.368196945516579e-07,-1.284594793035327e-07,0.9999999999999776,-0.005433314052583302,1.7337792972609967e-06,1.0440712374520933e-09,-2.6507649324143157e-11,-6.246437225804599e-08,4.31878664204139e-08,,,,
0.85,51,object_a,0,1,rigid_box,-0.13302456459608966,-1.118083048241554e-06,0.39999026421668077,2.6835825009412693e-08,-4.191465321474541e-08,2.316717101181496e-07,0.9999999999999719,-0.13163723006897957,-3.3444267331414215e-06,9.787873810063186e-11,5.012153385849168e-10,-6.096326455385234e-08,1.921321279044358e-08,,,,
0.85,51,object_b,1,1,rigid_box,0.14810775587850908,6.373703092430266e-07,0.39999026459013876,9.770429127220017e-08,-1.3734048822818497e-07,-1.2809952183355999e-07,0.9999999999999776,-0.005364316297101804,1.7117491037454756e-06,1.0450161500030752e-09,-2.640125398189059e-11,-6.252249548624197e-08,4.3201101731665564e-08,,,,
0.8666666666666667,52,object_a,0,1,rigid_box,-0.13521706063872888,-1.1737864567063896e-06,0.3999902642183169,2.683999235485546e-08,-4.242269850230239e-08,2.318316252869932e-07,0.9999999999999718,-0.1314726070039481,-3.340244271067585e-06,9.84175397428233e-11,4.991034179356343e-10,-6.096735462242355e-08,1.916914699736263e-08,,,,
0.8666666666666667,52,object_b,1,1,rigid_box,0.14801896117727156,6.657045128029762e-07,0.3999902646075635,9.770407188136404e-08,-1.3786176652246463e-07,-1.2773945367110527e-07,0.9999999999999776,-0.005295365019141153,1.6897337451909778e-06,1.0459328039086335e-09,-2.628614407437687e-11,-6.258067691590398e-08,4.321442745800217e-08,,,,
0.8833333333333333,53,object_a,0,1,rigid_box,-0.13740681419060077,-1.2294201886341132e-06,0.39999026421996225,2.684414202658471e-08,-4.29307780072426e-08,2.319911723962387e-07,0.9999999999999718,-0.1313081224919641,-3.33606532809865e-06,9.900037387100546e-11,4.969746898790443e-10,-6.097147486092283e-08,1.912489036945263e-08,,,,
0.8833333333333333,53,object_b,1,1,rigid_box,0.1479313152527616,6.936719249813654e-07,0.39999026462500353,9.77038534904902e-08,-1.3838352992023959e-07,-1.2737927404822006e-07,0.9999999999999776,-0.005226460181058497,1.6677332095243121e-06,1.046810596538883e-09,-2.616176565801649e-11,-6.263891670187406e-08,4.322784690157291e-08,,,,
0.9,54,object_a,0,1,rigid_box,-0.13959382755957067,-1.2849843026420743e-06,0.3999902642216168,2.6848273884175482e-08,-4.3438891981610096e-08,2.3215034985398668e-07,0.9999999999999717,-0.13114377638036995,-3.3318899003503307e-06,9.953611893043224e-11,4.948290728734771e-10,-6.097562541586105e-08,1.9080442494309222e-08,,,,
0.9,54,object_b,1,1,rigid_box,0.14784481733131416,7.212727927195085e-07,0.39999026464245896,9.770363617941836e-08,-1.389057789085712e-07,-1.27018982169619e-07,0.9999999999999775,-0.0051576017452490885,1.6457474846832043e-06,1.047754379784882e-09,-2.6027524445976322e-11,-6.269721501201444e-08,4.324136335356677e-08,,,,
0.9166666666666666,55,object_a,0,1,rigid_box,-0.14177810305096183,-1.3404788572829314e-06,0.39999026422328066,2.6852387786523682e-08,-4.394704067872768e-08,2.32309156064414e-07,0.9999999999999717,-0.13097956851672748,-3.3277179839438836e-06,1.0010323125975162e-10,4.926664846458917e-10,-6.097980644302085e-08,1.9035802892478537e-08,,,,
0.9166666666666666,55,object_b,1,1,rigid_box,0.14775946663989076,7.48507362757778e-07,0.39999026465992965,9.77034200331308e-08,-1.39428513975826e-07,-1.2665857721053642e-07,0.9999999999999775,-0.00508878967414638,1.6237765586162744e-06,1.048662063435346e-09,-2.588278259292112e-11,-6.275557200681302e-08,4.325498053501017e-08,,,,
0.9333333333333333,56,object_a,0,1,rigid_box,-0.1439596429675587,-1.395903911044748e-06,0.3999902642249539,2.6856483591853883e-08,-4.4455224353194794e-08,2.3246758942787663e-07,0.9999999999999716,-0.13081549874881773,-3.323549575006103e-06,1.0067152320103467e-10,4.904868466151205e-10,-6.098401808928552e-08,1.8990971164170555e-08,,,,
0.9333333333333333,56,object_b,1,1,rigid_box,0.14767526240607862,7.753758816357863e-07,0.39999026467741566,9.77032051421327e-08,-1.3995173561158958e-07,-1.2629805831531949e-07,0.9999999999999775,-0.005020023930221804,1.601820419282973e-06,1.0496145133598311e-09,-2.5726854795402535e-11,-6.281398781328054e-08,4.326870215224632e-08,,,,
0.95,57,object_a,0,1,rigid_box,-0.14613844960961067,-1.4512595223510828e-06,0.39999026422663647,2.686056115771652e-08,-4.496344326087395e-08,2.3262564834112092e-07,0.9999999999999716,-0.1306515669246401,-3.3193846696693145e-06,1.0123753571567029e-10,4.882900765584919e-10,-6.098826051515525e-08,1.894594679894069e-08,,,,
0.95,57,object_b,1,1,rigid_box,0.14759220385809013,8.018785956925655e-07,0.39999026469491694,9.770299160286497e-08,-1.404754443065797e-07,-1.2593742459561936e-07,0.9999999999999774,-0.00495130447598486,1.5798790546535767e-06,1.050536654195744e-09,-2.5559004273859797e-11,-6.28724625567492e-08,4.328253229630387e-08,,,,
0.9666666666666667,58,object_a,0,1,rigid_box,-0.1483145252748358,-1.5065457495610807e-06,0.39999026422832845,2.6864620340997208e-08,-4.547169765892107e-08,2.3278333119707514e-07,0.9999999999999715,-0.13048777289241253,-3.3152232640713652e-06,1.0178728346299515e-10,4.860760952532064e-10,-6.099253386982504e-08,1.8900729392935528e-08,,,,
0.9666666666666667,58,object_b,1,1,rigid_box,0.14751029022476217,8.280157510667483e-07,0.3999902647124335,9.770277951815298e-08,-1.409996405525523e-07,-1.2557667512844876e-07,0.9999999999999774,-0.004882631273982982,1.5579524527091365e-06,1.0514222825719344e-09,-2.5378438229546385e-11,-6.293099638210717e-08,4.3296475179778986e-08,,,,
0.9833333333333333,59,object_a,0,1,rigid_box,-0.1504878722584242,-1.5617626509695682e-06,0.3999902642300299,2.6868660997919077e-08,-4.597998780574798e-08,2.3294063638530282e-07,0.9999999999999715,-0.13032411650057074,-3.3110653543556093e-06,1.0235638552014148e-10,4.838448231761761e-10,-6.099683830102985e-08,1.8855318589435363e-08,,,,
0.9833333333333333,59,object_b,1,1,rigid_box,0.14742952073555549,8.537875936967462e-07,0.3999902647299653,9.770256899769546e-08,-1.4152432484226789e-07,-1.252158089545095e-07,0.9999999999999774,-0.0048140042868014985,1.5360406014414556e-06,1.0523401230283502e-09,-2.518430286757179e-11,-6.298958937536075e-08,4.331053534942849e-08,,,,
1.0,60,object_a,0,1,rigid_box,-0.15265849285304203,-1.6169102848071419e-06,0.3999902642317409,2.6872682984043365e-08,-4.64883139610272e-08,2.330975622920332e-07,0.9999999999999714,-0.1301605975977678,-3.3069109366709e-06,1.0294176275293943e-10,4.815961827866842e-10,-6.100117397068774e-08,1.880971388185156e-08,,,,
1.0,60,object_b,1,1,rigid_box,0.14734989462055398,8.791943693209299e-07,0.39999026474751237,9.770236015859624e-08,-1.420494976691876e-07,-1.2485482507555263e-07,0.9999999999999774,-0.0047454234770636155,1.5141434888530774e-06,1.0532903074039757e-09,-2.4975677878345307e-11,-6.304824162564269e-08,4.332471752939172e-08,,,,
1.0166666666666666,61,object_a,0,1,rigid_box,-0.15482638934883475,-1.6719887092402624e-06,0.3999902642334614,2.6876686154278216e-08,-4.699667638569669e-08,2.332541073002086e-07,0.9999999999999714,-0.12999721603287404,-3.3027600071715795e-06,1.0349679620269558e-10,4.793300939068162e-10,-6.100554101729347e-08,1.8763915007300932e-08,,,,
1.0166666666666666,61,object_b,1,1,rigid_box,0.14727141111046432,9.042363234778068e-07,0.3999902647650746,9.770215312594536e-08,-1.4257515952740076e-07,-1.244937224525394e-07,0.9999999999999774,-0.004676888807430413,1.492261102957279e-06,1.054167524106031e-09,-2.4751570429875027e-11,-6.310695319148475e-08,4.333902683227305e-08,,,,
1.0333333333333334,62,object_a,0,1,rigid_box,-0.1569915640334311,-1.7269979823713427e-06,0.3999902642351916,2.688067036288457e-08,-4.750507534196682e-08,2.3341026978951107e-07,0.9999999999999712,-0.12983397165497643,-3.298612562017476e-06,1.041098318665945e-10,4.770464808449743e-10,-6.100993960900642e-08,1.871792144003991e-08,,,,
1.0333333333333334,62,object_b,1,1,rigid_box,0.147194069436615,9.289137015062007e-07,0.39999026478265215,9.770194803345258e-08,-1.4310131091134826e-07,-1.2413250000287896e-07,0.9999999999999772,-0.004608400240600646,1.4703934317780173e-06,1.0550852570095914e-09,-2.4510908415362203e-11,-6.316572409237191e-08,4.3353468607217215e-08,,,,
1.05,63,object_a,0,1,rigid_box,-0.15915401919194638,-1.7819381622388434e-06,0.39999026423693135,2.688463546347573e-08,-4.8013511093297425e-08,2.3356604813665845e-07,0.9999999999999711,-0.12967086431337818,-3.2944685973738857e-06,1.0464292279910303e-10,4.747452650798097e-10,-6.101436987997015e-08,1.8671732971980148e-08,,,,
1.05,63,object_b,1,1,rigid_box,0.14711786883095607,9.532267485454296e-07,0.39999026480024485,9.770174502413983e-08,-1.4362795231552904e-07,-1.2377115659741796e-07,0.9999999999999772,-0.004539957739310872,1.4485404633499632e-06,1.0559692183165215e-09,-2.4252533045349006e-11,-6.322455433695838e-08,4.3368048513414896e-08,,,,
1.0666666666666667,64,object_a,0,1,rigid_box,-0.1613137571069863,-1.8368093068173593e-06,0.39999026423868084,2.6888581309025044e-08,-4.85219839043911e-08,2.337214407155787e-07,0.9999999999999711,-0.12950789385759845,-3.290328109411561e-06,1.0522759573416973e-10,4.724263691447294e-10,-6.101883198285338e-08,1.8625349242189155e-08,,,,
1.0666666666666667,64,object_b,1,1,rigid_box,0.14704280852605814,9.771757095354839e-07,0.39999026481785277,9.77015442510998e-08,-1.4415508423419825e-07,-1.234096910581212e-07,0.9999999999999772,-0.004471561266335268,1.4267021857184944e-06,1.0568797989551904e-09,-2.397519068870876e-11,-6.328344385577245e-08,4.338277270279462e-08,,,,
1.0833333333333333,65,object_a,0,1,rigid_box,-0.16347078005865032,-1.8916114740177154e-06,0.39999026424044004,2.6892507751875866e-08,-4.903049404122038e-08,2.338764458972305e-07,0.999999999999971,-0.12934506013737207,-3.286191094306712e-06,1.0581933246323061e-10,4.700897206543437e-10,-6.102332607920298e-08,1.8578769815920176e-08,,,,
1.0833333333333333,65,object_b,1,1,rigid_box,0.14696888775511194,1.000760829217205e-06,0.39999026483547595,9.770134587832636e-08,-1.4468270716088414e-07,-1.2304810215471528e-07,0.9999999999999771,-0.004403210784485664,1.4048785869397228e-06,1.057819925404102e-09,-2.367752364808819e-11,-6.334239254819539e-08,4.339764762015573e-08,,,,
1.1,66,object_a,0,1,rigid_box,-0.16562509032453546,-1.9463447216870532e-06,0.399990264242209,2.6896414643741646e-08,-4.953904177098415e-08,2.3403106205011883e-07,0.999999999999971,-0.12918236300264882,-3.282057548240988e-06,1.0643659738296396e-10,4.677352412547081e-10,-6.102785230221829e-08,1.853199453275914e-08,,,,
1.1,66,object_b,1,1,rigid_box,0.14689610575192774,1.0239823521324652e-06,0.3999902648531143,9.770115008162537e-08,-1.452108215879197e-07,-1.2268638860116313e-07,0.9999999999999771,-0.0043349062566114885,1.3830696550805078e-06,1.058745011800477e-09,-2.3358060034159385e-11,-6.340140021595748e-08,4.341268007886534e-08,,,,
1.1166666666666667,67,object_a,0,1,rigid_box,-0.16777669017973987,-2.001009107608924e-06,0.39999026424398787,2.690030183571382e-08,-5.0047627362128975e-08,2.3418528754018437e-07,0.9999999999999709,-0.12901980230359328,-3.2779274674014765e-06,1.0700613832514971e-10,4.653628587527307e-10,-6.103241081135292e-08,1.8485023000674937e-08,,,,
1.1166666666666667,67,object_b,1,1,rigid_box,0.1468244617509345,1.0468405226243458e-06,0.3999902648707679,9.77009570496152e-08,-1.4573942800578282e-07,-1.2232454905175446e-07,0.9999999999999771,-0.004266647645599693,1.361275378218495e-06,1.0596398966611353e-09,-2.301520260809503e-11,-6.34604666208495e-08,4.34278775491132e-08,,,,
1.1333333333333333,68,object_a,0,1,rigid_box,-0.16992558189686624,-2.0556046895033784e-06,0.39999026424577655,2.690416917826825e-08,-5.055625108433959e-08,2.3433912073099796e-07,0.9999999999999709,-0.12885737789058443,-3.273800847980681e-06,1.0761002332271286e-10,4.629724994727228e-10,-6.103700175367931e-08,1.8437854953551724e-08,,,,
1.1333333333333333,68,object_b,1,1,rigid_box,0.1467539549871796,1.0693355848373192e-06,0.3999902648884367,9.770076698482698e-08,-1.46268526902312e-07,-1.219625820975832e-07,0.9999999999999771,-0.004198434914374691,1.3394957444421921e-06,1.060549200543326e-09,-2.2647215978100906e-11,-6.351959138582941e-08,4.344324775733144e-08,,,,
1.15,69,object_a,0,1,rigid_box,-0.1720717677460255,-2.110131525027056e-06,0.3999902642475752,2.6908016521272318e-08,-5.1064913208522435e-08,2.3449255998401156e-07,0.9999999999999708,-0.12869508961421514,-3.2696776861765237e-06,1.082191506546204e-10,4.6056409042179783e-10,-6.104162527463111e-08,1.839049015777834e-08,,,,
1.15,69,object_b,1,1,rigid_box,0.14668458469632792,1.0914677827174285e-06,0.39999026490612083,9.770058010491594e-08,-1.4679811876183723e-07,-1.2160048626157195e-07,0.999999999999977,-0.0041302680258983515,1.3177307418510198e-06,1.0614754544086002e-09,-2.2252212815949272e-11,-6.357877402691544e-08,4.3458799319641095e-08,,,,
1.1666666666666667,70,object_a,0,1,rigid_box,-0.17421524999484037,-2.164589671773279e-06,0.3999902642493838,2.6911843713993958e-08,-5.157361400680528e-08,2.346456036586665e-07,0.9999999999999708,-0.12853293732529214,-3.2655579781923272e-06,1.0882601070294484e-10,4.581375595558044e-10,-6.104628151508785e-08,1.834292842224467e-08,,,,
1.1666666666666667,70,object_b,1,1,rigid_box,0.14661635011466131,1.1132373600124728e-06,0.3999902649238202,9.770039664399731e-08,-1.4732820406400057e-07,-1.212382599940779e-07,0.999999999999977,-0.00406214694316995,1.2959803585554315e-06,1.0623932775177813e-09,-2.1828137804041506e-11,-6.363801393179766e-08,4.347454099996258e-08,,,,
1.1833333333333333,71,object_a,0,1,rigid_box,-0.17635603090844884,-2.2189791872721346e-06,0.3999902642512024,2.6915650605107376e-08,-5.2082353752551715e-08,2.3479825011235748e-07,0.9999999999999707,-0.12837092087483518,-3.2614417202368155e-06,1.0939231291640095e-10,4.5569283698752835e-10,-6.105097063310877e-08,1.829516942357162e-08,,,,
1.1833333333333333,71,object_b,1,1,rigid_box,0.14654925047907788,1.134644560272189e-06,0.399990264941535,9.77002168541206e-08,-1.4785878328247057e-07,-1.2087590166746484e-07,0.999999999999977,-0.0039940716292260975,1.2742445826770298e-06,1.0632970059987201e-09,-2.1372750415108222e-11,-6.369731026840013e-08,4.349048260057496e-08,,,,
1.2,72,object_a,0,1,rigid_box,-0.17849411274950788,-2.2733001289905736e-06,0.399990264253031,2.6919437042701784e-08,-5.2591132720324706e-08,2.3495049770089025e-07,0.9999999999999706,-0.1282090401140769,-3.257328908524087e-06,1.100272113002676e-10,4.532298523306857e-10,-6.105569276360942e-08,1.824721306223518e-08,,,,
1.2,72,object_b,1,1,rigid_box,0.14648328502709163,1.1556896268484416e-06,0.3999902649592652,9.770004100690067e-08,-1.483898568831925e-07,-1.2051340957039984e-07,0.9999999999999769,-0.003926042047140671,1.252523402348724e-06,1.0642629989093821e-09,-2.0883604962083178e-11,-6.375666201963521e-08,4.35066345365798e-08,,,,
1.2166666666666666,73,object_a,0,1,rigid_box,-0.18062949777819695,-2.3275525543324947e-06,0.3999902642548697,2.692320287428662e-08,-5.3099951185898466e-08,2.3510234477846056e-07,0.9999999999999706,-0.1280472948944625,-3.2532195392736317e-06,1.1059901258714255e-10,4.5074853632635874e-10,-6.106044805418372e-08,1.819905912409544e-08,,,,
1.2166666666666666,73,object_b,1,1,rigid_box,0.1464184529968316,1.1763728028954118e-06,0.39999026497701096,9.769986939532332e-08,-1.4892142532240082e-07,-1.2015078190174244e-07,0.9999999999999769,-0.003858058160024857,1.2308168057149282e-06,1.0652214041395602e-09,-2.0358028423080947e-11,-6.381606788336856e-08,4.352300791416078e-08,,,,
1.2333333333333334,74,object_a,0,1,rigid_box,-0.18276218825222124,-2.3817365206388364e-06,0.3999902642567186,2.6926947946803307e-08,-5.3608809426241963e-08,2.3525378969793807e-07,0.9999999999999705,-0.12788568506764908,-3.2491136087102966e-06,1.1123966331405555e-10,4.482488221482628e-10,-6.106523665056861e-08,1.8150707439205894e-08,,,,
1.2333333333333334,74,object_b,1,1,rigid_box,0.1463547536270413,1.19669433136979e-06,0.39999026499477236,9.769970233574729e-08,-1.4945348904416592e-07,-1.1978801676305137e-07,0.9999999999999769,-0.003790119931027034,1.2091247809317696e-06,1.0661300800518525e-09,-1.979309561011419e-11,-6.387552625358096e-08,4.3539614808894165e-08,,,,
1.25,75,object_a,0,1,rigid_box,-0.18489218642681565,-2.4358520851876644e-06,0.39999026425857764,2.6930672106634115e-08,-5.411770771952222e-08,2.3540483081092992e-07,0.9999999999999705,-0.1277242104855055,-3.245011113064291e-06,1.1179740293243423e-10,4.4573064248000424e-10,-6.107005869004423e-08,1.8102157919343613e-08,,,,
1.25,75,object_b,1,1,rigid_box,0.1462921861570781,1.2166544550309751e-06,0.3999902650125496,9.769954017012889e-08,-1.4998604847737874e-07,-1.1942511215162716e-07,0.9999999999999768,-0.0037222273233326903,1.1874473161673548e-06,1.0670799244216767e-09,-1.918560092140097e-11,-6.393503509915354e-08,4.355646822070733e-08,,,,
1.2666666666666666,76,object_a,0,1,rigid_box,-0.18701949455474795,-2.4898993051942628e-06,0.3999902642604469,2.6934375199609897e-08,-5.46266463450801e-08,2.3555546646814067e-07,0.9999999999999704,-0.12756287100011207,-3.2409120485711694e-06,1.1244215628036791e-10,4.431939316518987e-10,-6.107491431805837e-08,1.805341042614868e-08,,,,
1.2666666666666666,76,object_b,1,1,rigid_box,0.14623074982691261,1.2362534164412768e-06,0.3999902650303428,9.769938326849599e-08,-1.505191040319939e-07,-1.1906206595132704e-07,0.9999999999999768,-0.0036543803001644766,1.1657843996021413e-06,1.0680218116149165e-09,-1.8532026620186273e-11,-6.399459194081555e-08,4.357358222625944e-08,,,,
1.2833333333333334,77,object_a,0,1,rigid_box,-0.18914411488632255,-2.543878237811223e-06,0.3999902642623264,2.6938057071019727e-08,-5.513562558343214e-08,2.357056950194503e-07,0.9999999999999704,-0.1274016664637599,-3.23681641147183e-06,1.1304947949986044e-10,4.4063862588659593e-10,-6.107980367599681e-08,1.8004464855520733e-08,,,,
1.2833333333333334,77,object_b,1,1,rigid_box,0.1461704438771281,1.2554914579661244e-06,0.3999902650481524,9.769923203170598e-08,-1.5105265609454404e-07,-1.1869887592377375e-07,0.9999999999999767,-0.00358657882478205,1.144136019429261e-06,1.0690626769255251e-09,-1.7828506832889773e-11,-6.405419364170078e-08,4.359097210853609e-08,,,,
1.3,78,object_a,0,1,rigid_box,-0.1912660496693838,-2.5977889401285292e-06,0.3999902642642163,2.6941717565625087e-08,-5.564464571628105e-08,2.35855514813957e-07,0.9999999999999702,-0.1272405967289508,-3.2327241980125012e-06,1.1370878891248104e-10,4.380646620007862e-10,-6.108472690438551e-08,1.7955321147528517e-08,,,,
1.3,78,object_b,1,1,rigid_box,0.14611126754891987,1.274368821774281e-06,0.3999902650659785,9.769908689452356e-08,-1.5158670502252174e-07,-1.18335539697757e-07,0.9999999999999767,-0.003518822860482213,1.122502163855042e-06,1.0699919665568824e-09,-1.7070786783418732e-11,-6.411383636474764e-08,4.360865445910684e-08,,,,
1.3166666666666667,79,object_a,0,1,rigid_box,-0.1933853011493198,-2.6516314691736518e-06,0.39999026426611645,2.6945356527665102e-08,-5.6153707026470174e-08,2.3600492420050317e-07,0.9999999999999702,-0.12707966164839674,-3.2286354044447342e-06,1.1426531075497959e-10,4.3547197821927145e-10,-6.108968413732121e-08,1.790597928969966e-08,,,,
1.3166666666666667,79,object_b,1,1,rigid_box,0.14605322008409455,1.29288574983807e-06,0.39999026508382174,9.769894832906309e-08,-1.5212125113741955e-07,-1.1797205475744704e-07,0.9999999999999767,-0.0034511123705985563,1.1008828210994581e-06,1.0710536138547333e-09,-1.625417633803949e-11,-6.417351535020265e-08,4.362664726978536e-08,,,,
1.3333333333333333,80,object_a,0,1,rigid_box,-0.1955018715690655,-2.705405881911634e-06,0.39999026426802703,2.6948973800870472e-08,-5.666280979800509e-08,2.3615392152762142e-07,0.9999999999999701,-0.12691886107501946,-3.2245500270253857e-06,1.1495572549424793e-10,4.328605132055848e-10,-6.109467551035971e-08,1.7856439306404695e-08,,,,
1.3333333333333333,80,object_b,1,1,rigid_box,0.14599630072506956,1.311042483933606e-06,0.3999902651016825,9.769881684864468e-08,-1.52656294716124e-07,-1.1760841842937434e-07,0.9999999999999767,-0.0033834473185017475,1.0792779793968083e-06,1.0721148396147795e-09,-1.5373497342059427e-11,-6.423322469219126e-08,4.3644970266224965e-08,,,,
1.35,81,object_a,0,1,rigid_box,-0.19761576316910653,-2.7591122352451796e-06,0.39999026426994805,2.6952569228474483e-08,-5.717195431602902e-08,2.3630250514386632e-07,0.99999999999997,-0.1267581948619501,-3.220468062016629e-06,1.1558223475538476e-10,4.3023020946026897e-10,-6.109970117300505e-08,1.7806701077637818e-08,,,,
1.35,81,object_b,1,1,rigid_box,0.14594050871487246,1.3288392656410408e-06,0.39999026511956154,9.769869301212326e-08,-1.5319183598012061e-07,-1.1724462786788695e-07,0.9999999999999766,-0.0033158276675992466,1.0576876269963764e-06,1.0732681011288436e-09,-1.4423023293774089e-11,-6.429295704165927e-08,4.36636450527087e-08,,,,
1.3666666666666667,82,object_a,0,1,rigid_box,-0.19972697818748245,-2.8127505860147414e-06,0.3999902642718795,2.69561426532219e-08,-5.7681140866802164e-08,2.3645067339815221e-07,0.99999999999997,-0.126597662862529,-3.216389505685924e-06,1.1617736460356465e-10,4.2758100737098244e-10,-6.110476124240209e-08,1.775676480422707e-08,,,,
1.3666666666666667,82,object_b,1,1,rigid_box,0.14588584329714044,1.3462763363448191e-06,0.3999902651374596,9.769857742875665e-08,-1.537278750821247e-07,-1.168806800388997e-07,0.9999999999999766,-0.0032482533813354016,1.0361117521632669e-06,1.074460917807607e-09,-1.3396410276954497e-11,-6.435270326275292e-08,4.368269516290257e-08,,,,
1.3833333333333333,83,object_a,0,1,rigid_box,-0.20183551885979054,-2.8663209909986143e-06,0.3999902642738215,2.695969391738962e-08,-5.819036973773589e-08,2.365984246395723e-07,0.9999999999999699,-0.1264372649303052,-3.2123143543060143e-06,1.1680536919633777e-10,4.249128529169731e-10,-6.110985586850953e-08,1.770663041649586e-08,,,,
1.3833333333333333,83,object_b,1,1,rigid_box,0.14583230371611963,1.363353937233951e-06,0.3999902651553778,9.769847076369247e-08,-1.5426441208898515e-07,-1.165165717008823e-07,0.9999999999999765,-0.0031807244231913463,1.014550343179284e-06,1.0756429202202211e-09,-1.2286618119775735e-11,-6.4412451944055e-08,4.3702146627376476e-08,,,,
1.4,84,object_a,0,1,rigid_box,-0.20394138741918882,-2.9198235069130146e-06,0.399990264275774,2.6963222862786803e-08,-5.8699641217325696e-08,2.367457572181413e-07,0.9999999999999698,-0.12627700091903593,-3.208242604154929e-06,1.1747820424790056e-10,4.222256907800366e-10,-6.11149851730817e-08,1.7656298109583566e-08,,,,
1.4,84,object_b,1,1,rigid_box,0.14577988921666438,1.3800723093022986e-06,0.3999902651733175,9.769837374416436e-08,-1.5480144696030594e-07,-1.1615229938365784e-07,0.9999999999999765,-0.003113240756684858,9.930033883439192e-07,1.0770175012247973e-09,-1.1085819358810235e-11,-6.447218882103182e-08,4.372202825620508e-08,,,,
1.4166666666666667,85,object_a,0,1,rigid_box,-0.20604458609639992,-2.973258190412173e-06,0.39999026427773715,2.696672933078281e-08,-5.920895559519209e-08,2.3689266948457087e-07,0.9999999999999698,-0.12611687068268662,-3.2041742515159583e-06,1.180989733090554e-10,4.195194677030609e-10,-6.112014929561076e-08,1.760576792639927e-08,,,,
1.4166666666666667,85,object_b,1,1,rigid_box,0.1457285990442369,1.3964316933488806e-06,0.39999026519128034,9.769828716650746e-08,-1.5533897952110906e-07,-1.157878593644029e-07,0.9999999999999765,-0.003045802345370544,9.714708759755258e-07,1.0784450190509665e-09,-9.78529427509667e-12,-6.453189594922451e-08,4.3742371786572667e-08,,,,
1.4333333333333333,86,object_a,0,1,rigid_box,-0.20814511711971442,-3.026625098088424e-06,0.3999902642797109,2.697021316230916e-08,-5.971831316202584e-08,2.370391597909145e-07,0.9999999999999698,-0.12595687407543008,-3.2001092926776568e-06,1.187310666450614e-10,4.1679413263203025e-10,-6.112534836421444e-08,1.755504004257372e-08,,,,
1.4333333333333333,86,object_b,1,1,rigid_box,0.14567843244490636,1.412432329978197e-06,0.39999026520926856,9.769821190411725e-08,-1.5587700942679986e-07,-1.1542324763956277e-07,0.9999999999999764,-0.0029784091528395596,9.499527944124094e-07,1.0800360883411741e-09,-8.375309731526263e-12,-6.459155066320432e-08,4.376321269932635e-08,,,,
1.45,87,object_a,0,1,rigid_box,-0.21024298271499423,-3.079924286472289e-06,0.3999902642816953,2.6973674197877292e-08,-6.022771420960289e-08,2.3718522649057347e-07,0.9999999999999697,-0.1257970109516464,-3.1960477239338297e-06,1.1937726501765056e-10,4.1404963549801087e-10,-6.113058250239259e-08,1.7504114691387512e-08,,,,
1.45,87,object_b,1,1,rigid_box,0.14562938866534836,1.428074459600572e-06,0.39999026522728487,9.769814891650433e-08,-1.5641553611804704e-07,-1.1505845989243626e-07,0.9999999999999764,-0.002911061142719692,9.28449132014046e-07,1.0818396959516585e-09,-6.844978196181933e-12,-6.465112419281941e-08,4.378459052845938e-08,,,,
1.4666666666666666,88,object_a,0,1,rigid_box,-0.21233818510567606,-3.1331558120325656e-06,0.3999902642836905,2.6977112277595117e-08,-6.073715903076676e-08,2.373308679386147e-07,0.9999999999999696,-0.12563728116592254,-3.1919895415835224e-06,1.200408175638934e-10,4.112859296633067e-10,-6.113585184295816e-08,1.7452992038982195e-08,,,,
1.4666666666666666,88,object_b,1,1,rigid_box,0.14558146695284455,1.443358322432517e-06,0.3999902652453328,9.769809925962385e-08,-1.5695455876226772e-07,-1.1469349145606237e-07,0.9999999999999764,-0.002843758278675302,9.069598771622515e-07,1.0838509222066417e-09,-5.182093531328185e-12,-6.471057987625158e-08,4.380654961127611e-08,,,,
1.4833333333333334,89,object_a,0,1,rigid_box,-0.21443072651277498,-3.186319731176416e-06,0.39999026428569634,2.6980527241182524e-08,-6.124664791941227e-08,2.3747608249207308e-07,0.9999999999999696,-0.1254776845730519,-3.1879347419310215e-06,1.2064517267151853e-10,4.085029692550289e-10,-6.114115651071383e-08,1.7401672339613636e-08,,,,
1.4833333333333334,89,object_b,1,1,rigid_box,0.1455346665552818,1.4582841584971122e-06,0.39999026526341713,9.769806409769325e-08,-1.5749407617697057e-07,-1.1432833726897026e-07,0.9999999999999762,-0.0027765005244072137,8.854850182621157e-07,1.086194014940367e-09,-3.372938755603755e-12,-6.476987058001162e-08,4.382914007206273e-08,,,,
1.5,90,object_a,0,1,rigid_box,-0.21652060915488766,-3.239416100249454e-06,0.399990264287713,2.6983918927984524e-08,-6.175618117048319e-08,2.3762086851013706e-07,0.9999999999999695,-0.1253182210280341,-3.183883321285823e-06,1.212879484346896e-10,4.057007094176331e-10,-6.114649662892817e-08,1.7350155883208887e-08,,,,
1.5,90,object_b,1,1,rigid_box,0.1454889867211517,1.4728522076244002e-06,0.39999026528154374,9.76980447167601e-08,-1.5803408672885546e-07,-1.139629918233049e-07,0.9999999999999762,-0.002709287843652744,8.640245437425182e-07,1.0889319047163726e-09,-1.4020593665035506e-12,-6.482893544856381e-08,4.385241867947429e-08,,,,
1.5166666666666666,91,object_a,0,1,rigid_box,-0.2186078352481961,-3.2924449755358307e-06,0.3999902642897405,2.698728717698866e-08,-6.22657590799343e-08,2.377652243546505e-07,0.9999999999999694,-0.12515889038607436,-3.179835275962654e-06,1.219274646524493e-10,4.028791084872915e-10,-6.115187231840278e-08,1.7298443008557984e-08,,,,
1.5166666666666666,91,object_b,1,1,rigid_box,0.1454444266995497,1.4870627094517801e-06,0.3999902652997205,9.769804254033816e-08,-1.5857458819957805e-07,-1.1359744910307651e-07,0.9999999999999762,-0.002642120200185587,8.425784420559404e-07,1.0922351946496267e-09,7.480052096230643e-13,-6.488769519478976e-08,4.3876450398514324e-08,,,,
1.5333333333333334,92,object_a,0,1,rigid_box,-0.22069240700647066,-3.345406413258323e-06,0.3999902642917788,2.6990631826844256e-08,-6.277538194476854e-08,2.3790914838995184e-07,0.9999999999999694,-0.12499969250258347,-3.175790602281445e-06,1.225837625851156e-10,4.000381274129277e-10,-6.115728370726841e-08,1.7246534000029708e-08,,,,
1.5333333333333334,92,object_b,1,1,rigid_box,0.14540098574017496,1.5009159034243918e-06,0.3999902653179576,9.769805914750853e-08,-1.5911557760582222e-07,-1.1323170251001805e-07,0.9999999999999761,-0.002574997557815853,8.211467016769224e-07,1.0961594704844702e-09,3.0970435605902176e-12,-6.494604580172195e-08,4.390130969548084e-08,,,,
1.55,93,object_a,0,1,rigid_box,-0.22277432664107394,-3.398300469578417e-06,0.39999026429382806,2.699395271587845e-08,-6.328505006296676e-08,2.380526389836855e-07,0.9999999999999692,-0.12484062723317713,-3.171749296567323e-06,1.2327115023191837e-10,3.9717772790910453e-10,-6.116273090474299e-08,1.7194429340303318e-08,,,,
1.55,93,object_b,1,1,rigid_box,0.1453586630933293,1.5144120287954532e-06,0.3999902653362691,9.769809629398757e-08,-1.5965705095570106e-07,-1.1286574477328179e-07,0.9999999999999761,-0.002507919880389859,7.997293110982139e-07,1.1010816772238918e-09,5.667560982917308e-12,-6.500384961431018e-08,4.392708319537378e-08,,,,
1.5666666666666667,94,object_a,0,1,rigid_box,-0.22485359636096372,-3.4511272005963987e-06,0.39999026429588824,2.6997249682110296e-08,-6.379476373351184e-08,2.3819569450675186e-07,0.9999999999999692,-0.12468169443367566,-3.167711355150616e-06,1.2390721781940783e-10,3.94297874406482e-10,-6.116821404008487e-08,1.714212934256813e-08,,,,
1.5666666666666667,94,object_b,1,1,rigid_box,0.14531745800991677,1.5275513246265043e-06,0.39999026535467314,9.769815593681542e-08,-1.601990029160358e-07,-1.1249956783977031e-07,0.999999999999976,-0.0024408871317902637,7.783262588234479e-07,1.1072276793339109e-09,8.48525830277587e-12,-6.506092278998881e-08,4.3953871659444994e-08,,,,
1.5833333333333333,95,object_a,0,1,rigid_box,-0.22693021837269664,-3.5038866623514388e-06,0.39999026429795936,2.700052256327547e-08,-6.43045232563558e-08,2.3833831333380374e-07,0.9999999999999691,-0.12452289396010377,-3.1636767743668255e-06,1.2458655461455859e-10,3.9139853359630423e-10,-6.117373322439049e-08,1.7089634520815815e-08,,,,
1.5833333333333333,95,object_b,1,1,rigid_box,0.14527736974144315,1.5403340297874808e-06,0.3999902653731948,9.769824026353282e-08,-1.6074142635303167e-07,-1.1213316273699674e-07,0.999999999999976,-0.0023738992759358406,7.56937533353753e-07,1.115140405363868e-09,1.1579629476523273e-11,-6.511701752892609e-08,4.3981794395687984e-08,,,,
1.6,96,object_a,0,1,rigid_box,-0.2290041948804316,-3.556578910821678e-06,0.3999902643000415,2.7003771196842405e-08,-6.481432893240619e-08,2.384804938435469e-07,0.999999999999969,-0.12436422566869007,-3.1596455505566333e-06,1.252470765988889e-10,3.884796751889515e-10,-6.117928856835091e-08,1.7036945408228718e-08,,,,
1.6,96,object_b,1,1,rigid_box,0.1452383975400153,1.5527603829564887e-06,0.39999026539186805,9.769835172705454e-08,-1.6128431169262212e-07,-1.1176651940315924e-07,0.9999999999999759,-0.002306956276781523,7.355631231651342e-07,1.1254464235554984e-09,1.4984730064487026e-11,-6.517179650136646e-08,4.4010993146116714e-08,,,,
1.6166666666666667,97,object_a,0,1,rigid_box,-0.2310755280859332,-3.609204001924316e-06,0.39999026430213463,2.7006995420032945e-08,-6.532418106353882e-08,2.386222344188292e-07,0.999999999999969,-0.12420568941586677,-3.155617680065884e-06,1.2587979270062277e-10,3.8554127074829174e-10,-6.118488019271157e-08,1.6984062465728663e-08,,,,
1.6166666666666667,97,object_b,1,1,rigid_box,0.14520054065834032,1.5648306226190751e-06,0.3999902654107398,9.769849308796679e-08,-1.6182764602100454e-07,-1.1139962647150526e-07,0.9999999999999759,-0.002240058098318306,7.14203016670806e-07,1.1389838412700914e-09,1.8740192332882354e-11,-6.522479610361573e-08,4.4041638502886474e-08,,,,
1.6333333333333333,98,object_a,0,1,rigid_box,-0.23314422018857495,-3.6617619915156924e-06,0.39999026430423884,2.7010195069842298e-08,-6.583407995254358e-08,2.3876353344732853e-07,0.9999999999999689,-0.12404728505826919,-3.151593159245582e-06,1.2658850356839224e-10,3.825832925787033e-10,-6.119050820000064e-08,1.693098635566336e-08,,,,
1.6333333333333333,98,object_b,1,1,rigid_box,0.1451637983497253,1.5765449870666836e-06,0.3999902654298752,9.769866746684414e-08,-1.6237141180974815e-07,-1.1103247099650576e-07,0.9999999999999758,-0.0021732047045731158,6.928572021599126e-07,1.1570331862748029e-09,2.289261765135267e-11,-6.527537312617747e-08,4.4073938134672675e-08,,,,
1.65,99,object_a,0,1,rigid_box,-0.23521027338534273,-3.714252935391378e-06,0.3999902643063542,2.7013369983060566e-08,-6.634402590312953e-08,2.389043893217068e-07,0.9999999999999689,-0.12388901245273559,-3.147571984451884e-06,1.2725475187491675e-10,3.7960571874829707e-10,-6.119617270419716e-08,1.68777176528551e-08,,,,
1.65,99,object_b,1,1,rigid_box,0.14512816986807645,1.587903714393776e-06,0.3999902654493656,9.76988784106175e-08,-1.629155850989035e-07,-1.1066503810304477e-07,0.9999999999999758,-0.0021063960596086747,6.715256676989721e-07,1.1815184906838194e-09,2.7497566717260538e-11,-6.532262806082077e-08,4.410814650754321e-08,,,,
1.6666666666666667,100,object_a,0,1,rigid_box,-0.23727368987083813,-3.7666768892862592e-06,0.39999026430848067,2.7016519996293333e-08,-6.685401921992043e-08,2.390448004398741e-07,0.9999999999999688,-0.12373087145630672,-3.143554152046089e-06,1.278876136934226e-10,3.766085285576282e-10,-6.120187381672657e-08,1.682425698193033e-08,,,,
1.6666666666666667,100,object_b,1,1,rigid_box,0.1450936544678988,1.5989070424928342e-06,0.39999026546933975,9.769912997949273e-08,-1.6346013290309458e-07,-1.1029731053836883e-07,0.9999999999999758,-0.0020396321275234605,6.502084009754381e-07,1.2150197393340223e-09,3.262252080389271e-11,-6.536529585330446e-08,4.414457824012727e-08,,,,
1.6833333333333333,101,object_a,0,1,rigid_box,-0.2393344718372821,-3.819033908874622e-06,0.3999902643106183,2.7019644945987024e-08,-6.736406020842806e-08,2.3918476520544903e-07,0.9999999999999687,-0.12357286192622544,-3.1395396583946257e-06,1.2854857456279234e-10,3.735917037370461e-10,-6.120761163975172e-08,1.6770605079177035e-08,,,,
1.6833333333333333,101,object_b,1,1,rigid_box,0.14506025140429524,1.6095552090460217e-06,0.3999902654899789,9.769942686511389e-08,-1.6400500953048622e-07,-1.0992926810455903e-07,0.9999999999999757,-0.00197291287245146,6.289053890526446e-07,1.2612637358133671e-09,3.8351453165931533e-11,-6.54015956023908e-08,4.418362356973257e-08,,,,
1.7,102,object_a,0,1,rigid_box,-0.24139262147451782,-3.871324049770235e-06,0.39999026431276713,2.7022744668449475e-08,-6.787414917501358e-08,2.393242820283281e-07,0.9999999999999687,-0.12341498371993637,-3.1355284998690478e-06,1.2927938754236923e-10,3.7055522908242236e-10,-6.121338627212173e-08,1.6716762750874598e-08,,,,
1.7,102,object_b,1,1,rigid_box,0.14502795993296624,1.6198484515116774e-06,0.39999026551153677,9.769977455768927e-08,-1.6455015145809203e-07,-1.0956088696194061e-07,0.9999999999999757,-0.0019062382585621352,6.076166179953393e-07,1.3250980920170852e-09,4.479205873791181e-11,-6.542903828748926e-08,4.422576293972794e-08,,,,
1.7166666666666666,103,object_a,0,1,rigid_box,-0.24344814097001455,-3.9235473675264456e-06,0.3999902643149272,2.7025818999871938e-08,-6.83842864269176e-08,2.394633493246469e-07,0.9999999999999686,-0.1232572366950856,-3.1315206728460373e-06,1.2991300570031061e-10,3.674990916857644e-10,-6.12191978217708e-08,1.6662730720096224e-08,,,,
1.7166666666666666,103,object_b,1,1,rigid_box,0.144996779310209,1.629787007103075e-06,0.39999026553436057,9.770017959080595e-08,-1.6509547050375235e-07,-1.0919213882874205e-07,0.9999999999999756,-0.001839608250060268,5.863420723198708e-07,1.4127724684565024e-09,5.208720802958839e-11,-6.544421999509169e-08,4.4271575923925905e-08,,,,
1.7333333333333334,104,object_a,0,1,rigid_box,-0.24550103250887062,-3.97570391763625e-06,0.3999902643170985,2.7028867776356995e-08,-6.889447227221017e-08,2.396019655174875e-07,0.9999999999999685,-0.12309962070952028,-3.1275161737073723e-06,1.30606197731864e-10,3.644232830312599e-10,-6.122504638772298e-08,1.6608509851199144e-08,,,,
1.7333333333333334,104,object_b,1,1,rigid_box,0.14496670879291704,1.6393711127562689e-06,0.3999902655589027,9.770064990744418e-08,-1.6564084555177445e-07,-1.0882299019651757e-07,0.9999999999999756,-0.0017730228111865298,5.650817342484312e-07,1.5304008407768244e-09,6.043248837384932e-11,-6.544270301919072e-08,4.4321726596029686e-08,,,,
1.75,105,object_a,0,1,rigid_box,-0.24755129827381694,-4.02779375553239e-06,0.3999902643192811,2.7031890833943322e-08,-6.940470701979168e-08,2.397401290371064e-07,0.9999999999999685,-0.12294213562128824,-3.12351499883995e-06,1.3126571357657824e-10,3.6132779505718696e-10,-6.123093206751645e-08,1.655410103250089e-08,,,,
1.75,105,object_b,1,1,rigid_box,0.14493774763857972,1.6486010050842553e-06,0.3999902655856977,9.770119540284493e-08,-1.6618611455642817e-07,-1.084534018653741e-07,0.9999999999999756,-0.0017064819062186326,5.438355828491969e-07,1.6809755098295964e-09,7.010054399560233e-11,-6.541923943238217e-08,4.437689847336097e-08,,,,
1.7666666666666666,106,object_a,0,1,rigid_box,-0.24959894044522052,-4.079816936587433e-06,0.399990264321475,2.7034888008630155e-08,-6.991499097937243e-08,2.3987783832138865e-07,0.9999999999999684,-0.12278478128863762,-3.1195171446357447e-06,1.3196066982190668e-10,3.582126261483138e-10,-6.123685495322356e-08,1.649950524444899e-08,,,,
1.7666666666666666,106,object_b,1,1,rigid_box,0.14490989510528113,1.6574769203181125e-06,0.39999026561525597,9.770182868667691e-08,-1.667310715822594e-07,-1.0808332938773328e-07,0.9999999999999755,-0.0016399854994738545,5.226035934093889e-07,1.8579381973887754e-09,8.146770378361063e-11,-6.536879550599255e-08,4.44376420222201e-08,,,,
1.7833333333333334,107,object_a,0,1,rigid_box,-0.2516439612010873,-4.131773516113859e-06,0.3999902643236803,2.7037859136403263e-08,-7.042532446145087e-08,2.400150918162986e-07,0.9999999999999684,-0.12262755757001664,-3.1155226074918276e-06,1.3263251087691774e-10,3.550777770535992e-10,-6.124281515041503e-08,1.6444723370920724e-08,,,,
1.7833333333333334,107,object_b,1,1,rigid_box,0.14488315045169983,1.6659990942453625e-06,0.39999026564782997,9.770256602234731e-08,-1.6727547772530047e-07,-1.0771272520586535e-07,0.9999999999999755,-0.0015735335553122732,5.013857378381206e-07,2.036986676556829e-09,9.50269039291524e-11,-6.528881978549831e-08,4.450413245391139e-08,,,,
1.8,108,object_a,0,1,rigid_box,-0.25368636271706585,-4.183663549364143e-06,0.3999902643258969,2.7040804053263067e-08,-7.093570777731335e-08,2.401518879761739e-07,0.9999999999999682,-0.12247046432407312,-3.1115313838103448e-06,1.333470868447595e-10,3.5192324913061577e-10,-6.124881274433822e-08,1.6389756518874458e-08,,,,
1.8,108,object_b,1,1,rigid_box,0.14485751293710813,1.6741677621726708e-06,0.3999902656830947,9.770342821666714e-08,-1.6781909546531273e-07,-1.0734154283237573e-07,0.9999999999999754,-0.0015071260381369915,4.801819872296915e-07,2.175399926168664e-09,1.113613028751757e-10,-6.518234178838803e-08,4.457595328282927e-08,,,,
1.8166666666666667,109,object_a,0,1,rigid_box,-0.255726147166451,-4.23548709153084e-06,0.39999026432812496,2.7043722595251293e-08,-7.144614123899277e-08,2.4028822526436656e-07,0.9999999999999682,-0.1223135014096542,-3.1075434699985184e-06,1.3403961447722157e-10,3.4874904931231706e-10,-6.125484782014884e-08,1.6334605820000387e-08,,,,
1.8166666666666667,109,object_b,1,1,rigid_box,0.14483298182137108,1.6819831589552946e-06,0.399990265719973,9.770444107909803e-08,-1.6836174480915668e-07,-1.0696974177432174e-07,0.9999999999999752,-0.0014407629123868143,4.58992317091152e-07,2.2302294559739533e-09,1.310737765301301e-10,-6.505968190235175e-08,4.465216385073691e-08,,,,
1.8333333333333333,110,object_a,0,1,rigid_box,-0.25776331672018643,-4.28724419774667e-06,0.39999026433036444,2.7046614598483325e-08,-7.195662515928663e-08,2.404241021533967e-07,0.9999999999999681,-0.12215666868580596,-3.10355886246863e-06,1.3471249463159474e-10,3.455551890446976e-10,-6.126092047391557e-08,1.6279272355999723e-08,,,,
1.8333333333333333,110,object_b,1,1,rigid_box,0.1448095563649463,1.689445519127379e-06,0.3999902657568843,9.770563529268236e-08,-1.6890335670212248e-07,-1.0659728990259783e-07,0.9999999999999752,-0.0013744441425249507,4.3781671368976267e-07,2.1864276101429825e-09,1.5473024896755578e-10,-6.493605771438325e-08,4.473181321588502e-08,,,,
1.85,111,object_a,0,1,rigid_box,-0.2597978735468683,-4.338934923084605e-06,0.39999026433261536,2.704947989917214e-08,-7.246715985171858e-08,2.405595171255923e-07,0.999999999999968,-0.121999966011773,-3.09957755763802e-06,1.3534534777648322e-10,3.4234168050534694e-10,-6.126703078863154e-08,1.6223757355223144e-08,,,,
1.85,111,object_b,1,1,rigid_box,0.14478723582888345,1.6965550771239956e-06,0.3999902657923443,9.77070462074595e-08,-1.6944398921174408e-07,-1.0622416045054855e-07,0.9999999999999752,-0.0013081696930349223,4.16655178321479e-07,2.0669691860875083e-09,1.8290178215091033e-10,-6.482579485647032e-08,4.481462110693801e-08,,,,
1.8666666666666667,112,object_a,0,1,rigid_box,-0.2618298198127487,-4.3905593225579495e-06,0.3999902643348778,2.7052318333666456e-08,-7.297774563053053e-08,2.4069446867348974e-07,0.999999999999968,-0.12184339324699828,-3.095599551929078e-06,1.3604434072334026e-10,3.39108542970589e-10,-6.127317885891002e-08,1.616806199556716e-08,,,,
1.8666666666666667,112,object_b,1,1,rigid_box,0.14476601947482398,1.703312067540381e-06,0.39999026582544944,9.770871447645456e-08,-1.6998379699275594e-07,-1.0585032454933046e-07,0.9999999999999751,-0.0012419395284285306,3.9550772773572703e-07,1.912813081539344e-09,2.163094060320824e-10,-6.473763348786505e-08,4.490132315035059e-08,,,,
1.8833333333333333,113,object_a,0,1,rigid_box,-0.2638591576817392,-4.442117451120423e-06,0.39999026433715174,2.705512973846757e-08,-7.348838281065561e-08,2.40828955300386e-07,0.9999999999999679,-0.12168695025112258,-3.0916248417692287e-06,1.3677861274152825e-10,3.35855795681629e-10,-6.127936475441132e-08,1.6112187700733472e-08,,,,
1.8833333333333333,113,object_b,1,1,rigid_box,0.14474590656500047,1.709716725374112e-06,0.39999026585594655,9.77106880707591e-08,-1.705229789410557e-07,-1.05475743004363e-07,0.9999999999999751,-0.0011757536132555966,3.743743922815346e-07,1.7584541097542816e-09,2.5599540400944853e-10,-6.467403973540544e-08,4.4993563492567574e-08,,,,
1.9,114,object_a,0,1,rigid_box,-0.2658858893154133,-4.493609363666253e-06,0.39999026433943713,2.7057913950277934e-08,-7.399907170772397e-08,2.4096297552064897e-07,0.9999999999999678,-0.12153063688398424,-3.087653423590939e-06,1.3740612640755767e-10,3.3258346390585804e-10,-6.128558856297785e-08,1.6056135775526937e-08,,,,
1.9,114,object_b,1,1,rigid_box,0.1447268963622358,1.7157692862391027e-06,0.3999902658840166,9.77130256466989e-08,-1.7106173410409774e-07,-1.0510035987641763e-07,0.999999999999975,-0.001109611912107788,3.532552148002424e-07,1.6222426058726258e-09,3.03477042762321e-10,-6.463327685761168e-08,4.509363929078097e-08,,,,
1.9166666666666667,115,object_a,0,1,rigid_box,-0.2679100168730104,-4.545035115030244e-06,0.3999902643417342,2.706067080602078e-08,-7.450981263804493e-08,2.410965278602355e-07,0.9999999999999678,-0.12137445300561882,-3.083685293831697e-06,1.38127592697046e-10,3.292915782764993e-10,-6.129185037280312e-08,1.5999907584295236e-08,,,,
1.9166666666666667,115,object_b,1,1,rigid_box,0.14470898812994282,1.7214699865843912e-06,0.39999026591002607,9.77158012065063e-08,-1.7160023760692424e-07,-1.0472409771936017e-07,0.999999999999975,-0.001043514389617183,3.321502523601201e-07,1.5098680517661167e-09,3.609114894062803e-10,-6.461179161374195e-08,4.520437936398238e-08,,,,
1.9333333333333333,116,object_a,0,1,rigid_box,-0.26993154251143914,-4.596394759987879e-06,0.3999902643440428,2.7063400142878974e-08,-7.502060591856839e-08,2.412296108573828e-07,0.9999999999999677,-0.12121839847625869,-3.0797204489340156e-06,1.3882969947254242e-10,3.259801695943431e-10,-6.129815025094325e-08,1.5943504699589566e-08,,,,
1.9333333333333333,116,object_b,1,1,rigid_box,0.14469218113212345,1.726819063974786e-06,0.3999902659343663,9.771911041136374e-08,-1.7213863300848187e-07,-1.0434685288804473e-07,0.9999999999999749,-0.0009774610104539595,3.110595818361902e-07,1.4200250159773775e-09,4.313341392183787e-10,-6.46057548462776e-08,4.532923644630008e-08,,,,
1.95,117,object_a,0,1,rigid_box,-0.27195046838528,-4.647688353255388e-06,0.399990264346363,2.7066101798328045e-08,-7.553145186691768e-08,2.4136222306272777e-07,0.9999999999999676,-0.12106247315633266,-3.0757588853454134e-06,1.3956145787641372e-10,3.2264927528798427e-10,-6.130448827162939e-08,1.5886928691415054e-08,,,,
1.95,117,object_b,1,1,rigid_box,0.14467647463336814,1.7318167575058023e-06,0.3999902659573809,9.772307947658992e-08,-1.7267703355107378e-07,-1.0396848915837671e-07,0.9999999999999749,-0.000911451739324551,2.89983310381107e-07,1.3489017194889819e-09,5.190446779642594e-10,-6.461175655966725e-08,4.547258562566218e-08,,,,
1.9666666666666666,118,object_a,0,1,rigid_box,-0.273966796646789,-4.69891594948984e-06,0.39999026434869484,2.7068775610168386e-08,-7.604235080132907e-08,2.41494363040216e-07,0.9999999999999676,-0.1209066769064659,-3.0718005995184177e-06,1.402434002262254e-10,3.192989378581161e-10,-6.131086452902497e-08,1.5830180998859224e-08,,,,
1.9666666666666666,118,object_b,1,1,rigid_box,0.1446618678988551,1.7364633084520478e-06,0.3999902659793446,9.772787831521359e-08,-1.7321552673345748e-07,-1.0358882790242792e-07,0.9999999999999748,-0.0008454865409707424,2.6892159305949756e-07,1.2923324528568703e-09,6.302472128735439e-10,-6.46269967010967e-08,4.5640248125347036e-08,,,,
1.9833333333333334,119,object_a,0,1,rigid_box,-0.27598052944590157,-4.750077603289221e-06,0.3999902643510383,2.7071421416565718e-08,-7.655330304069779e-08,2.4162602936714227e-07,0.9999999999999675,-0.12075100958747922,-3.0678455879105523e-06,1.4092112546326696e-10,3.1592920112637263e-10,-6.131727908069108e-08,1.577326343623606e-08,,,,
1.9833333333333334,119,object_b,1,1,rigid_box,0.14464836019435012,1.740758961306304e-06,0.3999902660004652,9.773374079914189e-08,-1.73754179324603e-07,-1.0320763251976771e-07,0.9999999999999748,-0.0007795653801693316,2.478746624553162e-07,1.2465129848454604e-09,7.741327426370259e-10,-6.464924896982026e-08,4.5840353729162e-08,,,,
2.0,120,object_a,0,1,rigid_box,-0.2779916689302348,-4.801173369192521e-06,0.39999026435339347,2.7074039056079898e-08,-7.706430890448525e-08,2.4175722063536e-07,0.9999999999999675,-0.12059547106038888,-3.0638938469843267e-06,1.416550175770137e-10,3.125401150027199e-10,-6.132373199732542e-08,1.5716177749856963e-08,,,,
2.0,120,object_b,1,1,rigid_box,0.1446359507862056,1.7447039654857726e-06,0.39999026602089277,9.774099727246321e-08,-1.742930416676368e-07,-1.0282458327224223e-07,0.9999999999999747,-0.000713688221731994,2.268428800101174e-07,1.2082060907303571e-09,9.647706126783397e-10,-6.467674777064576e-08,4.608480686225103e-08,,,,
2.0166666666666666,121,object_a,0,1,rigid_box,-0.2800002172450911,-4.85220330167982e-06,0.39999026435576035,2.707662836770699e-08,-7.757536871279205e-08,2.4188793545111707e-07,0.9999999999999674,-0.12044006118640636,-3.0599453732072434e-06,1.4234690683123663e-10,3.0913173541153866e-10,-6.133022336825286e-08,1.565892558564856e-08,,,,
2.0166666666666666,121,object_b,1,1,rigid_box,0.14462463894136013,1.7482985782256748e-06,0.39999026604072796,9.775012901972905e-08,-1.7483215096002008e-07,-1.0243923522514529e-07,0.9999999999999747,-0.0006478550305052268,2.0582682926907838e-07,1.174713453247489e-09,1.2245660298799105e-09,-6.4708062295491e-08,4.639193860797291e-08,,,,
2.033333333333333,122,object_a,0,1,rigid_box,-0.2820061765334616,-4.903167455172357e-06,0.39999026435813895,2.7079189190916817e-08,-7.808648278628784e-08,2.420181724361253e-07,0.9999999999999672,-0.12028477982693792,-3.0560001630517778e-06,1.4306184015211443e-10,3.0570411924958205e-10,-6.133675324981525e-08,1.5601508933187463e-08,,,,
2.033333333333333,122,object_b,1,1,rigid_box,0.14461442392733778,1.7515430696994332e-06,0.3999902660600276,9.776186417868866e-08,-1.7537153351228096e-07,-1.0205094434910672e-07,0.9999999999999746,-0.0005820657713704633,1.8482749502967669e-07,1.1433797641319243e-09,1.5909495526334995e-09,-6.474197824122913e-08,4.679166290848569e-08,,,,
2.05,123,object_a,0,1,rigid_box,-0.28400954893602914,-4.954065884032635e-06,0.39999026436052926,2.7081721365689396e-08,-7.859765144626806e-08,2.4214793022756307e-07,0.9999999999999672,-0.1201296268435842,-3.0520582129953717e-06,1.4377751419991647e-10,3.0225733171580585e-10,-6.134332171776739e-08,1.5543929664856672e-08,,,,
2.05,123,object_b,1,1,rigid_box,0.14460530501224772,1.7544377325853328e-06,0.39999026607880406,9.77773571230772e-08,-1.7591120606958193e-07,-1.016587285573883e-07,0.9999999999999746,-0.0005163204092439808,1.6384663159094144e-07,1.1114805707757025e-09,2.130261816468436e-09,-6.477739074708303e-08,4.7336409457222677e-08,,,,
2.066666666666667,124,object_a,0,1,rigid_box,-0.28601033659117164,-5.004898642564483e-06,0.39999026436293134,2.7084224732555592e-08,-7.910887501458177e-08,2.422772074791896e-07,0.9999999999999671,-0.11997460209813995,-3.048119519520435e-06,1.4446249751998153e-10,2.9879144015920323e-10,-6.134992884670698e-08,1.5486189727998614e-08,,,,
2.066666666666667,124,object_b,1,1,rigid_box,0.14459728146478362,1.7569829012234716e-06,0.3999902660970192,9.779855011349642e-08,-1.7645117632373467e-07,-1.0126098188940267e-07,0.9999999999999745,-0.00045061890907688453,1.4288758562743217e-07,1.0756301509207145e-09,2.96922524241691e-09,-6.481322053002428e-08,4.8126951085529356e-08,,,,
2.0833333333333335,125,object_a,0,1,rigid_box,-0.2880085416349653,-5.055665785013154e-06,0.3999902643653452,2.7086699132631158e-08,-7.962015381365795e-08,2.424060028616525e-07,0.999999999999967,-0.11981970545259378,-3.0441840791143303e-06,1.4513613921796065e-10,2.9530651641218706e-10,-6.135657469415299e-08,1.5428291286049185e-08,,,,
2.0833333333333335,125,object_b,1,1,rigid_box,0.14459035255422276,1.7591789935738893e-06,0.39999026611457084,9.782897622924781e-08,-1.7699144311877881e-07,-1.0085481184138827e-07,0.9999999999999745,-0.000384961235854588,1.219573421321105e-07,1.0316175396568594e-09,4.37482916749626e-09,-6.48484514297115e-08,4.938268835369263e-08,,,,
2.1,126,object_a,0,1,rigid_box,-0.290004166201188,-5.106367365565394e-06,0.3999902643677709,2.7089144407666546e-08,-8.013148816652798e-08,2.425343150628498e-07,0.999999999999967,-0.11966493676912754,-3.0402518882693636e-06,1.4583644881993596e-10,2.9180264016319647e-10,-6.136325933661794e-08,1.537023640763137e-08,,,,
2.1,126,object_b,1,1,rigid_box,0.14458451755042587,1.761026614811184e-06,0.3999902661313008,9.787578637828286e-08,-1.77531999477861e-07,-1.0043422583127299e-07,0.9999999999999744,-0.00031934735459356414,1.010723896589202e-07,9.785028152325959e-10,6.99000111882077e-09,-6.488295720778352e-08,5.167385223067643e-08,,,,
2.1166666666666667,127,object_a,0,1,rigid_box,-0.29199721242132226,-5.1570034383495365e-06,0.3999902643702084,2.709156040007942e-08,-8.064287839677152e-08,2.4266214278894943e-07,0.9999999999999669,-0.1195102959101162,-3.0363229434827926e-06,1.4661775959989853e-10,2.882798937619149e-10,-6.136998284656872e-08,1.5312027263710014e-08,,,,
2.1166666666666667,127,object_b,1,1,rigid_box,0.14457977572383665,1.7625268600576098e-06,0.3999902661473349,9.795586229218303e-08,-1.780728610363042e-07,-9.998380230378305e-08,0.9999999999999744,-0.0002537772303156975,8.027926498963237e-08,9.691385038229638e-10,1.2686369428624645e-08,-6.49244276215429e-08,5.693886440127412e-08,,,,
2.1333333333333333,128,object_a,0,1,rigid_box,-0.29398768242455847,-5.207574057435579e-06,0.3999902643726578,2.7093946953001487e-08,-8.115432482854809e-08,2.427894847647137e-07,0.9999999999999668,-0.11935578273812765,-3.0323972412568107e-06,1.4727756514343326e-10,2.847383639538684e-10,-6.137674528668356e-08,1.5253666162964293e-08,,,,
2.1333333333333333,128,object_b,1,1,rigid_box,0.14457612634548353,1.763682454900081e-06,0.3999902661685315,9.811912933788029e-08,-1.7861435063001804e-07,-9.944636962948727e-08,0.9999999999999742,-0.00018825082766758903,5.97515227057276e-08,2.0066076421992873e-09,2.8413200622651036e-08,-6.50677098404259e-08,7.531397346095851e-08,,,,
2.15,129,object_a,0,1,rigid_box,-0.29597557833779825,-5.25807927683526e-06,0.399990264375119,2.7096303910317066e-08,-8.166582778660595e-08,2.4291633973405523e-07,0.9999999999999668,-0.11920139711592194,-3.0284747780985325e-06,1.4800938252790274e-10,2.8117814473348666e-10,-6.138354672433478e-08,1.5195155482405997e-08,,,,
2.15,129,object_b,1,1,rigid_box,0.1445735686870534,1.7645036753079315e-06,0.3999902663900818,9.846510070216168e-08,-1.7916212068950468e-07,-9.850396443259779e-08,0.9999999999999742,-0.0001227680967744428,4.0323079606831693e-08,4.1405232870800335e-08,3.110284751366705e-08,-6.711994206873419e-08,1.5859820680374767e-07,,,,
2.1666666666666665,130,object_a,0,1,rigid_box,-0.29796090228565775,-5.308519150502155e-06,0.3999902643775921,2.7098631116712132e-08,-8.21773875962819e-08,2.4304270646067343e-07,0.9999999999999667,-0.11904713890645133,-3.024555550520002e-06,1.4874611785342662e-10,2.7759933430031096e-10,-6.13903872402556e-08,1.5136497545750035e-08,,,,
2.1666666666666665,130,object_b,1,1,rigid_box,0.1445721020207714,1.7649617894802946e-06,0.3999902670149226,9.688864388559651e-08,-1.7976420485414143e-07,-9.639405779111692e-08,0.9999999999999745,-5.7329055997924674e-05,1.2253203815847584e-08,1.3995638294128643e-08,-4.388106605200732e-07,-8.017743497262896e-08,3.641094605772731e-07,,,,
2.183333333333333,131,object_a,0,1,rigid_box,-0.2999436563904706,-5.358893732331745e-06,0.3999902643800772,2.710092841771058e-08,-8.268900458349532e-08,2.4316858372877e-07,0.9999999999999667,-0.1188930079728598,-3.0206395550381783e-06,1.4943163720304575e-10,2.7400203608194806e-10,-6.139726690145773e-08,1.507769486699713e-08,,,,
2.183333333333333,131,object_b,1,1,rigid_box,0.14457171162451019,1.7651447840031864e-06,0.399990266928774,8.531474780099818e-08,-1.98543164097515e-07,-9.225866718196633e-08,0.9999999999999724,-2.4880622753212006e-07,1.57191395355964e-07,9.370806774988694e-08,-1.3258144983540688e-06,-7.578019947000786e-06,5.177102497571631e-08,,,,
2.2,132,object_a,0,1,rigid_box,-0.30192384277229084,-5.4092030761615075e-06,0.3999902643825741,2.710319565972176e-08,-8.320067907478224e-08,2.432939703434709e-07,0.9999999999999666,-0.1187390041784827,-3.016726788174929e-06,1.5013672249875043e-10,2.7038635776594337e-10,-6.140418577760657e-08,1.501875004310791e-08,,,,
2.2,132,object_b,1,1,rigid_box,0.14457170836739644,1.7680717364436348e-06,0.39999026891537315,7.248084778717368e-08,-2.5263323822501097e-07,-9.155885363197904e-08,0.9999999999999613,8.768272886983941e-09,2.6583309499701616e-07,-4.743379967801775e-08,-1.577037659972275e-06,-1.2355280087711926e-06,-2.7385483184547164e-07,,,,
2.216666666666667,133,object_a,0,1,rigid_box,-0.30390146354889697,-5.4594472357709915e-06,0.39999026438508306,2.7105432690083945e-08,-8.37124113972899e-08,2.434188651315899e-07,0.9999999999999665,-0.11858512738684635,-3.0128172464570178e-06,1.5088163704546353e-10,2.667524144320951e-10,-6.141114394571754e-08,1.4959665684878785e-08,,,,
2.216666666666667,133,object_b,1,1,rigid_box,0.14457171005517228,1.7716996752532287e-06,0.39999026908251506,6.280760184059563e-08,-2.537857122278849e-07,-9.136771282941443e-08,0.9999999999999616,1.0803248772200402e-07,1.9340679594208852e-07,3.2160426075705795e-09,-5.218311019444226e-07,-3.572087171633299e-08,-3.2670627867250425e-08,,,,
2.2333333333333334,134,object_a,0,1,rigid_box,-0.3058765208357943,-5.509626264881905e-06,0.399990264387604,2.71076393571115e-08,-8.422420187879634e-08,2.435432669422238e-07,0.9999999999999664,-0.11843137746166793,-3.0089109264161157e-06,1.5156575473851408e-10,2.6310032514482004e-10,-6.141814148643e-08,1.4900444467511635e-08,,,,
2.2333333333333334,134,object_b,1,1,rigid_box,0.14457171189268891,1.7747464329188423e-06,0.399990269107608,6.066752217907045e-08,-2.538984344037298e-07,-9.180604431345555e-08,0.9999999999999617,1.1130625169050347e-07,1.771112830898171e-07,6.454402203676102e-10,-1.1516965546675643e-07,-4.503722264412163e-09,-6.32061998084922e-08,,,,
2.25,135,object_a,0,1,rigid_box,-0.3078490167462185,-5.559740217158191e-06,0.39999026439013696,2.7109815510139472e-08,-8.473605084774588e-08,2.436671746472547e-07,0.9999999999999664,-0.11827775426685491,-3.0050078245887777e-06,1.5236445438659985e-10,2.594302151972228e-10,-6.142517847971385e-08,1.4841089176974133e-08,,,,
2.25,135,object_b,1,1,rigid_box,0.1445717137541158,1.7776588153207726e-06,0.3999902691128295,6.019613171576796e-08,-2.5391523774950305e-07,-9.23691690626108e-08,0.9999999999999617,1.1188150492825446e-07,1.7347929700470715e-07,1.3889277228340546e-10,-2.5332299158420434e-08,-8.276357815995959e-10,-6.990140838787596e-08,,,,
2.2666666666666666,136,object_a,0,1,rigid_box,-0.30981895339113885,-5.6097891462061105e-06,0.3999902643926819,2.7111960999564766e-08,-8.52479586332489e-08,2.43790587142153e-07,0.9999999999999662,-0.11812425766650492,-3.0011079375164443e-06,1.5304716521891137e-10,2.5574221433818497e-10,-6.143225500636702e-08,1.4781602674150811e-08,,,,
2.2666666666666666,136,object_b,1,1,rigid_box,0.1445717156201094,1.780541433168037e-06,0.3999902691139629,6.009247535693098e-08,-2.539185452279882e-07,-9.295967585617722e-08,0.9999999999999616,1.1200093371761427e-07,1.7267876582849407e-07,3.040995927294787e-11,-5.569207696132257e-09,-1.7391522028195952e-10,-7.137184639038628e-08,,,,
2.283333333333333,137,object_a,0,1,rigid_box,-0.31178633287926133,-5.6597731055743304e-06,0.39999026439523894,2.711407567690128e-08,-8.575992556512608e-08,2.439135033464943e-07,0.9999999999999662,-0.11797088752490525,-2.99721126174543e-06,1.5374489702180139e-10,2.5203646018697636e-10,-6.143937114943719e-08,1.4721987925289015e-08,,,,
2.283333333333333,137,object_b,1,1,rigid_box,0.14457171748707331,1.7834174981223915e-06,0.3999902691142113,6.006968819514754e-08,-2.539192537064196e-07,-9.35561986454883e-08,0.9999999999999616,1.1202683679128743e-07,1.72502695567468e-07,6.685875811318631e-12,-1.2242271004333632e-09,-3.779406306878378e-11,-7.169505002693386e-08,,,,
2.3,138,object_a,0,1,rigid_box,-0.31375115731703135,-5.709692148753994e-06,0.39999026439780805,2.711615939482015e-08,-8.627195197396399e-08,2.4403592220438633e-07,0.9999999999999661,-0.1178176437065326,-2.9933177938269268e-06,1.5451296492274835e-10,2.483130927765482e-10,-6.144652700769396e-08,1.4662247870923958e-08,,,,
2.3,138,object_b,1,1,rigid_box,0.14457171935424895,1.7862921221644023e-06,0.3999902691142659,6.006467898502826e-08,-2.539194085642109e-07,-9.41540437295747e-08,0.9999999999999615,1.1203250710334202e-07,1.724639894018906e-07,1.4598305203561424e-12,-2.6906652148857023e-10,-8.308184289161404e-12,-7.176612864076633e-08,,,,
2.316666666666667,139,object_a,0,1,rigid_box,-0.31571342880863745,-5.759546329178812e-06,0.3999902644003893,2.711821200719512e-08,-8.678403819108493e-08,2.441578426856281e-07,0.999999999999966,-0.11766452607605274,-2.989427530316982e-06,1.5524445791392782e-10,2.4457226058594e-10,-6.145372266636762e-08,1.4602385671262453e-08,,,,
2.316666666666667,139,object_b,1,1,rigid_box,0.14457172122147105,1.7891664294422772e-06,0.39999026911427793,6.006357777090561e-08,-2.5391944253006054e-07,-9.475217949665494e-08,0.9999999999999615,1.1203376337505941e-07,1.7245547934308938e-07,3.0618042823338243e-13,-5.911542684337169e-11,-1.7013216135742636e-12,-7.178173111149761e-08,,,,
2.3333333333333335,140,object_a,0,1,rigid_box,-0.3176731494560145,-5.809335700225136e-06,0.39999026440298274,2.7120233369157e-08,-8.729618454868127e-08,2.442792637856157e-07,0.9999999999999659,-0.11751153449832012,-2.9855404677765085e-06,1.5596956365326875e-10,2.4081411523067756e-10,-6.146095823934622e-08,1.4542404369696389e-08,,,,
2.3333333333333335,140,object_b,1,1,rigid_box,0.14457172308870334,1.7920406670965209e-06,0.39999026911428054,6.006333555229817e-08,-2.5391945015010494e-07,-9.53503792191178e-08,0.9999999999999614,1.1203401999512363e-07,1.724536105263341e-07,6.608429081733647e-14,-1.2984813520149766e-11,-5.869989588849933e-13,-7.178519352412606e-08,,,,
2.35,141,object_a,0,1,rigid_box,-0.31963032135884634,-5.859060315212043e-06,0.39999026440558827,2.7122223337131522e-08,-8.780839137978565e-08,2.4440018452657065e-07,0.9999999999999659,-0.11735866883837767,-2.9816566027712685e-06,1.566948550080216e-10,2.37038816541892e-10,-6.146823382497673e-08,1.4482307275098355e-08,,,,
2.35,141,object_b,1,1,rigid_box,0.1445717249559379,1.7949148894414268e-06,0.39999026911428115,6.006328217038529e-08,-2.539194517560835e-07,-9.594859300929109e-08,0.9999999999999614,1.1203409774058955e-07,1.7245319799857163e-07,5.1986193128072955e-14,-2.845172143839356e-12,-2.3948337128093092e-15,-7.178592309963445e-08,,,,
2.3666666666666667,142,object_a,0,1,rigid_box,-0.3215849466145693,-5.908720227401418e-06,0.3999902644082061,2.7124181768892712e-08,-8.832065901835836e-08,2.445206039578946e-07,0.9999999999999658,-0.11720592896145633,-2.977775931871872e-06,1.5739949274506948e-10,2.3324652800111034e-10,-6.147554954275167e-08,1.4422097637377977e-08,,,,
2.3666666666666667,142,object_b,1,1,rigid_box,0.14457172682317293,1.7977891084223984e-06,0.39999026911428126,6.006327030739788e-08,-2.539194521023111e-07,-9.654680994210711e-08,0.9999999999999613,1.1203412276262066e-07,1.7245310688057596e-07,-9.395262345890387e-15,-6.227168836310837e-13,2.488214557404478e-13,-7.178607371195478e-08,,,,
2.3833333333333333,143,object_a,0,1,rigid_box,-0.32353702731837525,-5.958315489998026e-06,0.3999902644108362,2.712610852360759e-08,-8.883298779933913e-08,2.446405211568525e-07,0.9999999999999657,-0.11705331473297485,-2.9738984516537667e-06,1.5814316522977379e-10,2.294374188753384e-10,-6.148290550773161e-08,1.4361778884309698e-08,,,,
2.3833333333333333,143,object_b,1,1,rigid_box,0.14457172869040807,1.800663326668949e-06,0.3999902691142813,6.006326756981388e-08,-2.539194523134837e-07,-9.714502763200545e-08,0.9999999999999613,1.1203410132562112e-07,1.724530892127456e-07,-2.6621066462340082e-14,-1.041321336128206e-13,-1.2317165225048457e-13,-7.178617028604689e-08,,,,
2.4,144,object_a,0,1,rigid_box,-0.3254865655632144,-6.007846156149605e-06,0.3999902644134785,2.7128003461883798e-08,-8.934537805874182e-08,2.447599352289563e-07,0.9999999999999657,-0.11690082601853939,-2.9700241586972336e-06,1.5888653066842284e-10,2.2561166614217366e-10,-6.149030185862603e-08,1.430135439344737e-08,,,,
2.4,144,object_b,1,1,rigid_box,0.14457173055764327,1.8035375447479845e-06,0.3999902691142813,6.006326683694546e-08,-2.539194523216703e-07,-9.774324548909681e-08,0.9999999999999611,1.1203412006253159e-07,1.72453083012698e-07,3.718379770756286e-14,-3.9709920460610875e-14,1.2549919543955627e-13,-7.178613584741713e-08,,,,
2.4166666666666665,145,object_a,0,1,rigid_box,-0.3274335634397994,-6.057312278946941e-06,0.39999026441613317,2.7129866445814476e-08,-8.985783013366843e-08,2.4487884530904103e-07,0.9999999999999656,-0.1167484626839431,-2.9661530495873817e-06,1.596034311657224e-10,2.2176945044586522e-10,-6.149773872203812e-08,1.4240827785192309e-08,,,,
2.4166666666666665,145,object_b,1,1,rigid_box,0.14457173242487847,1.8064117627946747e-06,0.3999902691142813,6.006326657473006e-08,-2.539194524415257e-07,-9.834146346055585e-08,0.9999999999999611,1.1203410036294447e-07,1.7245308426073855e-07,-2.0180038196038197e-14,-1.007299869603754e-15,-1.8403843960499376e-13,-7.178618693057351e-08,,,,
2.433333333333333,146,object_a,0,1,rigid_box,-0.32937802303660696,-6.1067139114239405e-06,0.39999026441880026,2.7131697339029107e-08,-9.037034436245086e-08,2.4499725056139513e-07,0.9999999999999655,-0.11659622459516597,-2.96228512091414e-06,1.6040209091516822e-10,2.1791095790643266e-10,-6.150521626572636e-08,1.4180202510395828e-08,,,,
2.433333333333333,146,object_b,1,1,rigid_box,0.14457173429211373,1.8092859808324502e-06,0.39999026911428126,6.006326638319989e-08,-2.539194524553226e-07,-9.893968146527102e-08,0.999999999999961,1.1203411006370993e-07,1.7245308321352695e-07,-3.2845254294144866e-14,1.3788268669543653e-14,-3.356625005264109e-14,-7.178618082001962e-08,,,,
2.45,147,object_a,0,1,rigid_box,-0.33131994643988233,-6.156051106557727e-06,0.3999902644214797,2.71334960067337e-08,-9.088292108471327e-08,2.4511515018054544e-07,0.9999999999999655,-0.11644411161837459,-2.9584203692722567e-06,1.6110307185512873e-10,2.1403638023844385e-10,-6.151273463691349e-08,1.41194823215371e-08,,,,
2.45,147,object_b,1,1,rigid_box,0.144571736159349,1.8121601988730938e-06,0.39999026911428126,6.006326618714589e-08,-2.5391945246577893e-07,-9.953789952727438e-08,0.999999999999961,1.1203411066011365e-07,1.7245308334681076e-07,-3.293025574446773e-14,1.1358086100156086e-14,-3.297717475961809e-14,-7.17861865671901e-08,,,,
2.466666666666667,148,object_a,0,1,rigid_box,-0.3332593357336418,-6.2053239172687084e-06,0.39999026442417174,2.7135262315760332e-08,-9.13955606414664e-08,2.4523254339188556e-07,0.9999999999999654,-0.11629212361992133,-2.954558791261277e-06,1.6187479134899263e-10,2.101459162612954e-10,-6.152029400632769e-08,1.4058670977809459e-08,,,,
2.466666666666667,148,object_b,1,1,rigid_box,0.14457173802658418,1.8150344169124996e-06,0.3999902691142813,6.00632659844002e-08,-2.539194524970222e-07,-1.0013611763051162e-07,0.9999999999999609,1.1203412331765465e-07,1.7245308084484733e-07,-1.1655607035088167e-14,-4.176475640752171e-14,9.485379212572688e-14,-7.178614206606676e-08,,,,
2.4833333333333334,149,object_a,0,1,rigid_box,-0.3351961929996754,-6.254532396420657e-06,0.39999026442687624,2.7136996134609012e-08,-9.190826337522863e-08,2.4534942945212353e-07,0.9999999999999653,-0.11614026046634464,-2.950700383485562e-06,1.6262898319685526e-10,2.0623976711451892e-10,-6.15278945754485e-08,1.3997772157945775e-08,,,,
2.4833333333333334,149,object_b,1,1,rigid_box,0.14457173989381933,1.8179086349512538e-06,0.3999902691142813,6.006326582272631e-08,-2.539194525422465e-07,-1.007343357962229e-07,0.9999999999999609,1.1203412394145035e-07,1.7245308096792664e-07,-1.1584483372573118e-14,-4.549609380456599e-14,9.436598866540859e-14,-7.178614731043258e-08,,,,
2.5,150,object_a,0,1,rigid_box,-0.33713052031755103,-6.303676596820799e-06,0.39999026442959335,2.7138697333496543e-08,-9.24210296301382e-08,2.454658076498854e-07,0.9999999999999653,-0.11598852202436838,-2.9468451425542594e-06,1.6338121827663699e-10,2.023181415605493e-10,-6.153553653091669e-08,1.393678982820673e-08,,,,
2.5,150,object_b,1,1,rigid_box,0.14457174176105458,1.8207828529926632e-06,0.3999902691142813,6.006326566312454e-08,-2.5391945258506594e-07,-1.0133255402119807e-07,0.9999999999999608,1.1203411347156476e-07,1.7245308196742438e-07,-2.850150671029894e-15,-8.887880172324825e-15,-6.007026213456703e-14,-7.178618607965723e-08,,,,
2.5166666666666666,151,object_a,0,1,rigid_box,-0.33906231976461654,-6.35275657121989e-06,0.3999902644323231,2.714036578439314e-08,-9.293385975207283e-08,2.455816773063098e-07,0.9999999999999651,-0.11583690816090145,-2.9429930650813073e-06,1.641531598151058e-10,1.9838125489234477e-10,-6.154322009829076e-08,1.3875727858456919e-08,,,,
2.5166666666666666,151,object_b,1,1,rigid_box,0.1445717436282899,1.8236570710339912e-06,0.39999026911428126,6.006326552043712e-08,-2.5391945272235574e-07,-1.0193077230610453e-07,0.9999999999999608,1.1203409190655084e-07,1.7245308529317296e-07,-3.527039771356044e-14,4.8523966486959524e-14,-3.4666130310608673e-13,-7.178626010816222e-08,,,,
2.533333333333333,152,object_a,0,1,rigid_box,-0.3409915934160035,-6.401772372312287e-06,0.39999026443506563,2.7142001361073777e-08,-9.344675408881041e-08,2.456970377754147e-07,0.999999999999965,-0.11568541874303767,-2.9391441476854336e-06,1.649177096968435e-10,1.944293222502407e-10,-6.155094550423223e-08,1.3814590290737005e-08,,,,
2.533333333333333,152,object_b,1,1,rigid_box,0.14457174549552523,1.82653128907239e-06,0.3999902691142813,6.006326533772928e-08,-2.5391945255020164e-07,-1.0252899059097803e-07,0.9999999999999607,1.1203413316714655e-07,1.7245308123381126e-07,-2.5918503454569475e-14,-4.895857015094914e-15,2.6023252373316637e-13,-7.178617271236337e-08,,,,
2.55,153,object_a,0,1,rigid_box,-0.34291834334462973,-6.45072405273604e-06,0.39999026443782093,2.7143603939147324e-08,-9.395971299015222e-08,2.4581188844480984e-07,0.999999999999965,-0.1155340536380554,-2.9352983869901387e-06,1.6569687809331324e-10,1.9046256751167e-10,-6.15587130138363e-08,1.3753381082031293e-08,,,,
2.55,153,object_b,1,1,rigid_box,0.14457174736276054,1.829405507115145e-06,0.3999902691142813,6.006326518378844e-08,-2.539194527073583e-07,-1.0312720897381166e-07,0.9999999999999606,1.1203411520589578e-07,1.7245308239189988e-07,-2.7842311789427754e-15,-1.6336165037382325e-14,-5.925940782571695e-14,-7.178620355113754e-08,,,,
2.566666666666667,154,object_a,0,1,rigid_box,-0.344842571621203,-6.4996116650729675e-06,0.39999026444058916,2.7145173396107925e-08,-9.447273680812712e-08,2.4592622873587746e-07,0.9999999999999649,-0.11538281271341708,-2.9314557796236894e-06,1.6643527007975667e-10,1.864812200584181e-10,-6.156652289156992e-08,1.3692104409936464e-08,,,,
2.566666666666667,154,object_b,1,1,rigid_box,0.14457174922999594,1.8322797251575027e-06,0.3999902691142813,6.006326500022414e-08,-2.53919452620663e-07,-1.0372542737514022e-07,0.9999999999999606,1.1203413629307741e-07,1.7245308040470005e-07,-2.4017246524898894e-14,-4.804757859773828e-14,2.4275895475563125e-13,-7.178616123343903e-08,,,,
2.5833333333333335,155,object_a,0,1,rigid_box,-0.3467642803142236,-6.548435261848729e-06,0.3999902644433704,2.7146709611366823e-08,-9.49858258971355e-08,2.460400581044955e-07,0.9999999999999648,-0.115231695836769,-2.927616322219115e-06,1.6725797656602648e-10,1.8248551164451407e-10,-6.1574375448002e-08,1.3630764323469634e-08,,,,
2.5833333333333335,155,object_b,1,1,rigid_box,0.14457175109723125,1.8351539431998148e-06,0.3999902691142813,6.006326486485196e-08,-2.539194527172594e-07,-1.0432364585510467e-07,0.9999999999999605,1.1203412519409998e-07,1.724530815911497e-07,-1.566281826459459e-14,2.8285812961170078e-15,9.501063732810508e-14,-7.178620651611859e-08,,,,
2.6,156,object_a,0,1,rigid_box,-0.3486834714899875,-6.597194895532914e-06,0.39999026444616465,2.714821246629211e-08,-9.549898061412986e-08,2.4615337604154753e-07,0.9999999999999648,-0.11508070287594113,-2.9237800114142134e-06,1.6802949483196716e-10,1.784756780923915e-10,-6.158227097868896e-08,1.356936520821702e-08,,,,
2.6,156,object_b,1,1,rigid_box,0.1445717529644666,1.8380281612439e-06,0.3999902691142813,6.006326470967886e-08,-2.5391945272954255e-07,-1.0492186437645233e-07,0.9999999999999605,1.120341239752873e-07,1.7245308268883842e-07,-1.663079396418965e-14,3.209817919992525e-14,1.0782681823252572e-13,-7.178623199844241e-08,,,,
