time_s,frame,object_name,object_index,active,kind,x_m,y_m,z_m,qx,qy,qz,qw,vx_m_s,vy_m_s,vz_m_s,wx_rad_s,wy_rad_s,wz_rad_s,mesh_z_min_m,mesh_z_max_m,mesh_z_span_m,mesh_xy_radius_m
0.0,0,object_a,0,1,rigid_box,-0.38,0.0,0.39999999999999997,0.0,0.0,0.0,1.0,1.3299999999999998,0.0,0.0,0.0,0.0,0.0,,,,
0.0,0,object_b,1,1,rigid_box,0.38,0.0,0.39999999999999997,0.0,0.0,0.0,1.0,-1.0499999999999998,0.0,0.0,0.0,0.0,0.0,,,,
0.016666666666666666,1,object_a,0,1,rigid_box,-0.35785218629483717,-6.32654528583099e-14,0.3999907963926995,6.365086163533533e-09,-2.0407571311731394e-08,-1.215182043723614e-10,0.9999999999999998,1.3278711216652193,-4.050492545720592e-12,-1.717772972475995e-11,7.628401910320626e-11,6.262654119482967e-08,-1.4604557441781408e-08,,,,
0.016666666666666666,1,object_b,1,1,rigid_box,0.3625132723757038,-7.713768500989145e-14,0.3999907964577436,6.1483536093729945e-09,-2.0702759555327098e-08,1.192642473238216e-10,0.9999999999999998,-1.048501072148185,-4.928313086327152e-12,2.386775343338199e-10,9.450506398907253e-11,-6.15395789826503e-08,1.4287770476219793e-08,,,,
0.03333333333333333,2,object_a,0,1,rigid_box,-0.3357398116246901,-1.3080373070211446e-13,0.39999079639053625,6.365723683333044e-09,-1.9885708667101308e-08,-2.4344001934114813e-10,0.9999999999999998,1.325747428437188,-4.053873471208782e-12,-1.2784815740796152e-10,7.669562175143564e-11,6.262085768846985e-08,-1.4653584839402995e-08,,,,
0.03333333333333333,2,object_b,1,1,rigid_box,0.34505150313745003,-1.5910327426810681e-13,0.3999907964598428,6.149140126416948e-09,-2.1215614502572248e-08,2.38114201180706e-10,0.9999999999999998,-1.0470052385646065,-4.908758735474189e-12,1.2789590740636125e-10,9.427261784206317e-11,-6.154526197782683e-08,1.4239224187382109e-08,,,,
0.05,3,object_a,0,1,rigid_box,-0.3136627860924952,-1.98397503727132e-13,0.39999079638841123,6.3663646330576265e-09,-1.9363893200780924e-08,-3.6576963114744626e-10,0.9999999999999998,1.3236288992736331,-4.057158025350421e-12,-1.2718033917669125e-10,7.710719710373801e-11,6.26152131886336e-08,-1.4702438933436375e-08,,,,
0.05,3,object_b,1,1,rigid_box,0.32761463715278094,-2.4074183338621593e-13,0.3999907964619802,6.149924696601701e-09,-2.1728516990350882e-08,3.565588533079315e-10,0.9999999999999997,-1.045512487509985,-4.8890772827033384e-12,1.2853876296681221e-10,9.403794804673204e-11,-6.15509836287183e-08,1.4190508023680837e-08,,,,
0.06666666666666667,4,object_a,0,1,rigid_box,-0.29162102379468513,-2.6604516759386767e-13,0.39999079638629714,6.367009012409521e-09,-1.8842124612546653e-08,-4.885055912944955e-10,0.9999999999999998,1.3215155156463871,-4.060346417065995e-12,-1.2655565310992767e-10,7.751873611877702e-11,6.260960466533045e-08,-1.4751119358588848e-08,,,,
0.06666666666666667,4,object_b,1,1,rigid_box,0.3102026231287667,-3.2205123703972905e-13,0.39999079646412855,6.150707301275788e-09,-2.2241467318070186e-08,4.745967816817466e-10,0.9999999999999997,-1.044022809666533,-4.869267941118116e-12,1.2922371159240775e-10,9.380103606231825e-11,-6.155674134416248e-08,1.4141621095364146e-08,,,,
0.08333333333333333,5,object_a,0,1,rigid_box,-0.2696144391357115,-3.3374512144521785e-13,0.3999907963841939,6.367656821078351e-09,-1.832040260350149e-08,-6.116464542049653e-10,0.9999999999999998,1.3194072591157493,-4.063438855256402e-12,-1.258697607947612e-10,7.793023710855168e-11,6.260403191167354e-08,-1.4799626511548079e-08,,,,
0.08333333333333333,5,object_b,1,1,rigid_box,0.2928154099274426,-4.0302934664824944e-13,0.3999907964662878,6.151487921714382e-09,-2.2754465787162477e-08,5.922265619181276e-10,0.9999999999999997,-1.0425361957539185,-4.849329909246398e-12,1.298710167185746e-10,9.356187289045761e-11,-6.156253532390229e-08,1.4092563121081555e-08,,,,
0.1,6,object_a,0,1,rigid_box,-0.247642946826575,-4.01495767904746e-13,0.3999907963821014,6.3683080587400285e-09,-1.7798726876443868e-08,-7.351907773625853e-10,0.9999999999999998,1.3173041113300028,-4.066435548747124e-12,-1.2522735452769052e-10,7.834169844892794e-11,6.259849473091143e-08,-1.4847960701262545e-08,,,,
0.1,6,object_b,1,1,rigid_box,0.2754529465651853,-4.836740103783612e-13,0.3999907964684582,6.1522665391174655e-09,-2.3267512700722273e-08,7.094467674362356e-10,0.9999999999999997,-1.0410526365291215,-4.82926239491172e-12,1.305554917646612e-10,9.332044962759471e-11,-6.156836576965252e-08,1.4043333831631922e-08,,,,
0.11666666666666667,7,object_a,0,1,rigid_box,-0.22570646188336252,-4.692955130753831e-13,0.3999907963800196,6.3689627250577686e-09,-1.7277097135853346e-08,-8.591371213339815e-10,0.9999999999999998,1.3152060540248913,-4.069336706243003e-12,-1.2458076063814882e-10,7.875311860563226e-11,6.2592992918354e-08,-1.4896122335577153e-08,,,,
0.11666666666666667,7,object_b,1,1,rigid_box,0.25811518221209323,-5.639830630995697e-13,0.3999907964706396,6.15304313461161e-09,-2.3780608363545595e-08,8.262559692769302e-10,0.9999999999999997,-1.039572122786244,-4.809064598948102e-12,1.312184978730091e-10,9.307675744299831e-11,-6.1574232891978e-08,1.3993932892507015e-08,,,,
0.13333333333333333,8,object_a,0,1,rigid_box,-0.20380489962579515,-5.371427665378837e-13,0.39999079637794843,6.369620819682443e-09,-1.675551308787792e-08,-9.834840497816353e-10,0.9999999999999998,1.313113069023096,-4.072142536347071e-12,-1.2398131132851375e-10,7.916449613612632e-11,6.258752627138173e-08,-1.494411181080409e-08,,,,
0.13333333333333333,8,object_b,1,1,rigid_box,0.24080206619136854,-6.439543263484995e-13,0.39999079647283226,6.15381768924949e-09,-2.429375308210838e-08,9.4265273641657e-10,0.9999999999999997,-1.0380946453563271,-4.788735717689907e-12,1.318880907263953e-10,9.283078730662178e-11,-6.158013687536092e-08,1.3944360202537108e-08,,,,
0.15,9,object_a,0,1,rigid_box,-0.18193817567578346,-6.050359413483614e-13,0.39999079637588797,6.3702823422524055e-09,-1.62339744403326e-08,-1.1082301295782772e-09,0.9999999999999998,1.3110251382337201,-4.07485324753947e-12,-1.2328467066669013e-10,7.957582964743375e-11,6.258209459741332e-08,-1.4991929462240233e-08,,,,
0.15,9,object_b,1,1,rigid_box,0.22351354797870412,-7.235856082943535e-13,0.39999079647503605,6.154590184010045e-09,-2.4806947164589935e-08,1.0586356357135358e-09,0.9999999999999997,-1.0366201951071645,-4.768274951500075e-12,1.325002902535788e-10,9.258253075409761e-11,-6.158607794614354e-08,1.3894615341683708e-08,,,,
0.16666666666666666,10,object_a,0,1,rigid_box,-0.16010620595599134,-6.729734540369194e-13,0.39999079637383794,6.370947292394565e-09,-1.571248090268595e-08,-1.2333739308073148e-09,0.9999999999999999,1.3089422436517781,-4.077469048201603e-12,-1.2268677219984259e-10,7.998711762101189e-11,6.257669769301139e-08,-1.5039575709893556e-08,,,,
0.16666666666666666,10,object_b,1,1,rigid_box,0.20624957720167217,-8.028747036829053e-13,0.39999079647725116,6.155360599800099e-09,-2.5320190920873523e-08,1.1742032320609437e-09,0.9999999999999997,-1.0351487629431175,-4.747681490351309e-12,1.332444606039207e-10,9.233197898914874e-11,-6.159205629368462e-08,1.3844698207709456e-08,,,,
0.18333333333333332,11,object_a,0,1,rigid_box,-0.138308906688409,-7.409537246050211e-13,0.3999907963717984,6.3716156697245574e-09,-1.5191032186044398e-08,-1.3589140267675202e-09,0.9999999999999999,1.3068643673576825,-4.079990146524657e-12,-1.2205841372348036e-10,8.039835893485647e-11,6.257133536447659e-08,-1.508705093966163e-08,,,,
0.18333333333333332,11,object_b,1,1,rigid_box,0.1890101036391164,-8.818193937659984e-13,0.39999079647947766,6.15612891745351e-09,-2.5833484662567875e-08,1.2893540883352175e-09,0.9999999999999997,-1.0336803398049337,-4.726954524774479e-12,1.338991053451144e-10,9.207912308231845e-11,-6.159807213128734e-08,1.3794608505009222e-08,,,,
0.2,12,object_a,0,1,rigid_box,-0.11654619439293414,-8.089751765224503e-13,0.39999079636976925,6.37228747384684e-09,-1.4669628003161604e-08,-1.4848489941533443e-09,0.9999999999999999,1.3047914915167411,-4.082416750541524e-12,-1.2147821637498168e-10,8.080955199166746e-11,6.256600740885413e-08,-1.5134355594460764e-08,,,,
0.2,12,object_b,1,1,rigid_box,0.17179507722054735,-9.604174462763734e-13,0.39999079648171554,6.156895117732493e-09,-2.634682870299705e-08,1.4040867656496962e-09,0.9999999999999996,-1.0322149166695638,-4.706093241161238e-12,1.3458802648746993e-10,9.182395465412725e-11,-6.160412566921702e-08,1.3744346008439075e-08,,,,
0.21666666666666667,13,object_a,0,1,rigid_box,-0.09481798588596135,-8.770362367247776e-13,0.39999079636775053,6.372962704355337e-09,-1.4148268068419832e-08,-1.611177413029312e-09,0.9999999999999999,1.3027235983786525,-4.084749068110763e-12,-1.2082458297757448e-10,8.122069577476543e-11,6.256071363863859e-08,-1.5181490032268663e-08,,,,
0.21666666666666667,13,object_b,1,1,rigid_box,0.15460444802554046,-1.0386666154074049e-12,0.39999079648396485,6.157659181327233e-09,-2.686022335720483e-08,1.5183998234496946e-09,0.9999999999999996,-1.030752484549984,-4.685096828609558e-12,1.3530284705132178e-10,9.156646520386931e-11,-6.161021710665417e-08,1.3693910576281176e-08,,,,
0.23333333333333334,14,object_a,0,1,rigid_box,-0.0853383534065796,7.057830678018598e-08,0.39999079620464284,2.4161716896138032e-08,-3.222721523019247e-08,9.664681947967711e-08,0.9999999999999944,0.32411608758047883,5.644231156343057e-06,-1.789178701028238e-11,2.344843569777606e-10,6.208336995604512e-08,-1.9306396439784567e-08,,,,
0.23333333333333334,14,object_b,1,1,rigid_box,0.17102803555539056,-1.940414761177697e-07,0.3999907964925178,1.514254561911287e-08,-6.909960221716603e-08,-3.148859095751089e-07,0.9999999999999479,1.6563634997057888,-1.5513573229741203e-05,-2.9016911651247312e-09,3.283274840621811e-11,6.288407702718508e-08,-1.2399191783518791e-08,,,,
0.25,15,object_a,0,1,rigid_box,-0.0799395296893425,1.6459464909989848e-07,0.39999079620297245,2.41636767728469e-08,-3.170987189897387e-08,9.648573636962501e-08,0.9999999999999946,0.32376477932922193,5.638113397824325e-06,-9.884627318046402e-11,2.3579318606517163e-10,6.207929221567417e-08,-1.9350745455024158e-08,,,,
0.25,15,object_b,1,1,rigid_box,0.1986075671987299,-4.523525799570643e-07,0.39999079649025227,1.5142820601198324e-08,-6.857560406348571e-08,-3.1498950715645133e-07,0.9999999999999479,1.653368889235186,-1.5485525588717088e-05,-1.735319214712927e-10,3.318236847687254e-11,6.287593296746542e-08,-1.2460362983345504e-08,,,,
0.26666666666666666,16,object_a,0,1,rigid_box,-0.07454655769405313,2.5850908826084086e-07,0.3999907962013298,2.416564754782447e-08,-3.119256240107369e-08,9.632428448345057e-08,0.9999999999999946,0.32341385674497597,5.632002355809523e-06,-9.832245781438154e-11,2.371000503034324e-10,6.207524604914796e-08,-1.9394913634364922e-08,,,,
0.26666666666666666,16,object_b,1,1,rigid_box,0.2261372647472982,-7.101969356777984e-07,0.39999079648736796,1.514309849743291e-08,-6.805167412185305e-08,-3.150936137148887e-07,0.9999999999999479,1.6503828655826844,-1.54575583720953e-05,-1.7267413193744474e-10,3.353224232053148e-11,6.286777162041442e-08,-1.2521371578616315e-08,,,,
0.2833333333333333,17,object_a,0,1,rigid_box,-0.06915943099813018,3.523217361141419e-07,0.39999079619969613,2.416762920455039e-08,-3.067528649084771e-08,9.616246532931898e-08,0.9999999999999946,0.32306331924035486,5.625898020068517e-06,-9.775302962922172e-11,2.384049331397782e-10,6.207122930903156e-08,-1.943890116299039e-08,,,,
0.2833333333333333,17,object_b,1,1,rigid_box,0.2536172709914287,-9.67575880658621e-07,0.3999907964844984,1.5143379310863954e-08,-6.752781197443455e-08,-3.151982280225074e-07,0.9999999999999479,1.6474053922675542,-1.5429671238195863e-05,-1.7178400195383414e-10,3.38824746163321e-11,6.285965926117985e-08,-1.2582231747180795e-08,,,,
0.3,18,object_a,0,1,rigid_box,-0.06377814318877213,4.460327043406015e-07,0.39999079619807126,2.4169621726528712e-08,-3.015804392371058e-08,9.600028041103091e-08,0.9999999999999946,0.3227131662291249,5.6198003803912395e-06,-9.723854187126957e-11,2.3970783833352956e-10,6.206724185092352e-08,-1.9482708415061807e-08,,,,
0.3,18,object_b,1,1,rigid_box,0.28104772811528994,-1.2244907466008165e-06,0.39999079648164365,1.5143663044431472e-08,-6.700401721391102e-08,-3.1530334883396253e-07,0.9999999999999479,1.644436433016479,-1.5401863847281448e-05,-1.708549829393391e-10,3.423305464043837e-11,6.285159568108747e-08,-1.2642941611490196e-08,,,,
0.31666666666666665,19,object_a,0,1,rigid_box,-0.05840268786293758,5.39642104451034e-07,0.3999907961964553,2.4171625097285115e-08,-2.9640834456414503e-08,9.583773122781083e-08,0.9999999999999947,0.3223633971262338,5.613709426588204e-06,-9.671278534961747e-11,2.410087675474239e-10,6.206328350591187e-08,-1.952633603559287e-08,,,,
0.31666666666666665,19,object_b,1,1,rigid_box,0.3084287777003111,-1.4809428595603881e-06,0.3999907964788035,1.514394970098465e-08,-6.648028943480143e-08,-3.1540897488929934e-07,0.9999999999999479,1.6414759517610102,-1.5374135861533526e-05,-1.6999440397014176e-10,3.458397142648986e-11,6.284358065492192e-08,-1.2703499479690094e-08,,,,
0.3333333333333333,20,object_a,0,1,rigid_box,-0.053033058627325554,6.331500477866106e-07,0.3999907961948481,2.4173639300371842e-08,-2.9123657847006447e-08,9.56748192746514e-08,0.9999999999999947,0.32201401134780816,5.607625148490454e-06,-9.613594642576828e-11,2.423077245710204e-10,6.205935412302103e-08,-1.9569784499663862e-08,,,,
0.3333333333333333,20,object_b,1,1,rigid_box,0.3357605607285834,-1.73693353997992e-06,0.39999079647597785,1.5144239283283638e-08,-6.595662823343026e-08,-3.155151049142881e-07,0.9999999999999479,1.6385239126361224,-1.5346486945038875e-05,-1.6912133152247044e-10,3.4935214443873435e-11,6.283561396379803e-08,-1.2763903692425195e-08,,,,
0.35,21,object_a,0,1,rigid_box,-0.04766924909835588,7.265566455192013e-07,0.3999907961932497,2.4175664319365388e-08,-2.8606513854867896e-08,9.551154604185355e-08,0.9999999999999947,0.32166500831114997,5.601547535949504e-06,-9.568297890116817e-11,2.4360471212209697e-10,6.205545353884523e-08,-1.9613054387018468e-08,,,,
0.35,21,object_b,1,1,rigid_box,0.36304321758623836,-1.9924641027202097e-06,0.39999079647316677,1.5144531794001307e-08,-6.543303320790677e-08,-3.156217376208102e-07,0.9999999999999479,1.63558027997878,-1.5318916763776063e-05,-1.6826955974436064e-10,3.528677338144296e-11,6.282769540448628e-08,-1.2824152527325647e-08,,,,
0.36666666666666664,22,object_a,0,1,rigid_box,-0.04231125290214967,8.198620086517162e-07,0.3999907961916599,2.417770013787085e-08,-2.8089402240679416e-08,9.534791301527266e-08,0.9999999999999948,0.3213163874347336,5.595476578837292e-06,-9.511464012235127e-11,2.448997338651891e-10,6.205158160045037e-08,-1.9656146228441574e-08,,,,
0.36666666666666664,22,object_b,1,1,rigid_box,0.39027688806680133,-2.2475358570916833e-06,0.3999907964703701,1.5144827235724715e-08,-6.490950395814441e-08,-3.1572887170754e-07,0.9999999999999479,1.6326450183265189,-1.5291424985602282e-05,-1.6742147078419034e-10,3.5638637933446e-11,6.281982475183452e-08,-1.2884244497218145e-08,,,,
0.38333333333333336,23,object_a,0,1,rigid_box,-0.03695906367450973,9.130662480184437e-07,0.39999079619007877,2.4179746739521034e-08,-2.7572322766440714e-08,9.518392167607453e-08,0.9999999999999948,0.32096814813820373,5.5894122670461344e-06,-9.462295183504388e-11,2.46192793130511e-10,6.204773814535552e-08,-1.9699060617714135e-08,,,,
0.38333333333333336,23,object_b,1,1,rigid_box,0.417461711374522,-2.5021501068855886e-06,0.39999079646758784,1.5145125610957246e-08,-6.438604008585631e-08,-3.158365058604313e-07,0.9999999999999479,1.6297180924160368,-1.5264011280240046e-05,-1.6657434633027268e-10,3.5990798239673125e-11,6.281200179609668e-08,-1.2944178055150011e-08,,,,
0.4,24,object_a,0,1,rigid_box,-0.031612675060901124,1.0061694742853912e-06,0.3999907961885063,2.418180410797881e-08,-2.7055275195454578e-08,9.501957350079363e-08,0.9999999999999948,0.3206202898423717,5.5833545904886664e-06,-9.412986536061485e-11,2.474838940200733e-10,6.204392302516512e-08,-1.9741798041403752e-08,,,,
0.4,24,object_b,1,1,rigid_box,0.4445978261276813,-2.756308150404966e-06,0.3999907964648199,1.5145426922119934e-08,-6.386264119451201e-08,-3.1594463875290673e-07,0.9999999999999479,1.6267994671817987,-1.5236675319264174e-05,-1.6566391834726968e-10,3.634324452267265e-11,6.28042263251465e-08,-1.3003951743117934e-08,,,,
0.4166666666666667,25,object_a,0,1,rigid_box,-0.02627208071643176,1.0991717979506243e-06,0.39999079618694233,2.4183872226939e-08,-2.6538259292318057e-08,9.485486996135338e-08,0.9999999999999948,0.3202728119692126,5.577303539097789e-06,-9.359227629013311e-11,2.487730398671947e-10,6.204013607954579e-08,-1.9784359107119663e-08,,,,
0.4166666666666667,25,object_b,1,1,rigid_box,0.4716853703618751,-3.010011280495408e-06,0.3999907964620662,1.5145731171552907e-08,-6.333930688936336e-08,-3.160532690465336e-07,0.9999999999999479,1.623889107754651,-1.5209416776088828e-05,-1.648307098450763e-10,3.669596706450474e-11,6.279649812377274e-08,-1.306356416659361e-08,,,,
0.43333333333333335,26,object_a,0,1,rigid_box,-0.020937274305833007,1.1920733293446006e-06,0.39999079618538685,2.4185951080129085e-08,-2.6021274822939922e-08,9.468981252481909e-08,0.9999999999999949,0.3199257139418628,5.571259102826637e-06,-9.312654813964372e-11,2.5006023487562406e-10,6.203637715173937e-08,-1.9826744392892934e-08,,,,
0.43333333333333335,26,object_b,1,1,rigid_box,0.49872448153327564,-3.263260784575596e-06,0.39999079645932667,1.5146038361517656e-08,-6.281603677740113e-08,-3.1616239539119687e-07,0.9999999999999479,1.6209869794604486,-1.5182235325954605e-05,-1.6395197179053245e-10,3.704895655068635e-11,6.278881698528209e-08,-1.312301394070025e-08,,,,
0.45,27,object_a,0,1,rigid_box,-0.015608249503440383,1.2848741786305094e-06,0.3999907961838399,2.4188040651309164e-08,-2.5504321554516625e-08,9.452440265355958e-08,0.9999999999999949,0.3195789951846162,5.565221271648501e-06,-9.262446018509785e-11,2.513454825772456e-10,6.2032646083153e-08,-1.9868954507429555e-08,,,,
0.45,27,object_b,1,1,rigid_box,0.5257152965218689,-3.516057944667635e-06,0.3999907964566013,1.514634849419794e-08,-6.229283046740486e-08,-3.162720164259239e-07,0.9999999999999479,1.6180930478186941,-1.5155130645915826e-05,-1.6315637903219216e-10,3.740220374466384e-11,6.278118269357204e-08,-1.3182299789515861e-08,,,,
0.4666666666666667,28,object_a,0,1,rigid_box,-0.01028499999317426,1.3775744558046073e-06,0.3999907961823014,2.419014092427514e-08,-2.4987399255538973e-08,9.435864180510787e-08,0.9999999999999949,0.31923265512292215,5.5591900355567976e-06,-9.209473808557966e-11,2.5262878799955113e-10,6.202894272565832e-08,-1.9910989973420833e-08,,,,
0.4666666666666667,28,object_b,1,1,rigid_box,0.5526579516346705,-3.7684040374271667e-06,0.39999079645389,1.5146661571701805e-08,-6.176968756986757e-08,-3.1638213077879304e-07,0.9999999999999479,1.6152072785411884,-1.5128102414827891e-05,-1.6229476443307966e-10,3.7755699676192136e-11,6.277359504494924e-08,-1.3241420425594192e-08,,,,
0.48333333333333334,29,object_a,0,1,rigid_box,-0.004967519468520645,1.470174270696551e-06,0.3999907961807712,2.419225188285966e-08,-2.447050769577461e-08,9.41925314322645e-08,0.999999999999995,0.3188866931833822,5.553165384565008e-06,-9.157062608178279e-11,2.539101558011405e-10,6.202526692667481e-08,-1.9952851340261955e-08,,,,
0.48333333333333334,29,object_b,1,1,rigid_box,0.5795525826089183,-4.02030033417327e-06,0.3999907964511927,1.5146977596062716e-08,-6.124660769706793e-08,-3.164927370679038e-07,0.9999999999999479,1.6123296375306901,-1.5101150313334711e-05,-1.6147756916329303e-10,3.8109435534849014e-11,6.276605382175029e-08,-1.3300374690824281e-08,,,,
0.5,30,object_a,0,1,rigid_box,0.0003441983674879792,1.562673732969733e-06,0.3999907961792493,2.4194373510930613e-08,-2.395364664629554e-08,9.402607298274873e-08,0.999999999999995,0.31854110879374736,5.547147308706632e-06,-9.105369236372951e-11,2.551895896733686e-10,6.202161852671479e-08,-1.999453926142597e-08,,,,
0.5,30,object_b,1,1,rigid_box,0.6063993246152443,-4.271748100918172e-06,0.39999079644850927,1.5147296569241532e-08,-6.072359046299993e-08,-3.166038339012969e-07,0.9999999999999479,1.6094600908795893,-1.5074274023856313e-05,-1.6059343785346236e-10,3.846340256885544e-11,6.275855882606426e-08,-1.3359161351274996e-08,,,,
0.5166666666666667,31,object_a,0,1,rigid_box,0.005650159802291809,1.6550729521216142e-06,0.39999079617773575,2.4196505792396367e-08,-2.3436815879433867e-08,9.3859267899568e-08,0.999999999999995,0.3181959013829148,5.541135798035139e-06,-9.058124389449418e-11,2.5646709463280577e-10,6.201799737435432e-08,-2.00360543018768e-08,,,,
0.5166666666666667,31,object_b,1,1,rigid_box,0.6331983122608227,-4.522748598396733e-06,0.3999907964458398,1.514761849312772e-08,-6.020063548340277e-08,-3.1671541987758913e-07,0.9999999999999479,1.606598604868591,-1.5047473230576474e-05,-1.597956766907771e-10,3.8817592404631346e-11,6.27511098449413e-08,-1.341777931194011e-08,,,,
0.5333333333333333,32,object_a,0,1,rigid_box,0.010950371113822787,1.7473720374840574e-06,0.39999079617623046,2.4198648711203343e-08,-2.2920015168805865e-08,9.369211762070589e-08,0.999999999999995,0.3178510703809253,5.535130842623911e-06,-9.008607228244703e-11,2.5774267483394707e-10,6.201440330989962e-08,-2.007739713102716e-08,,,,
0.5333333333333333,32,object_b,1,1,rigid_box,0.6599496795924968,-4.773303082095729e-06,0.39999079644318414,1.5147943369540754e-08,-5.967774237574909e-08,-3.168274935863072e-07,0.9999999999999479,1.6037451459654088,-1.502074761943052e-05,-1.589755323910813e-10,3.9171996674061514e-11,6.274370666722734e-08,-1.3476227539104023e-08,,,,
0.55,33,object_a,0,1,rigid_box,0.016244838570523647,1.839571098223656e-06,0.39999079617473327,2.420080225133872e-08,-2.2403244289293268e-08,9.35246235792451e-08,0.999999999999995,0.31750661521896084,5.529132432566208e-06,-8.961379034666539e-11,2.590163363291262e-10,6.201083619432405e-08,-2.011856821127322e-08,,,,
0.55,33,object_b,1,1,rigid_box,0.6866535600998848,-5.0234128022829485e-06,0.3999907964405422,1.5148271200231936e-08,-5.915491075924082e-08,-3.1694005360825257e-07,0.9999999999999478,1.6008996808234714,-1.4994096878093175e-05,-1.5816429589643466e-10,3.952660722895875e-11,6.27363490860456e-08,-1.353450500249254e-08,,,,
0.5666666666666667,34,object_a,0,1,rigid_box,0.0215335684313669,1.931670243342068e-06,0.3999907961732443,2.4202966396830625e-08,-2.1886503017054657e-08,9.335678720317243e-08,0.9999999999999951,0.31716253532934074,5.523140557975094e-06,-8.909367167631022e-11,2.6028808392039404e-10,6.200729587129984e-08,-2.0159568188109717e-08,,,,
0.5666666666666667,34,object_b,1,1,rigid_box,0.7133100867184632,-5.273079004036071e-06,0.39999079643791396,1.5148601986885314e-08,-5.8632140254801986e-08,-3.1705309851584075e-07,0.9999999999999479,1.598062176280637,-1.4967520695966559e-05,-1.5730658095569616e-10,3.988141610724854e-11,6.272903690063228e-08,-1.3592610671881477e-08,,,,
0.5833333333333334,35,object_a,0,1,rigid_box,0.02681656694587375,2.023669581676344e-06,0.39999079617176336,2.4205141131750392e-08,-2.1369791129497115e-08,9.318860991560985e-08,0.9999999999999951,0.31681883014551954,5.517155208983418e-06,-8.865892915654872e-11,2.6155792206618195e-10,6.200378218603491e-08,-2.0200397691635945e-08,,,,
0.5833333333333334,35,object_b,1,1,rigid_box,0.7399193918326301,-5.522302927271343e-06,0.3999907964352994,1.514893573111938e-08,-5.8109430485085657e-08,-3.171666268735311e-07,0.9999999999999479,1.5952325993579215,-1.494101876416825e-05,-1.5653436533091813e-10,4.0236415540358217e-11,6.272176989202308e-08,-1.365054369730844e-08,,,,
0.6,36,object_a,0,1,rigid_box,0.03209384035413303,2.1155692218992565e-06,0.39999079617029054,2.420732644021183e-08,-2.0853108405297357e-08,9.302009313451104e-08,0.9999999999999951,0.316475499102084,5.511176375743735e-06,-8.813022360498746e-11,2.6282585593501964e-10,6.200029498500795e-08,-2.024105737454116e-08,,,,
0.6,36,object_b,1,1,rigid_box,0.7664816072787456,-5.7710858067720765e-06,0.39999079643269836,1.5149272434488564e-08,-5.758678107447279e-08,-3.172806372382058e-07,0.9999999999999478,1.5924109172582344,-1.491459077551945e-05,-1.5567618548428808e-10,4.059159795206687e-11,6.271454787039345e-08,-1.3708303062504374e-08,,,,
0.6166666666666667,37,object_a,0,1,rigid_box,0.03736539488682,2.2073692725196273e-06,0.3999907961688257,2.420952230637273e-08,-2.0336454624384934e-08,9.285123827278798e-08,0.9999999999999952,0.3161325416347502,5.505204048428277e-06,-8.765290403223158e-11,2.640918914107178e-10,6.199683412752969e-08,-2.0281547733060145e-08,,,,
0.6166666666666667,37,object_b,1,1,rigid_box,0.7929968643481529,-6.0194288722169345e-06,0.3999907964301108,1.5149612098484324e-08,-5.706419164904331e-08,-3.1739512815929427e-07,0.9999999999999478,1.5895970973651283,-1.4888236424533278e-05,-1.5486350569970941e-10,4.0946955786896385e-11,6.270737061387478e-08,-1.3765888028108669e-08,,,,
0.6333333333333333,38,object_a,0,1,rigid_box,0.042631236765215186,2.299069841882657e-06,0.3999907961673689,2.421172871443656e-08,-1.98198295679268e-08,9.268204673838307e-08,0.9999999999999952,0.3157899571803607,5.4992382172288995e-06,-8.720374422566124e-11,2.653560341654907e-10,6.199339945811702e-08,-2.0321869441271164e-08,,,,
0.6333333333333333,38,object_b,1,1,rigid_box,0.8194652937901781,-6.26733334820802e-06,0.39999079642753677,1.5149954724536626e-08,-5.654166183659965e-08,-3.175100981793211e-07,0.9999999999999478,1.5867911072415548,-1.4861955407403101e-05,-1.5408643458392213e-10,4.130248184443761e-11,6.270023793343103e-08,-1.3823297648868735e-08,,,,
0.65,39,object_a,0,1,rigid_box,0.047891372201223095,2.3906710381702507e-06,0.3999907961659199,2.4213945648652077e-08,-1.9303233018343057e-08,9.251251993404404e-08,0.9999999999999952,0.3154477451768817,5.493278872357021e-06,-8.671060397480446e-11,2.6661828929284354e-10,6.198999082972988e-08,-2.0362023100981883e-08,,,,
0.65,39,object_b,1,1,rigid_box,0.845887025815109,-6.5148004542987875e-06,0.39999079642497604,1.515030031401538e-08,-5.60191912666648e-08,-3.176255458342386e-07,0.9999999999999478,1.5839929146286331,-1.4835747421991033e-05,-1.5325209851146937e-10,4.165816892201795e-11,6.269314961208475e-08,-1.3880531237432685e-08,,,,
0.6666666666666666,40,object_a,0,1,rigid_box,0.053145807397390936,2.482172969401342e-06,0.39999079616447886,2.4216173093314336e-08,-1.8786664759293777e-08,9.234265925739864e-08,0.9999999999999952,0.3151059050634006,5.487326004043594e-06,-8.62116922989431e-11,2.678786622004958e-10,6.198660808853937e-08,-2.040200937248514e-08,,,,
0.6666666666666666,40,object_b,1,1,rigid_box,0.8722621900971536,-6.761831405021747e-06,0.3999907964224287,1.515064886823149e-08,-5.549677957045528e-08,-3.1774146965354714e-07,0.9999999999999478,1.5812024874444304,-1.4809612167816472e-05,-1.5246620112263631e-10,4.201400994874922e-11,6.268610544644955e-08,-1.3937588038233211e-08,,,,
0.6833333333333333,41,object_a,0,1,rigid_box,0.058394548546927286,2.5735757434322214e-06,0.3999907961630456,2.421841103276634e-08,-1.8270124575673453e-08,9.217246610093963e-08,0.9999999999999952,0.31476443628012296,5.4813796025390374e-06,-8.578657402502632e-11,2.691371590885049e-10,6.198325109294951e-08,-2.0441828808944698e-08,,,,
0.6833333333333333,41,object_b,1,1,rigid_box,0.8985909157773787,-7.008427409915992e-06,0.3999907964198946,1.5151000388438097e-08,-5.497442638091969e-08,-3.1785786816093325e-07,0.9999999999999478,1.5784197937827469,-1.4783549346044762e-05,-1.516733249412594e-10,4.23699982122105e-11,6.267910523439903e-08,-1.3994467327711564e-08,,,,
0.7,42,object_a,0,1,rigid_box,0.06363760183372068,2.664879467956857e-06,0.3999907961616202,2.4220659451399722e-08,-1.7753612253598194e-08,9.200194185208583e-08,0.9999999999999953,0.31442333826836916,5.475439658113203e-06,-8.532682720108209e-11,2.7039378540463596e-10,6.197991969317996e-08,-2.048148206016792e-08,,,,
0.7,42,object_b,1,1,rigid_box,0.9248733314666282,-7.254589673554522e-06,0.39999079641737373,1.5151354875832145e-08,-5.445213133269324e-08,-3.179747398742373e-07,0.9999999999999478,1.5756448019119167,-1.4757558659475925e-05,-1.5088274032959426e-10,4.2726126883142364e-11,6.26721487636119e-08,-1.4051168501800382e-08,,,,
0.7166666666666667,43,object_a,0,1,rigid_box,0.06887497343235817,2.756084250507221e-06,0.3999907961602025,2.4222918333653476e-08,-1.7237127580420812e-08,9.183108789297334e-08,0.9999999999999953,0.3140826104705725,5.4695061610553135e-06,-8.48247409812597e-11,2.7164854767690605e-10,6.197661374851461e-08,-2.0520969684764085e-08,,,,
0.7166666666666667,43,object_b,1,1,rigid_box,0.9511095652484215,-7.500319395571399e-06,0.39999079641486596,1.51517123315554e-08,-5.392989406212762e-08,-3.1809208330600034e-07,0.9999999999999478,1.5728774802736154,-1.4731639812533514e-05,-1.5012142570713927e-10,4.3082389464980166e-11,6.266523583927124e-08,-1.4107690850499325e-08,,,,
0.7333333333333333,44,object_a,0,1,rigid_box,0.07410666950814393,2.847190198453609e-06,0.3999907961587925,2.4225187664017424e-08,-1.6720670344708964e-08,9.165990560061018e-08,0.9999999999999953,0.31374225233027647,5.4635791016739265e-06,-8.439587050046438e-11,2.729014508280955e-10,6.197333309761204e-08,-2.0560292457963752e-08,,,,
0.7333333333333333,44,object_b,1,1,rigid_box,0.9772997446818319,-7.745617770688703e-06,0.3999907964123713,1.5152072756695615e-08,-5.340771420726022e-08,-3.1820989696353416e-07,0.9999999999999478,1.5701177974816776,-1.4705792511253524e-05,-1.4930622016517958e-10,4.343877956444642e-11,6.26583662525315e-08,-1.4164033822508201e-08,,,,
0.75,45,object_a,0,1,rigid_box,0.0793326962171176,2.9381974190049625e-06,0.3999907961573902,2.4227467427031898e-08,-1.6204240336238746e-08,9.148839634687152e-08,0.9999999999999953,0.31340226329213067,5.457658470296879e-06,-8.393510712856322e-11,2.741525022683727e-10,6.197007761161428e-08,-2.0599450833009313e-08,,,,
0.75,45,object_b,1,1,rigid_box,1.003443996804345,-7.9904859887433e-06,0.39999079640988966,1.515243615228785e-08,-5.288559140785164e-08,-3.183281793495116e-07,0.9999999999999478,1.5673657223209245,-1.4680016463273438e-05,-1.4852296649492391e-10,4.379529098075147e-11,6.265153980157015e-08,-1.42201968298023e-08,,,,
0.7666666666666667,46,object_a,0,1,rigid_box,0.08455305970607274,3.0291060192091924e-06,0.39999079615599553,2.4229757607287036e-08,-1.568783734600833e-08,9.131656149830558e-08,0.9999999999999953,0.3130626428018896,5.4517442572712426e-06,-8.346712730700201e-11,2.754017070066995e-10,6.196684713676822e-08,-2.0638445533572992e-08,,,,
0.7666666666666667,46,object_b,1,1,rigid_box,1.029542448134699,-8.234925234713458e-06,0.39999079640742097,1.5152802519315658e-08,-5.236352530534181e-08,-3.1844692896192457e-07,0.9999999999999478,1.5646212237460015,-1.4654311377821302e-05,-1.477189551235547e-10,4.415191756851081e-11,6.264475628601562e-08,-1.4276179326565254e-08,,,,
0.7833333333333333,47,object_a,0,1,rigid_box,0.08976776611257532,3.1199161059534976e-06,0.39999079615460836,2.423205818942517e-08,-1.5171461166216146e-08,9.114440241629074e-08,0.9999999999999954,0.31272339030640917,5.445836452963275e-06,-8.30223407383146e-11,2.7664907210871583e-10,6.196364153275628e-08,-2.0677277132886803e-08,,,,
0.7833333333333333,47,object_b,1,1,rigid_box,1.055595224675705,-8.478936688745237e-06,0.39999079640496515,1.5153171858711905e-08,-5.184151554288019e-08,-3.1856614429459786e-07,0.9999999999999478,1.5618842708802247,-1.4628676965704949e-05,-1.4700488569496795e-10,4.4508653248743926e-11,6.263801548985364e-08,-1.4331980904739916e-08,,,,
0.8,48,object_a,0,1,rigid_box,0.09497682156498191,3.2106277859646834e-06,0.3999907961532288,2.4234369158140746e-08,-1.4655111590257346e-08,9.097192045700976e-08,0.9999999999999954,0.3123845052536441,5.439935047758367e-06,-8.256264595607465e-11,2.7789460315280136e-10,6.196046065023482e-08,-2.0715946326757115e-08,,,,
0.8,48,object_b,1,1,rigid_box,1.0816024519170464,-8.722521526178746e-06,0.3999907964025222,1.515354417136047e-08,-5.131956176530205e-08,-3.186858238373003e-07,0.9999999999999477,1.5591548330144362,-1.460311293930127e-05,-1.4620874476400925e-10,4.4865492178494556e-11,6.263131722317759e-08,-1.438760100366167e-08,,,,
0.8166666666666667,49,object_a,0,1,rigid_box,0.10018023218245806,3.3012411658094814e-06,0.3999907961518567,2.423669049818069e-08,-1.4138788412724538e-08,9.07991169713819e-08,0.9999999999999954,0.31204598709264497,5.434040032061009e-06,-8.212040422672651e-11,2.791383070174395e-10,6.195730435189348e-08,-2.0754453681290977e-08,,,,
0.8166666666666667,49,object_b,1,1,rigid_box,1.107564254838063,-8.965680917574178e-06,0.39999079640009205,1.5153919458096774e-08,-5.0797663619146314e-08,-3.1880596607614086e-07,0.9999999999999477,1.5564328796058708,-1.4577619012545587e-05,-1.4548186613727587e-10,4.522242868753914e-11,6.262466126929208e-08,-1.444303928963285e-08,,,,
0.8333333333333334,50,object_a,0,1,rigid_box,0.10537800407499648,3.3917563518948654e-06,0.399990796150492,2.4239022194346055e-08,-1.3622491429403813e-08,9.062599330503282e-08,0.9999999999999954,0.3117078352735559,5.42815139629473e-06,-8.16697039857095e-11,2.803801899189813e-10,6.19541724911619e-08,-2.0792799871424765e-08,,,,
0.8333333333333334,50,object_b,1,1,rigid_box,1.1334807579105135,-9.208416028737712e-06,0.3999907963976746,1.5154297719709383e-08,-5.027582075262916e-08,-3.1892656949364805e-07,0.9999999999999477,1.553718380277028,-1.4552194900921127e-05,-1.4466992881434493e-10,4.557945720938194e-11,6.261804744304357e-08,-1.4498295227557656e-08,,,,
0.85,51,object_a,0,1,rigid_box,0.11057014334343535,3.4821734504683693e-06,0.39999079614913474,2.4241364231491046e-08,-1.3106220437256676e-08,9.045255079843928e-08,0.9999999999999956,0.3113700492476117,5.422269130902053e-06,-8.125299044703382e-11,2.8162025793002345e-10,6.195106492650295e-08,-2.083098551760812e-08,,,,
0.85,51,object_b,1,1,rigid_box,1.1593520851013193,-9.450728020747192e-06,0.39999079639526985,1.5154678956940696e-08,-4.975403281567306e-08,-3.1904763256924545e-07,0.9999999999999477,1.551011304814559,-1.4526840321448543e-05,-1.439583192236471e-10,4.5936572186982003e-11,6.261147552588354e-08,-1.4553368561972439e-08,,,,
0.8666666666666667,52,object_a,0,1,rigid_box,0.11575665607947631,3.572492567618407e-06,0.3999907961477849,2.4243716594524998e-08,-1.2589975234424689e-08,9.027879078680123e-08,0.9999999999999956,0.3110326284671347,5.416393226344455e-06,-8.079928219550947e-11,2.8285851876976257e-10,6.194798152249638e-08,-2.0869011201079206e-08,,,,
0.8666666666666667,52,object_b,1,1,rigid_box,1.1851783598752919,-9.692618049977695e-06,0.39999079639287766,1.515506317048779e-08,-4.923229945987922e-08,-3.1916915377930495e-07,0.9999999999999477,1.5483116231681575,-1.4501554992675554e-05,-1.431561119646929e-10,4.6293768350177917e-11,6.260494532610817e-08,-1.4608258871745827e-08,,,,
0.8833333333333333,53,object_a,0,1,rigid_box,0.12093754836570271,3.6627138092745794e-06,0.3999907961464423,2.4246079268411016e-08,-1.207375562023242e-08,9.010471459996281e-08,0.9999999999999956,0.31069557238553314,5.410523673102309e-06,-8.035062545874716e-11,2.8409497807582534e-10,6.194492213607466e-08,-2.0906877572626867e-08,,,,
0.8833333333333333,53,object_b,1,1,rigid_box,1.2109597051978394,-9.934087268126861e-06,0.399990796390498,1.5155450361004334e-08,-4.871062033852564e-08,-3.192911315973734e-07,0.9999999999999477,1.5456193054494605,-1.4476338634666664e-05,-1.4241621076882538e-10,4.665104051971414e-11,6.259845663368544e-08,-1.4662965894384436e-08,,,,
0.9,54,object_a,0,1,rigid_box,0.12611282627559764,3.7528372812079986e-06,0.399990796145107,2.4248452238169338e-08,-1.1557561395162745e-08,8.993032356260155e-08,0.9999999999999956,0.310358880457297,5.404660461674848e-06,-7.989689465581762e-11,2.853296427993971e-10,6.194188662112678e-08,-2.0944585333369837e-08,,,,
0.9,54,object_b,1,1,rigid_box,1.2366962435376554,-1.0175136822240087e-05,0.39999079638813084,1.515584052910086e-08,-4.818899510659015e-08,-3.194135644946111e-07,0.9999999999999477,1.542934321930961,-1.4451190968992948e-05,-1.4166418559058425e-10,4.700838347690794e-11,6.259200924985311e-08,-1.4717489316329347e-08,,,,
0.9166666666666666,55,object_a,0,1,rigid_box,0.1312824958735619,3.842863089031594e-06,0.39999079614377897,2.4250835488874793e-08,-1.1041392360865265e-08,8.975561899409031e-08,0.9999999999999956,0.3100225521379968,5.398803582580115e-06,-7.947158729704196e-11,2.8656251942469805e-10,6.193887484346592e-08,-2.0982135061375864e-08,,,,
0.9166666666666666,55,object_b,1,1,rigid_box,1.2623880968693921,-1.0415767854735559e-05,0.39999079638577606,1.51562336753458e-08,-4.766742342072796e-08,-3.1953645093984627e-07,0.9999999999999477,1.5402566430449256,-1.442611171872194e-05,-1.4095069902908541e-10,4.7365792306952645e-11,6.258560297173309e-08,-1.4771828887222637e-08,,,,
0.9333333333333333,56,object_a,0,1,rigid_box,0.136446563214932,3.932791337009523e-06,0.3999907961423448,2.4375366851207796e-08,-1.1012049275808693e-08,8.958058800972858e-08,0.9999999999999956,0.3096865868842835,5.392952871806746e-06,-8.771039797239588e-11,1.7331509816485347e-08,-6.031967735081574e-09,-2.102347821246014e-08,,,,
0.9333333333333333,56,object_b,1,1,rigid_box,1.2880353866763128,-1.065598150342909e-05,0.39999079638343366,1.515662980026686e-08,-4.714590493926583e-08,-3.1965978939977114e-07,0.9999999999999477,1.5375862393823225,-1.4401100608407583e-05,-1.402059648936138e-10,4.772326214700205e-11,6.257923760396242e-08,-1.4825984319228824e-08,,,,
0.95,57,object_a,0,1,rigid_box,0.14160503434599805,4.022622128654519e-06,0.3999907961408847,2.451977082255605e-08,-1.1062618135106047e-08,8.940520514035251e-08,0.9999999999999957,0.3093509841538716,5.387108449358409e-06,-8.749437112320901e-11,1.7325801575360274e-08,-6.100279509932926e-09,-2.1065763549766902e-08,,,,
0.95,57,object_b,1,1,rigid_box,1.313638233952927,-1.0895778901558816e-05,0.3999907963811036,1.5157028904351436e-08,-4.662443932221666e-08,-3.197835783392821e-07,0.9999999999999476,1.5349230816917598,-1.4376157364080259e-05,-1.3948449860412548e-10,4.808078831664387e-11,6.257291293762657e-08,-1.4879955465417735e-08,,,,
0.9666666666666667,58,object_a,0,1,rigid_box,0.14675791530402174,4.1123555690893805e-06,0.39999079613942784,2.4664126709415146e-08,-1.1113754057552402e-08,8.922946999867959e-08,0.9999999999999957,0.3090157434055588,5.381270331020326e-06,-8.730803059686654e-11,1.73199961194257e-08,-6.168170646030251e-09,-2.1108025091135614e-08,,,,
0.9666666666666667,58,object_b,1,1,rigid_box,1.3391967592076093,-1.1135161177809718e-05,0.3999907963787857,1.5157430988048117e-08,-4.610302623126932e-08,-3.1990781622163573e-07,0.9999999999999476,1.5322671408784283,-1.4351281713236938e-05,-1.3873504255135227e-10,4.843836612138448e-11,6.256662877968848e-08,-1.4933742076845582e-08,,,,
0.9833333333333333,59,object_a,0,1,rigid_box,0.15190521211725413,4.201991763299296e-06,0.3999907961379742,2.480843483011274e-08,-1.1165458041065825e-08,8.905338278223914e-08,0.9999999999999957,0.30868086409920786,5.375438507386083e-06,-8.712288529499901e-11,1.7314261545576104e-08,-6.236311693485651e-09,-2.1150263004924165e-08,,,,
0.9833333333333333,59,object_b,1,1,rigid_box,1.3647110824651998,-1.1374129456337961e-05,0.39999079637648,1.515783605176708e-08,-4.558166532979199e-08,-3.2003250150868707e-07,0.9999999999999476,1.5296183880030572,-1.4326473384831358e-05,-1.380222880431603e-10,4.879599098058232e-11,6.256038491748051e-08,-1.49873440830942e-08,,,,
1.0,60,object_a,0,1,rigid_box,0.1570469308049534,4.291530816112852e-06,0.3999907961365239,2.495269551737233e-08,-1.121773113961558e-08,8.8876943686854e-08,0.9999999999999957,0.30834634569574815,5.369612969067828e-06,-8.693277521454323e-11,1.7308586827587582e-08,-6.304658780648112e-09,-2.1192477519883603e-08,,,,
1.0,60,object_b,1,1,rigid_box,1.3901813232695852,-1.1612684856795101e-05,0.39999079637418644,1.5158244095881497e-08,-4.5060356282801056e-08,-3.2015763266086423e-07,0.9999999999999476,1.526976794280874,-1.4301732109264302e-05,-1.372778713620848e-10,4.915365850620609e-11,6.255418116268934e-08,-1.5040761253395937e-08,,,,
1.0166666666666666,61,object_a,0,1,rigid_box,0.16218307737740267,4.3809728322023305e-06,0.3999907961350767,2.5096909062831598e-08,-1.1270574240096555e-08,8.87001529068345e-08,0.9999999999999957,0.3080121876571733,5.363793706696294e-06,-8.673188035823731e-11,1.730296849641518e-08,-6.37319799273121e-09,-2.1234668803516776e-08,,,,
1.0166666666666666,61,object_b,1,1,rigid_box,1.4156076006862683,-1.1850828494352118e-05,0.39999079637190493,1.5158655120728145e-08,-4.4539098756997717e-08,-3.2028320813767117e-07,0.9999999999999476,1.5243423310805775,-1.4277057618373959e-05,-1.3657503079855804e-10,4.951136437599897e-11,6.254801730357096e-08,-1.5093993560182457e-08,,,,
1.0333333333333334,62,object_a,0,1,rigid_box,0.1673136578359277,4.470317916084025e-06,0.3999907961336328,2.5241075791774197e-08,-1.1323988361777794e-08,8.85230106349501e-08,0.9999999999999957,0.3076783894465382,5.357980710920649e-06,-8.653722530227448e-11,1.7297386573378248e-08,-6.441849061977426e-09,-2.1276837053772418e-08,,,,
1.0333333333333334,62,object_b,1,1,rigid_box,1.440990033304914,-1.2088561479723281e-05,0.3999907963696354,1.5159069126608022e-08,-4.4017892420758014e-08,-3.204092263978218e-07,0.9999999999999476,1.5217149699233137,-1.4252449645426351e-05,-1.3583580787956961e-10,4.9869104492012345e-11,6.254189315541551e-08,-1.5147040795039556e-08,,,,
1.05,63,object_a,0,1,rigid_box,0.17243867817291447,4.559566172118544e-06,0.39999079613219213,2.5385196064072002e-08,-1.1377974660980318e-08,8.834551706227799e-08,0.9999999999999957,0.307344950527956,5.352173972408452e-06,-8.634965138754058e-11,1.7291851577344823e-08,-6.510654002364039e-09,-2.1318982469213148e-08,,,,
1.05,63,object_b,1,1,rigid_box,1.4663287392418811,-1.232588491918986e-05,0.3999907963673779,1.5159486113787974e-08,-4.34967369441022e-08,-3.2053568589919096e-07,0.9999999999999476,1.5190946824816633,-1.4227907925105858e-05,-1.351184789055715e-10,5.0226874591601476e-11,6.253580850480056e-08,-1.5199902993238013e-08,,,,
1.0666666666666667,64,object_a,0,1,rigid_box,0.177558144371827,4.648717704511122e-06,0.39999079613075456,2.5529270149848615e-08,-1.1432533930894927e-08,8.816767237819525e-08,0.9999999999999957,0.3070118703665967,5.346373481845775e-06,-8.614795335426528e-11,1.7286300542193598e-08,-6.579358974562907e-09,-2.1361105233727216e-08,,,,
1.0666666666666667,64,object_b,1,1,rigid_box,1.4916238361427385,-1.25627999146237e-05,0.3999907963651322,1.5159906082500875e-08,-4.297563199871475e-08,-3.206625850991811e-07,0.9999999999999475,1.5164814405786373,-1.4203432193505786e-05,-1.344090116983665e-10,5.058467081622755e-11,6.252976316090199e-08,-1.5252580043647197e-08,,,,
1.0833333333333333,65,object_a,0,1,rigid_box,0.1826720624072247,4.737772617311913e-06,0.39999079612932026,2.567329846721678e-08,-1.1487667557698819e-08,8.798947677059756e-08,0.9999999999999958,0.30667914842868277,5.340579229936848e-06,-8.596227549229063e-11,1.728081747828408e-08,-6.64830173217357e-09,-2.140320556140914e-08,,,,
1.0833333333333333,65,object_b,1,1,rigid_box,1.5168754411847636,-1.2799307563510586e-05,0.3999907963628983,1.5160329032946267e-08,-4.245457725796413e-08,-3.207899224550802e-07,0.9999999999999475,1.5138752161866784,-1.4179022188119034e-05,-1.3370420395841798e-10,5.09424890568255e-11,6.25237569169712e-08,-1.5305071976512786e-08,,,,
1.1,66,object_a,0,1,rigid_box,0.18778043824478002,4.826731014416315e-06,0.3999907961278891,2.5817281340353372e-08,-1.1543376547437301e-08,8.781093042575105e-08,0.9999999999999958,0.3063467841814887,5.33479120740432e-06,-8.575730056636921e-11,1.727537760079207e-08,-6.717382222328129e-09,-2.14452836075565e-08,,,,
1.1,66,object_b,1,1,rigid_box,1.5420836710794232,-1.3035408958973526e-05,0.3999907963606762,1.5160754965291975e-08,-4.193357239684104e-08,-3.209176964237494e-07,0.9999999999999475,1.5112759814266732,-1.4154677647828808e-05,-1.3300546948535885e-10,5.130032569589168e-11,6.251778958245564e-08,-1.5357378718151545e-08,,,,
1.1166666666666667,67,object_a,0,1,rigid_box,0.192883277841296,4.91559299956526e-06,0.3999907961264611,2.5961219146861617e-08,-1.1599662119610435e-08,8.76320335281007e-08,0.9999999999999957,0.3060147770933362,5.32900940498903e-06,-8.561231931714097e-11,1.727002602458474e-08,-6.786782750126537e-09,-2.1487339632938995e-08,,,,
1.1166666666666667,67,object_b,1,1,rigid_box,1.5672486420748393,-1.3271105189795809e-05,0.3999907963584658,1.5161183879674452e-08,-4.141261709200066e-08,-3.210459054621598e-07,0.9999999999999475,1.5086837085669689,-1.413039831289947e-05,-1.3229985162954705e-10,5.165817693347471e-11,6.251186096094108e-08,-1.5409500267484895e-08,,,,
1.1333333333333333,68,object_a,0,1,rigid_box,0.19798058714472347,5.004358676345524e-06,0.3999907961250363,2.6105112263478592e-08,-1.16565254879808e-08,8.745278626064386e-08,0.9999999999999958,0.30568312663359337,5.323233813450029e-06,-8.54515486148344e-11,1.72646804376097e-08,-6.856170369444879e-09,-2.1529373785471774e-08,,,,
1.1333333333333333,68,object_b,1,1,rigid_box,1.5923704699582377,-1.3506397340443965e-05,0.39999079635626705,1.516161577619935e-08,-4.089171102175513e-08,-3.211745480275145e-07,0.9999999999999475,1.5060983700224004,-1.410618392496738e-05,-1.3160355791241862e-10,5.201603913547668e-11,6.250597084376719e-08,-1.546143674237668e-08,,,,
1.15,69,object_a,0,1,rigid_box,0.2030723720941789,5.093028148190022e-06,0.3999907961236146,2.6248961069755777e-08,-1.1713967875941025e-08,8.727318880456222e-08,0.9999999999999958,0.30535183227267104,5.317464423564533e-06,-8.520720413962568e-11,1.7259375115805216e-08,-6.9256832292482935e-09,-2.157138628967503e-08,,,,
1.15,69,object_b,1,1,rigid_box,1.617449270058382,-1.3741286491090545e-05,0.3999907963540799,1.5162050654942733e-08,-4.037085386605289e-08,-3.213036225772635e-07,0.9999999999999475,1.5035199383533258,-1.4082034227031869e-05,-1.3089546981037703e-10,5.2373908766964555e-11,6.250011904411557e-08,-1.5513188105612672e-08,,,,
1.1666666666666667,70,object_a,0,1,rigid_box,0.20815863861996114,5.181601518378125e-06,0.39999079612219607,2.6392765965426195e-08,-1.177199058643695e-08,8.709324133947738e-08,0.9999999999999958,0.30502089348202094,5.31170122612785e-06,-8.499920385596216e-11,1.7254110918767587e-08,-6.995324399694513e-09,-2.1613377308514202e-08,,,,
1.1666666666666667,70,object_b,1,1,rigid_box,1.6424851572479886,-1.397577371763675e-05,0.39999079635190427,1.5162488515951353e-08,-3.985004530649494e-08,-3.2143312756941404e-07,0.9999999999999474,1.500948386264665,-1.4057948963446246e-05,-1.3023360515007631e-10,5.273178234762022e-11,6.249430535451958e-08,-1.556475450279151e-08,,,,
1.1833333333333333,71,object_a,0,1,rigid_box,0.21323939264356948,5.270078890035946e-06,0.39999079612078065,2.653652737217272e-08,-1.183059500990381e-08,8.691294404322237e-08,0.9999999999999958,0.304690309734133,5.30594421195335e-06,-8.484145504195073e-11,1.7248936977861375e-08,-7.065293388891076e-09,-2.165534712775107e-08,,,,
1.1833333333333333,71,object_b,1,1,rigid_box,1.6674782459461295,-1.4209860091734937e-05,0.3999907963497401,1.516292935924379e-08,-3.932928502631541e-08,-3.215630614625504e-07,0.9999999999999474,1.4983836866049516,-1.4033927879908903e-05,-1.295509359511282e-10,5.308965668304436e-11,6.248852959243377e-08,-1.561613590840538e-08,,,,
1.2,72,object_a,0,1,rigid_box,0.21831464007772022,5.358460366136655e-06,0.39999079611936833,2.6680245675202864e-08,-1.1889782386735343e-08,8.673229709196493e-08,0.9999999999999958,0.30436008050253216,5.3001933718724705e-06,-8.468620076029776e-11,1.724380708143546e-08,-7.135402431069368e-09,-2.1697295891206576e-08,,,,
1.2,72,object_b,1,1,rigid_box,1.6924286501206167,-1.4443546680810925e-05,0.39999079634758733,1.5163373184811053e-08,-3.88085727103854e-08,-3.2169342271603506e-07,0.9999999999999474,1.4958258123653874,-1.4009970723454487e-05,-1.2883751704384494e-10,5.344752829914822e-11,6.248279154846209e-08,-1.5667332534519947e-08,,,,
1.2166666666666666,73,object_a,0,1,rigid_box,0.22338438682636452,5.446746049500761e-06,0.3999907961179591,2.6823921318638406e-08,-1.1949554194651743e-08,8.65513006602582e-08,0.9999999999999958,0.3040302052617763,5.294448696734567e-06,-8.44688954199091e-11,1.7238708955235175e-08,-7.20560116484744e-09,-2.1739223786562625e-08,,,,
1.2166666666666666,73,object_b,1,1,rigid_box,1.7173364832903717,-1.4676834548086226e-05,0.39999079634544593,1.5163819992617183e-08,-3.828790804521253e-08,-3.2182420979017144e-07,0.9999999999999474,1.4932747366789083,-1.3986077242445116e-05,-1.2820595106377564e-10,5.380539408574357e-11,6.247709103005814e-08,-1.5718344463246616e-08,,,,
1.2333333333333334,74,object_a,0,1,rigid_box,0.228448638784705,5.534936042796429e-06,0.399990796116553,2.6967554709555457e-08,-1.200991175894425e-08,8.636995492088624e-08,0.9999999999999958,0.3037006834874541,5.28871017740699e-06,-8.426215281076566e-11,1.7233671232682434e-08,-7.276005965192234e-09,-2.1781131062959834e-08,,,,
1.2333333333333334,74,object_b,1,1,rigid_box,1.74220185852778,-1.4909724752600078e-05,0.39999079634331586,1.5164269782600067e-08,-3.776729071892785e-08,-3.2195542114627414e-07,0.9999999999999474,1.4907304328192545,-1.39622471865617e-05,-1.2747327499118555e-10,5.416325099940376e-11,6.247142784889548e-08,-1.5769171785197453e-08,,,,
1.25,75,object_a,0,1,rigid_box,0.2335074018392134,5.623030448539767e-06,0.39999079611515,2.71111463348528e-08,-1.2070856728874839e-08,8.618826004474166e-08,0.9999999999999958,0.3033715146561817,5.282977804774885e-06,-8.408126798975513e-11,1.7228660147815424e-08,-7.346478774732674e-09,-2.182301790173238e-08,,,,
1.25,75,object_b,1,1,rigid_box,1.767024888461029,-1.514221834923133e-05,0.39999079634119694,1.5164722554671788e-08,-3.724672042131185e-08,-3.220870552470298e-07,0.9999999999999473,1.4881928742000503,-1.3938480306795305e-05,-1.2686350234214494e-10,5.4521095916525555e-11,6.246580180201106e-08,-1.5819814695986276e-08,,,,
1.2666666666666666,76,object_a,0,1,rigid_box,0.23856068186764742,5.7110293690951304e-06,0.39999079611375005,2.7254696600827846e-08,-1.2132390422898852e-08,8.600621620112757e-08,0.9999999999999958,0.30304269824560076,5.27725156974136e-06,-8.389034258926564e-11,1.722372353592236e-08,-7.417214646724843e-09,-2.1864884541781937e-08,,,,
1.2666666666666666,76,object_b,1,1,rigid_box,1.7918056852764308,-1.5374316388720228e-05,0.3999907963390893,1.516517830871994e-08,-3.672619684373441e-08,-3.2221911055618003e-07,0.9999999999999473,1.4856620343738893,-1.3914776355438593e-05,-1.2613420030671563e-10,5.4878925960843786e-11,6.246021269749567e-08,-1.5870273361389294e-08,,,,
1.2833333333333334,77,object_a,0,1,rigid_box,0.24360848473906788,5.798932906675414e-06,0.39999079611235316,2.739820601420295e-08,-1.2194514567906105e-08,8.582382355761442e-08,0.9999999999999959,0.3027142337343758,5.271531463227203e-06,-8.37008726217725e-11,1.72188627853449e-08,-7.48821931075517e-09,-2.1906731172322486e-08,,,,
1.2833333333333334,77,object_b,1,1,rigid_box,1.8165443607207328,-1.560601991769003e-05,0.3999907963369927,1.5165637044607907e-08,-3.620571967919674e-08,-3.223515855390063e-07,0.9999999999999473,1.483137887031428,-1.3891135086077317e-05,-1.254769222552854e-10,5.523673816232907e-11,6.245466034189246e-08,-1.5920547942961495e-08,,,,
1.3,78,object_a,0,1,rigid_box,0.24865081631385566,5.886741163342354e-06,0.39999079611095933,2.7541675032166736e-08,-1.2257230686979652e-08,8.564108227998687e-08,0.9999999999999959,0.30238612060219155,5.265817476171045e-06,-8.355847264107652e-11,1.7214011858119243e-08,-7.559222189720813e-09,-2.1948558022611417e-08,,,,
1.3,78,object_b,1,1,rigid_box,1.841241026103407,-1.583732997866848e-05,0.3999907963349072,1.516609876217506e-08,-3.5685288622319174e-08,-3.2248447866239756e-07,0.9999999999999473,1.4806204060004855,-1.3867556253581912e-05,-1.248344292520409e-10,5.5594529889306655e-11,6.244914454305441e-08,-1.5970638627381e-08,,,,
1.3166666666666667,79,object_a,0,1,rigid_box,0.2536876824437288,5.974454241006818e-06,0.39999079610956856,2.7685104114146934e-08,-1.2320540310461403e-08,8.545799253221339e-08,0.9999999999999959,0.3020583583297509,5.26010959952923e-06,-8.333368196888902e-11,1.7209259366335882e-08,-7.630585942496764e-09,-2.199036524896138e-08,,,,
1.3166666666666667,79,object_b,1,1,rigid_box,1.8658957922989319,-1.6068247610109116e-05,0.39999079633283274,1.5166563461238218e-08,-3.516490336933435e-08,-3.226177883949461e-07,0.9999999999999473,1.4781095652451506,-1.3844039614099127e-05,-1.2419046693801228e-10,5.5952298247961935e-11,6.244366510702837e-08,-1.6020545629158582e-08,,,,
1.3333333333333333,80,object_a,0,1,rigid_box,0.25871908897175927,6.062072241429104e-06,0.39999079610818083,2.7828493798168706e-08,-1.2384445289557144e-08,8.527455447648405e-08,0.9999999999999959,0.3017309463987717,5.254407824275692e-06,-8.320029561137421e-11,1.7204552866159832e-08,-7.702095634453873e-09,-2.203215314299795e-08,,,,
1.3333333333333333,80,object_b,1,1,rigid_box,1.890508769749053,-1.629877384641252e-05,0.39999079633076917,1.5167031141591625e-08,-3.464456361807806e-08,-3.2275151320701457e-07,0.9999999999999472,1.475605338864897,-1.3820584925043717e-05,-1.235299501578524e-10,5.6310040758702874e-11,6.243822183805513e-08,-1.607026920620787e-08,,,,
1.35,81,object_a,0,1,rigid_box,0.26374504173239,6.1495952662192265e-06,0.3999907961067961,2.7971844576786044e-08,-1.2448947287528362e-08,8.509076827323472e-08,0.9999999999999959,0.3014038842919847,5.248712141402057e-06,-8.29779821243104e-11,1.7199958651322145e-08,-7.774023654407121e-09,-2.2073921927856223e-08,,,,
1.35,81,object_b,1,1,rigid_box,1.9150800684650329,-1.6528909717947337e-05,0.39999079632871654,1.5167501803008145e-08,-3.4124269067985926e-08,-3.228856515708608e-07,0.9999999999999472,1.4731077010937046,-1.3797191945090236e-05,-1.2284656451810871e-10,5.6667754670509657e-11,6.243281454746476e-08,-1.611980955715735e-08,,,,
1.3666666666666667,82,object_a,0,1,rigid_box,0.26876554655145174,6.237023416837222e-06,0.39999079610541444,2.811515694648483e-08,-1.2514047982192665e-08,8.490663408102442e-08,0.9999999999999959,0.3010771714931314,5.243022541917546e-06,-8.282435674800137e-11,1.719535989220938e-08,-7.84588913195571e-09,-2.211567174733517e-08,,,,
1.3666666666666667,82,object_b,1,1,rigid_box,1.9396097980298852,-1.6758656251071217e-05,0.3999907963266747,1.5167975445239205e-08,-3.3604019420098964e-08,-3.23020201960824e-07,0.9999999999999472,1.470616626299185,-1.3773860434164844e-05,-1.2221769429832108e-10,5.7025437611238146e-11,6.242744304038641e-08,-1.6169166963886334e-08,,,,
1.3833333333333333,83,object_a,0,1,rigid_box,0.2737806092461799,6.324356794593435e-06,0.3999907961040357,2.825843145965961e-08,-1.257974928008391e-08,8.472215205658363e-08,0.9999999999999959,0.30075080748696076,5.23733901684886e-06,-8.264224547749333e-11,1.7190862217803637e-08,-7.918126659872075e-09,-2.2157402863919155e-08,,,,
1.3833333333333333,83,object_b,1,1,rigid_box,1.964098067600593,-1.6988014468151606e-05,0.3999907963246436,1.5168452068015838e-08,-3.308381437703738e-08,-3.231551628532511e-07,0.9999999999999472,1.46813208898172,-1.375059015343722e-05,-1.2158616127799782e-10,5.7383087216813504e-11,6.242210713525118e-08,-1.6218341602966438e-08,,,,
1.4,84,object_a,0,1,rigid_box,0.27879023562523136,6.411595500648809e-06,0.39999079610266003,2.8401668610146977e-08,-1.2646052844853701e-08,8.453732235483665e-08,0.9999999999999959,0.3004247917592274,5.2316615572402825e-06,-8.249446091512791e-11,1.718636039632206e-08,-7.990302003692502e-09,-2.2199115483159375e-08,,,,
1.4,84,object_b,1,1,rigid_box,1.9885449859103157,-1.721698538758639e-05,0.39999079632262335,1.5168931671049292e-08,-3.256365364301771e-08,-3.232905327267835e-07,0.999999999999947,1.4656540637735997,-1.3727380865312503e-05,-1.2092241791217262e-10,5.774070094041372e-11,6.241680663101675e-08,-1.626733384675627e-08,,,,
1.4166666666666667,85,object_a,0,1,rigid_box,0.283794431488701,6.498739636015181e-06,0.39999079610128735,2.85448690033731e-08,-1.2712960799330043e-08,8.435214512881525e-08,0.9999999999999959,0.30009912379668924,5.225990154153432e-06,-8.230276182796814e-11,1.718194106789544e-08,-8.062772252792272e-09,-2.224080985582171e-08,,,,
1.4166666666666667,85,object_b,1,1,rigid_box,2.0129506612705788,-1.7445570023824427e-05,0.3999907963206137,1.5169414254030777e-08,-3.2043536923856046e-08,-3.2342631006251404e-07,0.999999999999947,1.4631825254381725,-1.3704232333423336e-05,-1.2027569044892328e-10,5.8098276481385394e-11,6.241154133451995e-08,-1.631614399786238e-08,,,,
1.4333333333333333,86,object_a,0,1,rigid_box,0.28879320262813846,6.585789301555566e-06,0.3999907960999176,2.868803318936567e-08,-1.2780475036560743e-08,8.41666205297406e-08,0.999999999999996,0.29977380308710394,5.22032479866741e-06,-8.208024364353417e-11,1.7177723929259158e-08,-8.136033013797389e-09,-2.2282486196649833e-08,,,,
1.4333333333333333,86,object_b,1,1,rigid_box,2.03731520157345,-1.767376938738592e-05,0.3999907963186146,1.5169899816633114e-08,-3.152346392694772e-08,-3.235624933439656e-07,0.999999999999947,1.460717448868998,-1.3681144322621935e-05,-1.1961567326912448e-10,5.845581182246759e-11,6.240631107114611e-08,-1.636477223616304e-08,,,,
1.45,87,object_a,0,1,rigid_box,0.2937865548265649,6.672744597984458e-06,0.3999907960985508,2.883116173359228e-08,-1.2848597512234017e-08,8.398074870685988e-08,0.999999999999996,0.29944882911922854,5.21466548187869e-06,-8.19368895649264e-11,1.7173497084476572e-08,-8.209207845224961e-09,-2.2324144734199885e-08,,,,
1.45,87,object_b,1,1,rigid_box,2.0616387142937054,-1.790158448488269e-05,0.39999079631662615,1.517038835851066e-08,-3.100343436123659e-08,-3.2369908105694525e-07,0.999999999999947,1.4582588090890107,-1.365811659897223e-05,-1.1899767976553122e-10,5.881330458455668e-11,6.240111564284836e-08,-1.6413218937984463e-08,,,,
1.4666666666666666,88,object_a,0,1,rigid_box,0.2987744938584898,6.759605625868104e-06,0.3999907960971871,2.8974255166886806e-08,-1.2917330036593612e-08,8.379452980762158e-08,0.999999999999996,0.29912420138281454,5.209012194901127e-06,-8.171984963722956e-11,1.716922293131865e-08,-8.282139236042182e-09,-2.2365785654812314e-08,,,,
1.4666666666666666,88,object_b,1,1,rigid_box,2.0859213064909743,-1.812901631903828e-05,0.3999907963146481,1.5170879879300107e-08,-3.048344793724979e-08,-3.23836071689987e-07,0.9999999999999469,1.455806581249687,-1.3635148929742081e-05,-1.183898794970828e-10,5.917075273644487e-11,6.239595486251183e-08,-1.646148442417498e-08,,,,
1.4833333333333334,89,object_a,0,1,rigid_box,0.303757025489927,6.846372485624807e-06,0.3999907960958262,2.9117314191970537e-08,-1.2986675131995252e-08,8.360796397746692e-08,0.999999999999996,0.29879991936860717,5.203364928865654e-06,-8.155497457917882e-11,1.716519774081274e-08,-8.356056500697515e-09,-2.240740926693594e-08,,,,
1.4833333333333334,89,object_b,1,1,rigid_box,2.110163084811876,-1.8356065888707984e-05,0.3999907963126806,1.5171374378620555e-08,-2.996350436709105e-08,-3.2397346373441915e-07,0.9999999999999469,1.453360740630216,-1.3612241083395536e-05,-1.177628185938806e-10,5.952815417262788e-11,6.239082853556233e-08,-1.650956907347452e-08,,,,
1.5,90,object_a,0,1,rigid_box,0.3087341554784116,6.933045277525204e-06,0.3999907960944683,2.9260339313132365e-08,-1.3056634495933818e-08,8.342105135999632e-08,0.999999999999996,0.2984759825683427,5.197723674920715e-06,-8.138737427054732e-11,1.716111197417977e-08,-8.429674258761612e-09,-2.244901574234779e-08,,,,
1.5,90,object_b,1,1,rigid_box,2.1343641554921406,-1.8582734188898685e-05,0.39999079631072343,1.5171871856074422e-08,-2.9443603364430653e-08,-3.241112556844067e-07,0.9999999999999469,1.450921262636686,-1.358939282958515e-05,-1.1715111346288776e-10,5.988550702779266e-11,6.238573649030728e-08,-1.6557473103026393e-08,,,,
1.5166666666666666,91,object_a,0,1,rigid_box,0.31370588957301665,7.0196241016925585e-06,0.3999907960931133,2.940333123262539e-08,-1.3127210647382537e-08,8.323379209673741e-08,0.999999999999996,0.2981523904747456,5.192088424231711e-06,-8.124976039192155e-11,1.7157160300928116e-08,-8.503801259427644e-09,-2.2490605338269423e-08,,,,
1.5166666666666666,91,object_b,1,1,rigid_box,2.1585246243587184,-1.8809022210788614e-05,0.3999907963087766,1.517237231124794e-08,-2.8923744644472475e-08,-3.242494460367945e-07,0.9999999999999468,1.4484881228012663,-1.3566603939144372e-05,-1.1649857120654694e-10,6.024280930436526e-11,6.238067853058077e-08,-1.6605196939781134e-08,,,,
1.5333333333333334,92,object_a,0,1,rigid_box,0.31867223351436896,7.1061090581030425e-06,0.39999079609176125,2.9546290552188096e-08,-1.3198405686450898e-08,8.30461863273823e-08,0.999999999999996,0.2978291425815264,5.186459167981343e-06,-8.104597895575161e-11,1.7153337338949713e-08,-8.578415835566339e-09,-2.2532178300014544e-08,,,,
1.5333333333333334,92,object_b,1,1,rigid_box,2.1826445968318726,-1.9034930941746953e-05,0.39999079630684004,1.517287574371152e-08,-2.8403927923984164e-08,-3.2438803329148814e-07,0.9999999999999468,1.4460612967814017,-1.3543874184080004e-05,-1.1591247406350647e-10,6.060005912851355e-11,6.237565447065112e-08,-1.6652740946644684e-08,,,,
1.55,93,object_a,0,1,rigid_box,0.3236331930346661,7.1925002465860236e-06,0.3999907960904121,2.9689217874092505e-08,-1.3270221713616607e-08,8.285823418963525e-08,0.999999999999996,0.2975062383833791,5.180835897369448e-06,-8.085162227222664e-11,1.7149488103415133e-08,-8.652871416353872e-09,-2.2573734830751186e-08,,,,
1.55,93,object_b,1,1,rigid_box,2.206724177927259,-1.9260461365353326e-05,0.3999907963049137,1.5173382153020005e-08,-2.7884152921280685e-08,-3.2452701595144223e-07,0.9999999999999468,1.4436407603590133,-1.3521203337564673e-05,-1.1527442715653091e-10,6.095725460127363e-11,6.237066412630653e-08,-1.6700105476872413e-08,,,,
1.5666666666666667,94,object_a,0,1,rigid_box,0.3285887738576926,7.2787977668243505e-06,0.39999079608906585,2.983211393437658e-08,-1.3342661386838165e-08,8.266993581910057e-08,0.999999999999996,0.2971836773759794,5.175218603612775e-06,-8.066132657635894e-11,1.7145806241665254e-08,-8.727975926498479e-09,-2.2615275202205567e-08,,,,
1.5666666666666667,94,object_b,1,1,rigid_box,2.230763472257996,-1.948561446141719e-05,0.3999907963029975,1.5173891538713586e-08,-2.736441935621838e-08,-3.246663925227195e-07,0.9999999999999468,1.4412264894397016,-1.3498591173929393e-05,-1.1469540074637852e-10,6.131439408671466e-11,6.236570731082272e-08,-1.6747290926637363e-08,,,,
1.5833333333333333,95,object_a,0,1,rigid_box,0.3335389816988362,7.365001718354639e-06,0.3999907960877225,2.997497933921027e-08,-1.341572682066328e-08,8.248129134950852e-08,0.999999999999996,0.29686145905598166,5.169607277945286e-06,-8.0497296328641e-11,1.7142147748678187e-08,-8.803127792169864e-09,-2.2656799650310857e-08,,,,
1.5833333333333333,95,object_b,1,1,rigid_box,2.254762584036717,-1.9710391205997033e-05,0.3999907963010914,1.517440390031792e-08,-2.6844726950184532e-08,-3.2480616151452826e-07,0.9999999999999467,1.438818460051958,-1.3476037468656214e-05,-1.1408745476115811e-10,6.167147588424143e-11,6.236078384492449e-08,-1.6794297644315957e-08,,,,
1.6,96,object_a,0,1,rigid_box,0.3384838222651042,7.451112200567551e-06,0.39999079608638205,3.011781480886747e-08,-1.348942060559845e-08,8.22923009125092e-08,0.999999999999996,0.2965395829210165,5.164001911617803e-06,-8.032363663090791e-11,1.7138606227401786e-08,-8.878718230650044e-09,-2.269830839567608e-08,,,,
1.6,96,object_b,1,1,rigid_box,2.278721617077615,-1.9934792571419515e-05,0.39999079629919543,1.51749192373446e-08,-2.6325075426097466e-08,-3.2494632143933286e-07,0.9999999999999467,1.4364166483463852,-1.3453541998370843e-05,-1.134805131808303e-10,6.202849829097159e-11,6.235589354200355e-08,-1.6841126053898426e-08,,,,
1.6166666666666667,97,object_a,0,1,rigid_box,0.34342330125513953,7.53712931270808e-06,0.39999079608504445,3.026062105082064e-08,-1.356374527831517e-08,8.210296463758443e-08,0.999999999999996,0.2962180484696889,5.158402495898128e-06,-8.015535284122688e-11,1.7135114425105277e-08,-8.954465644832033e-09,-2.2739801770954072e-08,,,,
1.6166666666666667,97,object_b,1,1,rigid_box,2.3026406747984636,-2.0158819526298483e-05,0.3999907962973094,1.5175437549291763e-08,-2.5805464508408664e-08,-3.250868708129949e-07,0.9999999999999467,1.4340210305949166,-1.3431104540835397e-05,-1.128616852752451e-10,6.238545964972726e-11,6.235103622005648e-08,-1.688777655197685e-08,,,,
1.6333333333333333,98,object_a,0,1,rigid_box,0.34835742435923733,7.623053153875835e-06,0.39999079608370974,3.040339875186204e-08,-1.3638703287320312e-08,8.191328265238696e-08,0.9999999999999961,0.29589685520157555,5.15280902207102e-06,-8.001180620831327e-11,1.7131772161153786e-08,-9.03078848067891e-09,-2.2781279911907343e-08,,,,
1.6333333333333333,98,object_b,1,1,rigid_box,2.3265198602226422,-2.0382473035553798e-05,0.3999907962954333,1.5175958835644595e-08,-2.5285893923072572e-08,-3.2522780815461755e-07,0.9999999999999466,1.4316315831900481,-1.3408724874941195e-05,-1.122782110341003e-10,6.27423584776515e-11,6.23462116950286e-08,-1.693424955747322e-08,,,,
1.65,99,object_a,0,1,rigid_box,0.3532861972593611,7.708883823025316e-06,0.39999079608237786,3.05461486177347e-08,-1.371429715953195e-08,8.172325508241118e-08,0.9999999999999961,0.2955760026172221,5.1472214814380845e-06,-7.978982752288033e-11,1.712845655189807e-08,-9.10717080572027e-09,-2.28227431021652e-08,,,,
1.65,99,object_b,1,1,rigid_box,2.3503592759811323,-2.060575406043013e-05,0.39999079629356715,1.5176483095875423e-08,-2.476636339757184e-08,-3.25369131986882e-07,0.9999999999999466,1.4292482826440742,-1.3386402780701565e-05,-1.1169610895922499e-10,6.309919332029886e-11,6.234141979036707e-08,-1.698054545389137e-08,,,,
1.6666666666666667,100,object_a,0,1,rigid_box,0.3582096256291583,7.794621418966207e-06,0.3999907960810488,3.068887143867982e-08,-1.3790529776765153e-08,8.153288205083774e-08,0.9999999999999961,0.29525549021814185,5.141639865317663e-06,-7.96519655787975e-11,1.712525890793844e-08,-9.183996185945366e-09,-2.2864191632334977e-08,,,,
1.6666666666666667,100,object_b,1,1,rigid_box,2.3741590243145057,-2.0828663558515604e-05,0.3999907962917108,1.5177010329444218e-08,-2.424687266089635e-08,-3.2551084083597555e-07,0.9999999999999466,1.4268711055883252,-1.3364138039244753e-05,-1.1109601780190381e-10,6.345596266603674e-11,6.233666032169846e-08,-1.7026664702657763e-08,,,,
1.6833333333333333,101,object_a,0,1,rigid_box,0.3631277151339773,7.880266040363624e-06,0.3999907960797226,3.083156794357755e-08,-1.3867403761841418e-08,8.134216367891441e-08,0.9999999999999961,0.2949353175068129,5.136064165044981e-06,-7.949100579163204e-11,1.712214161864052e-08,-9.261106309017792e-09,-2.2905625729290573e-08,,,,
1.6833333333333333,101,object_b,1,1,rigid_box,2.397919207074909,-2.1051202483760284e-05,0.3999907962898643,1.517754053579945e-08,-2.3727421443523775e-08,-3.2565293323152757e-07,0.9999999999999466,1.4245000287724183,-1.3341930432806884e-05,-1.1047160755617291e-10,6.381266519009318e-11,6.233193311204126e-08,-1.707260770383841e-08,,,,
1.7,102,object_a,0,1,rigid_box,0.36804047143088237,7.965817785738452e-06,0.39999079607839927,3.0974238866674595e-08,-1.3944921758633894e-08,8.115110008585404e-08,0.9999999999999961,0.2946154839866751,5.1304943719720155e-06,-7.936104724770576e-11,1.7119076556261006e-08,-9.338382118197259e-09,-2.2947045626432108e-08,,,,
1.7,102,object_b,1,1,rigid_box,2.421639925728021,-2.1273371786494597e-05,0.3999907962880275,1.517807371437753e-08,-2.3208009477456407e-08,-3.2579540770703823e-07,0.9999999999999465,1.4221350290635073,-1.3319779744724928e-05,-1.0995044111283825e-10,6.416929931784273e-11,6.232723797503389e-08,-1.7118374951513e-08,,,,
1.7166666666666666,103,object_a,0,1,rigid_box,0.37294790016867074,8.051276753467567e-06,0.3999907960770787,3.1116885060298376e-08,-1.402308690879642e-08,8.095969138856645e-08,0.9999999999999961,0.2942959891621286,5.124930477467296e-06,-7.912001609433617e-11,1.7116209968951468e-08,-9.41644120132423e-09,-2.2988451681391448e-08,,,,
1.7166666666666666,103,object_b,1,1,rigid_box,2.44532128135501,-2.1495172413447607e-05,0.3999907962862003,1.517860986460418e-08,-2.2688636496165658e-08,-3.2593826279950933e-07,0.9999999999999465,1.4197760834455422,-1.3297685759429775e-05,-1.0935123119504286e-10,6.452586395819261e-11,6.232257474034948e-08,-1.7163966833129288e-08,,,,
1.7333333333333334,104,object_a,0,1,rigid_box,0.37785000698788773,8.13664304178414e-06,0.399990796075761,3.1259507264688844e-08,-1.4101901880260337e-08,8.076793770174697e-08,0.9999999999999961,0.2939768325385317,5.1193724729162e-06,-7.897061476969114e-11,1.7113328922390796e-08,-9.494383680944739e-09,-2.302984400032377e-08,,,,
1.7333333333333334,104,object_b,1,1,rigid_box,2.4689633746544715,-2.1716605307765212e-05,0.39999079628438283,1.517914898589419e-08,-2.2169302234616214e-08,-3.260814970497428e-07,0.9999999999999465,1.4174231690185322,-1.327564826243933e-05,-1.087843842784153e-10,6.488235782699352e-11,6.231794322907549e-08,-1.720938379808043e-08,,,,
1.75,105,object_a,0,1,rigid_box,0.38274679752084356,8.221916748777915e-06,0.39999079607444604,3.140210633017941e-08,-1.4181369805231267e-08,8.057583913797708e-08,0.9999999999999961,0.29365801362219734,5.113820349720578e-06,-7.879919980413597e-11,1.71106220048511e-08,-9.573007057295236e-09,-2.307122299949256e-08,,,,
1.75,105,object_b,1,1,rigid_box,2.479841341487198,-2.1588895394593933e-05,0.39999079616423405,3.9090333531520664e-08,-6.29331951064792e-08,-4.298583541519105e-07,0.9999999999999049,-0.11137417970277413,2.8586314847534356e-05,-7.534483613402809e-08,3.8012789717817246e-10,-6.069305620861638e-08,2.1893094999549375e-08,,,,
1.7666666666666666,106,object_a,0,1,rigid_box,0.3876382773916286,8.307097972395476e-06,0.3999907960731339,3.154468308864046e-08,-1.4261493737513671e-08,8.03833958076134e-08,0.9999999999999961,0.29333953192039197,5.1082740992989205e-06,-7.867176875231419e-11,1.7108010680291755e-08,-9.651979162398865e-09,-2.311258889662052e-08,,,,
1.7666666666666666,106,object_b,1,1,rigid_box,2.4779864143268644,-2.1112792837595418e-05,0.39999079617520217,3.909348930122019e-08,-6.343899795420619e-08,-4.296761125771019e-07,0.9999999999999049,-0.11122633957936058,2.8548368764829035e-05,9.532415135016237e-11,3.773466996032141e-10,-6.069815238726521e-08,2.1847457948947717e-08,,,,
1.7833333333333334,107,object_a,0,1,rigid_box,0.3925244522161292,8.392186810440532e-06,0.3999907960718246,3.168723832066387e-08,-1.434227651254008e-08,8.019060781872891e-08,0.9999999999999961,0.29302138694133284,5.102733713086331e-06,-7.846503134734117e-11,1.7105456313714745e-08,-9.731135600684138e-09,-2.315394188707965e-08,,,,
1.7833333333333334,107,object_b,1,1,rigid_box,2.4761339501015085,-2.0637322441411596e-05,0.39999079617679556,3.9096621572790464e-08,-6.394483333545367e-08,-4.2949425436109855e-07,0.999999999999905,-0.11107861992603035,2.851045360433422e-05,9.583295962345417e-11,3.745165230390157e-10,-6.070209971544139e-08,2.180135246470651e-08,,,,
1.8,108,object_a,0,1,rigid_box,0.3974053276020439,8.477183360574185e-06,0.39999079607051796,3.1829772985484805e-08,-1.4423721723143033e-08,7.999747527713465e-08,0.9999999999999962,0.2927035781941859,5.097199182534201e-06,-7.833834102244364e-11,1.7103066635633018e-08,-9.810933908145753e-09,-2.3195282368976298e-08,,,,
1.8,108,object_b,1,1,rigid_box,2.4742839468049302,-2.016248369109138e-05,0.3999907961783988,3.909973015515343e-08,-6.445070175220242e-08,-4.2931278138053823e-07,0.999999999999905,-0.11093102058541611,2.847256932566667e-05,9.648949000906626e-11,3.7166274789596544e-10,-6.070607892558198e-08,2.1755015830842485e-08,,,,
1.8166666666666667,109,object_a,0,1,rigid_box,0.40228090914889914,8.562087720315214e-06,0.3999907960692141,3.1972287850896746e-08,-1.450583214835068e-08,7.980399828643036e-08,0.9999999999999962,0.2923861051890631,5.091670499110652e-06,-7.815255387289e-11,1.7100670775468063e-08,-9.890647329771306e-09,-2.3236610511629823e-08,,,,
1.8166666666666667,109,object_b,1,1,rigid_box,2.472436402433043,-1.9688276072226307e-05,0.39999079618001165,3.910281485115055e-08,-6.495660347064218e-08,-4.291316955640832e-07,0.9999999999999051,-0.11078354143050127,2.8434715896233264e-05,9.70391093868539e-11,3.6878526170129055e-10,-6.071009013483396e-08,2.1708447468903442e-08,,,,
1.8333333333333333,110,object_a,0,1,rigid_box,0.40715120244806474,8.646899987040338e-06,0.3999907960679131,3.2114783911702735e-08,-1.4588611531792752e-08,7.961017694784331e-08,0.9999999999999962,0.29206896743702027,5.086147654299943e-06,-7.798906485889656e-11,1.709850591412083e-08,-9.97128499289724e-09,-2.32779266387883e-08,,,,
1.8333333333333333,110,object_b,1,1,rigid_box,2.470591314983874,-1.921469907095072e-05,0.39999079618163436,3.910587546268113e-08,-6.546253875789434e-08,-4.2895099884456237e-07,0.9999999999999051,-0.11063618233444346,2.8396893283485627e-05,9.761860243762133e-11,3.6588394917578126e-10,-6.071413344528316e-08,2.1661646999012246e-08,,,,
1.85,111,object_a,0,1,rigid_box,0.41201621308276987,8.731620257984498e-06,0.39999079606661475,3.225726205710528e-08,-1.4672063168006849e-08,7.941601136018927e-08,0.9999999999999962,0.291752164450055,5.080630639602874e-06,-7.780457528250295e-11,1.7096413664684183e-08,-1.0052172965246695e-08,-2.3319231077206864e-08,,,,
1.85,111,object_b,1,1,rigid_box,2.468748682457564,-1.874175217394105e-05,0.39999079618326683,3.910891179071095e-08,-6.596850788194895e-08,-4.287706931583499e-07,0.9999999999999052,-0.11048894317057435,2.8359101454920092e-05,9.821320666458799e-11,3.629587014372321e-10,-6.071820896903715e-08,2.161461389825061e-08,,,,
1.8666666666666667,112,object_a,0,1,rigid_box,0.41687594662811867,8.81624863024112e-06,0.3999907960653192,3.239972313250675e-08,-1.4756190162936081e-08,7.922150162007712e-08,0.9999999999999962,0.29143569574110395,5.075119446536663e-06,-7.765151542604709e-11,1.709436693280945e-08,-1.0133194611625284e-08,-2.336052400306122e-08,,,,
1.8666666666666667,112,object_b,1,1,rigid_box,2.466908502856364,-1.826943486841504e-05,0.3999907961849092,3.911192363528761e-08,-6.647451111168172e-08,-4.2859078044562205e-07,0.9999999999999052,-0.1103418238123994,2.8321340378077603e-05,9.88129422035966e-11,3.6000940793537315e-10,-6.072231680147872e-08,2.156734783189952e-08,,,,
1.8833333333333333,113,object_a,0,1,rigid_box,0.4217304086511057,8.900785200762397e-06,0.3999907960640263,3.254216819926205e-08,-1.484099654380448e-08,7.902664782171239e-08,0.9999999999999962,0.2911195608240415,5.069614066634559e-06,-7.749844689597385e-11,1.70925174366282e-08,-1.0214997925752404e-08,-2.340180579163985e-08,,,,
1.8833333333333333,113,object_b,1,1,rigid_box,2.4650707741846314,-1.7797746642131052e-05,0.3999907961865614,3.911491079554797e-08,-6.698054871678442e-08,-4.284112626496518e-07,0.9999999999999052,-0.11019482413359745,2.8283610020543685e-05,9.943762133146627e-11,3.57035960257252e-10,-6.072645703970284e-08,2.1519848433226953e-08,,,,
1.9,114,object_a,0,1,rigid_box,0.42657960471063217,8.985230066359558e-06,0.3999907960627362,3.268459812199527e-08,-1.4926485497196918e-08,7.883145005683435e-08,0.9999999999999962,0.2908037592136766,5.064114491446353e-06,-7.734120462121741e-11,1.7090741946747424e-08,-1.0297056339517006e-08,-2.3443076699922063e-08,,,,
1.9,114,object_b,1,1,rigid_box,2.4632354944488273,-1.7326686983387284e-05,0.39999079618822353,3.911787306973867e-08,-6.748662096777237e-08,-4.2823214171697427e-07,0.9999999999999053,-0.11004794400802058,2.8245910349948332e-05,9.998496995622386e-11,3.540382529849364e-10,-6.073062979039579e-08,2.14721152038109e-08,,,,
1.9166666666666667,115,object_a,0,1,rigid_box,0.4314235403575205,9.069583323703131e-06,0.3999907960614487,3.282701398875567e-08,-1.501266116493938e-08,7.863590841469832e-08,0.9999999999999962,0.2904882904257507,5.058620712537783e-06,-7.719453548604704e-11,1.7089177519132734e-08,-1.0379956784334945e-08,-2.348433706187186e-08,,,,
1.9166666666666667,115,object_b,1,1,rigid_box,2.4614026616575124,-1.6856255381021024e-05,0.39999079618989564,3.9120810255227824e-08,-6.799272813594918e-08,-4.280534195970622e-07,0.9999999999999053,-0.10990118330969352,2.8208241333965895e-05,1.0064075614546475e-10,3.510161802771247e-10,-6.073483513693653e-08,2.142414793617884e-08,,,,
1.9333333333333333,116,object_a,0,1,rigid_box,0.43626222113453067,9.15384506932322e-06,0.399990796060164,3.296941669458336e-08,-1.5099526861397393e-08,7.844002298234524e-08,0.9999999999999962,0.29017315397693577,5.0531327214910466e-06,-7.702909143869618e-11,1.7087615568616427e-08,-1.0462805117928116e-08,-2.3525587085249723e-08,,,,
1.9333333333333333,116,object_b,1,1,rigid_box,2.4595722738213484,-1.638645132440795e-05,0.3999907961915776,3.912372214851503e-08,-6.849887049334132e-08,-4.2787509824170196e-07,0.9999999999999053,-0.10975454191281378,2.8170602940315096e-05,1.0118387031021747e-10,3.479696399933074e-10,-6.073907317020288e-08,2.1375946279629857e-08,,,,
1.95,117,object_a,0,1,rigid_box,0.44109565257637534,9.238015399609778e-06,0.399990796058882,3.3111807339706475e-08,-1.5187086780453795e-08,7.824379384402771e-08,0.9999999999999962,0.28985834938483185,5.04765050990423e-06,-7.681577596230227e-11,1.7086251148349693e-08,-1.0546437843674702e-08,-2.3566827164470852e-08,,,,
1.95,117,object_b,1,1,rigid_box,2.4577443289530883,-1.5917274303461347e-05,0.3999907961932696,3.912660854525501e-08,-6.90050483127125e-08,-4.2769717960521905e-07,0.9999999999999054,-0.1096080196917509,2.8132995136758863e-05,1.0180052634201076e-10,3.4489853081063176e-10,-6.074334396833023e-08,2.132751005469386e-08,,,,
1.9666666666666666,118,object_a,0,1,rigid_box,0.44592384020973536,9.322094410812867e-06,0.3999907960576026,3.325418691632345e-08,-1.527534465193662e-08,7.804722108158863e-08,0.9999999999999962,0.2895438761679651,5.042174069391686e-06,-7.670275178894848e-11,1.7084941746494403e-08,-1.0630242739848342e-08,-2.3608057530036568e-08,,,,
1.9666666666666666,118,object_b,1,1,rigid_box,2.455918825067582,-1.5448723808631427e-05,0.39999079619497163,3.912946924026577e-08,-6.95112618675133e-08,-4.275196656440337e-07,0.9999999999999054,-0.10946161652104651,2.8095417891104297e-05,1.0237098321819182e-10,3.418027540748515e-10,-6.074764762504804e-08,2.127883887187261e-08,,,,
1.9833333333333334,119,object_a,0,1,rigid_box,0.4507467895532751,9.406082199042926e-06,0.3999907960563259,3.339655650288589e-08,-1.5364304575459456e-08,7.785030477436897e-08,0.9999999999999963,0.2892297338457853,5.036703391583744e-06,-7.651685361709237e-11,1.7083813523192766e-08,-1.071476212839682e-08,-2.364927852223588e-08,,,,
1.9833333333333334,119,object_b,1,1,rigid_box,2.454095760181764,-1.4980799330904532e-05,0.3999907961966837,3.9132304027554955e-08,-7.001751143183456e-08,-4.27342558316219e-07,0.9999999999999054,-0.1093153322754138,2.8057871171202586e-05,1.0298966020283462e-10,3.3868221226450364e-10,-6.075198420518242e-08,2.122993265850605e-08,,,,
2.0,120,object_a,0,1,rigid_box,0.4555645061176581,9.489978860271048e-06,0.39999079605505194,3.353891719610128e-08,-1.5453970728976345e-08,7.765304499922264e-08,0.9999999999999962,0.2889159219386637,5.031238468126753e-06,-7.63738169928807e-11,1.7082842333162997e-08,-1.0799892662204857e-08,-2.369049047164392e-08,,,,
2.0,120,object_b,1,1,rigid_box,2.45227513231466,-1.4513500361802435e-05,0.39999079619840583,3.9135112700329384e-08,-7.052379728039115e-08,-4.271658595814367e-07,0.9999999999999055,-0.10916916682973744,2.802035494494895e-05,1.0362877916891833e-10,3.3553681162262935e-10,-6.075635378189834e-08,2.118079124978473e-08,,,,
2.0166666666666666,121,object_a,0,1,rigid_box,0.46037699540556204,9.573784490329243e-06,0.3999907960537806,3.3681270081440175e-08,-1.5544347241863576e-08,7.745544183023726e-08,0.9999999999999963,0.28860243996789076,5.025779290683082e-06,-7.620148609333022e-11,1.7081953481800313e-08,-1.0885312128031349e-08,-2.373169366550769e-08,,,,
2.0166666666666666,121,object_b,1,1,rigid_box,2.450456939487376,-1.4046826393381608e-05,0.399990796200138,3.913789505101943e-08,-7.103011968847002e-08,-4.269895714004585e-07,0.9999999999999055,-0.1090231200590731,2.798286918028254e-05,1.0421935883742073e-10,3.3236645956884794e-10,-6.076075642958532e-08,2.1131414424736296e-08,,,,
2.033333333333333,122,object_a,0,1,rigid_box,0.4651842629116946,9.657499184910685e-06,0.39999079605251187,3.382361626139719e-08,-1.5635438315848575e-08,7.725749533900037e-08,0.9999999999999963,0.2882892874556739,5.020325850931057e-06,-7.60419678613733e-11,1.7081190739984738e-08,-1.0971208832367997e-08,-2.3772888402568235e-08,,,,
2.033333333333333,122,object_b,1,1,rigid_box,2.4486411797231,-1.3580776918232468e-05,0.3999907962018802,3.914065087129689e-08,-7.15364789319013e-08,-4.2681369573495546e-07,0.9999999999999055,-0.10887719183864723,2.794541384518635e-05,1.0479125726881033e-10,3.2917106647323633e-10,-6.076519219988651e-08,2.1081802227265467e-08,,,,
2.05,123,object_a,0,1,rigid_box,0.4699863141228079,9.741123039570008e-06,0.39999079605124577,3.396595692912523e-08,-1.5727248543890813e-08,7.705920559445511e-08,0.9999999999999963,0.28797646392513565,5.014878140564805e-06,-7.591699144327002e-11,1.7080643013741274e-08,-1.1057967383188262e-08,-2.3814075052590123e-08,,,,
2.05,123,object_b,1,1,rigid_box,2.446827851047098,-1.3115351429478673e-05,0.39999079620363265,3.914337995209621e-08,-7.204287528701765e-08,-4.266382345471539e-07,0.9999999999999056,-0.10873138204385681,2.7907988907687152e-05,1.0541688529042137e-10,3.259505444073732e-10,-6.076966116148392e-08,2.1031954497640454e-08,,,,
2.066666666666667,124,object_a,0,1,rigid_box,0.4747831545177143,9.824656149723559e-06,0.39999079604998233,3.4108293192695635e-08,-1.5819782151006276e-08,7.686057266265669e-08,0.9999999999999963,0.28766396890031104,5.009436151294467e-06,-7.570701010539693e-11,1.708014467034105e-08,-1.1144871154060394e-08,-2.385525388125958e-08,,,,
2.066666666666667,124,object_b,1,1,rigid_box,2.4450169514867124,-1.2650549420776374e-05,0.3999907962053952,3.914608208363362e-08,-7.254930903061507e-08,-4.2646318979953446e-07,0.9999999999999056,-0.10858569055026895,2.7870594335855456e-05,1.060493810822738e-10,3.2270480882125884e-10,-6.077416335950997e-08,2.0981871312185816e-08,,,,
2.0833333333333335,125,object_a,0,1,rigid_box,0.4795747895673019,9.908098610649647e-06,0.3999907960487215,3.425062628009629e-08,-1.5913043880102462e-08,7.66615966071467e-08,0.9999999999999963,0.28735180190614595,5.003999874845876e-06,-7.560945793072538e-11,1.7079868574175037e-08,-1.1232668573292628e-08,-2.389642526989906e-08,,,,
2.0833333333333335,125,object_b,1,1,rigid_box,2.4432084790713566,-1.2186370386313494e-05,0.3999907962071679,3.9148757055434125e-08,-7.305578043990541e-08,-4.262885634544158e-07,0.9999999999999056,-0.10844011723362076,2.7833230097805392e-05,1.066210054273542e-10,3.194337779629624e-10,-6.077869884454754e-08,2.0931552661323814e-08,,,,
2.1,126,object_a,0,1,rigid_box,0.48436122473454857,9.991450517488829e-06,0.3999907960474633,3.4392957402521556e-08,-1.6007038401294976e-08,7.646227748867661e-08,0.9999999999999963,0.28703996246849417,4.998569302960705e-06,-7.543984534286174e-11,1.707968552684176e-08,-1.1320799621318079e-08,-2.393758950793209e-08,,,,
2.1,126,object_b,1,1,rigid_box,2.441402431832513,-1.1722813820809003e-05,0.39999079620895067,3.9151404656348626e-08,-7.356228979247658e-08,-4.261143574736383e-07,0.9999999999999057,-0.10829466196981884,2.7795896161694654e-05,1.0722191710887952e-10,3.161373727607272e-10,-6.078326766148086e-08,2.0880998610728512e-08,,,,
2.1166666666666667,127,object_a,0,1,rigid_box,0.48914246547453827,1.0074711965244158e-05,0.39999079604620774,3.4535287777248364e-08,-1.610177041058801e-08,7.626261536512027e-08,0.9999999999999963,0.28672845011411563,4.9931444273964055e-06,-7.527010958963132e-11,1.7079648187682687e-08,-1.1409492384022475e-08,-2.3978746952482257e-08,,,,
2.1166666666666667,127,object_b,1,1,rigid_box,2.4395988078037334,-1.1259879219512198e-05,0.3999907962107437,3.9154024674584995e-08,-7.406883736623834e-08,-4.2594057381810246e-07,0.9999999999999057,-0.10814932463493916,2.7758592495724406e-05,1.0788463178368346e-10,3.1281551702005957e-10,-6.078786984881847e-08,2.0830209278373615e-08,,,,
2.1333333333333333,128,object_a,0,1,rigid_box,0.49391851723447544,1.015788304878145e-05,0.3999907960449547,3.467761867211112e-08,-1.6197244822849433e-08,7.60626102915577e-08,0.9999999999999963,0.2864172643706747,4.98772523992609e-06,-7.511680687188882e-11,1.707980397665093e-08,-1.1498953137995163e-08,-2.40198979569835e-08,,,,
2.1333333333333333,128,object_b,1,1,rigid_box,2.437797605020631,-1.0797566078201958e-05,0.3999907962125469,3.915661689772903e-08,-7.457542343938901e-08,-4.2576721444753826e-07,0.9999999999999057,-0.10800410510522682,2.7721319068139224e-05,1.0848567356946948e-10,3.094681379164604e-10,-6.07925054280565e-08,2.07791849178942e-08,,,,
2.15,129,object_a,0,1,rigid_box,0.4986893854537003,1.0240963862829552e-05,0.3999907960437043,3.481995138237102e-08,-1.629346667170321e-08,7.586226232031127e-08,0.9999999999999963,0.2861064047667369,4.982311732338555e-06,-7.493344139630764e-11,1.7080075516723372e-08,-1.1588845210816456e-08,-2.406104284866311e-08,,,,
2.15,129,object_b,1,1,rigid_box,2.43599882152088,-1.0335873893186046e-05,0.3999907962143603,3.915918111277261e-08,-7.508204829037075e-08,-4.255942813201372e-07,0.9999999999999059,-0.10785900325709555,2.768407584722701e-05,1.0906740441352092e-10,3.0609516459736733e-10,-6.079717443173154e-08,2.0727925680790183e-08,,,,
2.1666666666666665,130,object_a,0,1,rigid_box,0.5034550755637038,1.0323954501980582e-05,0.39999079604245646,3.496228720817403e-08,-1.6390441011703813e-08,7.56615715007206e-08,0.9999999999999963,0.28579587083176816,4.976903896438248e-06,-7.476366054026684e-11,1.7080544456902078e-08,-1.1679524172571943e-08,-2.4102182010793858e-08,,,,
2.1666666666666665,130,object_b,1,1,rigid_box,2.434202455344215,-9.874802161300372e-06,0.39999079621618383,3.91617171061406e-08,-7.558871219780589e-08,-4.25421776391999e-07,0.9999999999999059,-0.10771401896712762,2.764686280131892e-05,1.0968788551057873e-10,3.026965321853101e-10,-6.08018768826172e-08,2.0676431803053175e-08,,,,
2.183333333333333,131,object_a,0,1,rigid_box,0.508215592988143,1.0406855060690218e-05,0.3999907960412112,3.5104627462112634e-08,-1.6488172950755404e-08,7.546053787918301e-08,0.9999999999999963,0.2854856620961313,4.971501724045228e-06,-7.465931865791031e-11,1.708112963691189e-08,-1.1770635862119343e-08,-2.41433157053167e-08,,,,
2.183333333333333,131,object_b,1,1,rigid_box,2.432408504532424,-9.414350379908279e-06,0.3999907962180177,3.916422466371689e-08,-7.609541544045227e-08,-4.2524970161679065e-07,0.9999999999999059,-0.10756915211207342,2.7609679898789307e-05,1.1033871559484876e-10,2.9927217615932807e-10,-6.080661278800304e-08,2.062470366217345e-08,,,,
2.2,132,object_a,0,1,rigid_box,0.5129709431428549,1.0489665633277937e-05,0.3999907960399685,3.524697355774605e-08,-1.6586668036825282e-08,7.525916149920259e-08,0.9999999999999963,0.2851757780910847,4.966105206995011e-06,-7.44709658523357e-11,1.7081890574105745e-08,-1.1862439904451195e-08,-2.4184444369707683e-08,,,,
2.2,132,object_b,1,1,rigid_box,2.4306169671293496,-8.954518046899824e-06,0.39999079621986167,3.9166703570878664e-08,-7.660215829714909e-08,-4.250780589453001e-07,0.999999999999906,-0.10742440256885122,2.7572527108055618e-05,1.1092679899626923e-10,2.9582203827678716e-10,-6.081138215773361e-08,2.0572741586666502e-08,,,,
2.216666666666667,133,object_a,0,1,rigid_box,0.5177211314358724,1.0572386313927277e-05,0.39999079603872834,3.538932686853034e-08,-1.6685931642567802e-08,7.50574424012414e-08,0.9999999999999963,0.2848662183487804,4.960714337138726e-06,-7.435823658197283e-11,1.708285227573871e-08,-1.195504589782829e-08,-2.4225568398874587e-08,,,,
2.216666666666667,133,object_b,1,1,rigid_box,2.4288278411808806,-8.495304660691058e-06,0.39999079622171585,3.9169153612524104e-08,-7.710894104677107e-08,-4.24906850325076e-07,0.999999999999906,-0.10727977021454697,2.753540439757834e-05,1.1151332288128479e-10,2.9234606208697395e-10,-6.081618499021939e-08,2.052054603054187e-08,,,,
2.2333333333333334,134,object_a,0,1,rigid_box,0.5224661632674384,1.0655017196686102e-05,0.3999907960374907,3.553168878940798e-08,-1.678596923353894e-08,7.485538062272768e-08,0.9999999999999964,0.2845569824022609,4.9553291063429875e-06,-7.420412374836705e-11,1.708400122094439e-08,-1.2048394816007214e-08,-2.4266688088223353e-08,,,,
2.2333333333333334,134,object_b,1,1,rigid_box,2.427041124734957,-8.036709720223304e-06,0.39999079622358025,3.917157457310489e-08,-7.761576396817154e-08,-4.247360776999686e-07,0.999999999999906,-0.10713525492641379,2.7498311735860893e-05,1.1217337649027659e-10,2.8884419655291795e-10,-6.082102128363124e-08,2.0468117420914742e-08,,,,
2.25,135,object_a,0,1,rigid_box,0.5272060440300219,1.0737558375466858e-05,0.39999079603625565,3.567406076322485e-08,-1.6886786484391576e-08,7.465297619786194e-08,0.9999999999999964,0.284248069785458,4.949949506489826e-06,-7.404402438404567e-11,1.7085247920952354e-08,-1.2142094190898724e-08,-2.4307803815500113e-08,,,,
2.25,135,object_b,1,1,rigid_box,2.4252568158415615,-7.5787327249624536e-06,0.39999079622545486,3.9173966236657915e-08,-7.812262734010352e-08,-4.2456574300943384e-07,0.9999999999999061,-0.10699085658187199,2.746124909144961e-05,1.1275754115136483e-10,2.8531639320661233e-10,-6.082589101626447e-08,2.0415456372026318e-08,,,,
2.2666666666666666,136,object_a,0,1,rigid_box,0.5319407791083313,1.0820009944046823e-05,0.3999907960350231,3.581644428027559e-08,-1.6988389276403925e-08,7.445022915811047e-08,0.9999999999999964,0.28393948003319064,4.944575529476656e-06,-7.388055792145742e-11,1.708673150146387e-08,-1.223675381311846e-08,-2.434891595385353e-08,,,,
2.2666666666666666,136,object_b,1,1,rigid_box,2.4234749125527184,-7.121373174898255e-06,0.3999907962273397,3.917632838684216e-08,-7.862953144119568e-08,-4.243958481884185e-07,0.9999999999999061,-0.10684657505850853,2.7424216432933597e-05,1.1335409520751849e-10,2.817626092995738e-10,-6.083079418112733e-08,2.0362563336991368e-08,,,,
2.283333333333333,137,object_a,0,1,rigid_box,0.5366703738793299,1.0902371996068367e-05,0.399990796033793,3.59588408601941e-08,-1.7090783620058208e-08,7.424713953127344e-08,0.9999999999999964,0.2836312126811622,4.939207167216254e-06,-7.373436063107253e-11,1.7088371691440648e-08,-1.2332021637832046e-08,-2.4390024962240588e-08,,,,
2.283333333333333,137,object_b,1,1,rigid_box,2.4216954129224897,-6.66463057054358e-06,0.39999079622923467,3.9178660806968375e-08,-7.913647654986485e-08,-4.242263951665797e-07,0.9999999999999061,-0.10670241023407678,2.738721372894472e-05,1.140086740292201e-10,2.7818280407413276e-10,-6.083573073966987e-08,2.0309439084803735e-08,,,,
2.3,138,object_a,0,1,rigid_box,0.5413948337122512,1.0984644625039217e-05,0.3999907960325655,3.6101252001238145e-08,-1.7193975430265467e-08,7.404370734232791e-08,0.9999999999999964,0.2833232672659585,4.9338444116368e-06,-7.358146557334688e-11,1.7090207841769924e-08,-1.2428070194001112e-08,-2.443113114026458e-08,,,,
2.3,138,object_b,1,1,rigid_box,2.419918315006975,-6.208504412933731e-06,0.3999907962311399,3.9180963280042476e-08,-7.964346294427653e-08,-4.240573858680301e-07,0.9999999999999062,-0.10655836198649651,2.7350240948157477e-05,1.1460246467087654e-10,2.7457694358428864e-10,-6.084070065690742e-08,2.0256084319223646e-08,,,,
2.316666666666667,139,object_a,0,1,rigid_box,0.5461141639686119,1.1066827924332696e-05,0.39999079603134047,3.6243679295591626e-08,-1.729797103456943e-08,7.383993261271488e-08,0.9999999999999964,0.28301564332504653,4.928487254681675e-06,-7.343021503347646e-11,1.7092242638339973e-08,-1.2524911371662143e-08,-2.447223489695137e-08,,,,
2.316666666666667,139,object_b,1,1,rigid_box,2.418143616864308,-5.752994203625722e-06,0.3999907962330553,3.9183235588797205e-08,-8.015049090224977e-08,-4.2388882221046385e-07,0.9999999999999062,-0.1064144301938531,2.7313298059288985e-05,1.1518987846903528e-10,2.7094499746212317e-10,-6.084570389790368e-08,2.0202499728572863e-08,,,,
2.3333333333333335,140,object_a,0,1,rigid_box,0.5508283700022284,1.1148921987187993e-05,0.39999079603011795,3.638612433177539e-08,-1.7402776743211092e-08,7.363581536079051e-08,0.9999999999999964,0.2827083403967713,4.923135688309569e-06,-7.325987386175292e-11,1.7094464051756416e-08,-1.2622492216750393e-08,-2.4513336688861605e-08,,,,
2.3333333333333335,140,object_b,1,1,rigid_box,2.416371316554649,-5.298099444697573e-06,0.39999079623498074,3.918547751573624e-08,-8.065756070122925e-08,-4.2372070610503527e-07,0.9999999999999062,-0.10627061473439771,2.7276385031098846e-05,1.1577016081898428e-10,2.6728694001951095e-10,-6.085074040527991e-08,2.0148686227877032e-08,,,,
2.35,141,object_a,0,1,rigid_box,0.55553745715923,1.1230926906710402e-05,0.39999079602889787,3.6528588741594667e-08,-1.75083990564195e-08,7.34313556014533e-08,0.9999999999999964,0.28240135802035443,4.917789704494364e-06,-7.31420132793481e-11,1.7096892148133055e-08,-1.2720900996299889e-08,-2.455443686683996e-08,,,,
2.35,141,object_b,1,1,rigid_box,2.41460141214019,-4.843819638747604e-06,0.39999079623691647,3.918768884317021e-08,-8.11646726182006e-08,-4.235530394556118e-07,0.9999999999999063,-0.10612691548654682,2.723950183238907e-05,1.1642881277140749e-10,2.6360275094309007e-10,-6.085581012046784e-08,2.0094644719199845e-08,,,,
2.3666666666666667,142,object_a,0,1,rigid_box,0.5602414307780744,1.131284277587159e-05,0.39999079602768034,3.6671074190886883e-08,-1.761484462362412e-08,7.322655334617271e-08,0.9999999999999964,0.28209469573589163,4.912449295225133e-06,-7.302571568279514e-11,1.7099497616665353e-08,-1.2820008097054341e-08,-2.459553584825736e-08,,,,
2.3666666666666667,142,object_b,1,1,rigid_box,2.4128339016851457,-4.390154288893724e-06,0.39999079623886225,3.918986935325746e-08,-8.167182692961995e-08,-4.233858241582015e-07,0.9999999999999063,-0.10598333232888191,2.7202648432004104e-05,1.1702361302212694e-10,2.598924128654392e-10,-6.08609129820508e-08,2.0040376104684263e-08,,,,
2.3833333333333333,143,object_a,0,1,rigid_box,0.5649402961895619,1.1394669687509838e-05,0.3999907960264652,3.681358237189611e-08,-1.772212020965415e-08,7.302140860305221e-08,0.9999999999999964,0.281788353084351,4.907114452506093e-06,-7.283222983045512e-11,1.7102302809494055e-08,-1.2919911980438117e-08,-2.4636634066631873e-08,,,,
2.3833333333333333,143,object_b,1,1,rigid_box,2.4110687832557534,-3.937102898772728e-06,0.3999907962408181,3.9192018828051975e-08,-8.217902391135666e-08,-4.2321906210049944e-07,0.9999999999999063,-0.1058398651401493,2.7165824798830602e-05,1.1763686726118383e-10,2.5615591873039997e-10,-6.086604890824123e-08,1.9985881502681344e-08,,,,
2.4,144,object_a,0,1,rigid_box,0.5696340587168504,1.1476407734330299e-05,0.39999079602525256,3.695611504043784e-08,-1.7830232859554992e-08,7.281592137663745e-08,0.9999999999999966,0.2814823296075708,4.901785168356527e-06,-7.266443523279431e-11,1.7105331743473233e-08,-1.302071882082558e-08,-2.4677731945546967e-08,,,,
2.4,144,object_b,1,1,rigid_box,2.409306054920269,-3.4846649725395895e-06,0.3999907962427841,3.9194137049540946e-08,-8.26862638386094e-08,-4.2305275516117746e-07,0.9999999999999063,-0.10569651379925973,2.7129030901797476e-05,1.182010132133593e-10,2.5239325951028947e-10,-6.087121781941309e-08,1.9931161969206197e-08,,,,
2.4166666666666665,145,object_a,0,1,rigid_box,0.5743227236754687,1.155805700890525e-05,0.39999079602404236,3.7098673928866447e-08,-1.793918951301339e-08,7.261009166798642e-08,0.9999999999999964,0.2811766248482574,4.89646143481087e-06,-7.251487257886602e-11,1.7108591691996308e-08,-1.3122460828604089e-08,-2.4718829879775505e-08,,,,
2.4166666666666665,145,object_b,1,1,rigid_box,2.4075457147489674,-3.032840014866766e-06,0.3999907962447602,3.9196223799695615e-08,-8.319354698584015e-08,-4.2288690520934334e-07,0.9999999999999063,-0.1055532781852881,2.709226670987575e-05,1.188672407032021e-10,2.486044385962607e-10,-6.087641962542104e-08,1.9876218673918036e-08,,,,
2.433333333333333,146,object_a,0,1,rigid_box,0.5790062963733323,1.1639617603674338e-05,0.3999907960228346,3.724126089932762e-08,-1.8048997683918758e-08,7.240391947447347e-08,0.9999999999999964,0.280871238349983,4.891143243918453e-06,-7.242122353201541e-11,1.7112059996448487e-08,-1.3225037554220494e-08,-2.475992836889943e-08,,,,
2.433333333333333,146,object_b,1,1,rigid_box,2.405787760814136,-2.581627530943486e-06,0.3999907962467462,3.919827886050919e-08,-8.370087362668894e-08,-4.227215141038254e-07,0.9999999999999064,-0.10541015817747351,2.705553219207857e-05,1.194203711613051e-10,2.4478945961028467e-10,-6.088165421341272e-08,1.982105297280095e-08,,,,
2.45,147,object_a,0,1,rigid_box,0.583684782110757,1.1721089610944834e-05,0.3999907960216293,3.738387774960299e-08,-1.815966459903846e-08,7.219740478990672e-08,0.9999999999999964,0.280566169657184,4.885830587743749e-06,-7.225474558947287e-11,1.7115758208103463e-08,-1.3328544268657027e-08,-2.4801027769318098e-08,,,,
2.45,147,object_b,1,1,rigid_box,2.404032191190072,-2.131027026475057e-06,0.3999907962487423,3.920030201405835e-08,-8.420824403393723e-08,-4.225565836929384e-07,0.9999999999999064,-0.10526715365521835,2.7018827317460993e-05,1.2003892671530458e-10,2.40948335758277e-10,-6.088692148986401e-08,1.976566603002071e-08,,,,
2.466666666666667,148,object_a,0,1,rigid_box,0.5883581861804736,1.1802473122891884e-05,0.39999079602042636,3.752652639564979e-08,-1.8271198008604967e-08,7.199054760428008e-08,0.9999999999999966,0.28026141831515883,4.880523458366072e-06,-7.213169471442793e-11,1.7119708083242338e-08,-1.3433077865768883e-08,-2.484212861362815e-08,,,,
2.466666666666667,148,object_b,1,1,rigid_box,2.4022790039530837,-1.6810380076821643e-06,0.3999907962507483,3.920229304253831e-08,-8.471565847937048e-08,-4.223921158132193e-07,0.9999999999999064,-0.10512426449808863,2.698215205512005e-05,1.2064449786408638e-10,2.37081084076462e-10,-6.089222131838468e-08,1.9710059427202286e-08,,,,
2.4833333333333334,149,object_a,0,1,rigid_box,0.5930265138676417,1.1883768231558747e-05,0.3999907960192259,3.766920871671949e-08,-1.838360549752145e-08,7.178334790398844e-08,0.9999999999999966,0.2799569838700654,4.8752218478797645e-06,-7.19693176581826e-11,1.7123842561090967e-08,-1.3538339418723964e-08,-2.4883231263419527e-08,,,,
2.4833333333333334,149,object_b,1,1,rigid_box,2.400528197181484,-1.231659981300171e-06,0.39999079625276424,3.920425172832048e-08,-8.522311723375983e-08,-4.2222811228939804e-07,0.9999999999999064,-0.10498149058581338,2.6945506374194597e-05,1.21239141989693e-10,2.3318772909736833e-10,-6.089755358312412e-08,1.9654234504960975e-08,,,,
2.5,150,object_a,0,1,rigid_box,0.5976897704498652,1.1964975028857064e-05,0.39999079601802784,3.7811926751614697e-08,-1.8496895359722938e-08,7.157580567142811e-08,0.9999999999999966,0.2796528658689201,4.869925748393879e-06,-7.18402923954864e-11,1.7128226147217405e-08,-1.364461595404428e-08,-2.492433629099364e-08,,,,
2.5,150,object_b,1,1,rigid_box,2.398779768955589,-7.828924545784241e-07,0.39999079625479006,3.9206177854003215e-08,-8.573062056673562e-08,-4.22064574933236e-07,0.9999999999999065,-0.10483883179828447,2.690889024386527e-05,1.2180743046152909e-10,2.2926830042241048e-10,-6.090291813181756e-08,1.9598192971553887e-08,,,,
2.5166666666666666,151,object_a,0,1,rigid_box,0.6023479611972056,1.2046093606567079e-05,0.3999907960168322,3.795468245692291e-08,-1.861107552111297e-08,7.136792088513157e-08,0.9999999999999966,0.2793490638595945,4.864635152032491e-06,-7.169315835442447e-11,1.7132853053695422e-08,-1.3751881338871591e-08,-2.4965444085535086e-08,,,,
2.5166666666666666,151,object_b,1,1,rigid_box,2.397033717357716,-3.347349352795553e-07,0.3999907962568257,3.9208071202464335e-08,-8.623816874675036e-08,-4.21901505543304e-07,0.9999999999999065,-0.10469628801555637,2.6872303633354404e-05,1.2241951029279274e-10,2.2532283549396534e-10,-6.090831482561672e-08,1.9541936379024175e-08,,,,
2.533333333333333,152,object_a,0,1,rigid_box,0.6070010913721959,1.2127124056337913e-05,0.3999907960156389,3.809747793236021e-08,-1.8726154543903805e-08,7.115969351972561e-08,0.9999999999999966,0.27904557739081454,4.859350050934344e-06,-7.153235469237185e-11,1.7137785292682334e-08,-1.3860412628827984e-08,-2.500655517529966e-08,,,,
2.533333333333333,152,object_b,1,1,rigid_box,2.3952900404721778,1.1281306832120945e-07,0.3999907962588712,3.920993155691218e-08,-8.674576204095662e-08,-4.217389059038717e-07,0.9999999999999065,-0.10455385911784573,2.6835746511925944e-05,1.2300386403873986e-10,2.2135137545909226e-10,-6.091374350389452e-08,1.948546647856702e-08,,,,
2.55,153,object_a,0,1,rigid_box,0.6116491662298565,1.2208066469687797e-05,0.399990796014448,3.8240315230185526e-08,-1.884214077629272e-08,7.095112354579379e-08,0.9999999999999966,0.2787424060121577,4.8540704372530766e-06,-7.140504160174643e-11,1.7142950282770462e-08,-1.3969885407011623e-08,-2.504767000023335e-08,,,,
2.55,153,object_b,1,1,rigid_box,2.393548736385284,5.597520474367456e-07,0.39999079626092643,3.921175870094491e-08,-8.725340071514825e-08,-4.215767777844464e-07,0.9999999999999065,-0.10441154498553123,2.6799218848885407e-05,1.2360824169777018e-10,2.1735397091979435e-10,-6.091920399856014e-08,1.9428785086639485e-08,,,,
2.566666666666667,154,object_a,0,1,rigid_box,0.6162921910177074,1.2288920938004313e-05,0.3999907960132595,3.83831965218263e-08,-1.895904309682121e-08,7.074221092986011e-08,0.9999999999999966,0.2784395492740513,4.848796303156962e-06,-7.127283485619529e-11,1.7148327682273234e-08,-1.4080207907499479e-08,-2.5088789057234505e-08,,,,
2.566666666666667,154,object_b,1,1,rigid_box,2.3918098031853363,1.006082492768721e-06,0.39999079626299133,3.921355241860703e-08,-8.77610850336819e-08,-4.214151229391209e-07,0.9999999999999066,-0.10426934549915332,2.6762720613579786e-05,1.2415186587122484e-10,2.1333067898302092e-10,-6.092469613442468e-08,1.9371894070368594e-08,,,,
2.5833333333333335,155,object_a,0,1,rigid_box,0.6209301709757834,1.2369687552544644e-05,0.3999907960120733,3.852612399521109e-08,-1.9076870455683765e-08,7.053295563426474e-08,0.9999999999999966,0.2781370067277704,4.843527640829014e-06,-7.110587986469685e-11,1.715395902064631e-08,-1.4191565457759949e-08,-2.512991289265063e-08,,,,
2.5833333333333335,155,object_b,1,1,rigid_box,2.3900732389626262,1.4518048945082862e-06,0.39999079626506584,3.9215312494443126e-08,-8.826881525937994e-08,-4.212539431057018e-07,0.9999999999999066,-0.10412726053941379,2.672625177539746e-05,1.2472415635012002e-10,2.0928156288509198e-10,-6.093021971243384e-08,1.9314795535597222e-08,,,,
2.6,156,object_a,0,1,rigid_box,0.6255631113366483,1.2450366404435822e-05,0.3999907960108895,3.8669099909597774e-08,-1.91956321200257e-08,7.0323357617212e-08,0.9999999999999966,0.2778347779254359,4.83826444246687e-06,-7.096430734709891e-11,1.7159932472723365e-08,-1.430435335834077e-08,-2.5171041986765412e-08,,,,
2.6,156,object_b,1,1,rigid_box,2.3883390418094304,1.8969197423367657e-06,0.39999079626715,3.921703871356187e-08,-8.877659165344635e-08,-4.2109324000499233e-07,0.9999999999999066,-0.10398528998717574,2.6689812303768156e-05,1.252975518478694e-10,2.0520669436461617e-10,-6.093577454689402e-08,1.925749142861164e-08,,,,
