time_s,frame,object_name,object_index,active,kind,x_m,y_m,z_m,qx,qy,qz,qw,vx_m_s,vy_m_s,vz_m_s,wx_rad_s,wy_rad_s,wz_rad_s,mesh_z_min_m,mesh_z_max_m,mesh_z_span_m,mesh_xy_radius_m
0.0,0,object_a,0,1,rigid_box,-0.38,0.0,0.39999999999999997,0.0,0.0,0.0,1.0,1.3299999999999998,0.0,0.0,0.0,0.0,0.0,,,,
0.0,0,object_b,1,1,rigid_box,0.38,0.0,0.39999999999999997,0.0,0.0,0.0,1.0,-1.0499999999999998,0.0,0.0,0.0,0.0,0.0,,,,
0.016666666666666666,1,object_a,0,1,rigid_box,-0.3578521860815179,-6.682217695933375e-14,0.39999026434800106,8.29720396193462e-09,-2.6762977682227552e-08,-1.2150416573753488e-10,0.9999999999999996,1.3278711217005,-4.320414909004388e-12,-1.3165861630082265e-10,7.121640363779148e-11,6.262208295809049e-08,-1.4602911187090018e-08,,,,
0.016666666666666666,1,object_b,1,1,rigid_box,0.36251327216234713,-8.147469868600305e-14,0.39999026441314023,8.010708675119595e-09,-2.6820575660894124e-08,1.1924899090430512e-10,0.9999999999999996,-1.0485010721858588,-5.257540641527722e-12,1.3037860721598626e-10,8.830311688597314e-11,-6.153565532696378e-08,1.4284038541638007e-08,,,,
0.03333333333333333,2,object_a,0,1,rigid_box,-0.33573981141078435,-1.38855344600495e-13,0.39999026434581253,8.297799247585403e-09,-2.6241152938834072e-08,-2.4341768708382197e-10,0.9999999999999997,1.325747428472339,-4.323364547410611e-12,-1.3099818105266614e-10,7.162726543599217e-11,6.261622787303577e-08,-1.4653162633105126e-08,,,,
0.03333333333333333,2,object_b,1,1,rigid_box,0.34505150292346687,-1.689230995022424e-13,0.39999026441531865,8.011443432083248e-09,-2.7333398692218742e-08,2.380625867965908e-10,0.9999999999999996,-1.0470052386021582,-5.237498631350955e-12,1.310126989534366e-10,8.805305376134957e-11,-6.154151248007795e-08,1.4234303150187927e-08,,,,
0.05,3,object_a,0,1,rigid_box,-0.3136627858780044,-2.1093680375332958e-13,0.39999026434363527,8.298397956896024e-09,-2.571937682203798e-08,-3.657491835237429e-10,0.9999999999999997,1.3236288993086982,-4.326216058209341e-12,-1.3029003743947332e-10,7.203808674748863e-11,6.261041020108989e-08,-1.4703236374772672e-08,,,,
0.05,3,object_b,1,1,rigid_box,0.3276146369381726,-2.5603632031466977e-13,0.39999026441750835,8.012176095044123e-09,-2.7846270697028557e-08,3.5646095241422787e-10,0.9999999999999996,-1.0455124875474595,-5.217327009316469e-12,1.3167747621445347e-10,8.780070065919808e-11,-6.154740667959468e-08,1.418439409788467e-08,,,,
0.06666666666666667,4,object_a,0,1,rigid_box,-0.2916210235796105,-2.8306492081554433e-13,0.3999902643414693,8.299000089520517e-09,-2.5197649020940324e-08,-4.884971750123181e-10,0.9999999999999997,1.3215155156813672,-4.328969651240083e-12,-1.29643488652742e-10,7.244886566479242e-11,6.260462974657501e-08,-1.475313258172353e-08,,,,
0.06666666666666667,4,object_b,1,1,rigid_box,0.31020262291353456,-3.428121937705309e-13,0.3999902644197093,8.012906644882493e-09,-2.8359191984976777e-08,4.744426393624111e-10,0.9999999999999996,-1.0440228097039297,-5.19702496417779e-12,1.3241376398132054e-10,8.754604930467802e-11,-6.15533381345839e-08,1.4134311131869217e-08,,,,
0.08333333333333333,5,object_a,0,1,rigid_box,-0.26961443892005466,-3.5523806568325373e-13,0.3999902643393145,8.299605645095425e-09,-2.467596922636926e-08,-6.116601838468242e-10,0.9999999999999997,1.3194072591506447,-4.331625536471493e-12,-1.289626253009324e-10,7.285959982292817e-11,6.259888628918221e-08,-1.4802851652269938e-08,,,,
0.08333333333333333,5,object_b,1,1,rigid_box,0.29281540971158787,-4.292485389916042e-13,0.3999902644219216,8.013635062407398e-09,-2.8872162867388017e-08,5.920061977430296e-10,0.9999999999999996,-1.0425361957912385,-5.176591688532162e-12,1.3305001024532803e-10,8.728909115324162e-11,-6.155930704745365e-08,1.4084054055331785e-08,,,,
0.1,6,object_a,0,1,rigid_box,-0.24764294661033712,-4.2745461175308983e-13,0.39999026433717083,8.300214623239744e-09,-2.4154337130869036e-08,-7.352367347050924e-10,0.9999999999999997,1.3173041113648138,-4.334183923981309e-12,-1.2830048828904594e-10,7.327028729178402e-11,6.259317963292589e-08,-1.4852393801914295e-08,,,,
0.1,6,object_b,1,1,rigid_box,0.2754529463487093,-5.153431616086966e-13,0.39999026442414526,8.014361328358125e-09,-2.9385183657314124e-08,7.091501758739204e-10,0.9999999999999996,-1.0410526365663635,-5.156026368352221e-12,1.337473621437768e-10,8.702981773595731e-11,-6.156531361985426e-08,1.4033622714186064e-08,,,,
0.11666666666666667,7,object_a,0,1,rigid_box,-0.22570646166654523,-4.997129359233588e-13,0.3999902643350383,8.300827023555452e-09,-2.3632752428705802e-08,-8.592253548409928e-10,0.9999999999999997,1.3152060540596175,-4.3366450239004355e-12,-1.2765455359442512e-10,7.368092611560675e-11,6.258750957049633e-08,-1.4901759347651414e-08,,,,
0.11666666666666667,7,object_b,1,1,rigid_box,0.25811518199499706,-6.010938536378374e-13,0.39999026442638036,8.015085423403962e-09,-2.98982546694976e-08,8.258731207198002e-10,0.9999999999999996,-1.039572122823409,-5.135328185579856e-12,1.3442345500602748e-10,8.676822085854085e-11,-6.157135805811871e-08,1.3983016925433839e-08,,,,
0.13333333333333333,8,object_a,0,1,rigid_box,-0.20380489940839988,-5.720114185957203e-13,0.39999026433291673,8.301442845628398e-09,-2.31112148158344e-08,-9.836245739502883e-10,0.9999999999999997,1.3131130690577375,-4.339009046466491e-12,-1.269988194468885e-10,7.409151423564648e-11,6.258187589508308e-08,-1.4950948626905108e-08,,,,
0.13333333333333333,8,object_b,1,1,rigid_box,0.2408020659736536,-6.8649839344075e-13,0.39999026442862706,8.01580732814512e-09,-3.041137622039445e-08,9.421735778756977e-10,0.9999999999999994,-1.038094645393416,-5.114496320468682e-12,1.3512446370156361e-10,8.650429198401075e-11,-6.15774405658356e-08,1.3932236549053729e-08,,,,
0.15,9,object_a,0,1,rigid_box,-0.1819381754578115,-6.443484436758473e-13,0.3999902643308061,8.302062089028125e-09,-2.2589723989931862e-08,-1.108432924580587e-09,0.9999999999999997,1.3110251382682783,-4.3412762019392e-12,-1.2633686978513747e-10,7.45020497256339e-11,6.257627840429497e-08,-1.4999961955857093e-08,,,,
0.15,9,object_b,1,1,rigid_box,0.22351354776037172,-7.715545457263188e-13,0.39999026443088526,8.016527023113759e-09,-3.0924548628194814e-08,1.0580500915579319e-09,0.9999999999999994,-1.0366201951441762,-5.093529955082739e-12,1.358054450145696e-10,8.623802336147254e-11,-6.158356135473712e-08,1.3881281401557762e-08,,,,
0.16666666666666666,10,object_a,0,1,rigid_box,-0.16010620573744405,-7.16722398574432e-13,0.3999902643287064,8.302684753308626e-09,-2.2068279650353838e-08,-1.2336489419062485e-09,0.9999999999999997,1.3089422436862534,-4.343446700650904e-12,-1.2568894362796623e-10,7.491253087129005e-11,6.257071689302125e-08,-1.5048799689436872e-08,,,,
0.16666666666666666,10,object_b,1,1,rigid_box,0.20624957698272361,-8.562600615587772e-13,0.39999026443315516,8.017244488773573e-09,-3.143777221280266e-08,1.1735012049269488e-09,0.9999999999999994,-1.0351487629800522,-5.072428265467252e-12,1.3652402298947042e-10,8.596940659385647e-11,-6.158972063028992e-08,1.3830151366411271e-08,,,,
0.18333333333333332,11,object_a,0,1,rigid_box,-0.13830890646928787,-7.891316742075974e-13,0.39999026432661755,8.303310838009265e-09,-2.1546881498133845e-08,-1.3592711638613519e-09,0.9999999999999998,1.3068643673920748,-4.345520752893624e-12,-1.2503584799483658e-10,7.532295596110783e-11,6.256519116927271e-08,-1.5097462084156205e-08,,,,
0.18333333333333332,11,object_b,1,1,rigid_box,0.189010103419553,-9.40612678192166e-13,0.3999902644354367,8.017959705521612e-09,-3.19510472958764e-08,1.288525459929364e-09,0.9999999999999994,-1.0336803398417924,-5.051190423643458e-12,1.3723253609876362e-10,8.56984336822715e-11,-6.159591859887543e-08,1.3778846338224601e-08,,,,
0.2,12,object_a,0,1,rigid_box,-0.11654619417324054,-8.61574664996255e-13,0.3999902643245394,8.303940342654738e-09,-2.1025529235988406e-08,-1.4852981313075635e-09,0.9999999999999998,1.3047914915510506,-4.347498568987154e-12,-1.2440717379880173e-10,7.573332313614499e-11,6.255970102350425e-08,-1.5145949558683873e-08,,,,
0.2,12,object_b,1,1,rigid_box,0.17179507700037033,-1.0246101191098848e-12,0.39999026443773006,8.018672653688358e-09,-3.24643742008031e-08,1.4031213976709107e-09,0.9999999999999994,-1.0322149167063477,-5.029815604499876e-12,1.3793844365339591e-10,8.542509677603275e-11,-6.160215547400998e-08,1.3727366176891105e-08,,,,
0.21666666666666667,13,object_a,0,1,rigid_box,-0.09481798566569669,-9.340497688663587e-13,0.39999026432247203,8.304573266755497e-09,-2.0504222568303965e-08,-1.6117283880580103e-09,0.9999999999999998,1.302723598412879,-4.34938035919685e-12,-1.2376054868423747e-10,7.614363073663658e-11,6.255424625762044e-08,-1.5194262465570248e-08,,,,
0.21666666666666667,13,object_b,1,1,rigid_box,0.15460444780475105,-1.1082500940165104e-12,0.3999902644400352,8.019383313538363e-09,-3.297775325271562e-08,1.5172875584468134e-09,0.9999999999999994,-1.0307524845866929,-5.008302976229518e-12,1.386242700490703e-10,8.514938800673774e-11,-6.160843146586786e-08,1.3675710794042746e-08,,,,
0.23333333333333334,14,object_a,0,1,rigid_box,-0.092347463503179,-1.1890012936541079e-09,0.39999026421239714,2.6272461301535163e-08,-3.839385398275968e-08,6.113768668941619e-09,0.9999999999999989,-0.23640239723937018,-9.500242004495727e-08,9.016072263778874e-11,2.9029430762751206e-10,-6.095450687938128e-08,1.9321615698646594e-08,,,,
0.23333333333333334,14,object_b,1,1,rigid_box,0.14945322993169505,7.38631977501964e-10,0.3999902638964189,5.8200620782000594e-08,-4.742260575537155e-08,-4.031512293685121e-09,0.9999999999999971,-0.06855007643718886,5.909559522044496e-08,1.39847210200994e-10,3.1754067657687966e-07,-1.5837143192528886e-06,3.051135383373867e-08,,,,
0.25,15,object_a,0,1,rigid_box,-0.0962851999852296,-2.771449356604553e-09,0.39999026421401596,2.6274875262960583e-08,-3.890182597857108e-08,6.274588719190174e-09,0.9999999999999989,-0.23614228030964068,-9.48978971345766e-08,9.730384553652272e-11,2.891271553685763e-10,-6.095852660059755e-08,1.927789472520853e-08,,,,
0.25,15,object_b,1,1,rigid_box,0.14831173965667044,1.7225885717997136e-09,0.3999902638992248,5.986894570072019e-08,-5.574917468184027e-08,-3.7763225551492486e-09,0.9999999999999967,-0.06843590655102674,5.898712436124389e-08,1.8211845052851228e-10,1.4824782405052235e-07,-7.418372182825693e-07,3.0694550072434525e-08,,,,
0.26666666666666666,16,object_a,0,1,rigid_box,-0.10021860344513858,-4.352156274280222e-09,0.3999902642156431,2.6277279458352316e-08,-3.940983160126323e-08,6.435043601588405e-09,0.9999999999999989,-0.23588241857606582,-9.479347621436285e-08,9.787830615448634e-11,2.8795101981099204e-10,-6.096257571020845e-08,1.923398706452161e-08,,,,
0.26666666666666666,16,object_b,1,1,rigid_box,0.1471721514470743,2.704777062311232e-09,0.39999026390242454,6.089923424894995e-08,-6.092173203767396e-08,-3.520084452761124e-09,0.9999999999999962,-0.06832182316569975,5.888237700296861e-08,1.9774845302911181e-10,1.0555167243833699e-07,-5.326518650995181e-07,3.078900546454992e-08,,,,
0.2833333333333333,17,object_a,0,1,rigid_box,-0.10414767813316102,-5.931123745278829e-09,0.3999902642172793,2.6279673812686326e-08,-3.991787109809619e-08,6.5951317589335096e-09,0.9999999999999988,-0.235622811698317,-9.468915714448938e-08,9.843000026155124e-11,2.867658617706269e-10,-6.096665455628935e-08,1.918989234775721e-08,,,,
0.2833333333333333,17,object_b,1,1,rigid_box,0.14603446386196003,3.685236518178842e-09,0.3999902639056372,6.161680265141364e-08,-6.459994118025763e-08,-3.263244267342056e-09,0.999999999999996,-0.06820782619833093,5.877949540316394e-08,1.8219370456762363e-10,6.84687419619241e-08,-3.600887506478385e-07,3.084277888726199e-08,,,,
0.3,18,object_a,0,1,rigid_box,-0.10807242829388519,-7.508353465869671e-09,0.3999902642189246,2.6282058250598402e-08,-4.042594471758801e-08,6.7548516299229755e-09,0.9999999999999988,-0.23536345933666677,-9.458493978535248e-08,9.894797134424316e-11,2.8557164147409773e-10,-6.097076329941693e-08,1.9145610018904574e-08,,,,
0.3,18,object_b,1,1,rigid_box,0.14489867546176138,4.6639978215988874e-09,0.3999902639082944,6.202363838221103e-08,-6.686673728016755e-08,-3.0061270514968575e-09,0.9999999999999958,-0.06809391556614301,5.8678473151066916e-08,1.369908058518332e-10,3.252124310349364e-08,-1.9969570928196175e-07,3.0858330013674814e-08,,,,
0.31666666666666665,19,object_a,0,1,rigid_box,-0.11199285816624253,-9.083847129997336e-09,0.399990264220579,2.628443269638205e-08,-4.093405270951659e-08,6.914201649418635e-09,0.9999999999999988,-0.2351043611519847,-9.448082399757851e-08,9.950836855898704e-11,2.8436831707755723e-10,-6.097490208833859e-08,1.9101139644484415e-08,,,,
0.31666666666666665,19,object_b,1,1,rigid_box,0.1437647848082909,5.641089937871788e-09,0.39999026391016346,6.217242462113507e-08,-6.799620170933e-08,-2.749025508657414e-09,0.9999999999999958,-0.06798009118644936,5.857901139707161e-08,9.228799148497391e-11,6.832839090204334e-09,-8.755972662791133e-08,3.0842806694141e-08,,,,
0.3333333333333333,20,object_a,0,1,rigid_box,-0.11590897198351756,-1.0657606429285498e-08,0.39999026422224265,2.6286797073994172e-08,-4.1442195324949255e-08,7.073180248234874e-09,0.9999999999999988,-0.23484551680573632,-9.437680964201754e-08,1.0006892536829071e-10,2.8315584882795476e-10,-6.097907107876771e-08,1.905648073668779e-08,,,,
0.3333333333333333,20,object_b,1,1,rigid_box,0.14263279046473837,6.61653342586191e-09,0.3999902639115104,6.218406214924933e-08,-6.852980070754587e-08,-2.492142229116923e-09,0.9999999999999957,-0.067866352976665,5.848041603828813e-08,7.876183039101647e-11,4.887814451177504e-10,-6.011271509191861e-08,3.081025674676108e-08,,,,
0.35,21,object_a,0,1,rigid_box,-0.11982077397335787,-1.222963305304069e-08,0.3999902642239155,2.628915130705286e-08,-4.195037281619704e-08,7.231785853667739e-09,0.9999999999999988,-0.23458692595998162,-9.427289657974662e-08,1.0063410521565785e-10,2.819341954751072e-10,-6.098327041252687e-08,1.90116329435381e-08,,,,
0.35,21,object_b,1,1,rigid_box,0.14150269099566898,7.590334998511147e-09,0.39999026391283016,6.218812061239086e-08,-6.903075372240238e-08,-2.2355406287422467e-09,0.9999999999999957,-0.0677527008543256,5.8381940000472684e-08,7.961052303495642e-11,4.854461957424786e-10,-6.011582579798823e-08,3.077619931478292e-08,,,,
0.36666666666666664,22,object_a,0,1,rigid_box,-0.12372826835778394,-1.379992868825605e-08,0.39999026422559764,2.6291495318843367e-08,-4.2458585436864575e-08,7.3900168890914936e-09,0.9999999999999987,-0.23432858827737377,-9.416908467206775e-08,1.012118999721423e-10,2.807033180057725e-10,-6.098750025153301e-08,1.896659574375798e-08,,,,
0.36666666666666664,22,object_b,1,1,rigid_box,0.14037448496702143,8.562495974015183e-09,0.3999902639141643,6.219215108254213e-08,-6.953173287156387e-08,-1.9792241557638985e-09,0.9999999999999957,-0.06763913473706763,5.8283539641779695e-08,8.045624409758201e-11,4.820658781570684e-10,-6.011898440870415e-08,3.0741844425518166e-08,,,,
0.38333333333333336,23,object_a,0,1,rigid_box,-0.12763145935319903,-1.536849501961508e-08,0.3999902642272891,2.6293829032317886e-08,-4.296683344180462e-08,7.547871774481913e-09,0.9999999999999987,-0.23407050342115782,-9.406537378050877e-08,1.0176313784693303e-10,2.7946317611970504e-10,-6.099176074500706e-08,1.8921368731417125e-08,,,,
0.38333333333333336,23,object_b,1,1,rigid_box,0.13924817094610614,9.533017613206077e-09,0.399990263915513,6.219615318225962e-08,-7.00327385564079e-08,-1.72319529753433e-09,0.9999999999999956,-0.06752565454262295,5.818521490728525e-08,8.133174689284317e-11,4.786400686112003e-10,-6.012219141542164e-08,3.07071901583659e-08,,,,
0.4,24,object_a,0,1,rigid_box,-0.13153035117039907,-1.693533372949537e-08,0.3999902642289899,2.6296152370097856e-08,-4.347511708715429e-08,7.705348926149372e-09,0.9999999999999987,-0.23381267105516934,-9.39617637668202e-08,1.0233158591332892e-10,2.7821373014240585e-10,-6.099605204707763e-08,1.8875951471761155e-08,,,,
0.4,24,object_b,1,1,rigid_box,0.1381237475016039,1.0501901176002584e-08,0.3999902639168764,6.220012653054661e-08,-7.053377118243311e-08,-1.4674565574604728e-09,0.9999999999999956,-0.06741226018882478,5.808696574230045e-08,8.22319625587431e-11,4.751683390833423e-10,-6.012544731489633e-08,3.067223457466896e-08,,,,
0.4166666666666667,25,object_a,0,1,rigid_box,-0.13542494801458252,-1.8500446497972387e-08,0.3999902642307002,2.6298465254477024e-08,-4.398343663029785e-08,7.862446757182193e-09,0.9999999999999987,-0.2335550908438334,-9.385825449298018e-08,1.028281123444108e-10,2.76954941740897e-10,-6.100037430825314e-08,1.8830343574151355e-08,,,,
0.4166666666666667,25,object_b,1,1,rigid_box,0.13700121320356415,1.146914792141413e-08,0.39999026391825465,6.22040707428607e-08,-7.103483115929602e-08,-1.2120104551829505e-09,0.9999999999999956,-0.06729895159360748,5.798879209237759e-08,8.309659384198032e-11,4.716502651078585e-10,-6.012875260680165e-08,3.063697575400463e-08,,,,
0.43333333333333335,26,object_a,0,1,rigid_box,-0.13931525408535997,-2.0063835002823158e-08,0.3999902642324199,2.63007676074239e-08,-4.4491792329891896e-08,8.01916367729895e-09,0.9999999999999986,-0.23329776245216302,-9.375484582118514e-08,1.0345378199938526e-10,2.7568677050737846e-10,-6.100472767156145e-08,1.8784544743113326e-08,,,,
0.43333333333333335,26,object_b,1,1,rigid_box,0.13588056662340298,1.2434759107544722e-08,0.3999902639196479,6.220798543110995e-08,-7.153591890081285e-08,-9.56859525871011e-10,0.9999999999999954,-0.0671857286750063,5.789069390330195e-08,8.403374697485422e-11,4.68085421605396e-10,-6.013210779267301e-08,3.0601411820064675e-08,,,,
0.45,27,object_a,0,1,rigid_box,-0.14320127357676432,-2.162550091953003e-08,0.39999026423414913,2.6303059350583482e-08,-4.500018444585374e-08,8.17549809302841e-09,0.9999999999999986,-0.23304068554575788,-9.365153761386022e-08,1.0404350124504358e-10,2.7440917903487937e-10,-6.100911230115379e-08,1.8738554469442418e-08,,,,
0.45,27,object_b,1,1,rigid_box,0.13476180633390172,1.3398735991596884e-08,0.3999902639210563,6.221187020366851e-08,-7.20370348249964e-08,-7.020063204595501e-10,0.9999999999999954,-0.06707259135115726,5.7792671121096056e-08,8.495779774131407e-11,4.6447338458974104e-10,-6.013551337665057e-08,3.056554089343993e-08,,,,
0.4666666666666667,28,object_a,0,1,rigid_box,-0.14708301067726007,-2.3185445921284324e-08,0.3999902642358879,2.630534040528154e-08,-4.550861323935609e-08,8.331448407867369e-09,0.9999999999999986,-0.23278385979080304,-9.354832973364802e-08,1.0456782141565757e-10,2.731221290863771e-10,-6.101352834295954e-08,1.8692372431705485e-08,,,,
0.4666666666666667,28,object_b,1,1,rigid_box,0.13364493090920537,1.4361079829875634e-08,0.39999026392248,6.221572466537615e-08,-7.253817935407057e-08,-4.4745340520917584e-10,0.9999999999999954,-0.06695953954029704,5.7694723692019276e-08,8.584221528051827e-11,4.6081372854862285e-10,-6.01389698634913e-08,3.052936119955581e-08,,,,
0.48333333333333334,29,object_a,0,1,rigid_box,-0.1509604695697535,-2.4743671678990164e-08,0.3999902642376363,2.6307610692525834e-08,-4.6017078972815394e-08,8.487013022480093e-09,0.9999999999999986,-0.23252728485406804,-9.344522204342316e-08,1.0514484768964216e-10,2.7182558186033446e-10,-6.101797594395594e-08,1.8645998330072288e-08,,,,
0.48333333333333334,29,object_b,1,1,rigid_box,0.13252993892482057,1.5321791877792346e-08,0.3999902639239191,6.221954841755245e-08,-7.303935291447866e-08,-1.9320336126273904e-10,0.9999999999999953,-0.06684657316076274,5.7596851562561556e-08,8.678693180774744e-11,4.571060343911515e-10,-6.014247776333821e-08,3.0492870902771135e-08,,,,
0.5,30,object_a,0,1,rigid_box,-0.15483365443160219,-2.6300179861268095e-08,0.3999902642393943,2.630987013301044e-08,-4.6525581909916096e-08,8.642190334548791e-09,0.9999999999999986,-0.23227096040290482,-9.334221440627142e-08,1.0576867333356166e-10,2.705195008267592e-10,-6.102245525616198e-08,1.8599431807233306e-08,,,,
0.5,30,object_b,1,1,rigid_box,0.13141682895761417,1.6280873389868627e-08,0.39999026392537385,6.222334105801029e-08,-7.354055593691288e-08,6.074121535362847e-11,0.9999999999999953,-0.06673369213099181,5.7499054679446574e-08,8.775685213235906e-11,4.533498803563911e-10,-6.01460375842462e-08,3.045606829290747e-08,,,,
0.5166666666666667,31,object_a,0,1,rigid_box,-0.1587025694346246,-2.7854972134458792e-08,0.399990264241162,2.6312118647118328e-08,-4.7034122315579563e-08,8.796978739165029e-09,0.9999999999999984,-0.23201488610524723,-9.323930668550628e-08,1.0631629430990497e-10,2.692038481888755e-10,-6.102696643335049e-08,1.8552672506126047e-08,,,,
0.5166666666666667,31,object_b,1,1,rigid_box,0.13030559958581162,1.7238325619740298e-08,0.3999902639268443,6.222710218107003e-08,-7.40417888563241e-08,3.1437771419207203e-10,0.9999999999999953,-0.0666208963695219,5.7401332989639056e-08,8.867930695322102e-11,4.4954484962687147e-10,-6.014964984026276e-08,3.041895160237484e-08,,,,
0.5333333333333333,32,object_a,0,1,rigid_box,-0.16256721874511004,-2.9408050162626743e-08,0.3999902642429395,2.631435615492521e-08,-4.7542700455986834e-08,8.951376628718316e-09,0.9999999999999984,-0.2317590616296094,-9.31364987446597e-08,1.0693062407751697e-10,2.678785871648184e-10,-6.103150961599443e-08,1.850572020983009e-08,,,,
0.5333333333333333,32,object_b,1,1,rigid_box,0.12919624938899502,1.8194149820161166e-08,0.39999026392833065,6.223083137758151e-08,-7.454305211193384e-08,5.677035107491224e-10,0.9999999999999952,-0.0665081857949906,5.7303686440323454e-08,8.962911836329912e-11,4.4569052630356086e-10,-6.015331504517829e-08,3.0381519163637404e-08,,,,
0.55,33,object_a,0,1,rigid_box,-0.16642760652382818,-3.095941560756399e-08,0.39999026424472667,2.631658257620309e-08,-4.8051316598551e-08,9.105382393240878e-09,0.9999999999999984,-0.2315034866450847,-9.303379044749161e-08,1.0749942082333153e-10,2.6654368200515715e-10,-6.1036084958279e-08,1.8458574582202577e-08,,,,
0.55,33,object_b,1,1,rigid_box,0.12808877694810175,1.9148347243006942e-08,0.39999026392983306,6.223452823494205e-08,-7.504434614726531e-08,8.207159664495118e-10,0.9999999999999952,-0.06639556032613543,5.7206114978921416e-08,9.05835892406337e-11,4.417864973616488e-10,-6.015703371418118e-08,3.034376933761509e-08,,,,
0.5666666666666667,34,object_a,0,1,rigid_box,-0.17028373692603857,-3.2509070128793814e-08,0.39999026424652373,2.631879783042163e-08,-4.855997101191734e-08,9.258994420511439e-09,0.9999999999999984,-0.23124816082134375,-9.293118165797635e-08,1.0810760793511509e-10,2.651990969513824e-10,-6.104069261075015e-08,1.841123533663933e-08,,,,
0.5666666666666667,34,object_b,1,1,rigid_box,0.12698318084542262,2.0100919139278954e-08,0.3999902639313517,6.223819233712062e-08,-7.554567141012461e-08,1.0734124297109858e-09,0.9999999999999952,-0.0662830198817935,5.710861855307761e-08,9.154822039336707e-11,4.378323528606234e-10,-6.016080635860977e-08,3.030570065879168e-08,,,,
0.5833333333333334,35,object_a,0,1,rigid_box,-0.17413561410150055,-3.4057015383574324e-08,0.3999902642483306,2.6321001836756533e-08,-4.9068663965970484e-08,9.412211096083935e-09,0.9999999999999983,-0.2309930838286343,-9.282867224030709e-08,1.0865599565923478e-10,2.6384479609835694e-10,-6.104533271667308e-08,1.836370224998296e-08,,,,
0.5833333333333334,35,object_b,1,1,rigid_box,0.1258794596646004,2.105186675910801e-08,0.39999026393288667,6.22418232646879e-08,-7.604702835264303e-08,1.3257902356301118e-09,0.9999999999999951,-0.06617056438090158,5.7011197110667164e-08,9.254209551445847e-11,4.3382768750792654e-10,-6.016463350403532e-08,3.026731142469244e-08,,,,
0.6,36,object_a,0,1,rigid_box,-0.17798324219448253,-3.56032530269022e-08,0.3999902642501474,2.6323194514089554e-08,-4.957739573182233e-08,9.565030803506387e-09,0.9999999999999983,-0.23073825533777903,-9.272626205890311e-08,1.0927003746274977e-10,2.624807448271935e-10,-6.105000542558351e-08,1.8315975079887372e-08,,,,
0.6,36,object_b,1,1,rigid_box,0.1247776119906278,2.2001191351758196e-08,0.39999026393443815,6.224542059485016e-08,-7.654841743125789e-08,1.5778467070173279e-09,0.9999999999999951,-0.06605819374249582,5.691385059979383e-08,9.357322555691994e-11,4.2977209744889067e-10,-6.016851566606476e-08,3.022860023377455e-08,,,,
0.6166666666666667,37,object_a,0,1,rigid_box,-0.1818266253437718,-3.714778471151638e-08,0.3999902642519742,2.632537578101523e-08,-5.008616658181619e-08,9.717451924378308e-09,0.9999999999999983,-0.2304836750201748,-9.262395097840268e-08,1.098618643974314e-10,2.6110690904477935e-10,-6.105471088474774e-08,1.8268053595023403e-08,,,,
0.6166666666666667,37,object_b,1,1,rigid_box,0.1236776364098462,2.2948894165630548e-08,0.3999902639360063,6.224898390147519e-08,-7.704983910674317e-08,1.8295791544212146e-09,0.9999999999999951,-0.06594590788571156,5.681657896877507e-08,9.4550407434002e-11,4.2566518741642736e-10,-6.017245336473217e-08,3.018956561463352e-08,,,,
0.6333333333333333,38,object_a,0,1,rigid_box,-0.185665767682684,-3.8690612087901685e-08,0.39999026425381096,2.6327545555843352e-08,-5.059497678950021e-08,9.869472838713375e-09,0.9999999999999983,-0.23022934254779123,-9.252173886366003e-08,1.1051275693174656e-10,2.597232542753302e-10,-6.105944923877135e-08,1.821993761908308e-08,,,,
0.6333333333333333,38,object_b,1,1,rigid_box,0.12257953150994384,2.3894976448266752e-08,0.3999902639375913,6.225251275514442e-08,-7.755129384420368e-08,2.0809848767826523e-09,0.999999999999995,-0.06583370672978324,5.671938216615725e-08,9.558377180030053e-11,4.21506561362293e-10,-6.017644711975891e-08,3.015020626101437e-08,,,,
0.65,39,object_a,0,1,rigid_box,-0.18950067333907258,-4.0231736804292447e-08,0.39999026425565776,2.6329703756603938e-08,-5.110382662964695e-08,1.002109192484787e-08,0.9999999999999982,-0.22997525759316925,-9.241962557975161e-08,1.1110210147713406e-10,2.5832974783932886e-10,-6.10642206313342e-08,1.8171626977113864e-08,,,,
0.65,39,object_b,1,1,rigid_box,0.12148329587995417,2.4839439446352855e-08,0.39999026393919324,6.225600672318451e-08,-7.805278211307331e-08,2.3320611621656793e-09,0.999999999999995,-0.06572159019404436,5.662226014070207e-08,9.657397971596371e-11,4.1729583451250876e-10,-6.018049744778724e-08,3.011052092224532e-08,,,,
0.6666666666666666,40,object_a,0,1,rigid_box,-0.19333134643533859,-4.177116050667627e-08,0.3999902642575146,2.6331850301052138e-08,-5.1612716378206685e-08,1.017230756000564e-08,0.9999999999999982,-0.22972141982942043,-9.231761099197224e-08,1.1171613807647862e-10,2.5692635716493666e-10,-6.106902520968728e-08,1.8123121494716424e-08,,,,
0.6666666666666666,40,object_b,1,1,rigid_box,0.12038892811025417,2.578228440572284e-08,0.39999026394081233,6.225946536971775e-08,-7.855430438714077e-08,2.5828052878062376e-09,0.999999999999995,-0.06560955819792706,5.652521284138614e-08,9.763534945805841e-11,4.1303262378588035e-10,-6.018460487857336e-08,3.0070508212637054e-08,,,,
0.6833333333333333,41,object_a,0,1,rigid_box,-0.19715779108843962,-4.330888483879757e-08,0.3999902642593816,2.633398510667547e-08,-5.2121646312375284e-08,1.032311811976047e-08,0.9999999999999982,-0.2294678289302249,-9.221569496583768e-08,1.1230949156781911e-10,2.5551304964958217e-10,-6.107386311362933e-08,1.8074421064646887e-08,,,,
0.6833333333333333,41,object_b,1,1,rigid_box,0.11929642679256286,2.6723512571362205e-08,0.39999026394244874,6.226288825571842e-08,-7.905586114452454e-08,2.833214521198128e-09,0.9999999999999949,-0.06549761066096224,5.6428240217403464e-08,9.867982472822057e-11,4.0871655484959237e-10,-6.018876992738807e-08,3.003016705708193e-08,,,,
0.7,42,object_a,0,1,rigid_box,-0.20098001140990004,-4.4844911442161254e-08,0.39999026426125883,2.633610809069516e-08,-5.2630616710514285e-08,1.0473521978900494e-08,0.9999999999999982,-0.22921448456983107,-9.211387736707513e-08,1.1290023430032825e-10,2.540897940228807e-10,-6.107873449302389e-08,1.8025525509839513e-08,,,,
0.7,42,object_b,1,1,rigid_box,0.11820579051993933,2.7663125187411553e-08,0.3999902639441026,6.226627493906069e-08,-7.955745286769045e-08,3.0832861204121284e-09,0.9999999999999949,-0.06538574750277915,5.633134221815538e-08,9.973561733434e-11,4.04347258953017e-10,-6.019299311412173e-08,2.998949641573552e-08,,,,
0.7166666666666667,43,object_a,0,1,rigid_box,-0.2047980115058198,-4.637924195603637e-08,0.3999902642631462,2.6338219170073864e-08,-5.313962785218197e-08,1.062351751125502e-08,0.9999999999999981,-0.22896138642305358,-9.201215806163947e-08,1.1354087461890039e-10,2.5265656002778274e-10,-6.108363948472237e-08,1.797643478423577e-08,,,,
0.7166666666666667,43,object_b,1,1,rigid_box,0.11711701788678147,2.8601123497170024e-08,0.39999026394577397,6.22696249745845e-08,-8.005908004343843e-08,3.333017334939545e-09,0.9999999999999948,-0.06527396864310549,5.623451879325131e-08,1.0079361650872087e-10,3.999243747570529e-10,-6.01972749625662e-08,2.994849522252108e-08,,,,
0.7333333333333333,44,object_a,0,1,rigid_box,-0.20861179547688405,-4.7911878017459745e-08,0.39999026426504386,2.6340318261520134e-08,-5.36486800181104e-08,1.0773103090017973e-08,0.9999999999999981,-0.22870853416527245,-9.191053691570035e-08,1.1414308907775617e-10,2.5121331646073157e-10,-6.108857822439331e-08,1.7927148863833174e-08,,,,
0.7333333333333333,44,object_b,1,1,rigid_box,0.11603010748882413,2.9537508743098714e-08,0.3999902639474632,6.227293791416055e-08,-8.056074316290639e-08,3.582405406222904e-09,0.9999999999999948,-0.06516227400176705,5.6137769892507035e-08,1.0188050923731762e-10,3.9544755032639876e-10,-6.020161598763404e-08,2.990716265958722e-08,,,,
0.75,45,object_a,0,1,rigid_box,-0.21242136741837286,-4.944282126123963e-08,0.3999902642669518,2.6342405281495242e-08,-5.4157773490208054e-08,1.0922277087853892e-08,0.9999999999999981,-0.22845592747243193,-9.180901379563965e-08,1.1474542843670221e-10,2.4976003433638626e-10,-6.109355086268377e-08,1.7877667603521566e-08,,,,
0.75,45,object_b,1,1,rigid_box,0.11494505792313756,3.0472282166824026e-08,0.39999026394917025,6.227621330676168e-08,-8.106244272155399e-08,3.831447568613169e-09,0.9999999999999948,-0.0650506634986878,5.6041095465930814e-08,1.0294246011177677e-10,3.9091644359385486e-10,-6.020601671369868e-08,2.9865497767388245e-08,,,,
0.7666666666666667,46,object_a,0,1,rigid_box,-0.21622673142017013,-5.0972073319959306e-08,0.3999902642688701,2.6344480146217675e-08,-5.4666908551548375e-08,1.107103787712027e-08,0.9999999999999981,-0.22820356602103903,-9.170758856806498e-08,1.1536808140755195e-10,2.482966857406982e-10,-6.109855753716295e-08,1.7827990998674506e-08,,,,
0.7666666666666667,46,object_b,1,1,rigid_box,0.11386186778812571,3.1405445009141056e-08,0.3999902639508954,6.227945069853802e-08,-8.15641792191696e-08,4.0801410498389416e-09,0.9999999999999947,-0.06493913705388947,5.5944495463737896e-08,1.0403952872828359e-10,3.8633071889365363e-10,-6.021047765856395e-08,2.982349983968133e-08,,,,
0.7833333333333333,47,object_a,0,1,rigid_box,-0.22002789156677324,-5.2499635823980674e-08,0.3999902642707987,2.6346542771671483e-08,-5.5176085486358345e-08,1.1219383830100589e-08,0.999999999999998,-0.2279514494881623,-9.160626109979492e-08,1.1598213708885474e-10,2.468232417675653e-10,-6.110359838191943e-08,1.7778119082910636e-08,,,,
0.7833333333333333,47,object_b,1,1,rigid_box,0.11278053568352465,3.233699851001674e-08,0.3999902639526387,6.228264963289948e-08,-8.206595315984501e-08,4.3284830721816985e-09,0.9999999999999947,-0.06482769458749159,5.584796983632696e-08,1.0511493411802242e-10,3.816900518175692e-10,-6.021499933437484e-08,2.97811683496575e-08,,,,
0.8,48,object_a,0,1,rigid_box,-0.22382485193730237,-5.402551040144796e-08,0.3999902642727378,2.6348593073610676e-08,-5.5685304580010744e-08,1.136731331920487e-08,0.999999999999998,-0.22769957755143083,-9.150503125787238e-08,1.1664787018250689e-10,2.453396761446696e-10,-6.11086735377963e-08,1.7728051857079458e-08,,,,
0.8,48,object_b,1,1,rigid_box,0.11170106021040091,3.326694390859306e-08,0.39999026395440046,6.228580965060965e-08,-8.256776505197287e-08,4.576470853077913e-09,0.9999999999999947,-0.06471633601971119,5.575151853428875e-08,1.0621106945329917e-10,3.769941313940198e-10,-6.021958225759316e-08,2.973850273896079e-08,,,,
0.8166666666666667,49,object_a,0,1,rigid_box,-0.22761761660550986,-5.5549698678291306e-08,0.39999026427468737,2.635063096756629e-08,-5.619456611903525e-08,1.1514824716991308e-08,0.999999999999998,-0.22744794988903297,-9.140389890955147e-08,1.1727263431182688e-10,2.438459614706968e-10,-6.111378313463916e-08,1.7677789419798072e-08,,,,
0.8166666666666667,49,object_b,1,1,rigid_box,0.11062343997114986,3.419528244319009e-08,0.3999902639561807,6.228893028987164e-08,-8.30696154082396e-08,4.8241016059944985e-09,0.9999999999999946,-0.06460506127086285,5.565514150839674e-08,1.0733012915931095e-10,3.7224265534699434e-10,-6.022422694480421e-08,2.9695502533023828e-08,,,,
0.8333333333333334,50,object_a,0,1,rigid_box,-0.23140618963978926,-5.7072202278230313e-08,0.3999902642766474,2.6352656368854252e-08,-5.670387039107074e-08,1.1661916396751889e-08,0.999999999999998,-0.22719656617971506,-9.130286392230408e-08,1.1791933228477713e-10,2.4234207306279243e-10,-6.111892731689743e-08,1.7627331763019765e-08,,,,
0.8333333333333334,50,object_b,1,1,rigid_box,0.10954767356949412,3.5122015351309075e-08,0.3999902639579796,6.229201108643548e-08,-8.357150474559369e-08,5.071372541701041e-09,0.9999999999999946,-0.06449387026135839,5.555883870960153e-08,1.0846649099727212e-10,3.674353349568039e-10,-6.022893390745838e-08,2.965216745388609e-08,,,,
0.85,51,object_a,0,1,rigid_box,-0.23519057510318503,-5.859302282277781e-08,0.399990264278618,2.6354669192582268e-08,-5.721321768489245e-08,1.1808586732389748e-08,0.9999999999999979,-0.22694542610278015,-9.120192616382306e-08,1.1851960385333982e-10,2.4082798630562473e-10,-6.112410621440257e-08,1.7576679026984987e-08,,,,
0.85,51,object_b,1,1,rigid_box,0.10847375961048193,3.604714386963526e-08,0.39999026395979737,6.229505157370451e-08,-8.407343358523961e-08,5.31828086906108e-09,0.9999999999999944,-0.06438276291170676,5.5462610089023546e-08,1.096232739999925e-10,3.625718947461573e-10,-6.023370365118412e-08,2.960849742567588e-08,,,,
0.8666666666666667,52,object_a,0,1,rigid_box,-0.23897077705340158,-6.011216193124331e-08,0.39999026428059914,2.6356669353656405e-08,-5.772260829037305e-08,1.1954834098924121e-08,0.9999999999999979,-0.22669452933808693,-9.110108550201199e-08,1.191700904623616e-10,2.3930367753259747e-10,-6.112931995767452e-08,1.752583137352899e-08,,,,
0.8666666666666667,52,object_b,1,1,rigid_box,0.10740169670048554,3.697066923404081e-08,0.3999902639616341,6.229805128285238e-08,-8.457540245262269e-08,5.564823795992221e-09,0.9999999999999944,-0.06427173914251393,5.536645559795761e-08,1.1071896004188897e-10,3.5765207533082353e-10,-6.023853668564643e-08,2.956449232898389e-08,,,,
0.8833333333333333,53,object_a,0,1,rigid_box,-0.24274679954281247,-6.162962122073672e-08,0.39999026428259093,2.6358656766788845e-08,-5.823204249850535e-08,1.2100656872417922e-08,0.9999999999999979,-0.22644387556604836,-9.100034180499675e-08,1.1981241172798196e-10,2.377691227774155e-10,-6.11345686818086e-08,1.7474788919572592e-08,,,,
0.8833333333333333,53,object_b,1,1,rigid_box,0.1063314834471995,3.7892592679587507e-08,0.39999026396348997,6.23010097429426e-08,-8.507741187739828e-08,5.81099853089962e-09,0.9999999999999944,-0.06416079887448267,5.527037518785155e-08,1.1188646537041436e-10,3.5267562832265374e-10,-6.02434335164825e-08,2.9520152295318885e-08,,,,
0.9,54,object_a,0,1,rigid_box,-0.2465186466184697,-6.314540230617196e-08,0.3999902642845934,2.6360631346506715e-08,-5.874152060135415e-08,1.2246053430573235e-08,0.9999999999999978,-0.22619346446763053,-9.089969494111568e-08,1.2044178328285415e-10,2.362243022315969e-10,-6.113985251776053e-08,1.7423551851068454e-08,,,,
0.9,54,object_b,1,1,rigid_box,0.1052631184596392,3.8812915440529244e-08,0.3999902639653651,6.230392648106143e-08,-8.557946239342177e-08,6.056802283516644e-09,0.9999999999999943,-0.0640499420284125,5.517436881030735e-08,1.1306074479411343e-10,3.476423255349983e-10,-6.024839464495988e-08,2.947547754765128e-08,,,,
0.9166666666666666,55,object_a,0,1,rigid_box,-0.250286322322113,-6.465950680027034e-08,0.39999026428660656,2.6362593007159948e-08,-5.925104289208059e-08,1.239102215265977e-08,0.9999999999999978,-0.22594329572435176,-9.079914477892386e-08,1.211319152621959e-10,2.3466919337639703e-10,-6.114517158743037e-08,1.7372120462488678e-08,,,,
0.9166666666666666,55,object_b,1,1,rigid_box,0.10419660034813914,3.973163875031472e-08,0.3999902639672596,6.230680102245603e-08,-8.608155453871727e-08,6.3022322663667374e-09,0.9999999999999943,-0.0639391685251994,5.507843641708154e-08,1.142312772151044e-10,3.4255195526360514e-10,-6.02534205702448e-08,2.9430468486368962e-08,,,,
0.9333333333333333,56,object_a,0,1,rigid_box,-0.2540498306901788,-6.61719363135646e-08,0.39999026428863044,2.6364541662929334e-08,-5.976060966491055e-08,1.2535561419950062e-08,0.9999999999999978,-0.22569336901828113,-9.069869118719362e-08,1.2173479585486646e-10,2.331037769558758e-10,-6.115052602549525e-08,1.7320494925054883e-08,,,,
0.9333333333333333,56,object_b,1,1,rigid_box,0.1031319277243514,4.0648763841589784e-08,0.3999902639691737,6.230963289068333e-08,-8.658368885545757e-08,6.547285695929342e-09,0.9999999999999942,-0.06382847828583592,5.4982577960069995e-08,1.153960520888786e-10,3.3740432188590144e-10,-6.025851178772114e-08,2.9385125710624973e-08,,,,
0.95,57,object_a,0,1,rigid_box,-0.2578091757538098,-6.768269245440212e-08,0.3999902642906651,2.636647722783471e-08,-6.027022121511315e-08,1.267966961608598e-08,0.9999999999999978,-0.225443684032037,-9.059833403491524e-08,1.2236822492794897e-10,2.3152803456884302e-10,-6.115591595986371e-08,1.7268675516837385e-08,,,,
0.95,57,object_b,1,1,rigid_box,0.10206909920124398,4.15642919461997e-08,0.39999026397110754,6.231242160776452e-08,-8.708586588993477e-08,6.7919597941199785e-09,0.9999999999999942,-0.06371787123141077,5.488679339129237e-08,1.166251956119524e-10,3.321992505607411e-10,-6.026366879173164e-08,2.9339449903609232e-08,,,,
0.9666666666666667,58,object_a,0,1,rigid_box,-0.2615643615388638,-6.919177682894867e-08,0.3999902642927106,2.6368399615746058e-08,-6.077987783902168e-08,1.2823345127046425e-08,0.9999999999999977,-0.2251942404487863,-9.049807319129467e-08,1.2303694521542674e-10,2.2994194863901793e-10,-6.116134150779812e-08,1.7216662623276263e-08,,,,
0.9666666666666667,58,object_b,1,1,rigid_box,0.1010081133930992,4.247822429519119e-08,0.39999026397306126,6.2315166694346e-08,-8.758808619254439e-08,7.036251789495717e-09,0.9999999999999942,-0.0636073472831087,5.479108266290393e-08,1.1778326057532151e-10,3.269365853126539e-10,-6.026889207278223e-08,2.9293441955107358e-08,,,,
0.9833333333333333,59,object_a,0,1,rigid_box,-0.26531539206592264,-7.069919104119205e-08,0.3999902642947669,2.6370308740390834e-08,-6.128957983399482e-08,1.2966586341660311e-08,0.9999999999999977,-0.22494503795224316,-9.039790852574527e-08,1.2363647258761823e-10,2.2834550193222588e-10,-6.116680279944728e-08,1.7164456523778004e-08,,,,
0.9833333333333333,59,object_b,1,1,rigid_box,0.09994896891551218,4.339056211881464e-08,0.39999026397503495,6.231786766987964e-08,-8.8090350317746e-08,7.280158919007041e-09,0.9999999999999941,-0.06349690636221045,5.469544572717087e-08,1.190193221756175e-10,3.2161619435284876e-10,-6.027418211465103e-08,2.9247103019409717e-08,,,,
1.0,60,object_a,0,1,rigid_box,-0.26906227135030186,-7.220493669294562e-08,0.39999026429683415,2.6372204515364103e-08,-6.179932749842668e-08,1.3109391651706957e-08,0.9999999999999977,-0.2246960762266679,-9.029783990790847e-08,1.243231802228184e-10,2.2673867979342992e-10,-6.117229995215917e-08,1.7112057655316678e-08,,,,
1.0,60,object_b,1,1,rigid_box,0.09889166438538909,4.43013066465258e-08,0.39999026397702886,6.232052405280529e-08,-8.859265882404146e-08,7.52367842939906e-09,0.9999999999999941,-0.06338654839009268,5.4599882536466565e-08,1.2016421538363353e-10,3.1623796614004965e-10,-6.027953940596006e-08,2.9200434214994845e-08,,,,
1.0166666666666666,61,object_a,0,1,rigid_box,-0.27280500340205927,-7.370901538385194e-08,0.3999902642989123,2.6374086854138776e-08,-6.230912113170409e-08,1.3251759452457218e-08,0.9999999999999977,-0.22444735495686546,-9.019786720763814e-08,1.250014675102662e-10,2.251214683043187e-10,-6.11778330925539e-08,1.7059466376990437e-08,,,,
1.0166666666666666,61,object_b,1,1,rigid_box,0.09783619842094567,4.521045910698754e-08,0.399990263979043,6.232313536074263e-08,-8.909501227395898e-08,7.766807578654314e-09,0.999999999999994,-0.06327627328822763,5.450439304326246e-08,1.214356757511803e-10,3.108018134141977e-10,-6.028496442476817e-08,2.9153437117896822e-08,,,,
1.0333333333333334,62,object_a,0,1,rigid_box,-0.27654359222600444,-7.521142871138634e-08,0.39999026430100143,2.6375955670075492e-08,-6.281896103422024e-08,1.3393688142746954e-08,0.9999999999999976,-0.22419887382818454,-9.009799029500013e-08,1.2564684882809818e-10,2.234938539024242e-10,-6.118340233068112e-08,1.700668321393757e-08,,,,
1.0333333333333334,62,object_b,1,1,rigid_box,0.09678256964170563,4.6118020728071414e-08,0.3999902639810776,6.232570111069733e-08,-8.959741123400805e-08,8.009543638073441e-09,0.999999999999994,-0.06316608097818315,5.4408977200125275e-08,1.226272330207001e-10,3.053076756821854e-10,-6.029045764762038e-08,2.9106113361202535e-08,,,,
1.05,63,object_a,0,1,rigid_box,-0.2802780418217074,-7.671217827086059e-08,0.39999026430310153,2.6377810876432877e-08,-6.332884750735285e-08,1.3535176125360712e-08,0.9999999999999976,-0.2239506325265163,-8.99982090402819e-08,1.2635141717620701e-10,2.2185582477293242e-10,-6.118900779287188e-08,1.695370858665753e-08,,,,
1.05,63,object_b,1,1,rigid_box,0.09573077666849908,4.702399273685905e-08,0.3999902639831328,6.232822081927644e-08,-9.009985627466176e-08,8.251883893900542e-09,0.999999999999994,-0.06305597138162226,5.431363495968805e-08,1.2389958503611354e-10,2.997555147639097e-10,-6.029601955220255e-08,2.9058464830537993e-08,,,,
1.0666666666666667,64,object_a,0,1,rigid_box,-0.284008356183508,-7.821126565542641e-08,0.3999902643052127,2.6379652386379337e-08,-6.383878085344859e-08,1.3676221807355805e-08,0.9999999999999976,-0.22370263073829347,-8.989852331398265e-08,1.2697542149664454e-10,2.2020737175009404e-10,-6.119464958678193e-08,1.6900543091323718e-08,,,,
1.0666666666666667,64,object_b,1,1,rigid_box,0.09468081812346085,4.7928376359643266e-08,0.3999902639852087,6.233069400291667e-08,-9.060234797033787e-08,8.493825648968727e-09,0.9999999999999939,-0.06294594442030348,5.421836627465676e-08,1.2513643246614414e-10,2.9414532516434747e-10,-6.030165060483557e-08,2.9010493707731568e-08,,,,
1.0833333333333333,65,object_a,0,1,rigid_box,-0.2877345393005247,-7.970869245607913e-08,0.39999026430733486,2.6381480113003672e-08,-6.434876137581667e-08,1.3816823600337054e-08,0.9999999999999974,-0.2234548681504887,-8.979893298681743e-08,1.276665630850493e-10,2.1854848540451594e-10,-6.12003278344887e-08,1.6847187229895044e-08,,,,
1.0833333333333333,65,object_b,1,1,rigid_box,0.0936326926300289,4.883117282192922e-08,0.39999026398730547,6.233312017812236e-08,-9.110488689936684e-08,8.735366224905701e-09,0.9999999999999939,-0.0628360000160803,5.41231710977966e-08,1.2636008558941647e-10,2.8847713020462815e-10,-6.030735127674468e-08,2.8962202281067776e-08,,,,
1.1,66,object_a,0,1,rigid_box,-0.2914565951566634,-8.120446026166127e-08,0.39999026430946816,2.6383293969324576e-08,-6.485878937868813e-08,1.3956979920998902e-08,0.9999999999999974,-0.22320734445061363,-8.969943792972317e-08,1.2831617712816268e-10,2.1687915740519792e-10,-6.120604264167795e-08,1.6793641665092602e-08,,,,
1.1,66,object_b,1,1,rigid_box,0.09258639881294288,4.973238334843518e-08,0.3999902639894233,6.233549886171002e-08,-9.160747364398081e-08,8.976502964002177e-09,0.9999999999999938,-0.06272613809090104,5.402804938191381e-08,1.2768602147827934e-10,2.827509809784262e-10,-6.03131220348852e-08,2.891359318320786e-08,,,,
1.1166666666666667,67,object_a,0,1,rigid_box,-0.29517452773062686,-8.269857065886615e-08,0.39999026431161255,2.6385093868307325e-08,-6.53688651672544e-08,1.4096689191021436e-08,0.9999999999999974,-0.22296005932671795,-8.96000380138474e-08,1.2898174368836113e-10,2.1519938338556698e-10,-6.121179412656133e-08,1.6739906987553403e-08,,,,
1.1166666666666667,67,object_b,1,1,rigid_box,0.09154193529824241,5.063200916309311e-08,0.3999902639915622,6.233782957107804e-08,-9.211010879029082e-08,9.21723323130705e-09,0.9999999999999938,-0.06261635856680912,5.393300107984197e-08,1.2890840478396726e-10,2.769669600585704e-10,-6.031896334586303e-08,2.8864669223082483e-08,,,,
1.1333333333333333,68,object_a,0,1,rigid_box,-0.29888834099592343,-8.419102523224149e-08,0.39999026431376816,2.638687972287073e-08,-6.587898904760748e-08,1.4235949837803577e-08,0.9999999999999973,-0.2227130124673877,-8.950073311055748e-08,1.2966680160153565e-10,2.1350915700005846e-10,-6.121758238776111e-08,1.6685983971596335e-08,,,,
1.1333333333333333,68,object_b,1,1,rigid_box,0.09049930071326563,5.1530051489049056e-08,0.39999026399372234,6.234011182447688e-08,-9.261279292827142e-08,9.457554417028563e-09,0.9999999999999937,-0.06250666136594232,5.3838026144435354e-08,1.3021481115593758e-10,2.7112518882407927e-10,-6.0324875669424e-08,2.8815433599046525e-08,,,,
1.15,69,object_a,0,1,rigid_box,-0.3025980389208758,-8.568182556419308e-08,0.399990264315935,2.6388651445902843e-08,-6.638916132673607e-08,1.4374760294728166e-08,0.9999999999999973,-0.22246620356174476,-8.940152309143513e-08,1.3034338885997698e-10,2.1180847602795487e-10,-6.122340753843187e-08,1.6631873306965215e-08,,,,
1.15,69,object_b,1,1,rigid_box,0.08945849368664746,5.242651154866343e-08,0.399990263995904,6.23423451412978e-08,-9.311552665177012e-08,9.697463938261558e-09,0.9999999999999937,-0.06239704641053307,5.374312452855635e-08,1.3151948627387888e-10,2.652258196583903e-10,-6.033085947260431e-08,2.876588962182196e-08,,,,
1.1666666666666667,70,object_a,0,1,rigid_box,-0.30630362546863016,-8.717097323498832e-08,0.399990264318113,2.6390408950272795e-08,-6.689938231252246e-08,1.4513119001419074e-08,0.9999999999999973,-0.22221963229944536,-8.93024078282775e-08,1.3101586308905677e-10,2.1009733877301032e-10,-6.122926968861635e-08,1.657757572316441e-08,,,,
1.1666666666666667,70,object_b,1,1,rigid_box,0.08841951284831812,5.33213905635109e-08,0.39999026399810717,6.234452904237726e-08,-9.361831055848221e-08,9.936959241951615e-09,0.9999999999999936,-0.06228751362290821,5.3648296185054405e-08,1.327792025634933e-10,2.5926904324590624e-10,-6.03369152147887e-08,2.871604106599125e-08,,,,
1.1833333333333333,71,object_a,0,1,rigid_box,-0.3100051045971651,-8.865846982275974e-08,0.39999026432030227,2.6392152148843274e-08,-6.74096523137254e-08,1.4651024404135684e-08,0.9999999999999972,-0.22197329837067875,-8.920338719310399e-08,1.316958955083214e-10,2.0837574522765549e-10,-6.123516893465801e-08,1.65230921126054e-08,,,,
1.1833333333333333,71,object_b,1,1,rigid_box,0.08738235682950157,5.4214689754380106e-08,0.399990264000332,6.234666305030505e-08,-9.412114524996929e-08,1.017603780711963e-08,0.9999999999999936,-0.0621780629254886,5.355354106675354e-08,1.3413588642596785e-10,2.5325508816802827e-10,-6.03430433631606e-08,2.8665891881577093e-08,,,,
1.2,72,object_a,0,1,rigid_box,-0.31370248025930036,-9.014431690350889e-08,0.39999026432250284,2.6393880954484764e-08,-6.791997163994501e-08,1.4788474956325554e-08,0.9999999999999972,-0.22172720146616642,-8.910446105814433e-08,1.3233181737903887e-10,2.0664369726021192e-10,-6.124110538449578e-08,1.6468423290964623e-08,,,,
1.2,72,object_b,1,1,rigid_box,0.08634702426271391,5.510641034127307e-08,0.3999902640025787,6.234874668975914e-08,-9.462403133167323e-08,1.0414697147244213e-08,0.9999999999999934,-0.0620686942407895,5.345885912644053e-08,1.3539709804721856e-10,2.4718422380519227e-10,-6.034924438365953e-08,2.8615446328726365e-08,,,,
1.2166666666666666,73,object_a,0,1,rigid_box,-0.3173957564027057,-9.162851605110965e-08,0.39999026432471474,2.639559528009209e-08,-6.84303406016421e-08,1.4925469118723606e-08,0.9999999999999972,-0.2214813412771608,-8.900562929584975e-08,1.3302018687932904e-10,2.0490119840923858e-10,-6.1247079129133e-08,1.641357025316951e-08,,,,
1.2166666666666666,73,object_b,1,1,rigid_box,0.08531351378176183,5.59965535434045e-08,0.3999902640048474,6.235077948784012e-08,-9.512696941294505e-08,1.0652934812939838e-08,0.9999999999999934,-0.06195940749141986,5.336425031684479e-08,1.3671863641206983e-10,2.410567607841746e-10,-6.03555187465747e-08,2.8564709065156608e-08,,,,
1.2333333333333334,74,object_a,0,1,rigid_box,-0.32108493696990986,-9.311106883731207e-08,0.399990264326938,2.6397295038592137e-08,-6.894075951009204e-08,1.5062005359998367e-08,0.9999999999999971,-0.221235717495444,-8.890689177888874e-08,1.33695103599063e-10,2.0314825327349893e-10,-6.125309027490628e-08,1.6358533894115966e-08,,,,
1.2333333333333334,74,object_b,1,1,rigid_box,0.08428182402174104,5.688512057920059e-08,0.3999902640071381,6.235276097443326e-08,-9.5629960107067e-08,1.0890748394932742e-08,0.9999999999999933,-0.06185020260008252,5.3269714590621696e-08,1.3804672162331943e-10,2.348730539784333e-10,-6.036186692952386e-08,2.8513684950452095e-08,,,,
1.25,75,object_a,0,1,rigid_box,-0.3247700258983093,-9.459197683174587e-08,0.3999902643291726,2.6398980142964736e-08,-6.945122867739343e-08,1.5198082156970416e-08,0.9999999999999971,-0.2209903298133268,-8.880824838014374e-08,1.3441502424993423e-10,2.013848692007885e-10,-6.125913891990596e-08,1.6303315214749092e-08,,,,
1.25,75,object_b,1,1,rigid_box,0.08325195361903474,5.777211266629768e-08,0.3999902640094512,6.235469068257626e-08,-9.61330040313127e-08,1.112813552663462e-08,0.9999999999999933,-0.06174107948957394,5.3175251900336256e-08,1.3944555753153676e-10,2.2863350374366432e-10,-6.036828940767872e-08,2.8462379474200485e-08,,,,
1.2666666666666666,76,object_a,0,1,rigid_box,-0.3284510271201769,-9.607124160192414e-08,0.3999902643314187,2.6400650506256065e-08,-6.996174841645161e-08,1.5333697995029266e-08,0.9999999999999971,-0.2207451779236478,-8.870969897271777e-08,1.3506739303392745e-10,1.9961105502921896e-10,-6.126522516365775e-08,1.6247915230521403e-08,,,,
1.2666666666666666,76,object_b,1,1,rigid_box,0.08222390121131194,5.8657531021540605e-08,0.3999902640117866,6.23565681488451e-08,-9.663610180701095e-08,1.136509388705352e-08,0.9999999999999933,-0.06163203808278421,5.3080862198445664e-08,1.4075167246996312e-10,2.2233855414340968e-10,-6.037478667926726e-08,2.8410798080151264e-08,,,,
1.2833333333333334,77,object_a,0,1,rigid_box,-0.33212794456267086,-9.754886471324692e-08,0.3999902643336762,2.6402306041591907e-08,-7.047231904094011e-08,1.5468851368765998e-08,0.999999999999997,-0.22050026151977173,-8.861124342993225e-08,1.3576623159039514e-10,1.978268208787494e-10,-6.127134908234042e-08,1.6192335205049406e-08,,,,
1.2833333333333334,77,object_b,1,1,rigid_box,0.08119766543752607,5.9541376860980745e-08,0.3999902640141446,6.235839291375238e-08,-9.713925405962842e-08,1.1601621203840329e-08,0.9999999999999932,-0.06152307830269662,5.298654543728173e-08,1.4214261365164127e-10,2.1598870437791524e-10,-6.0381359240741e-08,2.835894689566799e-08,,,,
1.3,78,object_a,0,1,rigid_box,-0.33580078214784354,-9.902484772900484e-08,0.39999026433594514,2.640394666219708e-08,-7.098294086530161e-08,1.560354078226457e-08,0.999999999999997,-0.22025558029558853,-8.851288162532242e-08,1.3645512497717505e-10,1.9603217990020788e-10,-6.127751078276286e-08,1.6136576168551627e-08,,,,
1.3,78,object_b,1,1,rigid_box,0.0801732449379133,6.042365139987374e-08,0.3999902640165253,6.236016452216291e-08,-9.764246141886286e-08,1.1837715256598388e-08,0.9999999999999932,-0.061414200072387834,5.289230156902877e-08,1.435268258409561e-10,2.095844978797096e-10,-6.038800760935685e-08,2.830683228735393e-08,,,,
1.3166666666666667,79,object_a,0,1,rigid_box,-0.3394695437926502,-1.004991922103828e-07,0.39999026433822554,2.6405572281406045e-08,-7.149361420473196e-08,1.5737764749549116e-08,0.9999999999999969,-0.22001113394551233,-8.841461343265343e-08,1.3713498565881554e-10,1.9422714653151295e-10,-6.12837103455994e-08,1.6080639415770663e-08,,,,
1.3166666666666667,79,object_b,1,1,rigid_box,0.07915063835399105,6.13043558526768e-08,0.3999902640189289,6.236188252371779e-08,-9.814572451878606e-08,1.2073373879671181e-08,0.9999999999999931,-0.061305403315027554,5.279813054570352e-08,1.448493165689957e-10,2.031265325023042e-10,-6.039473231792324e-08,2.8254460986051314e-08,,,,
1.3333333333333333,80,object_a,0,1,rigid_box,-0.3431342334089573,-1.0197189971646369e-07,0.39999026434051754,2.6407182812686573e-08,-7.200433937520374e-08,1.5871521794720796e-08,0.9999999999999969,-0.21976692216448038,-8.831643872589695e-08,1.3784072147582371e-10,1.9241173673533286e-10,-6.128994786702209e-08,1.6024526149046367e-08,,,,
1.3333333333333333,80,object_b,1,1,rigid_box,0.07812984432855641,6.218349143304589e-08,0.3999902640213555,6.236354647327775e-08,-9.86490439979847e-08,1.2308594965764587e-08,0.9999999999999931,-0.06119668795387841,5.2704032319137514e-08,1.4620867017089978e-10,1.966154616999262e-10,-6.04015339166623e-08,2.820184021043659e-08,,,,
1.35,81,object_a,0,1,rigid_box,-0.34679485490355183,-1.0344297180423184e-07,0.39999026434282103,2.6408778169651508e-08,-7.251511669337467e-08,1.6004810453066014e-08,0.9999999999999969,-0.2195229446479518,-8.821835737925003e-08,1.385127845754397e-10,1.90585969756671e-10,-6.129622343454667e-08,1.5968237686511598e-08,,,,
1.35,81,object_b,1,1,rigid_box,0.07711086150568465,6.306105935383222e-08,0.39999026402380533,6.236515593138009e-08,-9.915242049974842e-08,1.2543376469075602e-08,0.999999999999993,-0.06108805391229585,5.261000684095221e-08,1.4765831092555803e-10,1.900519903188129e-10,-6.040841298508128e-08,2.8148977470731124e-08,,,,
1.3666666666666667,82,object_a,0,1,rigid_box,-0.3504514121781495,-1.0491241002857675e-07,0.3999902643451361,2.6410358266078067e-08,-7.3025946476639e-08,1.6137629270973115e-08,0.9999999999999968,-0.21927920109190643,-8.812036926712441e-08,1.391959308233437e-10,1.8874986548306248e-10,-6.1302537118946e-08,1.5911775526868676e-08,,,,
1.3666666666666667,82,object_b,1,1,rigid_box,0.07609368853072755,6.393706082707885e-08,0.3999902640262785,6.236671046470866e-08,-9.965585467227757e-08,1.2777716408960212e-08,0.999999999999993,-0.06097950111372805,5.251605406254288e-08,1.4904215535349596e-10,1.8343688452207784e-10,-6.041537011985888e-08,2.8095880912186815e-08,,,,
1.3833333333333333,83,object_a,0,1,rigid_box,-0.3541039091294039,-1.0638021594229692e-07,0.3999902643474628,2.6411923015925312e-08,-7.353682904308962e-08,1.62699768066171e-08,0.9999999999999968,-0.2190356911928438,-8.802247426416103e-08,1.399275938174238e-10,1.8690344760945083e-10,-6.130888901970245e-08,1.5855140977555957e-08,,,,
1.3833333333333333,83,object_b,1,1,rigid_box,0.07507832405031196,6.481149706401642e-08,0.39999026402877524,6.236820964657218e-08,-1.0015934716895199e-07,1.3011612873112342e-08,0.9999999999999929,-0.06087102948171565,5.242217393504974e-08,1.504441606015039e-10,1.76770967245659e-10,-6.042240595976898e-08,2.8042558907897214e-08,,,,
1.4,84,object_a,0,1,rigid_box,-0.35775234964891467,-1.0784639109610329e-07,0.3999902643498011,2.641347233335151e-08,-7.404776471151797e-08,1.6401851630327316e-08,0.9999999999999968,-0.21879241464778199,-8.792467224520905e-08,1.4064149671255688e-10,1.8504674043762047e-10,-6.131527921137372e-08,1.5798335590708748e-08,,,,
1.4,84,object_b,1,1,rigid_box,0.07406476671233828,6.568436927505887e-08,0.3999902640312958,6.236965305739771e-08,-1.0066289864861444e-07,1.3245064021569596e-08,0.9999999999999929,-0.060762638939891686,5.2328366409336766e-08,1.5188458823978124e-10,1.700551196891296e-10,-6.042952118253423e-08,2.7989020232986504e-08,,,,
1.4166666666666667,85,object_a,0,1,rigid_box,-0.3613967376232361,-1.0931093703862296e-07,0.39999026435215107,2.6415006132734702e-08,-7.45587538013742e-08,1.6533252325325993e-08,0.9999999999999967,-0.21854937115425654,-8.782696308534885e-08,1.4132241904496468e-10,1.8317977188631005e-10,-6.132170777451681e-08,1.57413609298061e-08,,,,
1.4166666666666667,85,object_b,1,1,rigid_box,0.07305301516597884,6.655567866979864e-08,0.3999902640338403,6.237104028524172e-08,-1.0116650977592128e-07,1.3478068090032512e-08,0.9999999999999929,-0.06065432941198148,5.223463143597223e-08,1.5332953656743697e-10,1.6329028536325217e-10,-6.043671650652623e-08,2.7935274217999026e-08,,,,
1.4333333333333333,86,object_a,0,1,rigid_box,-0.3650370769338865,-1.1077385531640308e-07,0.39999026435451274,2.6416524328689654e-08,-7.50697966327875e-08,1.6664177487954832e-08,0.9999999999999967,-0.2183065604103193,-8.772934665987484e-08,1.4207002067834207e-10,1.8130257101401792e-10,-6.132817479120622e-08,1.5684218581985605e-08,,,,
1.4333333333333333,86,object_b,1,1,rigid_box,0.07204306806167644,6.742542645700143e-08,0.399990264036409,6.237237092630158e-08,-1.0167018122173849e-07,1.371062339375471e-08,0.9999999999999928,-0.06054610082180244,5.2140968965200396e-08,1.5480937365364156e-10,1.5647747344732826e-10,-6.044399269771989e-08,2.78813306642352e-08,,,,
1.45,87,object_a,0,1,rigid_box,-0.36867337145735596,-1.1223514747391425e-07,0.39999026435688606,2.6418026836086403e-08,-7.558089352653985e-08,1.6794625728305393e-08,0.9999999999999967,-0.2180639821145375,-8.763182284431065e-08,1.427775501994244e-10,1.7941517015608717e-10,-6.133468034009948e-08,1.5626910221757212e-08,,,,
1.45,87,object_b,1,1,rigid_box,0.0710349240511427,6.829361384460067e-08,0.39999026403900223,6.237364458543747e-08,-1.0217391366360333e-07,1.3942728331275238e-08,0.9999999999999927,-0.06043795309326397,5.204737894692071e-08,1.562829241019692e-10,1.4961775104331402e-10,-6.045135058521102e-08,2.7827199828315288e-08,,,,
1.4666666666666666,88,object_a,0,1,rigid_box,-0.37230562506511533,-1.1369481505355444e-07,0.3999902643592711,2.6419513570074718e-08,-7.609204480406754e-08,1.6924595670651608e-08,0.9999999999999966,-0.21782163596599236,-8.753439151439138e-08,1.4342619279739122e-10,1.7751760287158204e-10,-6.134122449011936e-08,1.5569437651486503e-08,,,,
1.4666666666666666,88,object_b,1,1,rigid_box,0.07002858178735662,6.91602420396916e-08,0.39999026404162014,6.237486087670758e-08,-1.0267770778624486e-07,1.4174381388327822e-08,0.9999999999999927,-0.06032988615036724,5.195386133066542e-08,1.577894204185526e-10,1.427122514261665e-10,-6.045879106920005e-08,2.7772892240494298e-08,,,,
1.4833333333333334,89,object_a,0,1,rigid_box,-0.3759338416236248,-1.1515285959565254e-07,0.3999902643616679,2.6420984446098352e-08,-7.660325078742779e-08,1.705408595418092e-08,0.9999999999999966,-0.21757952166427802,-8.743705254608235e-08,1.4415623209029782e-10,1.7560990677664247e-10,-6.134780733388222e-08,1.5511802541807295e-08,,,,
1.4833333333333334,89,object_b,1,1,rigid_box,0.06902403992456317,7.002531224852479e-08,0.399990264044263,6.23760194239011e-08,-1.0318156428219514e-07,1.4405581141426015e-08,0.9999999999999926,-0.06022189991720519,5.186041606556682e-08,1.5931163332982834e-10,1.3576217299779198e-10,-6.046631512160852e-08,2.771841903647704e-08,,,,
1.5,90,object_a,0,1,rigid_box,-0.379558024994342,-1.1660928263847211e-07,0.3999902643640765,2.6422439379918604e-08,-7.711451179933088e-08,1.718309523317839e-08,0.9999999999999966,-0.21733763890950095,-8.73398058155719e-08,1.4483180280078223e-10,1.7369212084611822e-10,-6.135442893141956e-08,1.545400688318617e-08,,,,
1.5,90,object_b,1,1,rigid_box,0.06802129711827139,7.088882567649937e-08,0.39999026404693133,6.237711986108811e-08,-1.0368548385246745e-07,1.4636326261656305e-08,0.9999999999999926,-0.0601139943179623,5.176704310033697e-08,1.6080626934200648e-10,1.2876878284245178e-10,-6.047392379538148e-08,2.7663791930155654e-08,,,,
1.5166666666666666,91,object_a,0,1,rigid_box,-0.3831781790337312,-1.1806408571821519e-07,0.3999902643664968,2.6423878287636656e-08,-7.762582816309692e-08,1.731162217788894e-08,0.9999999999999964,-0.21709598740227806,-8.724265119926838e-08,1.455409751049963e-10,1.7176428658764303e-10,-6.13610893598712e-08,1.539605258124903e-08,,,,
1.5166666666666666,91,object_b,1,1,rigid_box,0.06702035202525328,7.175078352815572e-08,0.39999026404962523,6.237816183314938e-08,-1.0418946720733696e-07,1.4866615518843556e-08,0.9999999999999925,-0.0600061692769144,5.167374238324573e-08,1.6236404234981627e-10,1.21733406035008e-10,-6.048161825600872e-08,2.7609022833824964e-08,,,,
1.5333333333333334,92,object_a,0,1,rigid_box,-0.3867943075932712,-1.1951727036902597e-07,0.399990264368929,2.6425301085710632e-08,-7.813720020266558e-08,1.743966547492787e-08,0.9999999999999964,-0.21685456684373633,-8.714558857380432e-08,1.4623144535541588e-10,1.698264485173196e-10,-6.136778870101815e-08,1.5337941573254825e-08,,,,
1.5333333333333334,92,object_b,1,1,rigid_box,0.06602120330354204,7.261118700716803e-08,0.39999026405234517,6.237914499632271e-08,-1.0469351506722427e-07,1.509644778509968e-08,0.9999999999999925,-0.0598984247184287,5.1580513862098855e-08,1.6392527786568412e-10,1.1465743525195025e-10,-6.048939977302605e-08,2.755412429873108e-08,,,,
1.55,93,object_a,0,1,rigid_box,-0.39040641451946434,-1.209688381229945e-07,0.39999026437137297,2.642670769098041e-08,-7.864862824257754e-08,1.756722382796309e-08,0.9999999999999963,-0.21661337693551114,-8.704861781603821e-08,1.469944981707938e-10,1.678786535491152e-10,-6.13745270169771e-08,1.52796760179947e-08,,,,
1.55,93,object_b,1,1,rigid_box,0.06502384961243063,7.347003731633623e-08,0.3999902640550916,6.238006901873894e-08,-1.0519762816369386e-07,1.5325822038589422e-08,0.9999999999999923,-0.059790760566963495,5.1487357484209125e-08,1.655335764294552e-10,1.0754232863264571e-10,-6.049726974409357e-08,2.7499109249361932e-08,,,,
1.5666666666666667,94,object_a,0,1,rigid_box,-0.3940145036538445,-1.2241879051016039e-07,0.39999026437382884,2.6428098020689092e-08,-7.916011260801761e-08,1.7694295957896978e-08,0.9999999999999963,-0.2163724173797459,-8.69517388030566e-08,1.4767358169631706e-10,1.6592095054061958e-10,-6.138130439156834e-08,1.5221257953061706e-08,,,,
1.5666666666666667,94,object_b,1,1,rigid_box,0.06402828961247023,7.432733565757758e-08,0.3999902640578649,6.238093358094433e-08,-1.0570180724058703e-07,1.555473736710708e-08,0.9999999999999923,-0.059683176747068106,5.139427319637105e-08,1.6715863242200424e-10,1.0038960516726493e-10,-6.05052297122152e-08,2.7443990990028683e-08,,,,
1.5833333333333333,95,object_a,0,1,rigid_box,-0.39761857883298585,-1.238671290585168e-07,0.3999902643762966,2.6429471992505095e-08,-7.967165362476974e-08,1.782088060381109e-08,0.9999999999999963,-0.2161316878790901,-8.685495141216828e-08,1.4840360711143585e-10,1.6395339343340831e-10,-6.138812089458991e-08,1.516268962140469e-08,,,,
1.5833333333333333,95,object_b,1,1,rigid_box,0.0630345219654687,7.518308323191785e-08,0.3999902640606657,6.238173837642173e-08,-1.0620605305528121e-07,1.5783192971888202e-08,0.9999999999999922,-0.059575673183382714,5.130126094484322e-08,1.688004319655434e-10,9.320084450276836e-11,-6.051328137790573e-08,2.738878338790914e-08,,,,
1.6,96,object_a,0,1,rigid_box,-0.4012186438885113,-1.253138552940139e-07,0.3999902643787762,2.643082952454477e-08,-8.018325161922032e-08,1.794697652351522e-08,0.9999999999999962,-0.2158911881366989,-8.675825552090595e-08,1.4911749439405764e-10,1.6197603565162604e-10,-6.139497659521958e-08,1.5103973322675053e-08,,,,
1.6,96,object_b,1,1,rigid_box,0.06204254533448908,7.603728123948218e-08,0.39999026406349436,6.238248311207858e-08,-1.0671036638013908e-07,1.6011188170497132e-08,0.9999999999999922,-0.05946824980063816,5.120832067532085e-08,1.705266067242306e-10,8.597768711684297e-11,-6.052142662431016e-08,2.7333500622070004e-08,,,,
1.6166666666666667,97,object_a,0,1,rigid_box,-0.4048147026471005,-1.267589707405629e-07,0.3999902643812678,2.6432170535395476e-08,-8.069490691838046e-08,1.807258249397774e-08,0.9999999999999962,-0.21565091785623178,-8.666165100703428e-08,1.4980992661672854e-10,1.5998893661923176e-10,-6.14018715819354e-08,1.5045111280891047e-08,,,,
1.6166666666666667,97,object_b,1,1,rigid_box,0.06105235838384816,7.688993087948557e-08,0.39999026406635163,6.238316750872429e-08,-1.0721474800409446e-07,1.623872240080709e-08,0.9999999999999921,-0.05936090652365604,5.1115452332924186e-08,1.7225100859552533e-10,7.872182400076669e-11,-6.052966753969472e-08,2.727815723979281e-08,,,,
1.6333333333333333,98,object_a,0,1,rigid_box,-0.40840675893049894,-1.2820247692003975e-07,0.3999902643837713,2.643349494413918e-08,-8.120661984987784e-08,1.8197697312027967e-08,0.9999999999999961,-0.21541087674185153,-8.656513774854348e-08,1.505157786602096e-10,1.5799215518661872e-10,-6.14088059078724e-08,1.4986106084901256e-08,,,,
1.6333333333333333,98,object_b,1,1,rigid_box,0.06006395977911486,7.774103335022301e-08,0.3999902640692382,6.238379130151589e-08,-1.0771919873447305e-07,1.6465795223113886e-08,0.9999999999999921,-0.059253643277348264,5.102265586217058e-08,1.7402558907808618e-10,7.143500277860439e-11,-6.053800643911266e-08,2.7222768088601152e-08,,,,
1.65,99,object_a,0,1,rigid_box,-0.4119948165555259,-1.2964437535228881e-07,0.3999902643862868,2.6434802670375638e-08,-8.171839074198208e-08,1.8322319794803634e-08,0.9999999999999961,-0.2151710644982231,-8.646871562365067e-08,1.5127294555883353e-10,1.5598575647947912e-10,-6.141577967033533e-08,1.4926960053428257e-08,,,,
1.65,99,object_b,1,1,rigid_box,0.05907734818710879,7.859058984905944e-08,0.39999026407215477,6.23843542403638e-08,-1.0822371939899712e-07,1.6692406323625225e-08,0.999999999999992,-0.05914645998671712,5.092993120696425e-08,1.7587352234282871e-10,6.41190136734561e-11,-6.054644589371299e-08,2.716734842865712e-08,,,,
1.6666666666666667,100,object_a,0,1,rigid_box,-0.41557887933408233,-1.3108466755512675e-07,0.3999902643888143,2.6436093634247355e-08,-8.223021992358619e-08,1.844644878058558e-08,0.9999999999999961,-0.21493148083051264,-8.637238451080175e-08,1.5198029466867435e-10,1.5396980598009358e-10,-6.142279293222325e-08,1.4867675849790152e-08,,,,
1.6666666666666667,100,object_b,1,1,rigid_box,0.05809252227589867,7.943860157241922e-08,0.39999026407510224,6.238485609030502e-08,-1.087283108480423e-07,1.6918555516592538e-08,0.999999999999992,-0.05903935657685513,5.083727831057862e-08,1.777738477259927e-10,5.677569274818527e-11,-6.055498875433281e-08,2.7111913823829145e-08,,,,
1.6833333333333333,101,object_a,0,1,rigid_box,-0.41915895107316037,-1.325233550443465e-07,0.39999026439135377,2.6437367756462664e-08,-8.274210772425144e-08,1.8570083129150886e-08,0.999999999999996,-0.21469212544438637,-8.627614428867566e-08,1.5268959707714913e-10,1.519443732611695e-10,-6.142984578052607e-08,1.4808256040948789e-08,,,,
1.6833333333333333,101,object_b,1,1,rigid_box,0.057109480714800945,8.028506971577567e-08,0.39999026407808147,6.238529663181438e-08,-1.0923297395716031e-07,1.7144242746459705e-08,0.9999999999999919,-0.058932332972944784,5.074469711564522e-08,1.7971996287002856e-10,4.9406907049398695e-11,-6.056363819794322e-08,2.7056479870699797e-08,,,,
1.7,102,object_a,0,1,rigid_box,-0.42273503557485065,-1.33960439333721e-07,0.39999026439390534,2.6438624958322405e-08,-8.325405447419433e-08,1.8693221722616998e-08,0.999999999999996,-0.21445299804600967,-8.617999483617664e-08,1.53425213506031e-10,1.4990953094106426e-10,-6.14369382920829e-08,1.4748703370702935e-08,,,,
1.7,102,object_b,1,1,rigid_box,0.05612822217437819,8.112999547364019e-08,0.39999026408109356,6.238567566105506e-08,-1.0973770962990433e-07,1.736946808908581e-08,0.9999999999999919,-0.05882538910025854,5.065218756414035e-08,1.8166760457072328e-10,4.201455149197769e-11,-6.057239775157362e-08,2.7001062490907912e-08,,,,
1.7166666666666666,103,object_a,0,1,rigid_box,-0.4263071366363511,-1.3539592193500675e-07,0.39999026439646895,2.6439865161741537e-08,-8.376606050433135e-08,1.881586346584594e-08,0.9999999999999959,-0.21421409834204566,-8.608393603244245e-08,1.541835600166186e-10,1.4786535379311801e-10,-6.144407055372847e-08,1.4689020584038996e-08,,,,
1.7166666666666666,103,object_b,1,1,rigid_box,0.05514874532643766,8.197338003955123e-08,0.3999902640841396,6.238599299007612e-08,-1.1024251880093977e-07,1.759423175350728e-08,0.9999999999999918,-0.05871852488415859,5.055974959738857e-08,1.8377015707782274e-10,3.460053760640811e-11,-6.058127134204679e-08,2.6945677694320674e-08,,,,
1.7333333333333334,104,object_a,0,1,rigid_box,-0.429875258049975,-1.3682980435794825e-07,0.39999026439904467,2.6441088289276383e-08,-8.427812614629063e-08,1.8938007287153694e-08,0.9999999999999959,-0.21397542603965466,-8.598796775684437e-08,1.5487322882479226e-10,1.458119207055408e-10,-6.145124264683188e-08,1.4629210575492193e-08,,,,
1.7333333333333334,104,object_b,1,1,rigid_box,0.05417104884402976,8.281522460606361e-08,0.399990264087221,6.238624844690153e-08,-1.1074740243955592e-07,1.7818534082100845e-08,0.9999999999999917,-0.05861174025009683,5.046738315605615e-08,1.8592546252582665e-10,2.7166789578477578e-11,-6.059026332823316e-08,2.6890341501998937e-08,,,,
1.75,105,object_a,0,1,rigid_box,-0.4334394036031594,-1.382620881102813e-07,0.39999026440163254,2.644229426415034e-08,-8.479025173242881e-08,1.9059652139019148e-08,0.9999999999999959,-0.21373698084649262,-8.589208988897955e-08,1.556485842990618e-10,1.4374931293762604e-10,-6.145845467566968e-08,1.4569276163116978e-08,,,,
1.75,105,object_b,1,1,rigid_box,0.05319513140144658,8.365553036473733e-08,0.39999026409033905,6.238644187555153e-08,-1.1125236155353579e-07,1.8042375550516505e-08,0.9999999999999917,-0.0585050351236146,5.0375088180149437e-08,1.8811989292710773e-10,1.9715219271672722e-11,-6.05993785677809e-08,2.6835069870011833e-08,,,,
1.7666666666666666,106,object_a,0,1,rigid_box,-0.4369995770784735,-1.3969277469773723e-07,0.3999902644042325,2.6443483010277814e-08,-8.530243759588239e-08,1.9180796998522854e-08,0.9999999999999958,-0.2134987624707102,-8.579630230868275e-08,1.5635909407507587e-10,1.4167761432225178e-10,-6.146570672122318e-08,1.4509220441240476e-08,,,,
1.7666666666666666,106,object_b,1,1,rigid_box,0.052220991674220396,8.449429850612688e-08,0.3999902640934954,6.238657313593627e-08,-1.117573971934793e-07,1.826575676697794e-08,0.9999999999999916,-0.058398409430342656,5.0282864609034944e-08,1.9050630864492213e-10,1.2247726869026944e-11,-6.060862245520103e-08,2.6779878645815347e-08,,,,
1.7833333333333334,107,object_a,0,1,rigid_box,-0.44055578225362635,-1.411218656240466e-07,0.3999902644068447,2.6444654452287693e-08,-8.581468407058436e-08,1.9301440868130453e-08,0.9999999999999958,-0.21326077062095222,-8.570060489602462e-08,1.5710608855523667e-10,1.3959691281426177e-10,-6.147299888183343e-08,1.4449046494558954e-08,,,,
1.7833333333333334,107,object_b,1,1,rigid_box,0.051248628339122186,8.533153021977053e-08,0.39999026409669186,6.238664210364171e-08,-1.1226251045758933e-07,1.8488678470411792e-08,0.9999999999999916,-0.05829186309600105,5.019071238144824e-08,1.9294105375877724e-10,4.766173358717763e-12,-6.061800099477939e-08,2.6724783337376227e-08,,,,
1.8,108,object_a,0,1,rigid_box,-0.44410802290147583,-1.425493623909432e-07,0.3999902644094691,2.6445808515555245e-08,-8.632699149132624e-08,1.9421582776137986e-08,0.9999999999999957,-0.21302300500635604,-8.56049975313028e-08,1.5783914279754452e-10,1.3750729923402402e-10,-6.148033126810757e-08,1.4388757408196694e-08,,,,
1.8,108,object_b,1,1,rigid_box,0.0502780400741609,8.61672266941137e-08,0.39999026410192495,6.238664966391898e-08,-1.1276770867125062e-07,1.8711150126577314e-08,0.9999999999999915,-0.058185396046075706,5.009863139345426e-08,1.0033185792596155e-09,-1.6227390772457387e-12,-6.063437881060886e-08,2.6679353372852654e-08,,,,
1.8166666666666667,109,object_a,0,1,rigid_box,-0.44765630279003626,-1.4397526649816787e-07,0.3999902644121057,2.644694512622354e-08,-8.683936019376785e-08,1.954122177756954e-08,0.9999999999999957,-0.2127854653365505,-8.550948009505558e-08,1.585569002482412e-10,1.354088666355206e-10,-6.148770398303251e-08,1.4328356459660324e-08,,,,
1.8166666666666667,109,object_b,1,1,rigid_box,0.04930922555858435,8.70013891039199e-08,0.39999026411886696,6.238663614472787e-08,-1.132732436384552e-07,1.8933521884599665e-08,0.9999999999999915,-0.0580790082071066,5.000661988498856e-08,1.0170085017191521e-09,-1.6254468472871914e-12,-6.069051652247496e-08,2.6689244332844634e-08,,,,
1.8333333333333333,110,object_a,0,1,rigid_box,-0.45120062568248687,-1.4539957944347273e-07,0.39999026441475466,2.6448064211228018e-08,-8.735179051452067e-08,1.966035695453907e-08,0.9999999999999957,-0.21254815132165544,-8.541405246806002e-08,1.5930074967474006e-10,1.3330171222234033e-10,-6.149511714824938e-08,1.4267846900877536e-08,,,,
1.8333333333333333,110,object_b,1,1,rigid_box,0.048342183472866,8.78340185954553e-08,0.3999902641358249,6.238662260294119e-08,-1.1377924664670454e-07,1.915597610847585e-08,0.9999999999999913,-0.05797269950476706,4.991467690731298e-08,1.0179043632291274e-09,-1.6281617022329302e-12,-6.074670548822598e-08,2.6699144611019726e-08,,,,
1.85,111,object_a,0,1,rigid_box,-0.4547409953371797,-1.4682230272262456e-07,0.3999902644174159,2.6449165698325673e-08,-8.786428279119831e-08,1.9778987416914415e-08,0.9999999999999956,-0.2123110626722801,-8.531871453132125e-08,1.6001761027339967e-10,1.3118593567528389e-10,-6.150257089027324e-08,1.4207232074258226e-08,,,,
1.85,111,object_b,1,1,rigid_box,0.047376912498716804,8.866511631034153e-08,0.3999902641527986,6.238660903849971e-08,-1.142857181235476e-07,1.9378512875687762e-08,0.9999999999999913,-0.05786646986512758,4.982280239739813e-08,1.018860992102466e-09,-1.6308836512594957e-12,-6.080294578512871e-08,2.6709054163572063e-08,,,,
1.8666666666666667,112,object_a,0,1,rigid_box,-0.45827741550764817,-1.482434378294092e-07,0.3999902644200895,2.6450249516119193e-08,-8.83768373624559e-08,1.989711230311568e-08,0.9999999999999956,-0.21207419909952216,-8.522346616608797e-08,1.6079214695818855e-10,1.2906163982341013e-10,-6.151006532323185e-08,1.4146515555925392e-08,,,,
1.8666666666666667,112,object_b,1,1,rigid_box,0.04641341131907892,8.949468338915056e-08,0.3999902641697881,6.238659545134421e-08,-1.1479265849687455e-07,1.9601132264004255e-08,0.9999999999999912,-0.05776031921435241,4.973099629230108e-08,1.0198283814655262e-09,-1.6336127341537906e-12,-6.085923745036348e-08,2.6718973098430616e-08,,,,
1.8833333333333333,113,object_a,0,1,rigid_box,-0.461809889942615,-1.4966298625563545e-07,0.3999902644227755,2.6451315594082116e-08,-8.888945456808177e-08,2.0014730780539015e-08,0.9999999999999954,-0.2118375603149671,-8.512830725384422e-08,1.615235913771107e-10,1.2692893094298446e-10,-6.151760060089319e-08,1.4085700743745482e-08,,,,
1.8833333333333333,113,object_b,1,1,rigid_box,0.045451678618124394,9.032272097140592e-08,0.3999902641867934,6.238658184141483e-08,-1.1530006819494796e-07,1.9823834351133127e-08,0.9999999999999912,-0.05765424747869419,4.963925852915566e-08,1.020797715453603e-09,-1.6363489905773266e-12,-6.091558052068333e-08,2.6728901279403365e-08,,,,
1.9,114,object_a,0,1,rigid_box,-0.46533842238600004,-1.5108094949113885e-07,0.399990264425474,2.645236386258515e-08,-8.940213474908782e-08,2.0131842046063505e-08,0.9999999999999954,-0.21160114603068675,-8.503323767631248e-08,1.622659350636324e-10,1.2478791790432334e-10,-6.152517687529835e-08,1.4024791213480042e-08,,,,
1.9,114,object_b,1,1,rigid_box,0.044491713081253596,9.114923019558415e-08,0.3999902642038145,6.238656820865185e-08,-1.1580794764640821e-07,2.004661921492531e-08,0.9999999999999911,-0.05754825458449395,4.95475890451794e-08,1.0216982780641981e-09,-1.6390924155312163e-12,-6.097197505548661e-08,2.673883886227679e-08,,,,
1.9166666666666667,115,object_a,0,1,rigid_box,-0.4688630165769288,-1.5249732902378582e-07,0.3999902644281849,2.6453394252923057e-08,-8.991487824773854e-08,2.0248445327067654e-08,0.9999999999999954,-0.21136495595923843,-8.493825731545811e-08,1.63025797722538e-10,1.2263871324940517e-10,-6.153279429486824e-08,1.396379070778261e-08,,,,
1.9166666666666667,115,object_b,1,1,rigid_box,0.043533513395093745,9.197421219911602e-08,0.3999902642208515,6.238655455299517e-08,-1.1631629728026985e-07,2.0269486933266126e-08,0.9999999999999911,-0.05744234045818073,4.945598777766473e-08,1.0226349454744987e-09,-1.6418430635573125e-12,-6.102842108784511e-08,2.6748785805809867e-08,,,,
1.9333333333333333,116,object_a,0,1,rigid_box,-0.47238367624974054,-1.5391212633947772e-07,0.3999902644309084,2.645440669733662e-08,-9.042768540770794e-08,2.036453988151404e-08,0.9999999999999953,-0.21112898981366404,-8.484336605348176e-08,1.6377057696081998e-10,1.2048143168895745e-10,-6.154045303388224e-08,1.3902702932902674e-08,,,,
1.9333333333333333,116,object_b,1,1,rigid_box,0.042577078247497464,9.279766811838806e-08,0.3999902642379043,6.238654087438458e-08,-1.1682511752594203e-07,2.0492437583996073e-08,0.999999999999991,-0.05733650502627176,4.9364454663989693e-08,1.0236487647113934e-09,-1.644600945622488e-12,-6.10849186689886e-08,2.67587420680339e-08,,,,
1.95,117,object_a,0,1,rigid_box,-0.47590040513399584,-1.5532534292215462e-07,0.3999902644336445,2.645540112903931e-08,-9.094055657410945e-08,2.048012499907563e-08,0.9999999999999953,-0.21089324730748876,-8.474856377282607e-08,1.6451731123245938e-10,1.1831619147665933e-10,-6.154815327275513e-08,1.3841531711421325e-08,,,,
1.95,117,object_b,1,1,rigid_box,0.04162240632754134,9.361959908874359e-08,0.3999902642549729,6.23865271727594e-08,-1.1733440881316035e-07,2.0715471245289077e-08,0.9999999999999909,-0.0572307482153722,4.9272989641607414e-08,1.0245675852865732e-09,-1.6473661082229302e-12,-6.114146784385629e-08,2.676870771055867e-08,,,,
1.9666666666666666,118,object_a,0,1,rigid_box,-0.47941320695448514,-1.567369802537994e-07,0.39999026443639324,2.645637748224262e-08,-9.145349209369364e-08,2.059520000103003e-08,0.9999999999999952,-0.21065772815472025,-8.465385035617548e-08,1.6526725474252935e-10,1.1614311341969597e-10,-6.155589521781327e-08,1.3780280840513478e-08,,,,
1.9666666666666666,118,object_b,1,1,rigid_box,0.040669496325524405,9.44400062444844e-08,0.3999902642720574,6.238651344805892e-08,-1.1784417157205736e-07,2.093858799524234e-08,0.9999999999999909,-0.05712506995217486,4.9181592648051156e-08,1.0254951731542006e-09,-1.6501385770673558e-12,-6.119806865478104e-08,2.6778682746218966e-08,,,,
1.9833333333333334,119,object_a,0,1,rigid_box,-0.4829220854312366,-1.58147039814442e-07,0.3999902644391547,2.6457335692179907e-08,-9.196649231488638e-08,2.0709764241437585e-08,0.9999999999999952,-0.21042243206984756,-8.45592256864602e-08,1.6602469572746248e-10,1.1396232181870881e-10,-6.156367907581648e-08,1.3718954301940639e-08,,,,
1.9833333333333334,119,object_b,1,1,rigid_box,0.0397183469329667,9.525889071887172e-08,0.39999026428915785,6.238649970022211e-08,-1.1835440623315427e-07,2.116178791201576e-08,0.9999999999999908,-0.057019470163460304,4.9090263620938684e-08,1.0264926911945915e-09,-1.6529183505598729e-12,-6.12547211450767e-08,2.6788667170965218e-08,,,,
2.0,120,object_a,0,1,rigid_box,-0.48642704427952416,-1.5955552308216317e-07,0.39999026444192903,2.645827569512908e-08,-9.247955758797658e-08,2.082381710724618e-08,0.9999999999999951,-0.21018735876784012,-8.44646896468484e-08,1.668333717702586e-10,1.1177394338817132e-10,-6.157150507311261e-08,1.3657556105191938e-08,,,,
2.0,120,object_b,1,1,rigid_box,0.03876895684260784,9.607625364412787e-08,0.39999026430627416,6.238648592918776e-08,-1.1886511322732041e-07,2.1385071074009215e-08,0.9999999999999908,-0.056913948776096665,4.89990024979637e-08,1.027409655615652e-09,-1.6557054958041308e-12,-6.13114253769813e-08,2.6798660962039535e-08,,,,
2.0166666666666666,121,object_a,0,1,rigid_box,-0.48992808720987535,-1.6096243153309865e-07,0.39999026444471614,2.6459197428437754e-08,-9.299268826520841e-08,2.0937358019181904e-08,0.9999999999999951,-0.2099525079641468,-8.43702421207522e-08,1.675830151731672e-10,1.0957810760248249e-10,-6.157937346231228e-08,1.3596090257616287e-08,,,,
2.0166666666666666,121,object_b,1,1,rigid_box,0.03782132474840549,9.689209615143735e-08,0.3999902643234064,6.238647213489436e-08,-1.1937629298585582e-07,2.1608437559415946e-08,0.9999999999999907,-0.0568085057170393,4.890780921689876e-08,1.0283685101392104e-09,-1.6585000179415393e-12,-6.136818136947046e-08,2.6808664211284908e-08,,,,
2.033333333333333,122,object_a,0,1,rigid_box,-0.4934252179280796,-1.6236776664144335e-07,0.39999026444751623,2.6460100830541754e-08,-9.350588470095361e-08,2.1050386432120648e-08,0.999999999999995,-0.20971787937469466,-8.427588299183025e-08,1.683847887512524e-10,1.0737494626031844e-10,-6.158728449637972e-08,1.3534560974526264e-08,,,,
2.033333333333333,122,object_b,1,1,rigid_box,0.03687544934553399,9.770641937094831e-08,0.3999902643405546,6.23864583172802e-08,-1.1988794594037863e-07,2.183188744672684e-08,0.9999999999999906,-0.05670314091333095,4.881668371559475e-08,1.029342293693003e-09,-1.6613019506644065e-12,-6.142498918240494e-08,2.6818676838804177e-08,,,,
2.05,123,object_a,0,1,rigid_box,-0.49691844013519587,-1.6377152987945507e-07,0.3999902644503293,2.6460985840993274e-08,-9.401914725191965e-08,2.11629018352493e-08,0.999999999999995,-0.20948347271588844,-8.418161214398115e-08,1.6914086450880994e-10,1.051645948641985e-10,-6.159523847198724e-08,1.3472972349363171e-08,,,,
2.05,123,object_b,1,1,rigid_box,0.035931329330382844,9.85192244317738e-08,0.39999026435771873,6.238644447628334e-08,-1.2040007252288478e-07,2.2055420814439844e-08,0.9999999999999906,-0.056597854292101485,4.872562593198537e-08,1.0303035681558104e-09,-1.6641113230958002e-12,-6.148184885476109e-08,2.682869890081334e-08,,,,
2.066666666666667,124,object_a,0,1,rigid_box,-0.500407757527561,-1.6517372271745897e-07,0.39999026445315555,2.646185240047689e-08,-9.453247627724144e-08,2.1274903753195553e-08,0.9999999999999949,-0.20924928770460893,-8.408742946134986e-08,1.6991911176711394e-10,1.0294718996812252e-10,-6.160323569155733e-08,1.3411328658038392e-08,,,,
2.066666666666667,124,object_b,1,1,rigid_box,0.034988963400555295,9.933051246199309e-08,0.3999902643748988,6.238643061184156e-08,-1.2091267316578676e-07,2.227903774109778e-08,0.9999999999999905,-0.05649264578056771,4.86346358040801e-08,1.0312684126795313e-09,-1.6669281757937743e-12,-6.15387604352929e-08,2.6838730407120506e-08,,,,
2.0833333333333335,125,object_a,0,1,rigid_box,-0.5038931737967971,-1.6657434662385134e-07,0.39999026445599495,2.646270045083228e-08,-9.504587213875995e-08,2.138639174583224e-08,0.9999999999999949,-0.20901532405821233,-8.399333482832361e-08,1.7076750083444558e-10,1.0072287112239922e-10,-6.161127648909532e-08,1.3349634170667945e-08,,,,
2.0833333333333335,125,object_b,1,1,rigid_box,0.03404835025486687,1.0014028458865285e-07,0.39999026439209484,6.238641672389241e-08,-1.214257483018322e-07,2.2502738305406413e-08,0.9999999999999905,-0.05638751530603339,4.854371326996449e-08,1.0321981307875872e-09,-1.6697525184101934e-12,-6.159572397216422e-08,2.6848771367534972e-08,,,,
2.1,126,object_a,0,1,rigid_box,-0.5073746926298198,-1.6797340306510388e-07,0.3999902644588477,2.6463529935072414e-08,-9.555933520117468e-08,2.1497365409106935e-08,0.9999999999999948,-0.2087815814945293,-8.389932812954354e-08,1.7153741274644752e-10,9.849178124608205e-11,-6.161936122192563e-08,1.3287893219282565e-08,,,,
2.1,126,object_b,1,1,rigid_box,0.03310948859334392,1.0094854193776873e-07,0.3999902644093069,6.238640281237321e-08,-1.2193929836417185e-07,2.2726522586053062e-08,0.9999999999999903,-0.05628246279588892,4.845285826780945e-08,1.0331603385316246e-09,-1.6725843948546537e-12,-6.165273950452751e-08,2.6858821737817877e-08,,,,
2.1166666666666667,127,object_a,0,1,rigid_box,-0.5108523177088461,-1.6937089350576763e-07,0.39999026446171393,2.646434079740454e-08,-9.607286583228666e-08,2.1607824375309838e-08,0.9999999999999948,-0.2085480597318638,-8.380540924989042e-08,1.7233731976207256e-10,9.625406393042666e-11,-6.162749027440107e-08,1.322611019620674e-08,,,,
2.1166666666666667,127,object_b,1,1,rigid_box,0.032172377117222185,1.0175528563432659e-07,0.39999026442653496,6.238638887722111e-08,-1.2245332378632639e-07,2.295039066198924e-08,0.9999999999999902,-0.05617748817761141,4.836207073586447e-08,1.0341304392674777e-09,-1.675423820843508e-12,-6.170980708138658e-08,2.6868881628204817e-08,,,,
2.1333333333333333,128,object_a,0,1,rigid_box,-0.5143260527114025,-1.7076681940847737e-07,0.3999902644645937,2.646513298324419e-08,-9.65864644032545e-08,2.1717768313319616e-08,0.9999999999999947,-0.20831475848899217,-8.37115780744943e-08,1.7319355671840952e-10,9.400986485961624e-11,-6.163566405426521e-08,1.3164289584707294e-08,,,,
2.1333333333333333,128,object_b,1,1,rigid_box,0.03123701452894539,1.0256051680228366e-07,0.39999026444377905,6.238637491837281e-08,-1.2296782500217748e-07,2.3174342611857445e-08,0.9999999999999902,-0.056072591378764386,4.827135061245487e-08,1.035079908937031e-09,-1.6782708328145351e-12,-6.176692675270534e-08,2.6878950904831785e-08,,,,
2.15,129,object_a,0,1,rigid_box,-0.5177959013103322,-1.7216118223395542e-07,0.39999026446748714,2.6465906439233835e-08,-9.710013128882556e-08,2.1827196929142856e-08,0.9999999999999947,-0.2080816774851622,-8.36178344887266e-08,1.7398917723232543e-10,9.175933286099683e-11,-6.164388302734325e-08,1.3102435704310862e-08,,,,
2.15,129,object_b,1,1,rigid_box,0.030303399532163742,1.033642365645701e-07,0.3999902644610392,6.238636093576502e-08,-1.234828024459906e-07,2.339837851481622e-08,0.9999999999999901,-0.055967772326997726,4.8180697835983534e-08,1.036091042821985e-09,-1.6811254660245685e-12,-6.182409855294938e-08,2.6889029718928934e-08,,,,
2.1666666666666665,130,object_a,0,1,rigid_box,-0.5212618671738039,-1.7355398344101587e-07,0.39999026447039443,2.646666111325777e-08,-9.761386686762254e-08,2.1936109966164853e-08,0.9999999999999947,-0.2078488164400918,-8.352417837821191e-08,1.7484331517325646e-10,8.950261665888628e-11,-6.165214765938522e-08,1.3040553176537908e-08,,,,
2.1666666666666665,130,object_b,1,1,rigid_box,0.029371530831732523,1.0416644604309006e-07,0.39999026447831537,6.238634692933396e-08,-1.2399825655244735e-07,2.3622498449736036e-08,0.99999999999999,-0.05586303095004758,4.809011234493219e-08,1.0370293825057164e-09,-1.6839877583015906e-12,-6.188132252602858e-08,2.6899118031727723e-08,,,,
2.183333333333333,131,object_a,0,1,rigid_box,-0.5247239539653182,-1.7494522448656868e-07,0.3999902644733157,2.6467396954455507e-08,-9.812767152246277e-08,2.2044507205252883e-08,0.9999999999999946,-0.20761617507396862,-8.343060962881378e-08,1.7569465327049727e-10,8.723986896382741e-11,-6.166045847873374e-08,1.2978646455663789e-08,,,,
2.183333333333333,131,object_b,1,1,rigid_box,0.028441407133710645,1.0496714635872314e-07,0.3999902644956076,6.238633289901573e-08,-1.2451418775656505e-07,2.3846702495838862e-08,0.99999999999999,-0.05575836717573616,4.799959407786311e-08,1.0379674515725856e-09,-1.6868577113482397e-12,-6.193859873621929e-08,2.690921580352293e-08,,,,
2.2,132,object_a,0,1,rigid_box,-0.5281821653437174,-1.7633490682562377e-07,0.39999026447625113,2.6468113913232167e-08,-9.864154564064176e-08,2.2152388465253748e-08,0.9999999999999946,-0.20738375310744864,-8.333712812665087e-08,1.7654731322702677e-10,8.497124165335923e-11,-6.166881603194392e-08,1.291672018070148e-08,,,,
2.2,132,object_b,1,1,rigid_box,0.027513027145359234,1.0576633863132562e-07,0.39999026451291597,6.238631884474624e-08,-1.250305964937309e-07,2.407099073229999e-08,0.9999999999999899,-0.05565378093197163,4.79091429734174e-08,1.038993854493575e-09,-1.6897353710626988e-12,-6.199592720427962e-08,2.691932309135379e-08,,,,
2.216666666666667,133,object_a,0,1,rigid_box,-0.5316365049631918,-1.7772303191129524e-07,0.3999902644792009,2.6468811941269233e-08,-9.915548961429731e-08,2.225975360302607e-08,0.9999999999999944,-0.20715155026165494,-8.324373375808239e-08,1.774100796825273e-10,8.269688782249744e-11,-6.16772209257189e-08,1.2854778883371468e-08,,,,
2.216666666666667,133,object_b,1,1,rigid_box,0.02658638957514017,1.0656402397973185e-07,0.39999026453024034,6.238630476646101e-08,-1.25547483199742e-07,2.4295363238369024e-08,0.9999999999999899,-0.05554927214674807,4.78187589703113e-08,1.039937939581459e-09,-1.6926207745965915e-12,-6.205330798999716e-08,2.6929439907413198e-08,,,,
2.2333333333333334,134,object_a,0,1,rigid_box,-0.5350869764732873,-1.7910960119480532e-07,0.3999902644821652,2.6469490991539264e-08,-9.96695038407892e-08,2.2366602513499655e-08,0.9999999999999944,-0.20691956625817773,-8.315042640971845e-08,1.7827667293801586e-10,8.041696360572084e-11,-6.168567381832977e-08,1.2792827062245163e-08,,,,
2.2333333333333334,134,object_b,1,1,rigid_box,0.02566149313271469,1.0736020352175546e-07,0.3999902645475809,6.238629066409537e-08,-1.260648483107694e-07,2.45198200934312e-08,0.9999999999999898,-0.05544484074814516,4.7728442007341166e-08,1.0409122227356127e-09,-1.6955139438790977e-12,-6.211074113685316e-08,2.6939566256084965e-08,,,,
2.25,135,object_a,0,1,rigid_box,-0.5385335835189143,-1.8049461612548868e-07,0.3999902644851442,2.6470151018305722e-08,-1.0018358872305073e-07,2.2472935130065196e-08,0.9999999999999943,-0.20668780081907195,-8.30572059684121e-08,1.791778340282102e-10,7.813162418560757e-11,-6.169417539208204e-08,1.2730869414914132e-08,,,,
2.25,135,object_b,1,1,rigid_box,0.02473833652894194,1.0815487837419074e-07,0.3999902645649375,6.238627653758442e-08,-1.265826922633465e-07,2.474436137689002e-08,0.9999999999999897,-0.055340486664328274,4.763819202338267e-08,1.0418598778844101e-09,-1.6984149065674855e-12,-6.216822670118292e-08,2.6949702109312038e-08,,,,
2.2666666666666666,136,object_a,0,1,rigid_box,-0.5419763297403553,-1.8187807815079622e-07,0.3999902644881382,2.6470791977132174e-08,-1.0069774467005848e-07,2.2578751424271686e-08,0.9999999999999943,-0.20645625366685777,-8.296407232126387e-08,1.800554427777712e-10,7.584102542496053e-11,-6.170272639071425e-08,1.2668910557079815e-08,,,,
2.2666666666666666,136,object_b,1,1,rigid_box,0.023816918475877535,1.0894804965281393e-07,0.39999026458231035,6.238626238686293e-08,-1.271010154944021e-07,2.4968987168190676e-08,0.9999999999999897,-0.05523620982354814,4.75480089573851e-08,1.0428478601498536e-09,-1.7013237040796538e-12,-6.22257647011134e-08,2.6959847559055862e-08,,,,
2.283333333333333,137,object_a,0,1,rigid_box,-0.5454152187732713,-1.8325998871629944e-07,0.39999026449114733,2.647141382488605e-08,-1.012119720972243e-07,2.2684051406234708e-08,0.9999999999999942,-0.20622492452451824,-8.287102535562106e-08,1.8095936901718623e-10,7.354532421857446e-11,-6.17113276247524e-08,1.2606955032039652e-08,,,,
2.283333333333333,137,object_b,1,1,rigid_box,0.022897237686772185,1.0973971847238437e-07,0.3999902645996993,6.238624821186549e-08,-1.2761981844121086e-07,2.5193697547037253e-08,0.9999999999999896,-0.05513201015414092,4.745789274837818e-08,1.0437726186834917e-09,-1.7042403587312476e-12,-6.22833552087091e-08,2.6970002527720588e-08,,,,
2.3,138,object_a,0,1,rigid_box,-0.548850254248711,-1.846403492656945e-07,0.3999902644941719,2.6472016519738916e-08,-1.0172627142691176e-07,2.278883512432374e-08,0.9999999999999942,-0.2059938131154994,-8.277806495907663e-08,1.8192716083609284e-10,7.124467734360379e-11,-6.171997994708909e-08,1.2545007494885802e-08,,,,
2.3,138,object_b,1,1,rigid_box,0.02197929287607022,1.10529885946646e-07,0.3999902646171044,6.238623401252643e-08,-1.2813910154149546e-07,2.5418492592953203e-08,0.9999999999999896,-0.055027887584527875,4.736784333547245e-08,1.0447273896679876e-09,-1.7071648951216332e-12,-6.234099826030918e-08,2.6980167022864494e-08,,,,
2.316666666666667,139,object_a,0,1,rigid_box,-0.5522814397931176,-1.860191612408063e-07,0.3999902644972122,2.6472600021169434e-08,-1.0224064308893408e-07,2.2893102665153256e-08,0.9999999999999941,-0.2057629191637088,-8.268519101946277e-08,1.8284071999496998e-10,6.893924145034811e-11,-6.172868428918061e-08,1.2483072468638382e-08,,,,
2.316666666666667,139,object_b,1,1,rigid_box,0.021063082759408217,1.1131855318832863e-07,0.39999026463452575,6.238621978877979e-08,-1.286588652332785e-07,2.5643372385755635e-08,0.9999999999999895,-0.0549238420432154,4.727786065785296e-08,1.045727981638378e-09,-1.7100973645631276e-12,-6.239869389881931e-08,2.6990341149413553e-08,,,,
2.3333333333333335,140,object_a,0,1,rigid_box,-0.5557087790283377,-1.873964260815923e-07,0.39999026450026853,2.647316428995727e-08,-1.0275508752108356e-07,2.299685415354737e-08,0.9999999999999941,-0.20553224239351445,-8.259240342486386e-08,1.838384635494128e-10,6.662917186120028e-11,-6.173744163005618e-08,1.242115460856482e-08,,,,
2.3333333333333335,140,object_b,1,1,rigid_box,0.02014860605361354,1.1210572130914912e-07,0.39999026465196325,6.23862055405593e-08,-1.2917910995502017e-07,2.5868337005256556e-08,0.9999999999999893,-0.05481987345879484,4.7187944654779365e-08,1.0467023775495576e-09,-1.7130377827701171e-12,-6.245644216428334e-08,2.7000524819968145e-08,,,,
2.35,141,object_a,0,1,rigid_box,-0.5591322755716275,-1.8877214522614696e-07,0.39999026450334113,2.647370928818154e-08,-1.0326960516971243e-07,2.310008975231953e-08,0.999999999999994,-0.20530178252974443,-8.249970206360047e-08,1.8481921895685538e-10,6.43146245569899e-11,-6.174625304624491e-08,1.235925834526015e-08,,,,
2.35,141,object_b,1,1,rigid_box,0.01923586147670297,1.1289139141981276e-07,0.399990264669417,6.238619126779858e-08,-1.296998361455393e-07,2.6093386531297487e-08,0.9999999999999893,-0.05471598175994237,4.709809526559813e-08,1.047677224488841e-09,-1.7159861831220788e-12,-6.25142431164932e-08,2.701071808989498e-08,,,,
2.3666666666666667,142,object_a,0,1,rigid_box,-0.5625519330356606,-1.9014632011070558e-07,0.39999026450643044,2.6474234979213786e-08,-1.0378419649034456e-07,2.3202809662071794e-08,0.999999999999994,-0.20507153929768504,-8.24070868242371e-08,1.8585499285406204e-10,6.199575452272125e-11,-6.17551196589483e-08,1.229738831103733e-08,,,,
2.3666666666666667,142,object_b,1,1,rigid_box,0.01832484774788123,1.1367556463001455e-07,0.399990264686887,6.238617697043075e-08,-1.3022104424403984e-07,2.6318521043933013e-08,0.9999999999999892,-0.05461216687541884,4.700831242972046e-08,1.0486457362179902e-09,-1.7189426060850548e-12,-6.257209679615785e-08,2.7020920972222596e-08,,,,
2.3833333333333333,143,object_a,0,1,rigid_box,-0.5659677550285365,-1.9151895216964825e-07,0.39999026450953673,2.6474741327709676e-08,-1.0429886194834417e-07,2.330501412079894e-08,0.9999999999999939,-0.20484151242308077,-8.231455759558162e-08,1.8687270481043683e-10,5.967271535577799e-11,-6.176404269497685e-08,1.2235548916923617e-08,,,,
2.3833333333333333,143,object_b,1,1,rigid_box,0.017415563587539647,1.1445824204844037e-07,0.39999026470437316,6.238616264838882e-08,-1.3074273469009734e-07,2.6543740623121914e-08,0.9999999999999891,-0.05450842873406966,4.6918596086646536e-08,1.0496385427494204e-09,-1.7219070729552683e-12,-6.263000324329772e-08,2.7031133523190416e-08,,,,
2.4,144,object_a,0,1,rigid_box,-0.5693797451537883,-1.9289004283550414e-07,0.3999902645126604,2.6475228299597853e-08,-1.0481360201955802e-07,2.3406703403924122e-08,0.9999999999999939,-0.20461170163213271,-8.222211426668256e-08,1.8789627666271347e-10,5.73456583168073e-11,-6.177302344487875e-08,1.2173744691423083e-08,,,,
2.4,144,object_b,1,1,rigid_box,0.016508007717254698,1.152394247827685e-07,0.39999026472187565,6.238614830160562e-08,-1.312649079236575e-07,2.6769045348999684e-08,0.999999999999989,-0.05440476726482477,4.6828946175949493e-08,1.0505703182395187e-09,-1.7248796194737101e-12,-6.268796250668605e-08,2.704135560899215e-08,,,,
2.4166666666666665,145,object_a,0,1,rigid_box,-0.5727879070103896,-1.942595935389552e-07,0.3999902645158019,2.647569586206902e-08,-1.0532841719112882e-07,2.35078778234106e-08,0.9999999999999938,-0.20438210665149784,-8.21297567268247e-08,1.8901031954843273e-10,5.5014734946150464e-11,-6.178206331696445e-08,1.2111979931991895e-08,,,,
2.4166666666666665,145,object_b,1,1,rigid_box,0.015602178859786613,1.1601911393967073e-07,0.3999902647393944,6.238613393001353e-08,-1.3178756438510495e-07,2.699443530185874e-08,0.999999999999989,-0.054301182396698344,4.6739362637276655e-08,1.0515610240208195e-09,-1.727860281196086e-12,-6.274597463464396e-08,2.7051587374750656e-08,,,,
2.433333333333333,146,object_a,0,1,rigid_box,-0.5761922441927617,-1.9562760570884027e-07,0.3999902645189616,2.6476143983561808e-08,-1.0584330796220934e-07,2.360853772780986e-08,0.9999999999999938,-0.20415272720828803,-8.20374848655308e-08,1.9010910554118077e-10,5.268009383102716e-11,-6.179116378653622e-08,1.2050259081771542e-08,,,,
2.433333333333333,146,object_b,1,1,rigid_box,0.014698075739077969,1.167973106248137e-07,0.39999026475692945,6.238611953354476e-08,-1.323107045151393e-07,2.7219910561874398e-08,0.9999999999999889,-0.05419767405878877,4.6649845410353705e-08,1.0525465221622454e-09,-1.730849086415753e-12,-6.28040396728318e-08,2.706182874687011e-08,,,,
2.45,147,object_a,0,1,rigid_box,-0.5795927602907823,-1.969940807721589e-07,0.39999026452214004,2.6476572633745705e-08,-1.0635827484479646e-07,2.3708683501790728e-08,0.9999999999999937,-0.203923563030069,-8.19452985725601e-08,1.912654375157974e-10,5.034188203634954e-11,-6.180032646241818e-08,1.198858632151284e-08,,,,
2.45,147,object_b,1,1,rigid_box,0.01379569708025231,1.1757401594286019e-07,0.3999902647744808,6.238610511213128e-08,-1.3283432875487614e-07,2.7445471209486663e-08,0.9999999999999888,-0.0540942421802785,4.6560394434984824e-08,1.0535574097164657e-09,-1.7338460650421858e-12,-6.286215766119648e-08,2.707207978163213e-08,,,,
2.466666666666667,148,object_a,0,1,rigid_box,-0.5829894588897926,-1.9835902015407564e-07,0.3999902645253377,2.6476981783505112e-08,-1.0687331836464871e-07,2.3808315565405168e-08,0.9999999999999937,-0.20369461384485987,-8.185319773791046e-08,1.9238907168761532e-10,4.800024385845581e-11,-6.180955302965599e-08,1.1926965984639748e-08,,,,
2.466666666666667,148,object_b,1,1,rigid_box,0.012895041609612709,1.1834923099747031e-07,0.39999026479204847,6.238609066570459e-08,-1.3335843754582315e-07,2.767111732501599e-08,0.9999999999999888,-0.05399088669043399,4.647100965105179e-08,1.0545216054536066e-09,-1.7368512619256672e-12,-6.292032865417643e-08,2.7082340477402076e-08,,,,
2.4833333333333334,149,object_a,0,1,rigid_box,-0.5863823435706045,-1.9972242527792358e-07,0.39999026452855513,2.6477371404920582e-08,-1.073884390621743e-07,2.3907434373892803e-08,0.9999999999999936,-0.20346587938113134,-8.176118225180996e-08,1.9360517702904367e-10,4.565532120497169e-11,-6.181884530239432e-08,1.1865402258697006e-08,,,,
2.4833333333333334,149,object_b,1,1,rigid_box,0.011996108054640398,1.1912295689130297e-07,0.39999026480963246,6.238607619419614e-08,-1.338830313298059e-07,2.789684898912143e-08,0.9999999999999887,-0.05388760751860545,4.6381690998513486e-08,1.0554970890364057e-09,-1.7398646934091072e-12,-6.297855268957026e-08,2.709261080698373e-08,,,,
2.5,150,object_a,0,1,rigid_box,-0.589771417909508,-2.010842975652082e-07,0.3999902645317928,2.647774147124824e-08,-1.0790363749341793e-07,2.40060404171549e-08,0.9999999999999936,-0.20323735936780563,-8.166925200471407e-08,1.9484976826467104e-10,4.330725548871867e-11,-6.182820522314414e-08,1.1803899213911213e-08,,,,
2.5,150,object_b,1,1,rigid_box,0.011098895143993367,1.1989519472601694e-07,0.3999902648272328,6.238606169753712e-08,-1.344081105491338e-07,2.8122666282394653e-08,0.9999999999999886,-0.053784404594226815,4.629243841740267e-08,1.0565057700223646e-09,-1.7428864082429259e-12,-6.303682982610991e-08,2.7102890825804392e-08,,,,
2.5166666666666666,151,object_a,0,1,rigid_box,-0.5931566854782807,-2.024446384356115e-07,0.3999902645350515,2.6478091956901657e-08,-1.0841891423112249e-07,2.4104134219127448e-08,0.9999999999999934,-0.20300905353425494,-8.157740688731993e-08,1.9611722662515874e-10,4.0956184059424566e-11,-6.183763484643674e-08,1.174246097182569e-08,,,,
2.5166666666666666,151,object_b,1,1,rigid_box,0.01020340160750496,1.2066594560227244e-07,0.39999026484484956,6.238604717565826e-08,-1.3493367564642637e-07,2.834856928538835e-08,0.9999999999999886,-0.05368127784681563,4.620325184783421e-08,1.0574518240213937e-09,-1.7459164217148714e-12,-6.309516008598088e-08,2.7113180530900304e-08,,,,
2.533333333333333,152,object_a,0,1,rigid_box,-0.5965381498441922,-2.038034493069957e-07,0.3999902645383317,2.6478422837430174e-08,-1.089342698658094e-07,2.4201716337431125e-08,0.9999999999999934,-0.2027809616103007,-8.148564679054185e-08,1.9745778449820062e-10,3.860224104449911e-11,-6.184713638100447e-08,1.1681091478442763e-08,,,,
2.533333333333333,152,object_b,1,1,rigid_box,0.009309626176182497,1.214352106197321e-07,0.3999902648624827,6.23860326284901e-08,-1.3545972706471434e-07,2.8574558078942747e-08,0.9999999999999885,-0.05357822720597283,4.611413122999158e-08,1.0584238780558808e-09,-1.7489547864740885e-12,-6.315354355007718e-08,2.7123479950378082e-08,,,,
2.55,153,object_a,0,1,rigid_box,-0.5999158145700135,-2.0516073159540696e-07,0.39999026454163417,2.6478734089499787e-08,-1.0944970500694163e-07,2.4298787362912182e-08,0.9999999999999933,-0.20255308332621288,-8.139397160552797e-08,1.9880035811992158e-10,3.624556043979689e-11,-6.185671214813245e-08,1.1619794819198834e-08,,,,
2.55,153,object_b,1,1,rigid_box,0.008417567582205873,1.2220299087706224e-07,0.3999902648801322,6.238601805596295e-08,-1.359862652473882e-07,2.880063274393958e-08,0.9999999999999883,-0.05347525260138269,4.6025076504139764e-08,1.0594232088823041e-09,-1.7520015229723358e-12,-6.32119802301105e-08,2.713378903573864e-08,,,,
2.566666666666667,154,object_a,0,1,rigid_box,-0.6032896832140245,-2.065164867150792e-07,0.3999902645449597,2.647902569087581e-08,-1.0996522028417044e-07,2.4395347919115076e-08,0.9999999999999933,-0.2023254184127086,-8.130238122364746e-08,2.0021109596590758e-10,3.388627284202965e-11,-6.18663646620331e-08,1.1558574766874058e-08,,,,
2.566666666666667,154,object_b,1,1,rigid_box,0.007527224558926174,1.229692874719345e-07,0.39999026489779815,6.238600345800673e-08,-1.3651329063824493e-07,2.90267933612448e-08,0.9999999999999883,-0.053372353962812744,4.593608761061929e-08,1.060410047964977e-09,-1.7550566674324454e-12,-6.327047018866859e-08,2.7144107891079887e-08,,,,
2.5833333333333335,155,object_a,0,1,rigid_box,-0.6066597593300201,-2.0787071607843787e-07,0.39999026454830894,2.6479297620405335e-08,-1.104808163486046e-07,2.4491398662109983e-08,0.9999999999999932,-0.20209796660095164,-8.121087553649948e-08,2.0166376207830794e-10,3.152450753017917e-11,-6.18760965713242e-08,1.1497435223560316e-08,,,,
2.5833333333333335,155,object_b,1,1,rigid_box,0.006638595840864292,1.2373410150102662e-07,0.39999026491548045,6.238598883455116e-08,-1.370408036814705e-07,2.9253040011974773e-08,0.9999999999999882,-0.053269531220113554,4.584716448984738e-08,1.0614059752639404e-09,-1.7581202630384626e-12,-6.33290134698276e-08,2.7154436486153636e-08,,,,
2.6,156,object_a,0,1,rigid_box,-0.6100260464673197,-2.0922342109610355e-07,0.3999902645516828,2.6479549858004424e-08,-1.1099649387420042e-07,2.4586940280099966e-08,0.9999999999999931,-0.20187072762255123,-8.111945443589634e-08,2.0312988270598797e-10,2.9160391785529896e-11,-6.188591068868057e-08,1.1436380086445856e-08,,,,
2.6,156,object_b,1,1,rigid_box,0.005751680163709545,1.244974340600242e-07,0.39999026493317924,6.238597418552572e-08,-1.3756880482161585e-07,2.947937277693858e-08,0.9999999999999881,-0.053166784303218646,4.5758307082318103e-08,1.0624133343906106e-09,-1.7611923317438442e-12,-6.338761012073388e-08,2.7164774721997086e-08,,,,
